t_wall,t_rel,armed,mode,alt,alt_sp,climb_rate,a_up,a_total,a_cmd,thrust,x,y,x_filt,y_filt,dxy,vx,vy,roll_deg,pitch_deg,yaw_deg,roll_ref_deg,pitch_ref_deg,roll_rate,pitch_rate,yaw_rate,pwm_roll,pwm_pitch,pwm_yaw,pwm_thr,dt_ms,sched_slip_ms,att_age_ms,pos_age_ms
1787304202.329,15.222,True,1,0.016,0.016,0.006,-0.017,9.790,9.773,0.312,2.869,0.100,2.882,0.100,0.013,0.006,0.009,-3.16,-0.98,151.65,0.11,-0.01,0.343,0.101,0.006,1557,1468,1520,1513,0.00,10.00,10.13,20.46
1787304202.339,15.232,True,1,0.016,0.019,0.006,-0.005,9.802,9.785,0.312,2.869,0.100,2.881,0.100,0.013,0.006,0.009,-3.16,-0.98,151.65,0.11,-0.01,0.343,0.102,0.006,1557,1468,1520,1513,10.06,10.06,20.19,30.52
1787304202.349,15.242,True,1,0.016,0.022,0.006,0.007,9.814,9.797,0.313,2.869,0.100,2.881,0.100,0.013,0.006,0.009,-3.16,-0.98,151.65,0.11,-0.00,0.343,0.102,0.006,1557,1468,1520,1514,10.00,10.06,30.19,40.52
1787304202.359,15.252,True,1,0.016,0.025,0.006,0.020,9.826,9.809,0.313,2.869,0.100,2.880,0.100,0.013,0.006,0.009,-3.16,-0.98,151.65,0.11,-0.00,0.343,0.102,0.006,1557,1468,1520,1514,10.00,10.06,40.19,50.52
1787304202.369,15.262,True,1,0.016,0.028,0.006,0.032,9.838,9.821,0.313,2.869,0.100,2.880,0.100,0.013,0.006,0.009,-3.16,-0.98,151.65,0.11,0.00,0.343,0.102,0.006,1557,1468,1520,1515,10.00,10.06,50.19,60.52
1787304202.379,15.273,True,1,0.017,0.031,0.012,0.020,9.827,9.809,0.313,2.867,0.100,2.880,0.100,0.015,0.005,0.009,-3.16,-0.98,151.65,0.10,0.01,0.342,0.103,0.006,1557,1468,1520,1514,10.00,10.06,-0.42,-0.47
1787304202.389,15.282,True,1,0.017,0.034,0.012,0.032,9.839,9.821,0.313,2.867,0.100,2.879,0.100,0.015,0.005,0.009,-3.16,-0.98,151.65,0.10,0.01,0.342,0.103,0.006,1557,1468,1520,1515,10.00,10.06,9.58,9.53
1787304202.399,15.292,True,1,0.017,0.037,0.012,0.044,9.851,9.834,0.314,2.867,0.100,2.879,0.100,0.015,0.005,0.009,-3.16,-0.98,151.65,0.10,0.01,0.341,0.104,0.006,1557,1468,1520,1515,10.00,10.06,19.58,19.53
1787304202.409,15.302,True,1,0.017,0.040,0.012,0.057,9.863,9.846,0.314,2.867,0.100,2.878,0.100,0.015,0.005,0.009,-3.16,-0.98,151.65,0.10,0.01,0.341,0.104,0.006,1557,1468,1520,1515,10.00,10.06,29.58,29.53
1787304202.419,15.312,True,1,0.017,0.043,0.012,0.069,9.875,9.858,0.315,2.867,0.100,2.878,0.100,0.015,0.005,0.009,-3.16,-0.98,151.65,0.10,0.02,0.341,0.104,0.006,1557,1468,1520,1516,10.00,10.06,39.58,39.53
1787304202.429,15.322,True,1,0.017,0.046,0.012,0.081,9.888,9.870,0.315,2.867,0.100,2.878,0.100,0.015,0.005,0.009,-3.16,-0.98,151.65,0.09,0.02,0.341,0.105,0.006,1557,1468,1520,1516,10.00,10.06,49.58,49.53
1787304202.439,15.332,True,1,0.017,0.049,0.012,0.093,9.900,9.883,0.315,2.867,0.100,2.877,0.100,0.015,0.005,0.009,-3.16,-0.98,151.65,0.09,0.02,0.341,0.105,0.006,1557,1468,1520,1517,10.00,10.06,59.58,59.53
1787304202.449,15.342,True,1,0.017,0.052,0.012,0.106,9.912,9.895,0.316,2.867,0.100,2.877,0.100,0.015,0.005,0.009,-3.16,-0.98,151.65,0.09,0.02,0.341,0.105,0.006,1557,1468,1520,1517,10.00,10.06,69.58,69.53
1787304202.460,15.353,True,1,0.019,0.055,0.018,0.095,9.901,9.884,0.315,2.866,0.099,2.876,0.100,0.016,0.005,0.009,-3.16,-0.97,151.65,0.09,0.03,0.340,0.104,0.006,1557,1468,1520,1517,10.00,10.06,-0.58,-0.53
1787304202.469,15.362,True,1,0.019,0.058,0.018,0.107,9.914,9.896,0.316,2.866,0.099,2.876,0.100,0.016,0.005,0.009,-3.16,-0.97,151.65,0.09,0.03,0.340,0.105,0.006,1557,1468,1520,1517,10.00,10.06,9.42,9.47
1787304202.479,15.372,True,1,0.019,0.061,0.018,0.119,9.926,9.909,0.316,2.866,0.099,2.876,0.100,0.016,0.005,0.009,-3.16,-0.97,151.65,0.09,0.03,0.340,0.105,0.006,1557,1468,1520,1518,10.00,10.06,19.42,19.47
1787304202.489,15.382,True,1,0.019,0.064,0.018,0.132,9.938,9.921,0.317,2.866,0.099,2.875,0.100,0.016,0.005,0.009,-3.16,-0.97,151.65,0.09,0.03,0.340,0.105,0.006,1557,1468,1520,1518,10.00,10.06,29.42,29.47
1787304202.499,15.392,True,1,0.019,0.067,0.018,0.144,9.951,9.933,0.317,2.866,0.099,2.875,0.100,0.016,0.005,0.009,-3.16,-0.97,151.65,0.08,0.03,0.340,0.105,0.006,1557,1468,1520,1519,10.00,10.06,39.42,39.47
1787304202.509,15.402,True,1,0.019,0.070,0.018,0.157,9.963,9.946,0.317,2.866,0.099,2.875,0.100,0.016,0.005,0.009,-3.16,-0.97,151.65,0.08,0.04,0.340,0.106,0.006,1557,1468,1520,1519,10.00,10.06,49.42,49.47
1787304202.519,15.412,True,1,0.019,0.073,0.018,0.169,9.976,9.959,0.318,2.866,0.099,2.874,0.100,0.016,0.005,0.009,-3.16,-0.97,151.65,0.08,0.04,0.339,0.106,0.006,1557,1468,1520,1519,10.00,10.06,59.43,59.47
1787304202.529,15.422,True,1,0.019,0.076,0.018,0.182,9.989,9.971,0.318,2.866,0.099,2.874,0.100,0.016,0.005,0.009,-3.16,-0.97,151.65,0.08,0.04,0.339,0.106,0.006,1557,1468,1520,1520,10.00,10.06,69.42,69.47
1787304202.540,15.433,True,1,0.023,0.079,0.026,0.157,9.964,9.946,0.317,2.865,0.099,2.874,0.100,0.017,0.006,0.008,-3.16,-0.97,151.65,0.08,0.04,0.339,0.105,0.006,1556,1468,1520,1519,10.00,10.06,-0.53,-0.58
1787304202.549,15.442,True,1,0.023,0.082,0.026,0.170,9.976,9.959,0.318,2.865,0.099,2.874,0.100,0.017,0.006,0.008,-3.16,-0.97,151.65,0.07,0.04,0.339,0.106,0.006,1556,1468,1520,1519,10.01,10.07,9.48,9.43
1787304202.559,15.453,True,1,0.023,0.085,0.027,0.178,9.984,9.967,0.318,2.864,0.098,2.873,0.100,0.018,0.006,0.008,-3.16,-0.97,151.65,0.07,0.04,0.338,0.106,0.006,1556,1468,1520,1520,9.99,10.06,-0.20,-0.15
1787304202.569,15.462,True,1,0.023,0.088,0.027,0.190,9.997,9.979,0.319,2.864,0.098,2.873,0.099,0.018,0.006,0.008,-3.16,-0.97,151.65,0.07,0.04,0.338,0.106,0.006,1556,1468,1520,1520,10.00,10.06,9.80,9.85
1787304202.579,15.472,True,1,0.023,0.091,0.027,0.203,10.010,9.992,0.319,2.864,0.098,2.873,0.099,0.018,0.006,0.008,-3.16,-0.97,151.65,0.07,0.04,0.338,0.106,0.006,1556,1468,1520,1521,10.00,10.06,19.80,19.85
1787304202.589,15.482,True,1,0.023,0.094,0.027,0.216,10.022,10.005,0.319,2.864,0.098,2.872,0.099,0.018,0.006,0.008,-3.16,-0.97,151.65,0.07,0.04,0.338,0.106,0.006,1556,1468,1520,1521,10.00,10.06,29.80,29.85
1787304202.599,15.492,True,1,0.023,0.097,0.027,0.228,10.035,10.018,0.320,2.864,0.098,2.872,0.099,0.018,0.006,0.008,-3.16,-0.97,151.65,0.07,0.04,0.338,0.106,0.006,1556,1468,1520,1522,10.00,10.06,39.80,39.85
1787304202.609,15.502,True,1,0.023,0.100,0.027,0.241,10.048,10.030,0.320,2.864,0.098,2.872,0.099,0.018,0.006,0.008,-3.16,-0.97,151.65,0.07,0.05,0.338,0.107,0.006,1556,1468,1520,1522,10.00,10.06,49.80,49.85
1787304202.619,15.512,True,1,0.023,0.103,0.027,0.254,10.061,10.043,0.321,2.864,0.098,2.872,0.099,0.018,0.006,0.008,-3.16,-0.97,151.65,0.07,0.05,0.338,0.107,0.006,1556,1468,1520,1522,10.00,10.06,59.80,59.85
1787304202.629,15.523,True,1,0.023,0.106,0.032,0.250,10.057,10.040,0.320,2.863,0.098,2.871,0.099,0.018,0.006,0.008,-3.16,-0.97,151.65,0.06,0.05,0.337,0.107,0.006,1556,1468,1520,1522,10.00,10.06,-0.42,-0.47
1787304202.639,15.532,True,1,0.023,0.109,0.032,0.263,10.070,10.052,0.321,2.863,0.098,2.871,0.099,0.018,0.006,0.008,-3.16,-0.97,151.65,0.06,0.05,0.337,0.107,0.006,1556,1468,1520,1523,10.00,10.06,9.58,9.53
1787304202.649,15.542,True,1,0.023,0.112,0.032,0.276,10.083,10.065,0.321,2.863,0.098,2.871,0.099,0.018,0.006,0.008,-3.16,-0.97,151.65,0.06,0.05,0.337,0.107,0.006,1556,1468,1520,1523,10.00,10.06,19.58,19.54
1787304202.659,15.552,True,1,0.023,0.115,0.032,0.289,10.096,10.078,0.322,2.863,0.098,2.871,0.099,0.018,0.006,0.008,-3.16,-0.97,151.65,0.06,0.06,0.337,0.108,0.006,1556,1468,1520,1524,10.00,10.06,29.58,29.53
1787304202.669,15.562,True,1,0.023,0.118,0.032,0.302,10.109,10.091,0.322,2.863,0.098,2.870,0.099,0.018,0.006,0.008,-3.16,-0.97,151.65,0.06,0.06,0.337,0.108,0.006,1556,1468,1520,1524,10.00,10.06,39.58,39.53
1787304202.679,15.572,True,1,0.023,0.121,0.032,0.315,10.122,10.104,0.322,2.863,0.098,2.870,0.099,0.018,0.006,0.008,-3.16,-0.97,151.65,0.06,0.06,0.337,0.108,0.006,1556,1468,1520,1525,10.00,10.06,49.58,49.54
1787304202.689,15.582,True,1,0.023,0.124,0.032,0.328,10.135,10.117,0.323,2.863,0.098,2.870,0.099,0.018,0.006,0.008,-3.16,-0.97,151.65,0.06,0.06,0.337,0.108,0.006,1556,1468,1520,1525,10.00,10.06,59.58,59.54
1787304202.700,15.593,True,1,0.026,0.127,0.037,0.315,10.121,10.104,0.322,2.863,0.098,2.870,0.099,0.019,0.006,0.008,-3.15,-0.98,151.66,0.05,0.06,0.336,0.108,0.006,1556,1467,1520,1525,10.00,10.06,-0.58,-0.53
1787304202.709,15.602,True,1,0.026,0.130,0.037,0.328,10.134,10.117,0.323,2.863,0.098,2.869,0.099,0.019,0.006,0.008,-3.15,-0.98,151.66,0.05,0.06,0.336,0.108,0.006,1556,1467,1520,1525,10.00,10.06,9.42,9.47
1787304202.719,15.612,True,1,0.026,0.133,0.037,0.341,10.147,10.130,0.323,2.863,0.098,2.869,0.099,0.019,0.006,0.008,-3.15,-0.98,151.66,0.05,0.06,0.336,0.108,0.006,1556,1467,1520,1526,10.00,10.06,19.42,19.47
1787304202.729,15.622,True,1,0.026,0.136,0.037,0.354,10.160,10.143,0.324,2.863,0.098,2.869,0.099,0.019,0.006,0.008,-3.15,-0.98,151.66,0.05,0.06,0.335,0.109,0.006,1556,1467,1520,1526,10.00,10.06,29.42,29.47
1787304202.739,15.632,True,1,0.026,0.139,0.037,0.367,10.174,10.156,0.324,2.863,0.098,2.869,0.099,0.019,0.006,0.008,-3.15,-0.98,151.66,0.05,0.06,0.335,0.109,0.006,1556,1467,1520,1527,10.00,10.06,39.42,39.47
1787304202.749,15.643,True,1,0.028,0.142,0.042,0.360,10.166,10.149,0.324,2.862,0.097,2.869,0.099,0.020,0.006,0.008,-3.15,-0.98,151.66,0.05,0.06,0.335,0.109,0.006,1556,1467,1520,1526,10.00,10.06,-0.33,-0.28
1787304202.759,15.652,True,1,0.028,0.145,0.042,0.373,10.179,10.162,0.324,2.862,0.097,2.868,0.099,0.020,0.006,0.008,-3.15,-0.98,151.66,0.05,0.06,0.335,0.109,0.006,1556,1467,1520,1527,10.00,10.06,9.66,9.71
1787304202.769,15.662,True,1,0.028,0.148,0.042,0.386,10.193,10.175,0.325,2.862,0.097,2.868,0.099,0.020,0.006,0.008,-3.15,-0.98,151.66,0.04,0.06,0.335,0.109,0.006,1556,1467,1520,1527,10.00,10.06,19.67,19.71
1787304202.779,15.672,True,1,0.028,0.151,0.042,0.399,10.206,10.188,0.325,2.862,0.097,2.868,0.099,0.020,0.006,0.008,-3.15,-0.98,151.66,0.04,0.07,0.335,0.109,0.006,1556,1467,1520,1528,10.00,10.06,29.67,29.71
1787304202.789,15.683,True,1,0.029,0.154,0.044,0.402,10.208,10.191,0.325,2.862,0.097,2.868,0.098,0.020,0.006,0.007,-3.15,-0.98,151.65,0.04,0.07,0.334,0.109,0.006,1556,1467,1520,1528,10.00,10.06,-0.31,-0.26
1787304202.799,15.692,True,1,0.029,0.157,0.044,0.415,10.222,10.204,0.326,2.862,0.097,2.867,0.098,0.020,0.006,0.007,-3.15,-0.98,151.65,0.04,0.07,0.334,0.110,0.006,1556,1467,1520,1528,10.00,10.06,9.69,9.73
1787304202.809,15.702,True,1,0.029,0.160,0.044,0.428,10.235,10.217,0.326,2.862,0.097,2.867,0.098,0.020,0.006,0.007,-3.15,-0.98,151.65,0.04,0.07,0.334,0.110,0.006,1556,1467,1520,1529,10.00,10.06,19.69,19.74
1787304202.819,15.712,True,1,0.029,0.163,0.044,0.442,10.248,10.231,0.327,2.862,0.097,2.867,0.098,0.020,0.006,0.007,-3.15,-0.98,151.65,0.04,0.07,0.334,0.110,0.006,1556,1467,1520,1529,10.00,10.06,29.69,29.73
1787304202.829,15.722,True,1,0.029,0.166,0.044,0.455,10.262,10.244,0.327,2.862,0.097,2.867,0.098,0.020,0.006,0.007,-3.15,-0.98,151.65,0.04,0.07,0.334,0.110,0.006,1556,1467,1520,1530,10.00,10.06,39.69,39.74
1787304202.839,15.732,True,1,0.029,0.169,0.044,0.469,10.275,10.258,0.327,2.862,0.097,2.867,0.098,0.020,0.006,0.007,-3.15,-0.98,151.65,0.03,0.07,0.333,0.110,0.006,1556,1467,1520,1530,10.00,10.06,49.69,49.74
1787304202.849,15.742,True,1,0.029,0.172,0.044,0.482,10.289,10.271,0.328,2.862,0.097,2.867,0.098,0.020,0.006,0.007,-3.15,-0.98,151.65,0.03,0.07,0.333,0.110,0.006,1556,1467,1520,1531,10.00,10.06,59.69,59.74
1787304202.859,15.752,True,1,0.029,0.175,0.044,0.495,10.302,10.284,0.328,2.862,0.097,2.866,0.098,0.020,0.006,0.007,-3.15,-0.98,151.65,0.03,0.07,0.333,0.110,0.006,1556,1467,1520,1531,10.00,10.06,69.69,69.73
1787304202.870,15.763,True,1,0.032,0.178,0.051,0.476,10.283,10.265,0.328,2.860,0.096,2.866,0.098,0.022,0.005,0.007,-3.15,-0.97,151.65,0.03,0.08,0.333,0.110,0.006,1556,1467,1520,1530,10.00,10.06,-0.51,-0.56
1787304202.879,15.772,True,1,0.032,0.181,0.051,0.490,10.296,10.279,0.328,2.860,0.096,2.866,0.098,0.022,0.005,0.007,-3.15,-0.97,151.65,0.03,0.08,0.333,0.110,0.006,1556,1467,1520,1531,10.00,10.06,9.49,9.44
1787304202.889,15.782,True,1,0.032,0.184,0.051,0.503,10.310,10.292,0.329,2.860,0.096,2.866,0.098,0.022,0.005,0.007,-3.15,-0.97,151.65,0.02,0.08,0.333,0.110,0.006,1556,1467,1520,1531,10.00,10.06,19.49,19.44
1787304202.899,15.793,True,1,0.033,0.187,0.053,0.504,10.310,10.293,0.329,2.860,0.096,2.866,0.098,0.022,0.005,0.007,-3.15,-0.97,151.65,0.02,0.08,0.332,0.110,0.006,1556,1467,1520,1531,10.00,10.06,-0.17,-0.22
1787304202.909,15.802,True,1,0.033,0.190,0.053,0.517,10.324,10.306,0.329,2.860,0.096,2.865,0.098,0.022,0.005,0.007,-3.15,-0.97,151.65,0.02,0.08,0.332,0.110,0.006,1556,1467,1520,1532,10.00,10.07,9.83,9.79
1787304202.919,15.812,True,1,0.033,0.193,0.053,0.531,10.338,10.320,0.329,2.860,0.096,2.865,0.098,0.022,0.005,0.007,-3.15,-0.97,151.65,0.02,0.08,0.332,0.110,0.006,1556,1467,1520,1532,9.99,10.06,19.83,19.78
1787304202.929,15.822,True,1,0.033,0.196,0.053,0.545,10.351,10.334,0.330,2.860,0.096,2.865,0.098,0.022,0.005,0.007,-3.15,-0.97,151.65,0.02,0.08,0.332,0.110,0.006,1556,1467,1520,1533,10.00,10.06,29.83,29.78
1787304202.939,15.833,True,1,0.035,0.199,0.057,0.538,10.345,10.328,0.330,2.859,0.095,2.865,0.098,0.023,0.006,0.007,-3.15,-0.97,151.65,0.02,0.08,0.332,0.110,0.006,1556,1467,1520,1533,10.00,10.06,-0.26,-0.31
1787304202.949,15.842,True,1,0.035,0.202,0.057,0.552,10.359,10.341,0.330,2.859,0.095,2.865,0.097,0.023,0.006,0.007,-3.15,-0.97,151.65,0.02,0.08,0.332,0.110,0.006,1556,1467,1520,1533,10.00,10.06,9.75,9.70
1787304202.959,15.852,True,1,0.036,0.205,0.057,0.563,10.370,10.352,0.330,2.859,0.095,2.864,0.097,0.023,0.006,0.007,-3.15,-0.97,151.65,0.02,0.08,0.332,0.110,0.006,1556,1467,1520,1533,10.00,10.06,-0.17,-0.12
1787304202.969,15.862,True,1,0.036,0.208,0.057,0.577,10.384,10.366,0.331,2.859,0.095,2.864,0.097,0.023,0.006,0.007,-3.15,-0.97,151.65,0.01,0.08,0.332,0.110,0.006,1556,1467,1520,1534,10.00,10.06,9.84,9.88
1787304202.979,15.872,True,1,0.036,0.211,0.057,0.591,10.397,10.380,0.331,2.859,0.095,2.864,0.097,0.023,0.006,0.007,-3.15,-0.97,151.65,0.01,0.08,0.332,0.110,0.006,1556,1467,1520,1534,10.00,10.06,19.83,19.88
1787304202.989,15.882,True,1,0.036,0.214,0.057,0.605,10.411,10.394,0.332,2.859,0.095,2.864,0.097,0.023,0.006,0.007,-3.15,-0.97,151.65,0.01,0.09,0.332,0.110,0.006,1556,1467,1520,1535,10.00,10.06,29.83,29.88
1787304202.999,15.892,True,1,0.036,0.217,0.057,0.618,10.425,10.407,0.332,2.859,0.095,2.864,0.097,0.023,0.006,0.007,-3.15,-0.97,151.65,0.01,0.09,0.331,0.110,0.006,1556,1467,1520,1535,10.00,10.06,39.83,39.88
1787304203.009,15.902,True,1,0.036,0.220,0.057,0.632,10.439,10.421,0.333,2.859,0.095,2.864,0.097,0.023,0.006,0.007,-3.15,-0.97,151.65,0.01,0.09,0.331,0.110,0.006,1556,1467,1520,1536,10.00,10.06,49.83,49.88
1787304203.019,15.913,True,1,0.037,0.223,0.062,0.626,10.433,10.415,0.332,2.858,0.095,2.863,0.097,0.024,0.005,0.007,-3.15,-0.97,151.65,0.01,0.09,0.331,0.111,0.006,1556,1467,1520,1536,10.00,10.06,-0.40,-0.45
1787304203.029,15.922,True,1,0.037,0.226,0.062,0.640,10.447,10.429,0.333,2.858,0.095,2.863,0.097,0.024,0.005,0.007,-3.15,-0.97,151.65,0.01,0.09,0.331,0.111,0.006,1556,1467,1520,1536,10.00,10.06,9.60,9.55
1787304203.039,15.932,True,1,0.037,0.229,0.062,0.654,10.461,10.443,0.333,2.858,0.095,2.863,0.097,0.024,0.005,0.007,-3.15,-0.97,151.65,0.01,0.09,0.331,0.111,0.006,1556,1467,1520,1537,10.00,10.06,19.60,19.55
1787304203.049,15.942,True,1,0.037,0.232,0.062,0.668,10.475,10.457,0.334,2.858,0.095,2.863,0.097,0.024,0.005,0.007,-3.15,-0.97,151.65,0.01,0.09,0.331,0.111,0.006,1556,1467,1520,1537,10.00,10.06,29.60,29.55
1787304203.059,15.953,True,1,0.038,0.235,0.064,0.671,10.478,10.460,0.334,2.857,0.095,2.863,0.097,0.025,0.005,0.007,-3.15,-0.97,151.65,0.01,0.10,0.331,0.112,0.006,1556,1467,1520,1537,10.00,10.06,-0.17,-0.22
1787304203.069,15.962,True,1,0.038,0.238,0.064,0.685,10.492,10.474,0.334,2.857,0.095,2.863,0.097,0.025,0.005,0.007,-3.15,-0.97,151.65,0.01,0.10,0.331,0.112,0.006,1556,1467,1520,1538,10.00,10.06,9.83,9.78
1787304203.079,15.972,True,1,0.038,0.241,0.064,0.699,10.506,10.488,0.335,2.857,0.095,2.862,0.097,0.025,0.005,0.007,-3.15,-0.97,151.65,0.00,0.10,0.331,0.112,0.006,1556,1467,1520,1538,10.00,10.06,19.83,19.78
1787304203.089,15.982,True,1,0.038,0.244,0.064,0.713,10.520,10.502,0.335,2.857,0.095,2.862,0.097,0.025,0.005,0.007,-3.15,-0.97,151.65,0.00,0.10,0.331,0.112,0.006,1556,1467,1520,1539,10.00,10.06,29.83,29.78
1787304203.099,15.993,True,1,0.039,0.247,0.066,0.717,10.524,10.506,0.335,2.857,0.095,2.862,0.097,0.025,0.005,0.007,-3.15,-0.97,151.66,0.00,0.10,0.331,0.112,0.006,1556,1467,1520,1539,10.00,10.06,-0.36,-0.32
1787304203.109,16.002,True,1,0.039,0.250,0.066,0.732,10.538,10.520,0.336,2.857,0.095,2.862,0.097,0.025,0.005,0.007,-3.15,-0.97,151.66,0.00,0.10,0.331,0.112,0.006,1556,1467,1520,1539,10.00,10.06,9.64,9.68
1787304203.119,16.012,True,1,0.039,0.253,0.066,0.746,10.552,10.534,0.336,2.857,0.095,2.862,0.096,0.025,0.005,0.007,-3.15,-0.97,151.66,0.00,0.10,0.330,0.112,0.006,1556,1467,1520,1540,10.00,10.06,19.64,19.68
1787304203.129,16.022,True,1,0.039,0.256,0.066,0.760,10.567,10.549,0.337,2.857,0.095,2.862,0.096,0.025,0.005,0.007,-3.15,-0.97,151.66,-0.00,0.10,0.330,0.112,0.006,1556,1467,1520,1540,10.00,10.06,29.64,29.69
1787304203.139,16.032,True,1,0.039,0.259,0.066,0.774,10.581,10.563,0.337,2.857,0.095,2.861,0.096,0.025,0.005,0.007,-3.15,-0.97,151.66,-0.00,0.11,0.330,0.112,0.006,1556,1467,1520,1541,10.00,10.06,39.64,39.68
1787304203.149,16.042,True,1,0.039,0.262,0.066,0.788,10.595,10.577,0.338,2.857,0.095,2.861,0.096,0.025,0.005,0.007,-3.15,-0.97,151.66,-0.00,0.11,0.330,0.112,0.006,1556,1467,1520,1541,10.01,10.06,49.64,49.69
1787304203.159,16.052,True,1,0.039,0.265,0.066,0.803,10.609,10.591,0.338,2.857,0.095,2.861,0.096,0.025,0.005,0.007,-3.15,-0.97,151.66,-0.00,0.11,0.330,0.113,0.006,1556,1467,1520,1542,10.00,10.06,59.64,59.69
1787304203.169,16.062,True,1,0.039,0.268,0.066,0.817,10.624,10.606,0.339,2.857,0.095,2.861,0.096,0.025,0.005,0.007,-3.15,-0.97,151.66,-0.00,0.11,0.330,0.113,0.006,1556,1467,1520,1542,10.00,10.06,69.64,69.68
1787304203.179,16.072,True,1,0.039,0.271,0.066,0.831,10.638,10.620,0.339,2.857,0.095,2.861,0.096,0.025,0.005,0.007,-3.15,-0.97,151.66,-0.00,0.11,0.330,0.113,0.006,1556,1467,1520,1543,10.01,10.07,79.64,79.69
1787304203.190,16.083,True,1,0.041,0.274,0.071,0.823,10.629,10.611,0.339,2.855,0.094,2.861,0.096,0.027,0.005,0.007,-3.15,-0.97,151.66,-0.01,0.11,0.330,0.113,0.006,1555,1467,1520,1542,9.99,10.06,-0.62,-0.57
1787304203.199,16.092,True,1,0.041,0.277,0.071,0.837,10.644,10.626,0.339,2.855,0.094,2.860,0.096,0.027,0.005,0.007,-3.15,-0.97,151.66,-0.01,0.11,0.329,0.113,0.006,1555,1467,1520,1543,10.00,10.06,9.39,9.43
1787304203.209,16.102,True,1,0.041,0.280,0.071,0.851,10.658,10.640,0.340,2.855,0.094,2.860,0.096,0.027,0.005,0.007,-3.15,-0.97,151.66,-0.01,0.11,0.329,0.113,0.006,1555,1467,1520,1543,10.00,10.06,19.38,19.43
1787304203.219,16.112,True,1,0.041,0.283,0.071,0.866,10.673,10.655,0.340,2.855,0.094,2.860,0.096,0.027,0.005,0.007,-3.15,-0.97,151.66,-0.01,0.11,0.329,0.113,0.006,1555,1467,1520,1544,10.00,10.06,29.38,29.43
1787304203.229,16.122,True,1,0.041,0.286,0.071,0.880,10.687,10.669,0.341,2.855,0.094,2.860,0.096,0.027,0.005,0.007,-3.15,-0.97,151.66,-0.01,0.11,0.329,0.113,0.006,1555,1467,1520,1544,10.00,10.06,39.38,39.43
1787304203.239,16.132,True,1,0.041,0.289,0.071,0.895,10.701,10.683,0.341,2.855,0.094,2.860,0.096,0.027,0.005,0.007,-3.15,-0.97,151.66,-0.01,0.11,0.329,0.113,0.006,1555,1467,1520,1545,10.00,10.06,49.38,49.43
1787304203.249,16.142,True,1,0.041,0.292,0.071,0.909,10.716,10.698,0.341,2.855,0.094,2.860,0.096,0.027,0.005,0.007,-3.15,-0.97,151.66,-0.01,0.11,0.329,0.113,0.006,1555,1467,1520,1545,10.00,10.06,59.38,59.43
1787304203.259,16.152,True,1,0.041,0.295,0.071,0.924,10.731,10.712,0.342,2.855,0.094,2.860,0.096,0.027,0.005,0.007,-3.15,-0.97,151.66,-0.01,0.11,0.329,0.113,0.006,1555,1467,1520,1546,10.00,10.06,69.38,69.43
1787304203.270,16.163,True,1,0.044,0.298,0.077,0.909,10.715,10.697,0.341,2.854,0.094,2.859,0.096,0.028,0.005,0.007,-3.15,-0.97,151.66,-0.02,0.12,0.328,0.113,0.006,1555,1467,1520,1545,10.00,10.06,-0.53,-0.58
1787304203.279,16.172,True,1,0.044,0.301,0.077,0.923,10.730,10.712,0.342,2.854,0.094,2.859,0.096,0.028,0.005,0.007,-3.15,-0.97,151.66,-0.02,0.12,0.328,0.113,0.006,1555,1467,1520,1546,10.00,10.06,9.47,9.42
1787304203.289,16.182,True,1,0.044,0.304,0.077,0.938,10.745,10.727,0.342,2.854,0.094,2.859,0.096,0.028,0.005,0.007,-3.15,-0.97,151.66,-0.02,0.12,0.328,0.114,0.006,1555,1467,1520,1546,10.00,10.06,19.47,19.42
1787304203.299,16.192,True,1,0.044,0.307,0.077,0.953,10.759,10.741,0.343,2.854,0.094,2.859,0.095,0.028,0.005,0.007,-3.15,-0.97,151.66,-0.02,0.12,0.328,0.114,0.006,1555,1467,1520,1547,10.00,10.06,29.47,29.42
1787304203.309,16.202,True,1,0.044,0.310,0.077,0.967,10.774,10.756,0.343,2.854,0.094,2.859,0.095,0.028,0.005,0.007,-3.15,-0.97,151.66,-0.02,0.12,0.328,0.114,0.006,1555,1467,1520,1547,10.00,10.06,39.47,39.42
1787304203.319,16.212,True,1,0.044,0.313,0.077,0.982,10.789,10.771,0.344,2.854,0.094,2.859,0.095,0.028,0.005,0.007,-3.15,-0.97,151.66,-0.02,0.12,0.328,0.114,0.006,1555,1467,1520,1548,10.00,10.06,49.47,49.42
1787304203.329,16.222,True,1,0.044,0.316,0.077,0.997,10.803,10.785,0.344,2.854,0.094,2.858,0.095,0.028,0.005,0.007,-3.15,-0.97,151.66,-0.02,0.12,0.328,0.114,0.006,1555,1467,1520,1548,10.00,10.06,59.47,59.42
1787304203.340,16.233,True,1,0.047,0.319,0.082,0.984,10.790,10.772,0.344,2.853,0.093,2.858,0.095,0.029,0.005,0.007,-3.15,-0.97,151.66,-0.03,0.12,0.327,0.114,0.006,1555,1467,1520,1548,10.00,10.06,-0.58,-0.63
1787304203.349,16.242,True,1,0.047,0.322,0.082,0.998,10.805,10.787,0.344,2.853,0.093,2.858,0.095,0.029,0.005,0.007,-3.15,-0.97,151.66,-0.03,0.12,0.327,0.114,0.006,1555,1467,1520,1548,10.00,10.06,9.42,9.37
1787304203.359,16.252,True,1,0.047,0.325,0.082,1.013,10.820,10.802,0.345,2.853,0.093,2.858,0.095,0.029,0.005,0.007,-3.15,-0.97,151.66,-0.03,0.12,0.327,0.114,0.006,1555,1467,1520,1549,10.00,10.06,19.42,19.37
1787304203.369,16.262,True,1,0.047,0.328,0.082,1.028,10.835,10.817,0.345,2.853,0.093,2.858,0.095,0.029,0.005,0.007,-3.15,-0.97,151.66,-0.03,0.12,0.327,0.114,0.006,1555,1467,1520,1549,10.00,10.06,29.42,29.37
1787304203.379,16.272,True,1,0.047,0.331,0.082,1.043,10.850,10.832,0.346,2.853,0.093,2.858,0.095,0.029,0.005,0.007,-3.15,-0.97,151.66,-0.03,0.12,0.327,0.114,0.006,1555,1467,1520,1550,10.00,10.06,39.42,39.37
1787304203.389,16.282,True,1,0.047,0.334,0.082,1.058,10.864,10.846,0.346,2.853,0.093,2.857,0.095,0.029,0.005,0.007,-3.15,-0.97,151.66,-0.03,0.12,0.327,0.115,0.006,1555,1467,1520,1550,10.00,10.06,49.42,49.37
1787304203.399,16.293,True,1,0.050,0.337,0.086,1.051,10.858,10.840,0.346,2.852,0.093,2.857,0.095,0.031,0.005,0.007,-3.15,-0.98,151.66,-0.03,0.13,0.326,0.115,0.006,1555,1467,1520,1550,10.00,10.06,-0.38,-0.42
1787304203.409,16.302,True,1,0.050,0.340,0.086,1.066,10.873,10.855,0.346,2.852,0.093,2.857,0.095,0.031,0.005,0.007,-3.15,-0.98,151.66,-0.04,0.13,0.326,0.115,0.006,1555,1467,1520,1551,10.00,10.06,9.62,9.57
1787304203.419,16.312,True,1,0.051,0.343,0.087,1.075,10.882,10.864,0.347,2.852,0.093,2.857,0.095,0.031,0.004,0.007,-3.15,-0.97,151.66,-0.04,0.13,0.326,0.115,0.006,1555,1467,1520,1551,10.00,10.06,-0.18,-0.13
1787304203.429,16.322,True,1,0.051,0.346,0.087,1.090,10.897,10.879,0.347,2.852,0.093,2.857,0.095,0.031,0.004,0.007,-3.15,-0.97,151.66,-0.04,0.13,0.326,0.115,0.006,1555,1467,1520,1552,10.00,10.06,9.82,9.87
1787304203.439,16.333,True,1,0.052,0.349,0.089,1.091,10.897,10.879,0.347,2.852,0.092,2.857,0.095,0.031,0.004,0.007,-3.15,-0.97,151.66,-0.04,0.13,0.326,0.115,0.006,1555,1467,1520,1552,10.00,10.06,-0.12,-0.18
1787304203.449,16.342,True,1,0.052,0.352,0.089,1.106,10.912,10.894,0.348,2.852,0.092,2.856,0.094,0.031,0.004,0.007,-3.15,-0.97,151.66,-0.04,0.13,0.326,0.116,0.006,1555,1467,1520,1552,10.00,10.06,9.88,9.82
1787304203.459,16.352,True,1,0.052,0.355,0.089,1.121,10.927,10.909,0.348,2.852,0.092,2.856,0.094,0.031,0.004,0.007,-3.15,-0.97,151.66,-0.04,0.13,0.326,0.116,0.006,1555,1467,1520,1553,10.00,10.06,19.87,19.82
1787304203.469,16.362,True,1,0.052,0.358,0.089,1.136,10.943,10.924,0.349,2.852,0.092,2.856,0.094,0.031,0.004,0.007,-3.15,-0.97,151.66,-0.04,0.13,0.325,0.116,0.006,1555,1467,1520,1553,10.00,10.06,29.87,29.82
1787304203.479,16.372,True,1,0.052,0.361,0.089,1.151,10.958,10.939,0.349,2.852,0.092,2.856,0.094,0.031,0.004,0.007,-3.15,-0.97,151.66,-0.04,0.14,0.325,0.116,0.006,1555,1467,1520,1554,10.00,10.06,39.88,39.82
1787304203.489,16.382,True,1,0.052,0.364,0.089,1.166,10.973,10.955,0.350,2.852,0.092,2.856,0.094,0.031,0.004,0.007,-3.15,-0.97,151.66,-0.04,0.14,0.325,0.116,0.006,1555,1467,1520,1554,10.00,10.06,49.88,49.82
1787304203.499,16.393,True,1,0.054,0.367,0.092,1.165,10.971,10.953,0.350,2.850,0.092,2.856,0.094,0.032,0.004,0.006,-3.15,-0.97,151.66,-0.05,0.14,0.325,0.116,0.006,1555,1467,1520,1554,10.00,10.06,-0.46,-0.41
1787304203.509,16.402,True,1,0.054,0.370,0.092,1.180,10.986,10.968,0.350,2.850,0.092,2.855,0.094,0.032,0.004,0.006,-3.15,-0.97,151.66,-0.05,0.14,0.325,0.116,0.006,1555,1467,1520,1555,10.00,10.06,9.55,9.59
1787304203.519,16.412,True,1,0.054,0.373,0.092,1.195,11.002,10.984,0.351,2.850,0.092,2.855,0.094,0.032,0.004,0.006,-3.15,-0.97,151.66,-0.05,0.14,0.325,0.116,0.006,1555,1467,1520,1555,10.00,10.06,19.54,19.59
1787304203.529,16.422,True,1,0.054,0.376,0.092,1.210,11.017,10.999,0.351,2.850,0.092,2.855,0.094,0.032,0.004,0.006,-3.15,-0.97,151.66,-0.05,0.14,0.324,0.116,0.006,1555,1467,1520,1556,10.00,10.06,29.54,29.59
1787304203.539,16.432,True,1,0.054,0.379,0.092,1.225,11.032,11.014,0.352,2.850,0.092,2.855,0.094,0.032,0.004,0.006,-3.15,-0.97,151.66,-0.05,0.14,0.324,0.116,0.006,1555,1467,1520,1556,10.00,10.06,39.54,39.59
1787304203.549,16.443,True,1,0.057,0.382,0.095,1.221,11.028,11.009,0.351,2.850,0.092,2.855,0.094,0.033,0.004,0.006,-3.15,-0.97,151.66,-0.05,0.14,0.324,0.116,0.006,1555,1467,1520,1556,10.00,10.06,-0.32,-0.28
1787304203.559,16.452,True,1,0.057,0.385,0.095,1.236,11.043,11.025,0.352,2.850,0.092,2.855,0.094,0.033,0.004,0.006,-3.15,-0.97,151.66,-0.06,0.14,0.324,0.116,0.006,1555,1467,1520,1557,10.00,10.06,9.68,9.72
1787304203.569,16.462,True,1,0.057,0.388,0.095,1.251,11.058,11.040,0.352,2.850,0.092,2.854,0.094,0.033,0.004,0.006,-3.15,-0.97,151.66,-0.06,0.14,0.324,0.116,0.006,1555,1467,1520,1557,10.00,10.06,19.67,19.72
1787304203.579,16.473,True,1,0.058,0.391,0.097,1.257,11.064,11.045,0.353,2.849,0.092,2.854,0.094,0.034,0.004,0.006,-3.15,-0.98,151.66,-0.06,0.14,0.323,0.117,0.006,1555,1467,1520,1557,10.00,10.06,-0.22,-0.27
1787304203.589,16.482,True,1,0.058,0.394,0.097,1.272,11.079,11.061,0.353,2.849,0.092,2.854,0.094,0.034,0.004,0.006,-3.15,-0.98,151.66,-0.06,0.15,0.323,0.117,0.006,1555,1466,1520,1558,10.00,10.06,9.78,9.73
1787304203.599,16.492,True,1,0.058,0.397,0.097,1.288,11.094,11.076,0.354,2.849,0.092,2.854,0.093,0.034,0.004,0.006,-3.15,-0.98,151.66,-0.06,0.15,0.323,0.117,0.006,1555,1466,1520,1558,10.00,10.06,19.78,19.73
1787304203.609,16.502,True,1,0.058,0.400,0.097,1.303,11.110,11.092,0.354,2.849,0.092,2.854,0.093,0.034,0.004,0.006,-3.15,-0.98,151.66,-0.06,0.15,0.323,0.117,0.006,1555,1466,1520,1559,10.00,10.06,29.78,29.73
1787304203.619,16.512,True,1,0.058,0.403,0.097,1.319,11.125,11.107,0.355,2.849,0.092,2.854,0.093,0.034,0.004,0.006,-3.15,-0.98,151.66,-0.06,0.15,0.323,0.117,0.006,1555,1466,1520,1559,10.00,10.06,39.78,39.73
1787304203.629,16.522,True,1,0.058,0.406,0.097,1.334,11.141,11.122,0.355,2.849,0.092,2.853,0.093,0.034,0.004,0.006,-3.15,-0.98,151.66,-0.06,0.15,0.323,0.117,0.006,1555,1466,1520,1560,10.00,10.06,49.78,49.73
1787304203.639,16.532,True,1,0.058,0.409,0.097,1.350,11.156,11.138,0.355,2.849,0.092,2.853,0.093,0.034,0.004,0.006,-3.15,-0.98,151.66,-0.06,0.15,0.323,0.118,0.006,1555,1466,1520,1560,10.00,10.06,59.78,59.73
1787304203.649,16.543,True,1,0.060,0.412,0.102,1.342,11.148,11.130,0.355,2.848,0.091,2.853,0.093,0.035,0.004,0.006,-3.15,-0.97,151.66,-0.07,0.15,0.322,0.117,0.006,1555,1467,1520,1560,10.00,10.06,-0.46,-0.51
1787304203.659,16.552,True,1,0.060,0.415,0.102,1.357,11.164,11.146,0.356,2.848,0.091,2.853,0.093,0.035,0.004,0.006,-3.15,-0.97,151.66,-0.07,0.15,0.322,0.117,0.006,1555,1467,1520,1561,10.00,10.06,9.54,9.49
1787304203.669,16.562,True,1,0.060,0.418,0.102,1.373,11.180,11.161,0.356,2.848,0.091,2.853,0.093,0.035,0.004,0.006,-3.15,-0.97,151.66,-0.07,0.15,0.322,0.117,0.006,1555,1466,1520,1561,10.00,10.06,19.54,19.49
1787304203.679,16.572,True,1,0.060,0.421,0.102,1.388,11.195,11.177,0.357,2.848,0.091,2.853,0.093,0.035,0.004,0.006,-3.15,-0.97,151.66,-0.07,0.15,0.322,0.117,0.006,1555,1466,1520,1562,10.00,10.06,29.54,29.49
1787304203.689,16.582,True,1,0.060,0.424,0.102,1.404,11.211,11.193,0.357,2.848,0.091,2.852,0.093,0.035,0.004,0.006,-3.15,-0.97,151.66,-0.07,0.15,0.322,0.117,0.006,1555,1466,1520,1562,10.00,10.06,39.53,39.49
1787304203.699,16.592,True,1,0.060,0.427,0.102,1.420,11.226,11.208,0.358,2.848,0.091,2.852,0.093,0.035,0.004,0.006,-3.15,-0.97,151.66,-0.07,0.15,0.322,0.117,0.006,1555,1466,1520,1563,10.00,10.06,49.54,49.49
1787304203.709,16.602,True,1,0.060,0.430,0.102,1.435,11.242,11.224,0.358,2.848,0.091,2.852,0.093,0.035,0.004,0.006,-3.15,-0.97,151.66,-0.07,0.15,0.322,0.117,0.006,1555,1466,1520,1563,10.00,10.06,59.54,59.49
1787304203.719,16.613,True,1,0.063,0.433,0.105,1.431,11.238,11.219,0.358,2.848,0.091,2.852,0.093,0.035,0.004,0.006,-3.15,-0.97,151.66,-0.07,0.15,0.322,0.117,0.006,1555,1467,1520,1563,10.00,10.06,-0.49,-0.44
1787304203.729,16.622,True,1,0.063,0.436,0.105,1.447,11.253,11.235,0.359,2.848,0.091,2.852,0.093,0.035,0.004,0.006,-3.15,-0.97,151.66,-0.08,0.15,0.321,0.117,0.006,1555,1467,1520,1564,10.00,10.06,9.52,9.56
1787304203.739,16.632,True,1,0.064,0.439,0.106,1.455,11.262,11.243,0.359,2.847,0.090,2.852,0.093,0.036,0.005,0.006,-3.14,-0.97,151.66,-0.08,0.15,0.321,0.117,0.006,1555,1467,1520,1564,10.00,10.06,-0.12,-0.16
1787304203.749,16.642,True,1,0.064,0.442,0.106,1.471,11.277,11.259,0.359,2.847,0.090,2.852,0.092,0.036,0.005,0.006,-3.14,-0.97,151.66,-0.08,0.15,0.321,0.117,0.006,1555,1467,1520,1564,10.00,10.06,9.88,9.84
1787304203.759,16.652,True,1,0.064,0.445,0.106,1.486,11.293,11.275,0.360,2.847,0.090,2.851,0.092,0.036,0.005,0.006,-3.14,-0.97,151.66,-0.08,0.15,0.321,0.117,0.006,1555,1467,1520,1565,10.00,10.06,19.88,19.84
1787304203.769,16.662,True,1,0.064,0.448,0.106,1.502,11.309,11.291,0.360,2.847,0.090,2.851,0.092,0.036,0.005,0.006,-3.14,-0.97,151.66,-0.08,0.15,0.321,0.117,0.006,1555,1466,1520,1565,10.00,10.06,29.88,29.84
1787304203.779,16.672,True,1,0.064,0.451,0.106,1.518,11.325,11.306,0.361,2.847,0.090,2.851,0.092,0.036,0.005,0.006,-3.14,-0.97,151.66,-0.08,0.15,0.321,0.117,0.006,1555,1466,1520,1566,10.00,10.06,39.89,39.84
1787304203.789,16.682,True,1,0.064,0.454,0.106,1.534,11.341,11.322,0.361,2.847,0.090,2.851,0.092,0.036,0.005,0.006,-3.14,-0.97,151.66,-0.08,0.15,0.321,0.117,0.006,1555,1466,1520,1566,10.00,10.06,49.89,49.84
1787304203.799,16.693,True,1,0.065,0.457,0.109,1.535,11.341,11.323,0.361,2.847,0.090,2.851,0.092,0.036,0.005,0.005,-3.14,-0.97,151.66,-0.08,0.15,0.320,0.117,0.006,1554,1466,1520,1566,10.00,10.06,-0.37,-0.42
1787304203.809,16.702,True,1,0.065,0.460,0.109,1.551,11.357,11.339,0.362,2.847,0.090,2.851,0.092,0.036,0.005,0.005,-3.14,-0.97,151.66,-0.09,0.15,0.320,0.117,0.006,1554,1466,1520,1567,10.00,10.06,9.63,9.58
1787304203.819,16.712,True,1,0.066,0.463,0.110,1.562,11.369,11.351,0.362,2.847,0.089,2.851,0.092,0.037,0.005,0.005,-3.14,-0.97,151.66,-0.09,0.15,0.320,0.117,0.006,1554,1467,1520,1567,10.00,10.06,-0.18,-0.13
1787304203.829,16.722,True,1,0.066,0.466,0.110,1.578,11.385,11.367,0.363,2.847,0.089,2.850,0.092,0.037,0.005,0.005,-3.14,-0.97,151.66,-0.09,0.15,0.320,0.117,0.006,1554,1467,1520,1568,10.00,10.06,9.82,9.87
1787304203.839,16.732,True,1,0.068,0.469,0.111,1.582,11.389,11.371,0.363,2.847,0.089,2.850,0.092,0.037,0.005,0.005,-3.14,-0.97,151.66,-0.09,0.15,0.320,0.117,0.006,1554,1467,1520,1568,10.00,10.06,-0.12,-0.17
1787304203.849,16.742,True,1,0.068,0.472,0.111,1.598,11.405,11.387,0.363,2.847,0.089,2.850,0.092,0.037,0.005,0.005,-3.14,-0.97,151.66,-0.09,0.15,0.320,0.117,0.006,1554,1467,1520,1569,10.00,10.06,9.87,9.82
1787304203.859,16.752,True,1,0.068,0.475,0.111,1.615,11.421,11.403,0.364,2.847,0.089,2.850,0.092,0.037,0.005,0.005,-3.14,-0.97,151.66,-0.09,0.15,0.320,0.117,0.006,1554,1467,1520,1569,10.00,10.06,19.88,19.83
1787304203.869,16.762,True,1,0.068,0.478,0.111,1.631,11.437,11.419,0.364,2.847,0.089,2.850,0.092,0.037,0.005,0.005,-3.14,-0.97,151.66,-0.09,0.15,0.319,0.117,0.006,1554,1467,1520,1570,10.00,10.06,29.88,29.83
1787304203.879,16.772,True,1,0.068,0.481,0.111,1.647,11.454,11.435,0.365,2.847,0.089,2.850,0.091,0.037,0.005,0.005,-3.14,-0.97,151.66,-0.09,0.15,0.319,0.117,0.006,1554,1467,1520,1570,10.00,10.06,39.87,39.83
1787304203.889,16.782,True,1,0.068,0.484,0.111,1.663,11.470,11.451,0.365,2.847,0.089,2.850,0.091,0.037,0.005,0.005,-3.14,-0.97,151.66,-0.09,0.15,0.319,0.117,0.006,1554,1467,1520,1571,10.00,10.06,49.87,49.82
1787304203.899,16.793,True,1,0.068,0.487,0.113,1.671,11.478,11.460,0.366,2.846,0.088,2.850,0.091,0.037,0.005,0.005,-3.14,-0.97,151.66,-0.10,0.15,0.319,0.117,0.006,1554,1466,1520,1571,10.00,10.06,-0.46,-0.41
1787304203.909,16.802,True,1,0.068,0.490,0.113,1.687,11.494,11.476,0.366,2.846,0.088,2.849,0.091,0.037,0.005,0.005,-3.14,-0.97,151.66,-0.10,0.15,0.318,0.117,0.006,1554,1466,1520,1571,10.00,10.06,9.55,9.60
1787304203.919,16.812,True,1,0.068,0.493,0.113,1.704,11.510,11.492,0.367,2.846,0.088,2.849,0.091,0.037,0.005,0.005,-3.14,-0.97,151.66,-0.10,0.15,0.318,0.117,0.006,1554,1466,1520,1572,10.00,10.06,19.54,19.59
1787304203.929,16.822,True,1,0.068,0.496,0.113,1.720,11.527,11.508,0.367,2.846,0.088,2.849,0.091,0.037,0.005,0.005,-3.14,-0.97,151.66,-0.10,0.15,0.318,0.118,0.006,1554,1466,1520,1573,10.00,10.06,29.54,29.59
1787304203.939,16.832,True,1,0.068,0.499,0.113,1.736,11.543,11.524,0.368,2.846,0.088,2.849,0.091,0.037,0.005,0.005,-3.14,-0.97,151.66,-0.10,0.15,0.318,0.118,0.006,1554,1466,1520,1573,10.00,10.06,39.54,39.59
1787304203.949,16.842,True,1,0.068,0.502,0.113,1.753,11.559,11.541,0.368,2.846,0.088,2.849,0.091,0.037,0.005,0.005,-3.14,-0.97,151.66,-0.10,0.15,0.318,0.118,0.006,1554,1466,1520,1574,10.00,10.06,49.55,49.60
1787304203.959,16.852,True,1,0.068,0.505,0.113,1.769,11.576,11.557,0.369,2.846,0.088,2.849,0.091,0.037,0.005,0.005,-3.14,-0.97,151.66,-0.10,0.15,0.318,0.118,0.006,1554,1466,1520,1574,10.00,10.06,59.54,59.59
1787304203.969,16.863,True,1,0.072,0.508,0.114,1.769,11.576,11.557,0.369,2.845,0.088,2.849,0.091,0.038,0.005,0.004,-3.14,-0.97,151.66,-0.11,0.15,0.317,0.117,0.006,1554,1466,1520,1574,10.00,10.06,-0.43,-0.47
1787304203.979,16.872,True,1,0.072,0.511,0.114,1.784,11.591,11.572,0.369,2.845,0.087,2.849,0.091,0.038,0.005,0.004,-3.14,-0.97,151.66,-0.11,0.15,0.317,0.117,0.006,1554,1467,1520,1575,10.00,10.06,-0.06,-0.11
1787304203.989,16.882,True,1,0.072,0.514,0.114,1.800,11.607,11.589,0.370,2.845,0.087,2.849,0.090,0.038,0.005,0.004,-3.14,-0.97,151.66,-0.11,0.15,0.317,0.117,0.006,1554,1467,1520,1575,10.00,10.06,9.94,9.89
1787304203.999,16.892,True,1,0.072,0.517,0.114,1.817,11.623,11.605,0.370,2.845,0.087,2.848,0.090,0.038,0.005,0.004,-3.14,-0.97,151.66,-0.11,0.15,0.317,0.117,0.006,1554,1467,1520,1576,10.00,10.06,19.94,19.89
1787304204.009,16.902,True,1,0.072,0.520,0.114,1.833,11.640,11.622,0.371,2.845,0.087,2.848,0.090,0.038,0.005,0.004,-3.14,-0.97,151.66,-0.11,0.15,0.317,0.117,0.006,1554,1467,1520,1576,10.00,10.06,29.94,29.89
1787304204.019,16.912,True,1,0.072,0.523,0.114,1.850,11.656,11.638,0.371,2.845,0.087,2.848,0.090,0.038,0.005,0.004,-3.14,-0.97,151.66,-0.11,0.15,0.317,0.117,0.006,1554,1467,1520,1577,10.00,10.06,39.94,39.89
1787304204.029,16.922,True,1,0.072,0.526,0.114,1.866,11.673,11.655,0.372,2.845,0.087,2.848,0.090,0.038,0.005,0.004,-3.14,-0.97,151.66,-0.11,0.15,0.317,0.117,0.006,1554,1467,1520,1577,10.00,10.06,49.94,49.89
1787304204.039,16.932,True,1,0.072,0.529,0.114,1.883,11.690,11.671,0.373,2.845,0.087,2.848,0.090,0.038,0.005,0.004,-3.14,-0.97,151.66,-0.11,0.15,0.317,0.117,0.006,1554,1467,1520,1578,10.00,10.06,59.94,59.89
1787304204.049,16.943,True,1,0.076,0.532,0.115,1.884,11.691,11.673,0.373,2.845,0.087,2.848,0.090,0.039,0.005,0.003,-3.14,-0.97,151.66,-0.12,0.15,0.316,0.117,0.006,1554,1467,1520,1578,10.00,10.06,-0.47,-0.52
1787304204.059,16.952,True,1,0.076,0.535,0.115,1.901,11.708,11.689,0.373,2.845,0.087,2.848,0.090,0.039,0.005,0.003,-3.14,-0.97,151.66,-0.12,0.15,0.316,0.117,0.006,1554,1467,1520,1578,10.00,10.06,9.53,9.48
1787304204.069,16.962,True,1,0.076,0.538,0.115,1.918,11.724,11.706,0.374,2.845,0.087,2.848,0.090,0.039,0.005,0.003,-3.14,-0.97,151.66,-0.12,0.15,0.316,0.117,0.006,1554,1467,1520,1579,10.00,10.06,19.53,19.49
1787304204.079,16.972,True,1,0.076,0.541,0.115,1.934,11.741,11.722,0.374,2.845,0.087,2.848,0.090,0.039,0.005,0.003,-3.14,-0.97,151.66,-0.13,0.15,0.315,0.117,0.006,1554,1467,1520,1580,10.00,10.06,29.53,29.49
1787304204.089,16.982,True,1,0.076,0.544,0.115,1.951,11.758,11.739,0.375,2.845,0.087,2.848,0.089,0.039,0.005,0.003,-3.14,-0.97,151.66,-0.13,0.15,0.315,0.117,0.006,1554,1466,1520,1580,10.00,10.06,39.53,39.49
1787304204.099,16.992,True,1,0.076,0.547,0.115,1.968,11.774,11.756,0.375,2.845,0.087,2.847,0.089,0.039,0.005,0.003,-3.14,-0.97,151.66,-0.13,0.15,0.315,0.117,0.006,1554,1466,1520,1581,10.00,10.06,49.54,49.49
1787304204.109,17.002,True,1,0.076,0.550,0.115,1.984,11.791,11.773,0.376,2.845,0.087,2.847,0.089,0.039,0.005,0.003,-3.14,-0.97,151.66,-0.13,0.15,0.315,0.117,0.006,1554,1466,1520,1581,10.00,10.06,59.53,59.49
1787304204.119,17.013,True,1,0.079,0.553,0.114,1.989,11.796,11.778,0.376,2.844,0.086,2.847,0.089,0.040,0.005,0.002,-3.13,-0.98,151.66,-0.13,0.15,0.314,0.118,0.006,1554,1466,1520,1581,10.00,10.06,-0.46,-0.42
1787304204.129,17.022,True,1,0.079,0.556,0.114,2.006,11.813,11.794,0.376,2.844,0.086,2.847,0.089,0.040,0.005,0.002,-3.13,-0.98,151.66,-0.14,0.15,0.314,0.118,0.006,1554,1466,1520,1582,10.00,10.06,9.54,9.58
1787304204.139,17.032,True,1,0.080,0.559,0.114,2.020,11.827,11.808,0.377,2.844,0.086,2.847,0.089,0.041,0.004,0.002,-3.13,-0.98,151.66,-0.14,0.15,0.314,0.119,0.006,1554,1466,1520,1582,10.00,10.06,-0.11,-0.17
1787304204.149,17.042,True,1,0.080,0.562,0.114,2.037,11.843,11.825,0.377,2.844,0.086,2.847,0.089,0.041,0.004,0.002,-3.13,-0.98,151.66,-0.14,0.15,0.313,0.119,0.006,1554,1466,1520,1583,10.01,10.06,9.89,9.84
1787304204.159,17.052,True,1,0.080,0.565,0.114,2.054,11.860,11.842,0.378,2.844,0.086,2.847,0.089,0.041,0.004,0.002,-3.13,-0.98,151.66,-0.14,0.15,0.313,0.119,0.006,1554,1466,1520,1583,10.00,10.06,19.89,19.84
1787304204.169,17.062,True,1,0.080,0.568,0.114,2.070,11.877,11.859,0.378,2.844,0.086,2.847,0.089,0.041,0.004,0.002,-3.13,-0.98,151.66,-0.14,0.15,0.313,0.119,0.006,1554,1466,1520,1584,10.00,10.06,29.89,29.84
1787304204.179,17.073,True,1,0.081,0.571,0.113,2.083,11.890,11.871,0.379,2.842,0.085,2.847,0.089,0.042,0.004,0.002,-3.13,-0.98,151.66,-0.15,0.16,0.312,0.119,0.006,1554,1466,1520,1584,10.01,10.07,-0.33,-0.38
1787304204.189,17.082,True,1,0.082,0.574,0.113,2.099,11.906,11.887,0.379,2.842,0.085,2.846,0.088,0.042,0.003,0.001,-3.13,-0.98,151.66,-0.15,0.16,0.312,0.119,0.006,1554,1466,1520,1585,10.00,10.06,-0.06,-0.11
1787304204.199,17.092,True,1,0.082,0.577,0.113,2.116,11.923,11.904,0.380,2.842,0.085,2.846,0.088,0.042,0.003,0.001,-3.13,-0.98,151.66,-0.16,0.16,0.312,0.119,0.006,1554,1466,1520,1585,10.00,10.06,9.94,9.89
1787304204.209,17.102,True,1,0.082,0.580,0.113,2.133,11.940,11.921,0.380,2.842,0.085,2.846,0.088,0.042,0.003,0.001,-3.13,-0.98,151.66,-0.16,0.16,0.312,0.119,0.006,1554,1466,1520,1586,10.00,10.06,19.94,19.88
1787304204.219,17.113,True,1,0.083,0.583,0.113,2.144,11.951,11.933,0.381,2.842,0.085,2.846,0.088,0.043,0.003,0.001,-3.13,-0.98,151.66,-0.16,0.16,0.311,0.119,0.006,1554,1466,1520,1586,10.00,10.06,-0.17,-0.22
1787304204.229,17.122,True,1,0.083,0.586,0.113,2.161,11.968,11.950,0.381,2.842,0.085,2.846,0.088,0.043,0.003,0.001,-3.13,-0.98,151.66,-0.16,0.16,0.311,0.119,0.006,1554,1466,1520,1587,10.00,10.06,9.83,9.78
1787304204.239,17.132,True,1,0.083,0.589,0.113,2.178,11.985,11.967,0.382,2.842,0.085,2.846,0.088,0.043,0.003,0.001,-3.13,-0.98,151.66,-0.16,0.16,0.311,0.119,0.006,1554,1466,1520,1587,10.00,10.06,19.83,19.78
1787304204.249,17.142,True,1,0.083,0.592,0.113,2.196,12.002,11.984,0.382,2.842,0.085,2.846,0.088,0.043,0.003,0.001,-3.13,-0.98,151.66,-0.16,0.16,0.311,0.119,0.006,1553,1466,1520,1588,10.00,10.06,29.83,29.78
1787304204.259,17.153,True,1,0.084,0.595,0.113,2.211,12.018,12.000,0.383,2.841,0.084,2.845,0.088,0.043,0.003,0.001,-3.13,-0.98,151.66,-0.17,0.16,0.311,0.120,0.006,1553,1466,1520,1588,10.00,10.06,-0.17,-0.22
1787304204.269,17.162,True,1,0.084,0.598,0.112,2.228,12.035,12.016,0.384,2.841,0.084,2.845,0.087,0.044,0.003,0.001,-3.13,-0.98,151.66,-0.17,0.16,0.310,0.120,0.006,1553,1466,1520,1589,10.00,10.06,-0.05,-0.10
1787304204.279,17.172,True,1,0.084,0.601,0.112,2.245,12.052,12.033,0.384,2.841,0.084,2.845,0.087,0.044,0.003,0.001,-3.13,-0.98,151.66,-0.17,0.16,0.310,0.120,0.006,1553,1466,1520,1589,10.00,10.06,9.95,9.89
1787304204.289,17.182,True,1,0.084,0.604,0.112,2.262,12.069,12.051,0.385,2.841,0.084,2.845,0.087,0.044,0.003,0.001,-3.13,-0.98,151.66,-0.17,0.16,0.310,0.120,0.006,1553,1466,1520,1590,10.00,10.06,19.95,19.89
1787304204.299,17.193,True,1,0.085,0.607,0.112,2.279,12.086,12.067,0.385,2.841,0.084,2.845,0.087,0.044,0.002,0.000,-3.13,-0.99,151.66,-0.18,0.17,0.309,0.121,0.006,1553,1466,1520,1591,10.00,10.06,-0.26,-0.21
1787304204.309,17.202,True,1,0.085,0.610,0.112,2.296,12.103,12.084,0.386,2.841,0.084,2.845,0.087,0.044,0.002,0.000,-3.13,-0.99,151.66,-0.18,0.17,0.309,0.121,0.006,1553,1466,1520,1591,10.00,10.06,9.75,9.80
1787304204.319,17.212,True,1,0.085,0.613,0.112,2.314,12.120,12.102,0.386,2.841,0.084,2.845,0.087,0.044,0.002,0.000,-3.13,-0.99,151.66,-0.18,0.17,0.309,0.121,0.006,1553,1466,1520,1592,10.00,10.06,19.75,19.80
1787304204.329,17.222,True,1,0.085,0.616,0.112,2.331,12.138,12.119,0.387,2.841,0.084,2.844,0.087,0.044,0.002,0.000,-3.13,-0.99,151.66,-0.18,0.17,0.309,0.121,0.006,1553,1466,1520,1592,10.00,10.06,29.74,29.79
1787304204.339,17.232,True,1,0.085,0.619,0.112,2.348,12.155,12.136,0.387,2.841,0.084,2.844,0.087,0.044,0.002,0.000,-3.13,-0.99,151.66,-0.18,0.17,0.309,0.121,0.006,1553,1466,1520,1593,10.00,10.06,39.75,39.79
1787304204.349,17.242,True,1,0.085,0.622,0.112,2.366,12.172,12.154,0.388,2.841,0.084,2.844,0.087,0.044,0.002,0.000,-3.13,-0.99,151.66,-0.18,0.17,0.309,0.121,0.006,1553,1466,1520,1593,10.00,10.06,49.74,49.79
1787304204.359,17.252,True,1,0.085,0.625,0.112,2.383,12.190,12.171,0.388,2.841,0.084,2.844,0.087,0.044,0.002,0.000,-3.13,-0.99,151.66,-0.18,0.17,0.309,0.121,0.006,1553,1466,1520,1594,10.00,10.06,59.74,59.79
1787304204.369,17.262,True,1,0.085,0.628,0.112,2.400,12.207,12.188,0.389,2.841,0.084,2.844,0.086,0.044,0.002,0.000,-3.13,-0.99,151.66,-0.18,0.17,0.309,0.121,0.006,1553,1466,1520,1594,10.00,10.06,69.74,69.79
1787304204.380,17.273,True,1,0.087,0.631,0.110,2.413,12.219,12.201,0.389,2.839,0.083,2.844,0.086,0.045,0.002,0.001,-3.11,-0.99,151.67,-0.18,0.17,0.307,0.121,0.006,1553,1466,1520,1595,10.00,10.06,-0.60,-0.55
1787304204.389,17.282,True,1,0.087,0.634,0.110,2.430,12.237,12.218,0.390,2.839,0.083,2.844,0.086,0.045,0.002,0.001,-3.11,-0.99,151.67,-0.18,0.17,0.307,0.121,0.006,1553,1466,1520,1595,10.00,10.06,9.40,9.45
1787304204.399,17.292,True,1,0.087,0.637,0.110,2.448,12.254,12.236,0.391,2.839,0.083,2.843,0.086,0.045,0.002,0.001,-3.11,-0.99,151.67,-0.18,0.17,0.307,0.121,0.006,1553,1466,1520,1596,10.00,10.06,19.40,19.45
1787304204.409,17.302,True,1,0.087,0.640,0.110,2.465,12.272,12.253,0.391,2.839,0.083,2.843,0.086,0.045,0.002,0.001,-3.11,-0.99,151.67,-0.18,0.17,0.307,0.121,0.006,1553,1466,1520,1596,10.00,10.06,29.40,29.45
1787304204.419,17.312,True,1,0.087,0.643,0.110,2.483,12.289,12.271,0.392,2.839,0.083,2.843,0.086,0.045,0.002,0.001,-3.11,-0.99,151.67,-0.18,0.17,0.307,0.121,0.006,1553,1466,1520,1597,10.00,10.06,39.40,39.45
1787304204.429,17.322,True,1,0.087,0.646,0.110,2.500,12.307,12.288,0.392,2.839,0.083,2.843,0.086,0.045,0.002,0.001,-3.11,-0.99,151.67,-0.19,0.17,0.307,0.121,0.006,1553,1466,1520,1598,10.00,10.06,49.40,49.45
1787304204.439,17.332,True,1,0.087,0.649,0.110,2.518,12.325,12.306,0.393,2.839,0.083,2.843,0.086,0.045,0.002,0.001,-3.11,-0.99,151.67,-0.19,0.17,0.306,0.121,0.006,1553,1466,1520,1598,10.00,10.06,59.40,59.45
1787304204.449,17.342,True,1,0.087,0.652,0.110,2.536,12.342,12.324,0.393,2.839,0.083,2.843,0.086,0.045,0.002,0.001,-3.11,-0.99,151.67,-0.19,0.17,0.306,0.121,0.006,1553,1466,1520,1599,10.00,10.06,69.40,69.45
1787304204.460,17.353,True,1,0.090,0.655,0.102,2.567,12.374,12.355,0.394,2.838,0.082,2.843,0.086,0.047,0.003,0.001,-3.10,-1.01,151.61,-0.18,0.17,0.305,0.123,0.009,1553,1466,1521,1600,10.00,10.06,-0.52,-0.56
1787304204.469,17.362,True,1,0.090,0.658,0.102,2.585,12.391,12.373,0.395,2.838,0.082,2.843,0.085,0.047,0.003,0.001,-3.10,-1.01,151.61,-0.19,0.17,0.305,0.123,0.009,1553,1466,1521,1600,10.00,10.06,9.48,9.43
1787304204.479,17.372,True,1,0.090,0.661,0.102,2.602,12.409,12.390,0.395,2.838,0.082,2.842,0.085,0.047,0.003,0.001,-3.10,-1.01,151.61,-0.19,0.17,0.305,0.123,0.009,1553,1466,1521,1601,10.00,10.06,19.48,19.43
1787304204.489,17.382,True,1,0.090,0.664,0.102,2.620,12.427,12.408,0.396,2.838,0.082,2.842,0.085,0.047,0.003,0.001,-3.10,-1.01,151.61,-0.19,0.17,0.305,0.123,0.009,1553,1466,1521,1601,10.00,10.06,29.48,29.43
1787304204.499,17.392,True,1,0.090,0.667,0.102,2.638,12.445,12.426,0.397,2.838,0.082,2.842,0.085,0.047,0.003,0.001,-3.10,-1.01,151.61,-0.19,0.17,0.305,0.123,0.009,1553,1466,1521,1602,10.00,10.06,39.48,39.43
1787304204.509,17.402,True,1,0.090,0.670,0.102,2.656,12.462,12.444,0.397,2.838,0.082,2.842,0.085,0.047,0.003,0.001,-3.10,-1.01,151.61,-0.19,0.17,0.305,0.123,0.009,1553,1466,1521,1602,10.00,10.06,49.48,49.44
1787304204.519,17.412,True,1,0.090,0.673,0.102,2.673,12.480,12.461,0.398,2.838,0.082,2.842,0.085,0.047,0.003,0.001,-3.10,-1.01,151.61,-0.19,0.17,0.305,0.123,0.009,1553,1466,1521,1603,10.00,10.06,59.48,59.44
1787304204.530,17.423,True,1,0.093,0.676,0.112,2.650,12.456,12.436,0.397,2.836,0.081,2.842,0.085,0.049,0.004,0.012,-3.09,-1.09,151.62,-0.11,0.21,0.312,0.136,0.009,1554,1464,1521,1602,10.00,10.06,-0.48,-0.53
1787304204.539,17.432,True,1,0.093,0.679,0.112,2.667,12.474,12.454,0.398,2.836,0.081,2.841,0.085,0.049,0.004,0.012,-3.09,-1.09,151.62,-0.11,0.21,0.312,0.136,0.009,1554,1464,1521,1603,10.00,10.06,9.52,9.47
1787304204.549,17.442,True,1,0.093,0.682,0.112,2.685,12.492,12.472,0.398,2.836,0.081,2.841,0.085,0.049,0.004,0.012,-3.09,-1.09,151.62,-0.11,0.21,0.312,0.136,0.009,1554,1464,1521,1603,10.00,10.06,19.52,19.47
1787304204.559,17.452,True,1,0.093,0.685,0.112,2.703,12.510,12.490,0.399,2.836,0.081,2.841,0.084,0.049,0.004,0.012,-3.09,-1.09,151.62,-0.11,0.21,0.311,0.136,0.009,1554,1464,1521,1604,10.00,10.06,29.52,29.47
1787304204.569,17.462,True,1,0.093,0.688,0.112,2.721,12.528,12.508,0.399,2.836,0.081,2.841,0.084,0.049,0.004,0.012,-3.09,-1.09,151.62,-0.11,0.21,0.311,0.136,0.009,1554,1464,1521,1604,10.00,10.06,39.52,39.47
1787304204.579,17.472,True,1,0.093,0.691,0.112,2.739,12.546,12.526,0.400,2.836,0.081,2.841,0.084,0.049,0.004,0.012,-3.09,-1.09,151.62,-0.11,0.21,0.311,0.136,0.009,1554,1464,1521,1605,10.00,10.06,49.52,49.47
1787304204.589,17.483,True,1,0.094,0.694,0.081,2.844,12.651,12.632,0.403,2.835,0.080,2.841,0.084,0.051,-0.027,0.001,-3.00,-1.21,151.79,-0.32,0.39,0.281,0.168,0.003,1550,1461,1520,1608,10.00,10.06,-0.48,-0.43
1787304204.599,17.492,True,1,0.094,0.697,0.081,2.862,12.669,12.650,0.404,2.835,0.080,2.840,0.084,0.051,-0.027,0.001,-3.00,-1.21,151.79,-0.32,0.39,0.281,0.168,0.003,1550,1461,1520,1609,10.00,10.06,9.52,9.57
1787304204.609,17.502,True,1,0.095,0.700,0.065,2.926,12.733,12.713,0.406,2.835,0.079,2.840,0.084,0.051,-0.018,0.001,-3.00,-1.30,151.74,-0.28,0.32,0.285,0.170,0.005,1551,1461,1520,1611,10.00,10.06,-0.12,-0.17
1787304204.619,17.512,True,1,0.095,0.703,0.065,2.944,12.751,12.731,0.406,2.835,0.079,2.840,0.084,0.051,-0.018,0.001,-3.00,-1.30,151.74,-0.28,0.32,0.285,0.170,0.005,1551,1461,1520,1611,10.00,10.06,9.88,9.83
1787304204.629,17.522,True,1,0.095,0.706,0.065,2.962,12.769,12.749,0.407,2.835,0.079,2.840,0.083,0.051,-0.018,0.001,-3.00,-1.30,151.74,-0.28,0.33,0.285,0.170,0.005,1551,1461,1520,1612,10.00,10.06,19.88,19.82
1787304204.639,17.532,True,1,0.095,0.709,0.065,2.980,12.787,12.767,0.408,2.835,0.079,2.840,0.083,0.051,-0.018,0.001,-3.00,-1.30,151.74,-0.28,0.33,0.285,0.170,0.005,1551,1461,1520,1612,10.00,10.06,29.88,29.83
1787304204.649,17.542,True,1,0.095,0.712,0.065,2.998,12.805,12.786,0.408,2.835,0.079,2.840,0.083,0.051,-0.018,0.001,-3.00,-1.30,151.74,-0.28,0.33,0.285,0.170,0.005,1551,1461,1520,1613,10.00,10.06,39.88,39.82
1787304204.659,17.552,True,1,0.095,0.715,0.065,3.016,12.823,12.804,0.409,2.835,0.079,2.839,0.083,0.051,-0.018,0.001,-3.00,-1.30,151.74,-0.28,0.33,0.285,0.170,0.005,1551,1461,1520,1613,10.00,10.06,49.88,49.83
1787304204.669,17.563,True,1,0.097,0.718,0.079,2.984,12.791,12.771,0.408,2.832,0.079,2.839,0.083,0.054,-0.012,0.008,-2.95,-1.48,151.70,-0.22,0.31,0.286,0.188,0.008,1551,1459,1521,1612,10.00,10.06,-0.38,-0.42
1787304204.679,17.572,True,1,0.097,0.721,0.079,3.003,12.810,12.789,0.408,2.832,0.079,2.839,0.083,0.054,-0.012,0.008,-2.95,-1.48,151.70,-0.22,0.31,0.286,0.188,0.008,1551,1459,1521,1613,10.00,10.06,9.63,9.58
1787304204.689,17.582,True,1,0.098,0.724,0.076,3.027,12.834,12.814,0.409,2.832,0.079,2.839,0.083,0.054,-0.015,-0.000,-2.84,-1.58,151.76,-0.29,0.31,0.267,0.198,0.005,1549,1458,1520,1614,10.00,10.06,-0.18,-0.13
1787304204.699,17.592,True,1,0.098,0.727,0.076,3.045,12.852,12.832,0.410,2.832,0.079,2.838,0.083,0.054,-0.015,-0.000,-2.84,-1.58,151.76,-0.29,0.31,0.267,0.198,0.005,1549,1458,1520,1614,10.00,10.06,9.82,9.86
1787304204.709,17.602,True,1,0.098,0.730,0.076,3.063,12.870,12.851,0.410,2.832,0.079,2.838,0.082,0.054,-0.015,-0.000,-2.84,-1.58,151.76,-0.29,0.31,0.267,0.198,0.005,1549,1458,1520,1615,10.00,10.06,19.82,19.87
1787304204.719,17.612,True,1,0.098,0.733,0.076,3.082,12.889,12.869,0.411,2.832,0.079,2.838,0.082,0.054,-0.015,-0.000,-2.84,-1.58,151.76,-0.29,0.31,0.266,0.198,0.005,1549,1458,1520,1615,10.00,10.06,29.82,29.87
1787304204.729,17.622,True,1,0.098,0.736,0.076,3.100,12.907,12.887,0.411,2.832,0.079,2.838,0.082,0.054,-0.015,-0.000,-2.84,-1.58,151.76,-0.29,0.31,0.266,0.198,0.005,1549,1458,1520,1616,10.00,10.06,39.82,39.87
1787304204.739,17.632,True,1,0.098,0.739,0.076,3.118,12.925,12.906,0.412,2.832,0.079,2.838,0.082,0.054,-0.015,-0.000,-2.84,-1.58,151.76,-0.29,0.31,0.266,0.198,0.005,1549,1458,1520,1617,10.00,10.06,49.82,49.87
1787304204.749,17.642,True,1,0.098,0.742,0.076,3.137,12.944,12.924,0.413,2.832,0.079,2.837,0.082,0.054,-0.015,-0.000,-2.84,-1.58,151.76,-0.29,0.31,0.266,0.198,0.005,1549,1458,1520,1617,10.00,10.06,59.82,59.87
1787304204.759,17.652,True,1,0.098,0.745,0.076,3.155,12.962,12.943,0.413,2.832,0.079,2.837,0.082,0.054,-0.015,-0.000,-2.84,-1.58,151.76,-0.29,0.31,0.266,0.198,0.005,1549,1458,1520,1618,10.00,10.06,69.82,69.87
1787304204.769,17.662,True,1,0.098,0.748,0.076,3.174,12.981,12.961,0.414,2.832,0.079,2.837,0.082,0.054,-0.015,-0.000,-2.84,-1.58,151.76,-0.29,0.31,0.266,0.198,0.005,1549,1458,1520,1618,10.00,10.06,79.82,79.87
1787304204.780,17.673,True,1,0.104,0.751,0.158,2.922,12.731,12.706,0.406,2.826,0.078,2.837,0.082,0.060,-0.100,-0.027,-1.70,-2.66,152.16,-0.81,0.83,0.092,0.366,-0.011,1530,1440,1478,1610,10.00,10.06,-0.62,-0.57
1787304204.789,17.682,True,1,0.104,0.754,0.158,2.940,12.750,12.725,0.406,2.826,0.078,2.836,0.081,0.060,-0.100,-0.027,-1.70,-2.66,152.16,-0.81,0.83,0.092,0.366,-0.011,1530,1440,1478,1611,10.00,10.06,9.39,9.43
1787304204.799,17.692,True,1,0.104,0.757,0.158,2.959,12.768,12.743,0.407,2.826,0.078,2.836,0.081,0.060,-0.100,-0.027,-1.70,-2.66,152.16,-0.81,0.83,0.091,0.366,-0.011,1530,1440,1478,1612,10.00,10.06,19.39,19.44
1787304204.809,17.702,True,1,0.104,0.760,0.158,2.978,12.787,12.762,0.407,2.826,0.078,2.836,0.081,0.060,-0.100,-0.027,-1.70,-2.66,152.16,-0.81,0.83,0.091,0.366,-0.011,1530,1440,1478,1612,9.99,10.06,29.38,29.43
1787304204.819,17.713,True,1,0.113,0.763,0.264,2.641,12.452,12.408,0.396,2.820,0.078,2.835,0.081,0.065,-0.141,-0.015,-0.08,-3.55,152.66,-0.89,1.21,-0.088,0.498,-0.043,1470,1426,1473,1601,10.00,10.06,-0.32,-0.28
1787304204.829,17.722,True,1,0.113,0.766,0.264,2.659,12.470,12.426,0.397,2.820,0.078,2.835,0.081,0.065,-0.141,-0.015,-0.08,-3.55,152.66,-0.89,1.21,-0.088,0.498,-0.043,1470,1426,1473,1602,10.00,10.06,9.68,9.73
1787304204.839,17.732,True,1,0.113,0.769,0.264,2.678,12.489,12.445,0.397,2.820,0.078,2.834,0.081,0.065,-0.141,-0.015,-0.08,-3.55,152.66,-0.89,1.21,-0.088,0.498,-0.043,1470,1426,1473,1602,10.00,10.06,19.67,19.72
1787304204.849,17.743,True,1,0.129,0.772,0.399,2.229,12.042,11.977,0.382,2.812,0.077,2.833,0.081,0.073,-0.189,-0.013,1.28,-3.85,153.07,-1.10,1.64,-0.253,0.573,-0.075,1452,1418,1469,1588,10.00,10.06,-0.21,-0.26
1787304204.859,17.752,True,1,0.129,0.775,0.399,2.247,12.061,11.995,0.383,2.812,0.077,2.833,0.081,0.073,-0.189,-0.013,1.28,-3.85,153.07,-1.10,1.64,-0.253,0.573,-0.075,1452,1418,1469,1588,10.00,10.06,9.79,9.75
1787304204.869,17.762,True,1,0.129,0.778,0.399,2.266,12.079,12.009,0.383,2.812,0.077,2.832,0.081,0.073,-0.189,-0.013,1.71,-3.90,153.15,-1.10,1.64,-0.299,0.578,-0.083,1447,1417,1468,1589,10.00,10.06,-0.07,19.74
1787304204.879,17.772,True,1,0.129,0.781,0.399,2.284,12.098,12.027,0.384,2.812,0.077,2.831,0.080,0.073,-0.189,-0.013,1.71,-3.90,153.15,-1.10,1.64,-0.299,0.578,-0.083,1447,1417,1468,1589,10.00,10.06,9.94,29.74
1787304204.889,17.782,True,1,0.129,0.784,0.399,2.303,12.117,12.045,0.384,2.812,0.077,2.831,0.080,0.073,-0.189,-0.013,1.71,-3.90,153.15,-1.10,1.64,-0.299,0.578,-0.083,1447,1417,1468,1590,10.00,10.06,19.93,39.74
1787304204.899,17.792,True,1,0.129,0.787,0.399,2.321,12.135,12.064,0.385,2.812,0.077,2.830,0.080,0.073,-0.189,-0.013,1.71,-3.90,153.15,-1.10,1.64,-0.299,0.578,-0.083,1447,1417,1468,1590,10.00,10.06,29.94,49.75
1787304204.909,17.803,True,1,0.157,0.790,0.587,1.661,11.479,11.375,0.363,2.800,0.077,2.829,0.080,0.085,-0.250,0.018,3.13,-4.08,153.68,-1.14,2.37,-0.454,0.669,-0.125,1430,1408,1462,1568,10.00,10.06,-0.31,-0.36
1787304204.919,17.812,True,1,0.157,0.793,0.587,1.679,11.498,11.393,0.364,2.800,0.077,2.828,0.080,0.085,-0.250,0.018,3.13,-4.08,153.68,-1.14,2.37,-0.454,0.669,-0.125,1430,1408,1462,1569,10.00,10.07,9.69,9.64
1787304204.929,17.822,True,1,0.157,0.796,0.587,1.697,11.516,11.411,0.364,2.800,0.077,2.827,0.080,0.085,-0.250,0.018,3.13,-4.08,153.68,-1.15,2.37,-0.454,0.669,-0.125,1430,1408,1462,1569,9.99,10.06,19.68,19.64
1787304204.939,17.833,True,1,0.181,0.799,0.674,1.363,11.183,11.076,0.354,2.790,0.077,2.826,0.080,0.094,-0.252,0.020,3.62,-3.85,154.08,-1.16,2.48,-0.507,0.656,-0.147,1425,1409,1459,1558,10.00,10.06,-0.18,-0.23
1787304204.949,17.842,True,1,0.181,0.802,0.674,1.381,11.201,11.095,0.354,2.790,0.077,2.825,0.080,0.094,-0.252,0.020,3.86,-3.59,154.20,-1.15,2.49,-0.532,0.628,-0.153,1422,1412,1458,1559,10.00,10.06,-0.07,9.77
1787304204.959,17.852,True,1,0.181,0.805,0.674,1.400,11.219,11.113,0.355,2.790,0.077,2.824,0.080,0.094,-0.252,0.020,3.86,-3.59,154.20,-1.16,2.49,-0.532,0.628,-0.153,1422,1412,1458,1559,10.00,10.06,9.94,19.77
1787304204.969,17.862,True,1,0.191,0.808,0.730,1.210,11.034,10.926,0.349,2.786,0.076,2.822,0.079,0.098,-0.289,0.027,3.87,-3.27,154.38,-1.27,2.89,-0.545,0.635,-0.162,1421,1411,1457,1553,10.00,10.06,-0.11,-0.05
1787304204.979,17.872,True,1,0.191,0.811,0.730,1.229,11.052,10.944,0.349,2.786,0.076,2.821,0.079,0.098,-0.289,0.027,3.87,-3.27,154.38,-1.27,2.89,-0.545,0.635,-0.162,1421,1411,1457,1554,10.00,10.06,9.90,9.95
1787304204.989,17.882,True,1,0.191,0.814,0.730,1.247,11.070,10.962,0.350,2.786,0.076,2.820,0.079,0.098,-0.289,0.027,3.87,-3.27,154.38,-1.27,2.89,-0.545,0.635,-0.162,1421,1411,1457,1554,10.00,10.06,19.89,19.95
1787304204.999,17.892,True,1,0.191,0.817,0.730,1.265,11.089,10.980,0.350,2.786,0.076,2.819,0.079,0.098,-0.289,0.027,3.87,-3.27,154.38,-1.28,2.89,-0.546,0.636,-0.162,1421,1411,1457,1555,10.00,10.06,29.89,29.95
1787304205.009,17.902,True,1,0.191,0.820,0.730,1.283,11.107,10.998,0.351,2.786,0.076,2.818,0.079,0.098,-0.289,0.027,3.87,-3.27,154.38,-1.28,2.89,-0.546,0.636,-0.162,1421,1411,1457,1556,10.00,10.06,39.89,39.95
1787304205.019,17.913,True,1,0.242,0.823,0.847,0.745,10.575,10.498,0.335,2.766,0.075,2.816,0.079,0.118,-0.334,-0.019,3.52,-1.04,154.99,-1.90,3.28,-0.571,0.443,-0.173,1418,1431,1455,1539,10.01,10.07,-0.42,-0.37
1787304205.029,17.922,True,1,0.260,0.826,0.882,0.585,10.416,10.339,0.330,2.760,0.074,2.814,0.079,0.125,-0.338,-0.011,3.52,-1.04,154.99,-1.88,3.40,-0.568,0.456,-0.174,1418,1430,1455,1533,10.00,10.06,9.58,-0.08
1787304205.039,17.932,True,1,0.260,0.829,0.882,0.603,10.434,10.356,0.331,2.760,0.074,2.812,0.079,0.125,-0.338,-0.011,3.52,-1.04,154.99,-1.89,3.41,-0.569,0.456,-0.174,1418,1430,1455,1534,10.00,10.06,19.58,9.92
1787304205.049,17.942,True,1,0.260,0.832,0.882,0.621,10.452,10.374,0.331,2.760,0.074,2.811,0.078,0.125,-0.338,-0.011,3.52,-1.04,154.99,-1.89,3.41,-0.569,0.457,-0.174,1418,1430,1455,1534,10.00,10.06,29.58,19.92
1787304205.059,17.952,True,1,0.271,0.835,0.899,0.544,10.377,10.322,0.329,2.753,0.074,2.809,0.078,0.131,-0.355,-0.019,2.92,0.35,155.23,-2.04,3.58,-0.518,0.330,-0.173,1424,1443,1455,1532,10.00,10.06,-0.16,-0.11
1787304205.069,17.962,True,1,0.271,0.838,0.899,0.562,10.395,10.340,0.330,2.753,0.074,2.807,0.078,0.131,-0.355,-0.019,2.92,0.35,155.23,-2.04,3.58,-0.518,0.330,-0.173,1423,1443,1455,1533,10.00,10.06,9.84,9.89
1787304205.079,17.972,True,1,0.271,0.841,0.899,0.579,10.413,10.357,0.331,2.753,0.074,2.805,0.078,0.131,-0.355,-0.019,2.92,0.35,155.23,-2.05,3.59,-0.519,0.331,-0.173,1423,1443,1455,1534,10.00,10.06,19.84,19.89
1787304205.089,17.982,True,1,0.271,0.844,0.899,0.597,10.431,10.375,0.331,2.753,0.074,2.803,0.078,0.131,-0.355,-0.019,2.92,0.35,155.23,-2.05,3.59,-0.519,0.331,-0.173,1423,1443,1455,1534,10.00,10.06,29.84,29.88
1787304205.099,17.993,True,1,0.323,0.847,0.988,0.138,9.972,9.949,0.318,2.726,0.074,2.801,0.078,0.158,-0.343,-0.032,1.53,2.74,155.41,-2.21,3.62,-0.383,0.087,-0.166,1438,1470,1456,1519,10.00,10.06,-0.30,-0.35
1787304205.109,18.002,True,1,0.323,0.850,0.988,0.155,9.989,9.967,0.318,2.726,0.074,2.798,0.078,0.158,-0.343,-0.032,1.53,2.74,155.41,-2.21,3.63,-0.384,0.088,-0.166,1438,1470,1456,1520,10.00,10.06,9.70,9.65
1787304205.119,18.012,True,1,0.323,0.853,0.988,0.172,10.006,9.984,0.319,2.726,0.074,2.796,0.078,0.158,-0.343,-0.032,1.53,2.74,155.41,-2.22,3.64,-0.384,0.089,-0.166,1438,1470,1456,1520,10.00,10.06,19.70,19.65
1787304205.129,18.022,True,1,0.323,0.856,0.988,0.190,10.024,10.001,0.319,2.726,0.074,2.793,0.077,0.158,-0.343,-0.032,1.53,2.74,155.41,-2.22,3.64,-0.385,0.090,-0.166,1438,1470,1456,1521,10.00,10.06,29.70,29.65
1787304205.139,18.032,True,1,0.323,0.859,0.988,0.207,10.041,10.019,0.320,2.726,0.074,2.791,0.077,0.158,-0.343,-0.032,1.53,2.74,155.41,-2.23,3.65,-0.385,0.091,-0.166,1438,1469,1456,1522,10.00,10.06,39.70,39.65
1787304205.149,18.042,True,1,0.323,0.862,0.988,0.224,10.059,10.036,0.320,2.726,0.074,2.789,0.077,0.158,-0.343,-0.032,1.53,2.74,155.41,-2.23,3.66,-0.385,0.091,-0.166,1437,1469,1456,1522,10.00,10.06,49.70,49.65
1787304205.159,18.052,True,1,0.323,0.865,0.988,0.242,10.077,10.054,0.321,2.726,0.074,2.787,0.077,0.158,-0.343,-0.032,1.53,2.74,155.41,-2.23,3.67,-0.386,0.092,-0.166,1437,1469,1456,1523,10.00,10.06,59.70,59.65
1787304205.169,18.062,True,1,0.323,0.868,0.988,0.259,10.094,10.071,0.321,2.726,0.074,2.785,0.077,0.158,-0.343,-0.032,1.53,2.74,155.41,-2.24,3.67,-0.386,0.093,-0.166,1437,1469,1456,1523,10.00,10.06,69.70,69.65
1787304205.180,18.073,True,1,0.414,0.871,1.060,-0.304,9.532,9.513,0.304,2.687,0.070,2.782,0.077,0.197,-0.327,-0.052,-1.40,7.00,155.03,-2.53,3.65,-0.100,-0.347,-0.155,1468,1557,1458,1503,10.01,10.07,-0.62,-0.66
1787304205.189,18.082,True,1,0.414,0.874,1.060,-0.287,9.548,9.530,0.304,2.687,0.070,2.779,0.077,0.197,-0.327,-0.052,-1.40,7.00,155.03,-2.54,3.66,-0.101,-0.346,-0.155,1468,1557,1458,1504,10.00,10.07,9.39,9.34
1787304205.199,18.092,True,1,0.414,0.877,1.060,-0.270,9.565,9.547,0.305,2.687,0.070,2.776,0.076,0.197,-0.327,-0.052,-1.40,7.00,155.03,-2.54,3.68,-0.102,-0.344,-0.155,1468,1557,1458,1505,9.99,10.06,19.38,19.33
1787304205.209,18.102,True,1,0.414,0.880,1.060,-0.254,9.582,9.564,0.305,2.687,0.070,2.773,0.076,0.197,-0.327,-0.052,-1.40,7.00,155.03,-2.55,3.69,-0.103,-0.343,-0.155,1468,1557,1458,1505,10.00,10.06,29.38,29.33
1787304205.219,18.112,True,1,0.414,0.883,1.060,-0.237,9.599,9.581,0.306,2.687,0.070,2.770,0.076,0.197,-0.327,-0.052,-1.40,7.00,155.03,-2.56,3.70,-0.103,-0.341,-0.155,1468,1557,1458,1506,10.00,10.06,39.38,39.33
1787304205.229,18.123,True,1,0.467,0.886,1.052,-0.409,9.422,9.378,0.299,2.669,0.067,2.766,0.076,0.215,-0.282,-0.065,-2.72,8.83,154.54,-2.58,3.26,0.034,-0.576,-0.152,1523,1581,1458,1498,10.01,10.07,-0.30,-0.35
1787304205.239,18.132,True,1,0.467,0.889,1.052,-0.393,9.439,9.395,0.300,2.669,0.067,2.763,0.075,0.215,-0.282,-0.065,-2.72,8.83,154.54,-2.58,3.28,0.033,-0.575,-0.152,1523,1581,1458,1499,10.00,10.07,9.70,9.65
1787304205.249,18.142,True,1,0.467,0.892,1.052,-0.377,9.455,9.411,0.300,2.669,0.067,2.760,0.075,0.215,-0.282,-0.065,-2.72,8.83,154.54,-2.59,3.29,0.032,-0.573,-0.152,1523,1581,1458,1500,9.99,10.06,19.70,19.65
1787304205.259,18.152,True,1,0.467,0.895,1.052,-0.360,9.472,9.428,0.301,2.669,0.067,2.757,0.075,0.215,-0.282,-0.065,-2.72,8.83,154.54,-2.60,3.31,0.032,-0.572,-0.152,1523,1581,1458,1500,10.00,10.06,29.69,29.65
1787304205.269,18.163,True,1,0.508,0.898,1.067,-0.554,9.272,9.205,0.294,2.658,0.064,2.754,0.074,0.226,-0.230,-0.036,-3.69,9.73,154.11,-2.15,2.99,0.179,-0.697,-0.151,1539,1594,1459,1492,10.00,10.06,-0.27,-0.32
1787304205.279,18.172,True,1,0.508,0.901,1.067,-0.538,9.288,9.221,0.294,2.658,0.064,2.751,0.074,0.226,-0.230,-0.036,-3.69,9.73,154.11,-2.16,3.01,0.178,-0.695,-0.150,1539,1594,1459,1492,10.00,10.06,9.73,9.68
1787304205.289,18.182,True,1,0.508,0.904,1.067,-0.522,9.304,9.237,0.295,2.658,0.064,2.747,0.074,0.226,-0.230,-0.036,-3.69,9.73,154.11,-2.17,3.03,0.177,-0.694,-0.150,1539,1593,1459,1493,10.00,10.06,19.73,19.68
1787304205.299,18.192,True,1,0.508,0.907,1.067,-0.506,9.320,9.254,0.295,2.658,0.064,2.744,0.073,0.226,-0.230,-0.036,-3.69,9.73,154.11,-2.18,3.04,0.176,-0.692,-0.150,1539,1593,1459,1494,10.00,10.06,29.73,29.68
1787304205.309,18.202,True,1,0.508,0.910,1.067,-0.490,9.336,9.270,0.296,2.658,0.064,2.742,0.073,0.226,-0.230,-0.036,-3.69,9.73,154.11,-2.19,3.05,0.175,-0.691,-0.150,1539,1593,1459,1494,10.00,10.06,39.73,39.68
1787304205.319,18.212,True,1,0.508,0.913,1.067,-0.474,9.353,9.287,0.296,2.658,0.064,2.739,0.073,0.226,-0.230,-0.036,-3.69,9.73,154.11,-2.19,3.07,0.174,-0.689,-0.150,1539,1593,1459,1495,10.01,10.07,49.74,49.69
1787304205.329,18.222,True,1,0.508,0.916,1.067,-0.458,9.369,9.303,0.297,2.658,0.064,2.736,0.072,0.226,-0.230,-0.036,-3.69,9.73,154.11,-2.20,3.08,0.174,-0.688,-0.150,1539,1593,1459,1495,10.00,10.06,59.73,59.68
1787304205.340,18.233,True,1,0.596,0.919,1.032,-0.686,9.132,9.034,0.288,2.641,0.058,2.733,0.072,0.244,-0.136,-0.035,-5.11,9.98,153.06,-1.84,2.20,0.353,-0.805,-0.133,1558,1605,1461,1485,10.06,10.12,-0.57,-0.62
1787304205.349,18.242,True,1,0.596,0.922,1.032,-0.671,9.148,9.050,0.289,2.641,0.058,2.730,0.071,0.244,-0.136,-0.035,-5.11,9.98,153.06,-1.85,2.22,0.352,-0.804,-0.133,1558,1605,1461,1486,9.94,10.06,9.37,9.32
1787304205.359,18.252,True,1,0.596,0.925,1.032,-0.655,9.163,9.065,0.289,2.641,0.058,2.727,0.071,0.244,-0.136,-0.035,-5.11,9.98,153.06,-1.87,2.24,0.350,-0.802,-0.132,1558,1604,1461,1487,10.00,10.06,19.37,19.32
1787304205.369,18.262,True,1,0.596,0.928,1.032,-0.640,9.179,9.081,0.290,2.641,0.058,2.724,0.071,0.244,-0.136,-0.035,-5.11,9.98,153.06,-1.88,2.25,0.349,-0.800,-0.132,1558,1604,1461,1487,10.00,10.06,29.36,29.32
1787304205.379,18.272,True,1,0.596,0.931,1.032,-0.625,9.194,9.097,0.290,2.641,0.058,2.721,0.070,0.244,-0.136,-0.035,-5.11,9.98,153.06,-1.89,2.27,0.348,-0.799,-0.132,1557,1604,1461,1488,10.00,10.06,39.37,39.32
1787304205.389,18.282,True,1,0.596,0.934,1.032,-0.609,9.210,9.113,0.291,2.641,0.058,2.719,0.070,0.244,-0.136,-0.035,-5.11,9.98,153.06,-1.90,2.28,0.347,-0.797,-0.132,1557,1604,1461,1488,10.01,10.07,49.37,49.32
1787304205.399,18.292,True,1,0.596,0.937,1.032,-0.594,9.225,9.128,0.291,2.641,0.058,2.716,0.069,0.244,-0.136,-0.035,-5.11,9.98,153.06,-1.91,2.29,0.346,-0.796,-0.132,1557,1604,1461,1489,10.00,10.06,59.37,59.32
1787304205.409,18.302,True,1,0.596,0.940,1.032,-0.578,9.241,9.144,0.292,2.641,0.058,2.714,0.069,0.244,-0.136,-0.035,-5.11,9.98,153.06,-1.91,2.31,0.345,-0.794,-0.132,1557,1604,1461,1490,10.00,10.06,69.37,69.32
1787304205.420,18.313,True,1,0.669,0.943,0.979,-0.700,9.116,9.062,0.289,2.632,0.055,2.711,0.068,0.254,-0.086,-0.024,-4.88,7.17,151.97,-1.62,1.88,0.344,-0.551,-0.061,1557,1579,1471,1486,10.00,10.06,-0.58,-0.53
1787304205.429,18.322,True,1,0.669,0.946,0.979,-0.685,9.131,9.077,0.290,2.632,0.055,2.708,0.068,0.254,-0.086,-0.024,-4.88,7.17,151.97,-1.63,1.89,0.343,-0.550,-0.061,1557,1579,1471,1487,10.00,10.06,9.43,9.47
1787304205.439,18.332,True,1,0.669,0.949,0.979,-0.670,9.145,9.092,0.290,2.632,0.055,2.706,0.068,0.254,-0.086,-0.024,-4.88,7.17,151.97,-1.64,1.91,0.342,-0.548,-0.061,1557,1578,1471,1488,10.00,10.06,19.42,19.47
1787304205.449,18.342,True,1,0.669,0.952,0.979,-0.655,9.160,9.108,0.291,2.632,0.055,2.703,0.067,0.254,-0.086,-0.024,-4.88,7.17,151.97,-1.65,1.92,0.340,-0.547,-0.060,1557,1578,1471,1488,10.00,10.06,29.42,29.47
1787304205.459,18.352,True,1,0.669,0.955,0.979,-0.640,9.175,9.123,0.291,2.632,0.055,2.701,0.067,0.254,-0.086,-0.024,-4.88,7.17,151.97,-1.66,1.93,0.339,-0.545,-0.060,1557,1578,1471,1489,10.00,10.06,39.42,39.47
1787304205.469,18.362,True,1,0.669,0.958,0.979,-0.625,9.190,9.138,0.292,2.632,0.055,2.699,0.066,0.254,-0.086,-0.024,-4.88,7.17,151.97,-1.67,1.95,0.338,-0.544,-0.060,1556,1578,1471,1489,10.01,10.07,49.43,49.48
1787304205.479,18.372,True,1,0.669,0.961,0.979,-0.610,9.205,9.153,0.292,2.632,0.055,2.696,0.066,0.254,-0.086,-0.024,-4.88,7.17,151.97,-1.68,1.96,0.337,-0.543,-0.060,1556,1578,1471,1490,10.00,10.06,59.43,59.47
1787304205.489,18.383,True,1,0.745,0.964,0.910,-0.695,9.118,9.098,0.290,2.626,0.054,2.694,0.066,0.260,-0.034,-0.018,-3.97,4.14,151.16,-1.39,1.48,0.269,-0.280,0.002,1549,1550,1520,1488,10.00,10.06,-0.43,-0.47
1787304205.499,18.392,True,1,0.745,0.967,0.910,-0.681,9.132,9.113,0.291,2.626,0.054,2.692,0.065,0.260,-0.034,-0.018,-3.97,4.14,151.16,-1.40,1.49,0.268,-0.278,0.002,1549,1550,1520,1488,10.00,10.06,9.58,9.53
1787304205.509,18.402,True,1,0.755,0.970,0.903,-0.684,9.128,9.118,0.291,2.625,0.054,2.689,0.065,0.260,-0.029,0.002,-3.28,3.14,150.79,-1.21,1.57,0.216,-0.166,0.028,1543,1538,1523,1489,10.00,10.06,-0.17,-0.12
1787304205.519,18.412,True,1,0.777,0.973,0.902,-0.756,9.055,9.045,0.289,2.624,0.054,2.687,0.064,0.261,-0.017,0.008,-3.28,3.14,150.79,-1.09,1.51,0.228,-0.173,0.028,1545,1539,1523,1486,10.00,10.06,9.83,-0.08
1787304205.529,18.422,True,1,0.777,0.976,0.902,-0.742,9.069,9.059,0.289,2.624,0.054,2.685,0.064,0.261,-0.017,0.008,-3.28,3.14,150.79,-1.10,1.52,0.227,-0.171,0.028,1544,1538,1523,1486,10.00,10.06,19.83,9.92
1787304205.539,18.432,True,1,0.777,0.979,0.902,-0.728,9.083,9.073,0.290,2.624,0.054,2.683,0.064,0.261,-0.017,0.008,-3.28,3.14,150.79,-1.11,1.53,0.226,-0.170,0.028,1544,1538,1523,1487,10.00,10.06,29.83,19.92
1787304205.549,18.442,True,1,0.777,0.982,0.902,-0.714,9.097,9.087,0.290,2.624,0.054,2.681,0.063,0.261,-0.017,0.008,-3.28,3.14,150.79,-1.12,1.54,0.225,-0.169,0.028,1544,1538,1523,1487,10.00,10.06,39.83,29.93
1787304205.559,18.452,True,1,0.777,0.985,0.902,-0.700,9.112,9.102,0.290,2.624,0.054,2.679,0.063,0.261,-0.017,0.008,-3.28,3.14,150.79,-1.13,1.55,0.224,-0.168,0.028,1544,1538,1523,1488,10.00,10.06,49.83,39.93
1787304205.569,18.463,True,1,0.810,0.988,0.849,-0.658,9.154,9.151,0.292,2.623,0.056,2.677,0.063,0.262,-0.015,0.021,-1.78,0.46,149.95,-1.02,1.59,0.080,0.116,0.078,1528,1467,1530,1490,10.00,10.06,-0.36,-0.32
1787304205.579,18.472,True,1,0.810,0.991,0.849,-0.644,9.168,9.165,0.293,2.623,0.056,2.676,0.063,0.262,-0.015,0.021,-1.78,0.46,149.95,-1.03,1.60,0.079,0.117,0.078,1528,1466,1530,1490,10.00,10.06,9.64,9.69
1787304205.589,18.482,True,1,0.840,0.994,0.840,-0.724,9.087,9.081,0.290,2.622,0.058,2.674,0.062,0.263,-0.006,0.048,-1.36,-0.36,149.61,-0.75,1.69,0.065,0.213,0.094,1527,1456,1533,1487,10.00,10.06,-0.13,-0.18
1787304205.599,18.492,True,1,0.840,0.997,0.840,-0.711,9.101,9.094,0.290,2.622,0.058,2.672,0.062,0.263,-0.006,0.048,-1.36,-0.36,149.61,-0.76,1.70,0.064,0.214,0.094,1527,1456,1533,1488,10.00,10.06,9.87,9.82
1787304205.609,18.502,True,1,0.858,1.000,0.783,-0.597,9.215,9.205,0.294,2.622,0.059,2.671,0.062,0.263,-0.019,0.031,-0.96,-1.01,149.30,-1.00,1.71,-0.002,0.283,0.107,1479,1448,1534,1492,10.00,10.06,-0.17,-0.12
1787304205.619,18.512,True,1,0.858,1.003,0.783,-0.583,9.229,9.218,0.294,2.622,0.059,2.669,0.062,0.263,-0.019,0.031,-0.96,-1.01,149.30,-1.00,1.72,-0.003,0.284,0.107,1479,1448,1534,1492,10.00,10.06,9.83,9.88
1787304205.629,18.522,True,1,0.858,1.006,0.783,-0.570,9.242,9.232,0.295,2.622,0.059,2.667,0.062,0.263,-0.019,0.031,-0.96,-1.01,149.30,-1.01,1.73,-0.004,0.285,0.107,1479,1448,1534,1493,10.00,10.06,19.83,19.88
1787304205.639,18.532,True,1,0.858,1.009,0.783,-0.556,9.256,9.245,0.295,2.622,0.059,2.666,0.062,0.263,-0.019,0.031,-0.96,-1.01,149.30,-1.02,1.74,-0.004,0.286,0.107,1479,1448,1534,1493,10.00,10.06,29.83,29.88
1787304205.649,18.542,True,1,0.858,1.012,0.783,-0.543,9.270,9.259,0.296,2.622,0.059,2.664,0.062,0.263,-0.019,0.031,-0.96,-1.01,149.30,-1.02,1.75,-0.005,0.287,0.107,1479,1448,1534,1494,10.00,10.06,39.83,39.88
1787304205.659,18.553,True,1,0.906,1.015,0.752,-0.632,9.181,9.157,0.292,2.620,0.064,2.663,0.062,0.265,-0.017,0.086,-0.21,-2.02,148.64,-0.53,2.07,-0.028,0.428,0.133,1476,1433,1538,1490,10.01,10.07,-0.34,-0.39
1787304205.669,18.562,True,1,0.906,1.018,0.752,-0.619,9.194,9.170,0.293,2.620,0.064,2.661,0.062,0.265,-0.017,0.086,-0.21,-2.02,148.64,-0.53,2.08,-0.029,0.429,0.133,1476,1433,1538,1490,9.99,10.06,9.66,9.61
1787304205.679,18.572,True,1,0.906,1.021,0.752,-0.606,9.207,9.183,0.293,2.620,0.064,2.660,0.062,0.265,-0.017,0.086,-0.21,-2.02,148.64,-0.54,2.09,-0.030,0.430,0.133,1476,1433,1538,1491,10.00,10.06,19.66,19.61
1787304205.689,18.582,True,1,0.906,1.024,0.752,-0.593,9.220,9.196,0.294,2.620,0.064,2.659,0.062,0.265,-0.017,0.086,-0.21,-2.02,148.64,-0.55,2.10,-0.030,0.431,0.133,1476,1433,1538,1491,10.00,10.06,29.66,29.61
1787304205.699,18.592,True,1,0.906,1.027,0.752,-0.580,9.234,9.209,0.294,2.620,0.064,2.657,0.062,0.265,-0.017,0.086,-0.21,-2.02,148.64,-0.55,2.10,-0.031,0.431,0.133,1476,1433,1538,1492,10.00,10.06,39.66,39.61
1787304205.709,18.602,True,1,0.906,1.030,0.752,-0.567,9.247,9.223,0.294,2.620,0.064,2.656,0.062,0.265,-0.017,0.086,-0.21,-2.02,148.64,-0.56,2.11,-0.032,0.432,0.133,1476,1433,1538,1492,10.00,10.06,49.66,49.61
1787304205.719,18.612,True,1,0.906,1.033,0.752,-0.553,9.260,9.236,0.295,2.620,0.064,2.655,0.062,0.265,-0.017,0.086,-0.21,-2.02,148.64,-0.56,2.12,-0.032,0.433,0.133,1476,1432,1538,1493,10.00,10.06,59.66,59.61
1787304205.729,18.622,True,1,0.906,1.036,0.752,-0.540,9.273,9.249,0.295,2.620,0.064,2.654,0.062,0.265,-0.017,0.086,-0.21,-2.02,148.64,-0.57,2.12,-0.033,0.434,0.133,1476,1432,1538,1493,10.00,10.06,69.66,69.61
1787304205.740,18.633,True,1,0.974,1.039,0.672,-0.558,9.258,9.224,0.294,2.614,0.073,2.652,0.063,0.269,-0.041,0.111,0.48,-2.24,147.62,-0.51,2.51,-0.097,0.499,0.172,1469,1425,1543,1493,10.00,10.06,-0.58,-0.63
1787304205.749,18.642,True,1,0.974,1.042,0.672,-0.546,9.270,9.237,0.295,2.614,0.073,2.651,0.063,0.269,-0.041,0.111,0.48,-2.24,147.62,-0.52,2.52,-0.097,0.500,0.172,1469,1425,1543,1493,10.00,10.06,9.42,9.37
1787304205.759,18.652,True,1,0.974,1.045,0.672,-0.533,9.283,9.250,0.295,2.614,0.073,2.650,0.063,0.269,-0.041,0.111,0.48,-2.24,147.62,-0.52,2.53,-0.098,0.501,0.172,1469,1425,1543,1493,10.00,10.06,19.42,19.37
1787304205.769,18.662,True,1,0.974,1.048,0.672,-0.520,9.296,9.262,0.296,2.614,0.073,2.649,0.064,0.269,-0.041,0.111,0.48,-2.24,147.62,-0.53,2.53,-0.098,0.502,0.172,1469,1425,1543,1494,10.00,10.06,29.42,29.37
1787304205.779,18.673,True,1,1.004,1.051,0.628,-0.495,9.323,9.293,0.297,2.611,0.077,2.647,0.064,0.272,-0.067,0.099,0.46,-1.73,147.39,-0.81,2.70,-0.128,0.465,0.182,1465,1429,1545,1495,10.00,10.06,-0.18,-0.23
1787304205.789,18.682,True,1,1.004,1.054,0.628,-0.483,9.335,9.305,0.297,2.611,0.077,2.646,0.064,0.272,-0.067,0.099,0.46,-1.73,147.39,-0.81,2.71,-0.128,0.466,0.182,1465,1429,1545,1496,10.00,10.06,9.82,9.77
1787304205.799,18.692,True,1,1.004,1.057,0.628,-0.470,9.348,9.318,0.297,2.611,0.077,2.645,0.065,0.272,-0.067,0.099,0.46,-1.73,147.39,-0.82,2.72,-0.128,0.467,0.182,1465,1429,1545,1496,10.00,10.06,19.82,19.77
1787304205.809,18.702,True,1,1.004,1.060,0.628,-0.458,9.361,9.330,0.298,2.611,0.077,2.644,0.065,0.272,-0.067,0.099,0.46,-1.73,147.39,-0.82,2.72,-0.129,0.468,0.182,1465,1429,1545,1496,10.00,10.06,29.82,29.77
1787304205.819,18.713,True,1,1.031,1.063,0.582,-0.416,9.403,9.391,0.300,2.607,0.081,2.643,0.066,0.275,-0.064,0.123,0.14,0.09,147.00,-0.59,2.84,-0.076,0.288,0.202,1471,1448,1548,1499,10.00,10.06,-0.35,-0.30
1787304205.829,18.722,True,1,1.031,1.066,0.582,-0.404,9.415,9.403,0.300,2.607,0.081,2.641,0.066,0.275,-0.064,0.123,0.14,0.09,147.00,-0.59,2.84,-0.076,0.289,0.202,1471,1448,1548,1499,10.00,10.06,9.65,9.70
1787304205.839,18.732,True,1,1.031,1.069,0.582,-0.391,9.427,9.416,0.301,2.607,0.081,2.640,0.067,0.275,-0.064,0.123,0.14,0.09,147.00,-0.59,2.85,-0.077,0.290,0.202,1471,1448,1548,1500,10.00,10.06,19.65,19.69
1787304205.849,18.742,True,1,1.053,1.072,0.533,-0.318,9.502,9.493,0.303,2.603,0.085,2.639,0.067,0.279,-0.079,0.100,0.14,0.72,146.91,-0.90,2.85,-0.112,0.223,0.206,1467,1455,1548,1503,10.00,10.06,-0.12,-0.17
1787304205.859,18.752,True,1,1.053,1.075,0.533,-0.306,9.514,9.506,0.303,2.603,0.085,2.638,0.068,0.279,-0.079,0.100,0.14,0.72,146.91,-0.90,2.85,-0.112,0.224,0.206,1467,1455,1548,1503,10.00,10.06,9.88,9.83
1787304205.869,18.762,True,1,1.053,1.078,0.533,-0.293,9.526,9.518,0.304,2.603,0.085,2.637,0.069,0.279,-0.079,0.100,0.14,0.72,146.91,-0.90,2.86,-0.112,0.225,0.206,1467,1455,1548,1503,10.00,10.06,19.88,19.83
1787304205.879,18.772,True,1,1.053,1.081,0.533,-0.281,9.539,9.530,0.304,2.603,0.085,2.636,0.069,0.279,-0.079,0.100,0.14,0.72,146.91,-0.91,2.87,-0.112,0.226,0.206,1467,1455,1548,1504,10.00,10.06,29.88,29.83
1787304205.889,18.782,True,1,1.087,1.084,0.508,-0.331,9.489,9.488,0.303,2.597,0.089,2.634,0.070,0.285,-0.079,0.132,0.23,2.42,146.80,-0.63,3.08,-0.099,0.071,0.212,1469,1472,1549,1502,10.00,10.06,-0.16,-0.19
1787304205.899,18.792,True,1,1.092,1.087,0.500,-0.314,9.506,9.505,0.303,2.596,0.091,2.633,0.070,0.285,-0.074,0.117,0.09,2.82,146.81,-0.74,2.95,-0.097,0.014,0.211,1469,1478,1549,1503,10.00,10.06,-0.04,-0.08
1787304205.909,18.802,True,1,1.092,1.090,0.500,-0.302,9.518,9.517,0.304,2.596,0.091,2.632,0.071,0.285,-0.074,0.117,0.04,3.20,146.82,-0.74,2.96,-0.094,-0.025,0.211,1469,1522,1549,1503,10.00,10.06,-0.04,9.92
1787304205.919,18.812,True,1,1.092,1.093,0.500,-0.290,9.530,9.529,0.304,2.596,0.091,2.631,0.072,0.285,-0.074,0.117,0.04,3.20,146.82,-0.74,2.97,-0.094,-0.024,0.211,1469,1522,1549,1504,10.00,10.06,9.96,19.92
1787304205.929,18.822,True,1,1.092,1.096,0.500,-0.278,9.542,9.541,0.305,2.596,0.091,2.630,0.072,0.285,-0.074,0.117,0.04,3.20,146.82,-0.75,2.98,-0.094,-0.023,0.211,1469,1522,1549,1504,10.00,10.06,19.96,29.92
1787304205.939,18.832,True,1,1.092,1.099,0.500,-0.266,9.555,9.554,0.305,2.596,0.091,2.628,0.073,0.285,-0.074,0.117,0.04,3.20,146.82,-0.75,2.99,-0.094,-0.023,0.211,1469,1522,1549,1505,10.00,10.06,29.96,39.92
1787304205.949,18.842,True,1,1.092,1.102,0.500,-0.254,9.567,9.566,0.305,2.596,0.091,2.627,0.074,0.285,-0.074,0.117,0.04,3.20,146.82,-0.75,2.99,-0.094,-0.022,0.211,1469,1522,1549,1505,10.00,10.06,39.96,49.92
1787304205.959,18.852,True,1,1.092,1.105,0.500,-0.242,9.579,9.578,0.306,2.596,0.091,2.626,0.074,0.285,-0.074,0.117,0.04,3.20,146.82,-0.75,3.00,-0.095,-0.021,0.211,1469,1522,1549,1506,10.00,10.06,49.96,59.92
1787304205.969,18.862,True,1,1.092,1.108,0.500,-0.229,9.591,9.590,0.306,2.596,0.091,2.625,0.075,0.285,-0.074,0.117,0.04,3.20,146.82,-0.75,3.01,-0.095,-0.020,0.211,1469,1522,1549,1506,10.00,10.06,59.96,69.92
1787304205.979,18.873,True,1,1.146,1.111,0.415,-0.179,9.642,9.637,0.308,2.586,0.100,2.624,0.076,0.296,-0.067,0.133,-0.71,4.73,146.98,-0.56,3.03,-0.000,-0.180,0.201,1479,1539,1547,1508,10.00,10.06,-0.42,-0.47
1787304205.989,18.882,True,1,1.154,1.114,0.419,-0.211,9.610,9.604,0.307,2.584,0.102,2.623,0.076,0.298,-0.068,0.139,-0.95,5.19,147.11,-0.50,3.11,0.029,-0.221,0.194,1523,1544,1546,1507,10.00,10.06,-0.06,-0.12
1787304205.999,18.892,True,1,1.154,1.117,0.419,-0.199,9.622,9.616,0.307,2.584,0.102,2.621,0.077,0.298,-0.068,0.139,-0.95,5.19,147.11,-0.50,3.12,0.029,-0.220,0.194,1523,1544,1546,1507,10.00,10.06,9.94,9.88
1787304206.009,18.902,True,1,1.154,1.120,0.419,-0.187,9.634,9.627,0.307,2.584,0.102,2.620,0.078,0.298,-0.068,0.139,-0.95,5.19,147.11,-0.50,3.13,0.029,-0.219,0.194,1523,1544,1546,1507,10.00,10.06,19.94,19.88
1787304206.019,18.913,True,1,1.170,1.123,0.355,-0.052,9.768,9.759,0.311,2.581,0.106,2.619,0.079,0.301,-0.065,0.102,-1.18,5.38,147.23,-0.81,2.86,0.021,-0.268,0.186,1522,1549,1545,1512,10.00,10.06,-0.17,-0.22
1787304206.029,18.922,True,1,1.170,1.126,0.355,-0.040,9.780,9.770,0.312,2.581,0.106,2.618,0.080,0.301,-0.065,0.102,-1.18,5.38,147.23,-0.81,2.87,0.021,-0.267,0.187,1522,1549,1545,1513,10.00,10.06,9.83,9.78
1787304206.039,18.932,True,1,1.170,1.129,0.355,-0.028,9.792,9.782,0.312,2.581,0.106,2.616,0.081,0.301,-0.065,0.102,-1.18,5.38,147.23,-0.81,2.88,0.021,-0.266,0.187,1522,1549,1545,1513,10.00,10.06,19.82,19.78
1787304206.049,18.942,True,1,1.170,1.132,0.355,-0.017,9.803,9.794,0.313,2.581,0.106,2.615,0.082,0.301,-0.065,0.102,-1.18,5.38,147.23,-0.81,2.89,0.021,-0.265,0.187,1522,1549,1545,1514,10.00,10.06,29.83,29.78
1787304206.059,18.953,True,1,1.195,1.135,0.343,-0.066,9.754,9.742,0.311,2.575,0.112,2.614,0.083,0.307,-0.053,0.120,-1.54,5.60,147.63,-0.56,2.92,0.086,-0.285,0.167,1529,1551,1543,1512,10.00,10.06,-0.28,-0.32
1787304206.069,18.962,True,1,1.195,1.138,0.343,-0.054,9.765,9.753,0.311,2.575,0.112,2.613,0.084,0.307,-0.053,0.120,-1.54,5.60,147.63,-0.56,2.93,0.085,-0.284,0.167,1529,1551,1543,1512,10.00,10.06,9.73,9.68
1787304206.079,18.972,True,1,1.201,1.141,0.333,-0.037,9.783,9.772,0.312,2.574,0.113,2.611,0.085,0.309,-0.049,0.118,-1.73,5.33,148.00,-0.53,2.89,0.110,-0.260,0.151,1532,1548,1540,1513,10.00,10.06,-0.17,-0.12
1787304206.089,18.982,True,1,1.201,1.144,0.333,-0.025,9.794,9.783,0.312,2.574,0.113,2.610,0.086,0.309,-0.049,0.118,-1.73,5.33,148.00,-0.53,2.90,0.110,-0.259,0.151,1532,1548,1540,1513,10.00,10.06,9.83,9.88
1787304206.099,18.992,True,1,1.201,1.147,0.333,-0.014,9.806,9.795,0.313,2.574,0.113,2.609,0.087,0.309,-0.049,0.118,-1.73,5.33,148.00,-0.53,2.91,0.110,-0.258,0.151,1532,1548,1540,1514,10.00,10.06,19.83,19.88
1787304206.109,19.002,True,1,1.201,1.150,0.333,-0.002,9.817,9.807,0.313,2.574,0.113,2.608,0.087,0.309,-0.049,0.118,-1.73,5.33,148.00,-0.53,2.92,0.110,-0.257,0.151,1532,1548,1540,1514,10.00,10.06,29.83,29.88
1787304206.119,19.012,True,1,1.201,1.153,0.333,0.009,9.829,9.818,0.313,2.574,0.113,2.606,0.088,0.309,-0.049,0.118,-1.73,5.33,148.00,-0.54,2.93,0.110,-0.256,0.151,1532,1548,1540,1514,10.00,10.06,39.83,39.88
1787304206.129,19.022,True,1,1.201,1.156,0.333,0.021,9.841,9.830,0.314,2.574,0.113,2.605,0.089,0.309,-0.049,0.118,-1.73,5.33,148.00,-0.54,2.94,0.110,-0.255,0.151,1532,1547,1540,1515,10.00,10.06,49.83,49.88
1787304206.139,19.033,True,1,1.236,1.159,0.336,-0.119,9.699,9.691,0.309,2.567,0.123,2.604,0.090,0.315,-0.023,0.132,-1.83,4.65,148.66,-0.25,2.85,0.156,-0.193,0.124,1537,1541,1537,1510,10.00,10.06,-0.41,-0.46
1787304206.149,19.042,True,1,1.236,1.162,0.336,-0.108,9.711,9.702,0.310,2.567,0.123,2.603,0.091,0.315,-0.023,0.132,-1.83,4.65,148.66,-0.25,2.86,0.156,-0.192,0.124,1537,1541,1537,1510,10.00,10.06,9.59,9.54
1787304206.159,19.052,True,1,1.236,1.165,0.336,-0.097,9.722,9.714,0.310,2.567,0.123,2.602,0.092,0.315,-0.023,0.132,-1.83,4.65,148.66,-0.24,2.87,0.156,-0.191,0.124,1537,1541,1537,1511,10.00,10.06,19.59,19.54
1787304206.169,19.062,True,1,1.236,1.168,0.336,-0.085,9.734,9.725,0.310,2.567,0.123,2.601,0.093,0.315,-0.023,0.132,-1.83,4.65,148.66,-0.24,2.88,0.156,-0.190,0.124,1537,1540,1537,1511,10.00,10.06,29.59,29.54
1787304206.179,19.072,True,1,1.236,1.171,0.336,-0.074,9.745,9.737,0.311,2.567,0.123,2.599,0.094,0.315,-0.023,0.132,-1.83,4.65,148.66,-0.24,2.89,0.156,-0.189,0.124,1537,1540,1537,1511,10.00,10.07,39.60,39.55
1787304206.189,19.083,True,1,1.267,1.174,0.303,-0.085,9.734,9.731,0.311,2.564,0.129,2.598,0.095,0.319,-0.027,0.122,-1.65,3.66,149.39,-0.32,2.89,0.133,-0.084,0.096,1534,1529,1533,1511,10.00,10.06,-0.30,-0.34
1787304206.199,19.092,True,1,1.267,1.177,0.303,-0.074,9.745,9.742,0.311,2.564,0.129,2.597,0.097,0.319,-0.027,0.122,-1.65,3.66,149.39,-0.32,2.90,0.133,-0.083,0.096,1534,1529,1533,1512,10.00,10.06,9.70,9.65
1787304206.209,19.102,True,1,1.267,1.180,0.303,-0.063,9.756,9.753,0.311,2.564,0.129,2.596,0.098,0.319,-0.027,0.122,-1.65,3.66,149.39,-0.31,2.91,0.134,-0.082,0.096,1534,1529,1533,1512,10.00,10.06,19.70,19.65
1787304206.219,19.112,True,1,1.267,1.183,0.303,-0.052,9.768,9.764,0.312,2.564,0.129,2.595,0.099,0.319,-0.027,0.122,-1.65,3.66,149.39,-0.31,2.92,0.134,-0.081,0.096,1534,1528,1533,1512,10.00,10.06,29.70,29.65
1787304206.229,19.123,True,1,1.289,1.186,0.321,-0.187,9.634,9.631,0.307,2.562,0.133,2.594,0.100,0.322,-0.024,0.145,-1.34,3.01,149.93,-0.06,3.07,0.130,0.005,0.075,1534,1479,1530,1508,10.00,10.06,-0.28,-0.33
1787304206.239,19.132,True,1,1.289,1.189,0.321,-0.176,9.645,9.643,0.308,2.562,0.133,2.593,0.101,0.322,-0.024,0.145,-1.11,2.69,150.24,-0.04,3.08,0.110,0.040,0.062,1532,1475,1528,1508,10.00,10.06,-0.07,9.68
1787304206.249,19.142,True,1,1.289,1.192,0.321,-0.165,9.656,9.654,0.308,2.562,0.133,2.592,0.102,0.322,-0.024,0.145,-1.11,2.69,150.24,-0.04,3.09,0.110,0.041,0.062,1532,1475,1528,1508,9.99,10.06,9.93,19.67
1787304206.259,19.152,True,1,1.289,1.195,0.321,-0.154,9.667,9.665,0.308,2.562,0.133,2.591,0.103,0.322,-0.024,0.145,-1.11,2.69,150.24,-0.04,3.10,0.110,0.042,0.062,1532,1475,1528,1509,10.00,10.06,19.93,29.67
1787304206.269,19.162,True,1,1.289,1.198,0.321,-0.143,9.678,9.676,0.309,2.562,0.133,2.590,0.104,0.322,-0.024,0.145,-1.11,2.69,150.24,-0.04,3.11,0.110,0.043,0.063,1532,1475,1528,1509,10.00,10.06,29.93,39.68
1787304206.279,19.172,True,1,1.289,1.201,0.321,-0.131,9.690,9.688,0.309,2.562,0.133,2.589,0.105,0.322,-0.024,0.145,-1.11,2.69,150.24,-0.04,3.12,0.110,0.044,0.063,1532,1475,1528,1510,10.00,10.06,39.93,49.68
1787304206.289,19.182,True,1,1.289,1.204,0.321,-0.120,9.701,9.699,0.310,2.562,0.133,2.588,0.106,0.322,-0.024,0.145,-1.11,2.69,150.24,-0.03,3.13,0.110,0.045,0.063,1532,1475,1528,1510,10.00,10.06,49.93,59.67
1787304206.299,19.192,True,1,1.289,1.207,0.321,-0.109,9.712,9.710,0.310,2.562,0.133,2.587,0.107,0.322,-0.024,0.145,-1.11,2.69,150.24,-0.03,3.14,0.110,0.046,0.063,1532,1474,1528,1510,10.00,10.06,59.93,69.67
1787304206.310,19.203,True,1,1.330,1.210,0.308,-0.221,9.603,9.599,0.306,2.557,0.144,2.586,0.108,0.328,-0.045,0.165,-0.36,1.76,151.40,0.11,3.49,0.049,0.181,0.012,1525,1460,1521,1506,10.00,10.06,-0.58,-0.46
1787304206.319,19.212,True,1,1.330,1.213,0.308,-0.210,9.614,9.609,0.307,2.557,0.144,2.585,0.109,0.328,-0.045,0.165,-0.36,1.76,151.40,0.11,3.50,0.049,0.182,0.012,1525,1459,1521,1507,10.00,10.06,9.42,9.54
1787304206.329,19.222,True,1,1.330,1.216,0.308,-0.200,9.625,9.620,0.307,2.557,0.144,2.584,0.111,0.328,-0.045,0.165,-0.36,1.76,151.40,0.12,3.50,0.050,0.183,0.012,1525,1459,1521,1507,10.00,10.06,19.42,19.54
1787304206.339,19.232,True,1,1.330,1.219,0.308,-0.189,9.636,9.631,0.307,2.557,0.144,2.583,0.112,0.328,-0.045,0.165,-0.36,1.76,151.40,0.12,3.51,0.050,0.184,0.012,1525,1459,1521,1508,10.00,10.06,29.42,29.54
1787304206.349,19.243,True,1,1.353,1.222,0.303,-0.256,9.569,9.561,0.305,2.554,0.152,2.582,0.113,0.332,-0.042,0.162,-0.21,1.31,152.06,0.15,3.51,0.039,0.231,-0.017,1524,1454,1477,1505,10.00,10.06,-0.24,-0.19
1787304206.359,19.252,True,1,1.353,1.225,0.303,-0.245,9.579,9.572,0.306,2.554,0.152,2.581,0.114,0.332,-0.042,0.162,-0.21,1.31,152.06,0.16,3.52,0.039,0.232,-0.017,1524,1454,1477,1505,10.00,10.06,9.76,9.81
1787304206.369,19.262,True,1,1.353,1.228,0.303,-0.235,9.590,9.583,0.306,2.554,0.152,2.580,0.116,0.332,-0.042,0.162,-0.21,1.31,152.06,0.16,3.53,0.040,0.233,-0.017,1524,1454,1477,1506,10.00,10.06,19.76,19.81
1787304206.379,19.272,True,1,1.353,1.231,0.303,-0.224,9.601,9.594,0.306,2.554,0.152,2.580,0.117,0.332,-0.042,0.162,-0.21,1.31,152.06,0.16,3.54,0.040,0.233,-0.017,1524,1454,1477,1506,10.00,10.06,29.76,29.81
1787304206.389,19.283,True,1,1.388,1.234,0.298,-0.335,9.495,9.483,0.303,2.548,0.164,2.579,0.118,0.339,-0.067,0.204,-0.02,1.22,152.54,0.47,4.04,0.052,0.295,-0.039,1525,1447,1474,1502,10.00,10.06,-0.31,-0.36
1787304206.399,19.292,True,1,1.388,1.237,0.298,-0.325,9.506,9.494,0.303,2.548,0.164,2.578,0.120,0.339,-0.067,0.204,-0.02,1.22,152.54,0.48,4.05,0.053,0.297,-0.039,1525,1447,1474,1503,10.00,10.06,9.69,9.64
1787304206.409,19.302,True,1,1.388,1.240,0.298,-0.314,9.517,9.505,0.303,2.548,0.164,2.577,0.121,0.339,-0.067,0.204,-0.02,1.22,152.54,0.48,4.06,0.053,0.298,-0.039,1525,1447,1474,1503,10.00,10.06,19.69,19.64
1787304206.419,19.312,True,1,1.388,1.243,0.298,-0.304,9.527,9.515,0.304,2.548,0.164,2.576,0.123,0.339,-0.067,0.204,-0.02,1.22,152.54,0.49,4.07,0.054,0.299,-0.039,1525,1447,1474,1503,10.00,10.06,29.69,29.64
1787304206.429,19.322,True,1,1.388,1.246,0.298,-0.293,9.538,9.526,0.304,2.548,0.164,2.575,0.124,0.339,-0.067,0.204,-0.02,1.22,152.54,0.49,4.08,0.054,0.300,-0.039,1526,1447,1474,1504,10.00,10.06,39.69,39.64
1787304206.439,19.332,True,1,1.388,1.249,0.298,-0.283,9.549,9.536,0.304,2.548,0.164,2.574,0.125,0.339,-0.067,0.204,-0.02,1.22,152.54,0.49,4.09,0.054,0.300,-0.039,1526,1447,1474,1504,10.00,10.06,49.69,49.64
1787304206.449,19.342,True,1,1.388,1.252,0.298,-0.272,9.560,9.547,0.305,2.548,0.164,2.573,0.127,0.339,-0.067,0.204,-0.02,1.22,152.54,0.50,4.10,0.055,0.301,-0.039,1526,1446,1474,1505,10.00,10.06,59.69,59.64
1787304206.459,19.352,True,1,1.388,1.255,0.298,-0.261,9.570,9.558,0.305,2.548,0.164,2.572,0.128,0.339,-0.067,0.204,-0.02,1.22,152.54,0.50,4.11,0.055,0.302,-0.039,1526,1446,1474,1505,10.00,10.06,69.69,69.64
1787304206.469,19.362,True,1,1.388,1.258,0.298,-0.251,9.581,9.569,0.305,2.548,0.164,2.571,0.129,0.339,-0.067,0.204,-0.02,1.22,152.54,0.50,4.11,0.055,0.303,-0.039,1526,1446,1474,1505,10.00,10.06,79.69,79.64
1787304206.480,19.373,True,1,1.441,1.261,0.252,-0.314,9.524,9.510,0.304,2.537,0.182,2.570,0.131,0.355,-0.112,0.214,0.52,1.62,153.65,0.48,4.63,-0.001,0.315,-0.090,1479,1445,1467,1503,10.00,10.06,-0.56,-0.60
1787304206.489,19.382,True,1,1.441,1.264,0.252,-0.304,9.534,9.521,0.304,2.537,0.182,2.569,0.133,0.355,-0.112,0.214,0.52,1.62,153.65,0.49,4.64,-0.001,0.316,-0.090,1479,1445,1467,1504,10.00,10.06,9.44,9.39
1787304206.499,19.392,True,1,1.441,1.267,0.252,-0.294,9.544,9.531,0.304,2.537,0.182,2.568,0.134,0.355,-0.112,0.214,0.52,1.62,153.65,0.49,4.65,-0.000,0.317,-0.090,1479,1445,1467,1504,10.00,10.06,19.44,19.39
1787304206.509,19.402,True,1,1.441,1.270,0.252,-0.284,9.555,9.541,0.305,2.537,0.182,2.567,0.136,0.355,-0.112,0.214,0.52,1.62,153.65,0.50,4.66,0.000,0.318,-0.090,1520,1445,1467,1504,10.00,10.06,29.44,29.39
1787304206.519,19.412,True,1,1.441,1.273,0.252,-0.273,9.565,9.552,0.305,2.537,0.182,2.566,0.137,0.355,-0.112,0.214,0.52,1.62,153.65,0.50,4.67,0.001,0.319,-0.090,1520,1445,1467,1505,10.00,10.06,39.45,39.40
1787304206.529,19.422,True,1,1.441,1.276,0.252,-0.263,9.576,9.562,0.305,2.537,0.182,2.565,0.139,0.355,-0.112,0.214,0.52,1.62,153.65,0.51,4.68,0.001,0.320,-0.090,1520,1444,1467,1505,10.00,10.06,49.45,49.40
1787304206.539,19.432,True,1,1.441,1.279,0.252,-0.253,9.587,9.573,0.306,2.537,0.182,2.564,0.140,0.355,-0.112,0.214,0.52,1.62,153.65,0.51,4.69,0.002,0.321,-0.090,1520,1444,1467,1505,10.00,10.06,59.44,59.40
1787304206.549,19.442,True,1,1.441,1.282,0.252,-0.242,9.597,9.583,0.306,2.537,0.182,2.563,0.142,0.355,-0.112,0.214,0.52,1.62,153.65,0.52,4.70,0.002,0.322,-0.090,1520,1444,1467,1506,10.00,10.06,69.44,69.40
1787304206.560,19.453,True,1,1.493,1.285,0.191,-0.259,9.588,9.577,0.306,2.522,0.201,2.562,0.144,0.374,-0.144,0.249,0.36,2.50,154.14,0.75,5.20,0.045,0.281,-0.110,1525,1449,1464,1506,10.00,10.06,-0.56,-0.61
1787304206.569,19.462,True,1,1.493,1.288,0.191,-0.249,9.598,9.587,0.306,2.522,0.201,2.560,0.146,0.374,-0.144,0.249,0.36,2.50,154.14,0.75,5.21,0.046,0.283,-0.110,1525,1448,1464,1506,10.00,10.06,9.44,9.39
1787304206.579,19.472,True,1,1.493,1.291,0.191,-0.239,9.608,9.597,0.306,2.522,0.201,2.559,0.147,0.374,-0.144,0.249,0.36,2.50,154.14,0.76,5.22,0.046,0.284,-0.110,1525,1448,1464,1506,10.00,10.06,19.44,19.39
1787304206.589,19.482,True,1,1.493,1.294,0.191,-0.229,9.619,9.607,0.307,2.522,0.201,2.558,0.149,0.374,-0.144,0.249,0.36,2.50,154.14,0.76,5.23,0.047,0.285,-0.110,1525,1448,1464,1507,10.00,10.06,29.44,29.39
1787304206.599,19.492,True,1,1.493,1.297,0.191,-0.219,9.629,9.618,0.307,2.522,0.201,2.557,0.151,0.374,-0.144,0.249,0.36,2.50,154.14,0.77,5.24,0.048,0.287,-0.110,1525,1448,1464,1507,10.00,10.06,39.44,39.39
1787304206.609,19.503,True,1,1.519,1.300,0.158,-0.217,9.631,9.627,0.307,2.514,0.211,2.555,0.153,0.385,-0.150,0.232,0.20,3.58,154.18,0.59,5.24,0.047,0.174,-0.111,1525,1460,1464,1507,10.00,10.06,-0.27,-0.32
1787304206.619,19.512,True,1,1.519,1.303,0.158,-0.207,9.641,9.637,0.308,2.514,0.211,2.554,0.155,0.385,-0.150,0.232,0.20,3.58,154.18,0.59,5.25,0.048,0.175,-0.111,1525,1460,1464,1508,10.00,10.06,9.73,9.68
1787304206.629,19.522,True,1,1.519,1.306,0.158,-0.197,9.651,9.647,0.308,2.514,0.211,2.552,0.157,0.385,-0.150,0.232,0.20,3.58,154.18,0.60,5.27,0.049,0.176,-0.111,1525,1460,1464,1508,10.00,10.06,19.73,19.68
1787304206.639,19.532,True,1,1.519,1.309,0.158,-0.187,9.661,9.657,0.308,2.514,0.211,2.551,0.159,0.385,-0.150,0.232,0.20,3.58,154.18,0.61,5.28,0.049,0.178,-0.111,1525,1460,1464,1509,10.00,10.06,29.73,29.68
1787304206.649,19.543,True,1,1.542,1.312,0.157,-0.261,9.589,9.587,0.306,2.507,0.220,2.550,0.161,0.394,-0.167,0.214,0.19,4.30,154.13,0.36,5.42,0.026,0.117,-0.108,1522,1467,1464,1506,10.00,10.06,-0.26,-0.31
1787304206.659,19.552,True,1,1.542,1.315,0.157,-0.251,9.599,9.597,0.306,2.507,0.220,2.548,0.163,0.394,-0.167,0.214,0.19,4.30,154.13,0.37,5.43,0.027,0.118,-0.108,1522,1466,1464,1506,10.00,10.06,9.74,9.69
1787304206.669,19.562,True,1,1.542,1.318,0.157,-0.241,9.609,9.607,0.307,2.507,0.220,2.547,0.164,0.394,-0.167,0.214,0.19,4.30,154.13,0.37,5.44,0.028,0.120,-0.108,1523,1466,1464,1507,10.00,10.06,19.74,19.69
1787304206.679,19.572,True,1,1.542,1.321,0.157,-0.231,9.619,9.617,0.307,2.507,0.220,2.546,0.166,0.394,-0.167,0.214,0.19,4.30,154.13,0.38,5.46,0.028,0.121,-0.108,1523,1466,1464,1507,10.00,10.06,29.74,29.69
1787304206.689,19.582,True,1,1.542,1.324,0.157,-0.222,9.629,9.627,0.307,2.507,0.220,2.544,0.168,0.394,-0.167,0.214,0.19,4.30,154.13,0.39,5.47,0.029,0.122,-0.108,1523,1466,1464,1507,10.00,10.06,39.74,39.70
1787304206.699,19.592,True,1,1.542,1.327,0.157,-0.212,9.639,9.637,0.308,2.507,0.220,2.543,0.170,0.394,-0.167,0.214,0.19,4.30,154.13,0.39,5.48,0.029,0.123,-0.108,1523,1466,1464,1508,9.99,10.06,49.74,49.69
1787304206.709,19.603,True,1,1.581,1.330,0.106,-0.208,9.644,9.643,0.308,2.495,0.234,2.541,0.172,0.409,-0.166,0.226,-0.21,6.14,154.00,0.51,5.55,0.087,-0.062,-0.102,1529,1526,1465,1508,10.00,10.06,-0.48,-0.43
1787304206.719,19.612,True,1,1.581,1.333,0.106,-0.198,9.654,9.653,0.308,2.495,0.234,2.540,0.174,0.409,-0.166,0.226,-0.21,6.14,154.00,0.52,5.56,0.088,-0.060,-0.102,1529,1526,1465,1508,10.00,10.06,9.53,9.57
1787304206.729,19.622,True,1,1.596,1.336,0.104,-0.246,9.607,9.604,0.307,2.490,0.240,2.538,0.176,0.416,-0.157,0.237,-0.27,6.43,153.99,0.68,5.57,0.111,-0.089,-0.102,1532,1529,1465,1507,10.00,10.06,-0.11,-0.16
1787304206.739,19.632,True,1,1.596,1.339,0.104,-0.237,9.616,9.613,0.307,2.490,0.240,2.537,0.178,0.416,-0.157,0.237,-0.27,6.87,153.95,0.68,5.59,0.112,-0.134,-0.100,1532,1534,1466,1507,10.00,10.06,-0.07,9.84
1787304206.749,19.642,True,1,1.596,1.342,0.104,-0.227,9.626,9.622,0.307,2.490,0.240,2.535,0.180,0.416,-0.157,0.237,-0.27,6.87,153.95,0.69,5.60,0.112,-0.132,-0.100,1532,1534,1466,1507,10.00,10.06,9.94,19.84
1787304206.759,19.652,True,1,1.596,1.345,0.104,-0.218,9.636,9.632,0.307,2.490,0.240,2.534,0.182,0.416,-0.157,0.237,-0.27,6.87,153.95,0.70,5.62,0.113,-0.131,-0.100,1532,1534,1466,1508,10.00,10.06,19.93,29.83
1787304206.769,19.662,True,1,1.596,1.348,0.104,-0.208,9.646,9.642,0.308,2.490,0.240,2.532,0.184,0.416,-0.157,0.237,-0.27,6.87,153.95,0.70,5.63,0.114,-0.129,-0.100,1532,1534,1466,1508,10.00,10.06,29.93,39.83
1787304206.779,19.672,True,1,1.596,1.351,0.104,-0.199,9.656,9.652,0.308,2.490,0.240,2.531,0.186,0.416,-0.157,0.237,-0.27,6.87,153.95,0.71,5.65,0.114,-0.128,-0.100,1532,1534,1466,1508,10.00,10.06,39.93,49.84
1787304206.789,19.682,True,1,1.596,1.354,0.104,-0.189,9.665,9.662,0.308,2.490,0.240,2.529,0.188,0.416,-0.157,0.237,-0.27,6.87,153.95,0.71,5.66,0.115,-0.127,-0.100,1532,1534,1466,1509,10.00,10.06,49.94,59.84
1787304206.799,19.692,True,1,1.596,1.357,0.104,-0.179,9.675,9.672,0.309,2.490,0.240,2.528,0.190,0.416,-0.157,0.237,-0.27,6.87,153.95,0.72,5.67,0.115,-0.125,-0.100,1532,1533,1466,1509,10.00,10.06,59.94,69.84
1787304206.809,19.703,True,1,1.640,1.360,0.077,-0.261,9.591,9.578,0.306,2.477,0.257,2.526,0.192,0.434,-0.127,0.237,-0.02,8.32,153.71,0.85,5.45,0.103,-0.300,-0.089,1531,1552,1467,1506,10.00,10.06,-0.50,-0.45
1787304206.819,19.712,True,1,1.640,1.363,0.077,-0.251,9.600,9.587,0.306,2.477,0.257,2.525,0.194,0.434,-0.127,0.237,-0.02,8.32,153.71,0.85,5.47,0.104,-0.299,-0.089,1531,1552,1467,1506,10.00,10.06,9.50,9.55
1787304206.829,19.722,True,1,1.640,1.366,0.077,-0.242,9.610,9.597,0.306,2.477,0.257,2.523,0.196,0.434,-0.127,0.237,-0.02,8.32,153.71,0.86,5.49,0.105,-0.297,-0.089,1531,1552,1467,1506,10.00,10.06,19.50,19.55
1787304206.839,19.732,True,1,1.640,1.369,0.077,-0.233,9.619,9.607,0.307,2.477,0.257,2.522,0.198,0.434,-0.127,0.237,-0.02,8.32,153.71,0.87,5.50,0.105,-0.295,-0.089,1531,1552,1467,1507,10.00,10.06,29.50,29.55
1787304206.849,19.742,True,1,1.640,1.372,0.077,-0.223,9.629,9.616,0.307,2.477,0.257,2.520,0.200,0.434,-0.127,0.237,-0.02,8.32,153.71,0.87,5.52,0.106,-0.294,-0.089,1531,1552,1467,1507,10.00,10.06,39.50,39.55
1787304206.859,19.752,True,1,1.640,1.375,0.077,-0.214,9.639,9.626,0.307,2.477,0.257,2.519,0.202,0.434,-0.127,0.237,-0.02,8.32,153.71,0.88,5.53,0.107,-0.292,-0.089,1531,1551,1467,1507,10.00,10.06,49.50,49.55
1787304206.869,19.762,True,1,1.640,1.378,0.077,-0.205,9.648,9.636,0.308,2.477,0.257,2.517,0.204,0.434,-0.127,0.237,-0.02,8.32,153.71,0.88,5.54,0.107,-0.291,-0.089,1531,1551,1467,1508,10.00,10.06,59.50,59.55
1787304206.879,19.772,True,1,1.640,1.381,0.077,-0.195,9.658,9.646,0.308,2.477,0.257,2.516,0.206,0.434,-0.127,0.237,-0.02,8.32,153.71,0.89,5.56,0.108,-0.289,-0.089,1531,1551,1467,1508,10.00,10.06,69.50,69.55
1787304206.890,19.783,True,1,1.687,1.384,0.028,-0.229,9.619,9.597,0.306,2.464,0.276,2.514,0.208,0.453,-0.083,0.238,-0.30,8.81,153.10,1.06,5.20,0.152,-0.378,-0.064,1536,1561,1471,1506,10.00,10.06,-0.61,-0.56
1787304206.899,19.792,True,1,1.687,1.387,0.028,-0.220,9.628,9.607,0.307,2.464,0.276,2.513,0.210,0.453,-0.083,0.238,-0.30,8.81,153.10,1.07,5.21,0.153,-0.376,-0.064,1536,1560,1471,1507,10.00,10.06,9.39,9.44
1787304206.909,19.802,True,1,1.687,1.390,0.028,-0.211,9.638,9.616,0.307,2.464,0.276,2.511,0.212,0.453,-0.083,0.238,-0.30,8.81,153.10,1.08,5.23,0.154,-0.374,-0.064,1536,1560,1471,1507,9.99,10.06,19.39,19.44
1787304206.919,19.812,True,1,1.687,1.393,0.028,-0.202,9.647,9.626,0.307,2.464,0.276,2.509,0.215,0.453,-0.083,0.238,-0.30,8.81,153.10,1.08,5.25,0.155,-0.372,-0.064,1537,1560,1471,1507,10.00,10.06,29.39,29.44
1787304206.929,19.822,True,1,1.687,1.396,0.028,-0.193,9.656,9.635,0.308,2.464,0.276,2.508,0.217,0.453,-0.083,0.238,-0.30,8.81,153.10,1.09,5.26,0.155,-0.371,-0.064,1537,1560,1471,1508,10.00,10.06,39.39,39.44
1787304206.939,19.832,True,1,1.687,1.399,0.028,-0.184,9.666,9.645,0.308,2.464,0.276,2.506,0.219,0.453,-0.083,0.238,-0.30,8.81,153.10,1.10,5.28,0.156,-0.369,-0.064,1537,1560,1471,1508,10.00,10.06,49.39,49.44
1787304206.949,19.842,True,1,1.687,1.402,0.028,-0.175,9.675,9.654,0.308,2.464,0.276,2.505,0.220,0.453,-0.083,0.238,-0.30,8.81,153.10,1.10,5.29,0.156,-0.368,-0.064,1537,1560,1471,1508,10.00,10.06,59.39,59.44
1787304206.959,19.853,True,1,1.724,1.405,-0.009,-0.204,9.640,9.622,0.307,2.458,0.293,2.503,0.223,0.466,-0.045,0.224,-0.23,8.10,152.49,1.12,4.92,0.146,-0.333,-0.037,1536,1556,1474,1507,10.00,10.06,-0.42,-0.47
1787304206.969,19.862,True,1,1.731,1.408,-0.009,-0.223,9.622,9.609,0.307,2.457,0.295,2.502,0.225,0.467,-0.046,0.231,-0.01,7.78,152.20,1.17,5.00,0.126,-0.291,-0.024,1533,1551,1476,1507,10.00,10.06,-0.06,-0.11
1787304206.979,19.872,True,1,1.731,1.411,-0.009,-0.214,9.631,9.618,0.307,2.457,0.295,2.500,0.228,0.467,-0.046,0.231,-0.01,7.78,152.20,1.17,5.02,0.127,-0.289,-0.024,1534,1551,1476,1507,10.00,10.06,9.94,9.89
1787304206.989,19.882,True,1,1.731,1.414,-0.009,-0.205,9.641,9.627,0.307,2.457,0.295,2.499,0.230,0.467,-0.046,0.231,-0.01,7.78,152.20,1.18,5.04,0.128,-0.288,-0.024,1534,1551,1476,1507,10.00,10.06,19.95,19.90
1787304206.999,19.892,True,1,1.731,1.417,-0.009,-0.196,9.650,9.637,0.308,2.457,0.295,2.498,0.232,0.467,-0.046,0.231,-0.01,7.78,152.20,1.19,5.05,0.128,-0.286,-0.024,1534,1551,1476,1508,10.00,10.06,29.95,29.89
1787304207.009,19.902,True,1,1.731,1.420,-0.009,-0.188,9.659,9.646,0.308,2.457,0.295,2.496,0.234,0.467,-0.046,0.231,-0.01,7.78,152.20,1.20,5.07,0.129,-0.284,-0.024,1534,1551,1476,1508,10.00,10.06,39.95,39.89
1787304207.019,19.912,True,1,1.731,1.423,-0.009,-0.179,9.668,9.655,0.308,2.457,0.295,2.495,0.236,0.467,-0.046,0.231,-0.01,7.78,152.20,1.20,5.08,0.130,-0.283,-0.024,1534,1550,1476,1508,10.00,10.06,49.95,49.90
1787304207.029,19.923,True,1,1.756,1.426,-0.026,-0.217,9.625,9.618,0.307,2.456,0.306,2.494,0.238,0.473,-0.028,0.205,0.44,6.88,151.46,1.00,4.83,0.057,-0.214,0.010,1526,1543,1521,1507,10.00,10.06,-0.37,-0.41
1787304207.039,19.932,True,1,1.766,1.429,-0.018,-0.274,9.573,9.568,0.305,2.455,0.310,2.492,0.241,0.475,-0.023,0.248,0.57,6.66,151.29,1.43,5.06,0.088,-0.168,0.017,1529,1538,1522,1505,10.00,10.06,-0.07,-0.12
1787304207.049,19.942,True,1,1.766,1.432,-0.018,-0.266,9.582,9.577,0.306,2.455,0.310,2.491,0.243,0.475,-0.023,0.248,0.57,6.66,151.29,1.44,5.07,0.089,-0.166,0.017,1529,1538,1522,1506,10.00,10.06,9.94,9.88
1787304207.059,19.952,True,1,1.766,1.435,-0.018,-0.257,9.591,9.586,0.306,2.455,0.310,2.490,0.245,0.475,-0.023,0.248,0.57,6.66,151.29,1.45,5.09,0.090,-0.165,0.017,1529,1538,1522,1506,10.00,10.06,19.93,19.88
1787304207.069,19.962,True,1,1.766,1.438,-0.018,-0.248,9.600,9.595,0.306,2.455,0.310,2.489,0.248,0.475,-0.023,0.248,0.57,6.66,151.29,1.45,5.10,0.091,-0.163,0.017,1530,1538,1522,1506,10.00,10.06,29.93,29.88
1787304207.079,19.972,True,1,1.766,1.441,-0.018,-0.239,9.609,9.604,0.307,2.455,0.310,2.488,0.250,0.475,-0.023,0.248,0.57,6.66,151.29,1.46,5.12,0.092,-0.162,0.017,1530,1537,1522,1507,10.00,10.06,39.94,39.88
1787304207.089,19.982,True,1,1.766,1.444,-0.018,-0.231,9.618,9.613,0.307,2.455,0.310,2.487,0.252,0.475,-0.023,0.248,0.57,6.66,151.29,1.47,5.13,0.092,-0.160,0.017,1530,1537,1522,1507,10.00,10.06,49.94,49.88
1787304207.099,19.992,True,1,1.766,1.447,-0.018,-0.222,9.627,9.622,0.307,2.455,0.310,2.486,0.254,0.475,-0.023,0.248,0.57,6.66,151.29,1.47,5.15,0.093,-0.159,0.017,1530,1537,1522,1507,10.00,10.06,59.93,59.88
1787304207.109,20.003,True,1,1.792,1.450,-0.050,-0.218,9.626,9.626,0.307,2.455,0.322,2.485,0.256,0.481,-0.019,0.212,0.93,4.62,149.98,1.06,4.97,0.008,0.038,0.072,1520,1475,1530,1507,10.00,10.06,-0.46,-0.41
1787304207.119,20.012,True,1,1.792,1.453,-0.050,-0.210,9.635,9.635,0.308,2.455,0.322,2.484,0.258,0.481,-0.019,0.212,0.93,4.62,149.98,1.07,4.99,0.009,0.040,0.072,1520,1475,1530,1508,10.00,10.06,9.54,9.59
1787304207.129,20.022,True,1,1.803,1.456,-0.052,-0.243,9.602,9.602,0.306,2.455,0.326,2.483,0.260,0.483,-0.023,0.209,1.00,4.31,149.77,1.01,5.05,-0.005,0.079,0.081,1479,1471,1531,1507,10.00,10.06,-0.11,-0.15
1787304207.139,20.032,True,1,1.803,1.459,-0.052,-0.234,9.611,9.610,0.307,2.455,0.326,2.482,0.263,0.483,-0.023,0.209,1.00,4.31,149.77,1.02,5.06,-0.004,0.081,0.081,1479,1471,1531,1507,10.00,10.06,9.90,9.85
1787304207.149,20.042,True,1,1.803,1.462,-0.052,-0.226,9.620,9.619,0.307,2.455,0.326,2.481,0.265,0.483,-0.023,0.209,1.00,4.31,149.77,1.03,5.08,-0.003,0.082,0.081,1479,1470,1531,1507,10.00,10.06,19.90,19.85
1787304207.159,20.052,True,1,1.803,1.465,-0.052,-0.217,9.629,9.628,0.307,2.455,0.326,2.480,0.267,0.483,-0.023,0.209,1.00,4.31,149.77,1.03,5.09,-0.002,0.083,0.081,1479,1470,1531,1507,10.00,10.06,29.89,29.85
1787304207.169,20.062,True,1,1.803,1.468,-0.052,-0.209,9.638,9.637,0.308,2.455,0.326,2.479,0.269,0.483,-0.023,0.209,1.00,4.31,149.77,1.04,5.10,-0.002,0.085,0.081,1479,1470,1531,1508,10.00,10.06,39.89,39.85
1787304207.179,20.072,True,1,1.803,1.471,-0.052,-0.200,9.647,9.646,0.308,2.455,0.326,2.478,0.271,0.483,-0.023,0.209,1.00,4.31,149.77,1.05,5.11,-0.001,0.086,0.081,1479,1470,1531,1508,10.01,10.07,49.90,49.85
1787304207.189,20.083,True,1,1.834,1.474,-0.048,-0.325,9.520,9.515,0.304,2.454,0.339,2.477,0.273,0.490,-0.017,0.191,1.87,3.51,148.73,0.85,5.06,-0.115,0.166,0.122,1467,1461,1536,1503,10.00,10.06,-0.38,-0.43
1787304207.199,20.092,True,1,1.834,1.477,-0.048,-0.317,9.528,9.523,0.304,2.454,0.339,2.477,0.275,0.490,-0.017,0.191,1.87,3.51,148.73,0.86,5.08,-0.114,0.168,0.122,1467,1461,1536,1504,10.00,10.06,9.62,9.57
1787304207.209,20.103,True,1,1.841,1.480,-0.030,-0.389,9.458,9.451,0.302,2.454,0.341,2.476,0.277,0.492,-0.018,0.206,2.37,3.44,148.30,0.96,5.23,-0.156,0.193,0.138,1462,1458,1539,1501,10.00,10.06,-0.19,-0.14
1787304207.219,20.112,True,1,1.841,1.483,-0.030,-0.380,9.467,9.460,0.302,2.454,0.341,2.475,0.279,0.492,-0.018,0.206,2.37,3.44,148.30,0.97,5.24,-0.155,0.195,0.138,1462,1458,1539,1501,10.00,10.06,9.81,9.86
1787304207.229,20.122,True,1,1.841,1.486,-0.030,-0.372,9.476,9.468,0.302,2.454,0.341,2.474,0.281,0.492,-0.018,0.206,2.37,3.44,148.30,0.98,5.25,-0.154,0.196,0.138,1462,1458,1539,1502,10.00,10.06,19.81,19.86
1787304207.239,20.132,True,1,1.841,1.489,-0.030,-0.363,9.485,9.477,0.302,2.454,0.341,2.474,0.283,0.492,-0.018,0.206,2.37,3.44,148.30,0.99,5.27,-0.153,0.198,0.138,1463,1458,1539,1502,10.00,10.06,29.81,29.86
1787304207.249,20.142,True,1,1.841,1.492,-0.030,-0.355,9.493,9.486,0.303,2.454,0.341,2.473,0.285,0.492,-0.018,0.206,2.37,3.44,148.30,1.00,5.28,-0.153,0.199,0.138,1463,1458,1539,1502,10.00,10.06,39.81,39.86
1787304207.259,20.152,True,1,1.841,1.495,-0.030,-0.346,9.502,9.494,0.303,2.454,0.341,2.472,0.287,0.492,-0.018,0.206,2.37,3.44,148.30,1.00,5.29,-0.152,0.200,0.138,1463,1457,1539,1503,10.00,10.06,49.81,49.86
1787304207.269,20.162,True,1,1.841,1.498,-0.030,-0.338,9.511,9.503,0.303,2.454,0.341,2.472,0.289,0.492,-0.018,0.206,2.37,3.44,148.30,1.01,5.30,-0.151,0.201,0.138,1463,1457,1539,1503,10.00,10.06,59.81,59.86
1787304207.279,20.173,True,1,1.841,1.501,-0.030,-0.329,9.520,9.512,0.304,2.454,0.341,2.471,0.291,0.492,-0.018,0.206,2.37,3.44,148.30,1.02,5.31,-0.150,0.202,0.138,1463,1457,1539,1503,10.00,10.06,69.81,69.86
1787304207.290,20.183,True,1,1.883,1.504,-0.075,-0.358,9.492,9.479,0.303,2.450,0.358,2.470,0.293,0.503,-0.039,0.186,2.94,3.51,147.12,0.62,5.45,-0.256,0.212,0.187,1451,1456,1545,1502,10.00,10.06,-0.60,-0.55
1787304207.299,20.192,True,1,1.883,1.507,-0.075,-0.350,9.500,9.487,0.303,2.450,0.358,2.470,0.295,0.503,-0.039,0.186,2.94,3.51,147.12,0.63,5.46,-0.255,0.214,0.187,1452,1456,1545,1502,10.00,10.06,9.40,9.45
1787304207.309,20.202,True,1,1.883,1.510,-0.075,-0.342,9.509,9.496,0.303,2.450,0.358,2.469,0.297,0.503,-0.039,0.186,2.94,3.51,147.12,0.63,5.47,-0.254,0.215,0.186,1452,1456,1545,1503,10.00,10.06,19.40,19.45
1787304207.319,20.212,True,1,1.883,1.513,-0.075,-0.333,9.517,9.504,0.303,2.450,0.358,2.468,0.299,0.503,-0.039,0.186,2.94,3.51,147.12,0.64,5.48,-0.253,0.216,0.186,1452,1456,1545,1503,10.00,10.06,29.40,29.44
1787304207.329,20.222,True,1,1.883,1.516,-0.075,-0.325,9.526,9.513,0.304,2.450,0.358,2.468,0.301,0.503,-0.039,0.186,2.94,3.51,147.12,0.65,5.50,-0.252,0.217,0.186,1452,1456,1545,1503,10.00,10.06,39.40,39.45
1787304207.339,20.232,True,1,1.883,1.519,-0.075,-0.317,9.535,9.521,0.304,2.450,0.358,2.467,0.303,0.503,-0.039,0.186,2.94,3.51,147.12,0.66,5.51,-0.251,0.219,0.186,1452,1455,1545,1504,10.00,10.06,49.40,49.44
1787304207.349,20.242,True,1,1.883,1.522,-0.075,-0.308,9.543,9.530,0.304,2.450,0.358,2.467,0.305,0.503,-0.039,0.186,2.94,3.51,147.12,0.67,5.52,-0.250,0.220,0.186,1452,1455,1545,1504,10.00,10.06,59.40,59.45
1787304207.360,20.253,True,1,1.915,1.525,-0.091,-0.381,9.469,9.461,0.302,2.445,0.372,2.466,0.307,0.515,-0.035,0.170,2.69,4.34,146.45,0.49,5.46,-0.247,0.128,0.221,1452,1465,1550,1501,10.00,10.06,-0.50,-0.55
1787304207.369,20.262,True,1,1.915,1.528,-0.091,-0.372,9.478,9.469,0.302,2.445,0.372,2.465,0.309,0.515,-0.035,0.170,2.69,4.34,146.45,0.50,5.47,-0.247,0.129,0.220,1452,1465,1550,1502,10.00,10.06,9.50,9.45
1787304207.379,20.272,True,1,1.922,1.531,-0.103,-0.354,9.496,9.488,0.303,2.444,0.373,2.465,0.311,0.516,-0.035,0.168,2.55,4.51,146.37,0.49,5.46,-0.234,0.110,0.225,1454,1467,1551,1502,9.99,10.06,-0.06,-0.11
1787304207.389,20.282,True,1,1.922,1.534,-0.103,-0.346,9.504,9.497,0.303,2.444,0.373,2.464,0.314,0.516,-0.035,0.168,2.55,4.51,146.37,0.49,5.47,-0.233,0.111,0.225,1454,1467,1551,1503,10.00,10.06,9.94,9.89
1787304207.399,20.292,True,1,1.927,1.537,-0.083,-0.419,9.431,9.426,0.301,2.443,0.376,2.463,0.316,0.519,-0.027,0.167,2.27,5.16,146.21,0.54,5.46,-0.203,0.041,0.235,1457,1475,1552,1500,10.00,10.06,-0.18,-0.13
1787304207.409,20.302,True,1,1.927,1.540,-0.083,-0.411,9.439,9.435,0.301,2.443,0.376,2.462,0.318,0.519,-0.027,0.167,2.27,5.16,146.21,0.55,5.48,-0.202,0.043,0.235,1457,1475,1552,1500,10.00,10.06,9.82,9.87
1787304207.419,20.312,True,1,1.927,1.543,-0.083,-0.403,9.448,9.443,0.301,2.443,0.376,2.462,0.320,0.519,-0.027,0.167,2.27,5.16,146.21,0.56,5.49,-0.201,0.044,0.235,1457,1475,1552,1501,10.00,10.06,19.83,19.88
1787304207.429,20.322,True,1,1.927,1.546,-0.083,-0.395,9.456,9.452,0.302,2.443,0.376,2.461,0.321,0.519,-0.027,0.167,2.27,5.16,146.21,0.56,5.50,-0.200,0.045,0.235,1457,1474,1552,1501,10.00,10.06,29.82,29.87
1787304207.439,20.332,True,1,1.927,1.549,-0.083,-0.386,9.464,9.460,0.302,2.443,0.376,2.461,0.323,0.519,-0.027,0.167,2.27,5.16,146.21,0.57,5.51,-0.199,0.047,0.235,1458,1474,1552,1501,10.00,10.06,39.82,39.88
1787304207.449,20.342,True,1,1.927,1.552,-0.083,-0.378,9.473,9.469,0.302,2.443,0.376,2.460,0.325,0.519,-0.027,0.167,2.27,5.16,146.21,0.58,5.53,-0.198,0.048,0.235,1458,1474,1552,1502,10.00,10.06,49.82,49.87
1787304207.459,20.353,True,1,1.956,1.555,-0.128,-0.351,9.498,9.496,0.303,2.438,0.385,2.459,0.327,0.528,-0.027,0.148,1.32,5.99,146.18,0.40,5.41,-0.121,-0.055,0.239,1466,1526,1553,1503,10.00,10.06,-0.41,-0.45
1787304207.469,20.362,True,1,1.956,1.558,-0.128,-0.343,9.506,9.505,0.303,2.438,0.385,2.458,0.329,0.528,-0.027,0.148,1.32,5.99,146.18,0.41,5.43,-0.120,-0.053,0.239,1466,1525,1553,1503,10.00,10.06,9.59,9.55
1787304207.479,20.372,True,1,1.956,1.561,-0.128,-0.335,9.515,9.513,0.304,2.438,0.385,2.458,0.331,0.528,-0.027,0.148,1.32,5.99,146.18,0.42,5.44,-0.119,-0.052,0.239,1466,1525,1553,1503,10.00,10.06,19.59,19.55
1787304207.489,20.382,True,1,1.956,1.564,-0.128,-0.327,9.523,9.521,0.304,2.438,0.385,2.457,0.333,0.528,-0.027,0.148,1.32,5.99,146.18,0.42,5.45,-0.119,-0.051,0.239,1466,1525,1553,1504,10.00,10.06,29.59,29.55
1787304207.499,20.392,True,1,1.956,1.567,-0.128,-0.319,9.531,9.530,0.304,2.438,0.385,2.456,0.334,0.528,-0.027,0.148,1.32,5.99,146.18,0.43,5.46,-0.118,-0.049,0.239,1466,1525,1553,1504,10.00,10.06,39.59,39.55
1787304207.509,20.402,True,1,1.956,1.570,-0.128,-0.311,9.540,9.538,0.304,2.438,0.385,2.456,0.336,0.528,-0.027,0.148,1.32,5.99,146.18,0.44,5.48,-0.117,-0.048,0.239,1466,1525,1553,1504,10.00,10.06,49.59,49.55
1787304207.519,20.412,True,1,1.956,1.573,-0.128,-0.303,9.548,9.547,0.305,2.438,0.385,2.455,0.338,0.528,-0.027,0.148,1.32,5.99,146.18,0.44,5.49,-0.117,-0.047,0.239,1467,1525,1553,1505,10.00,10.06,59.59,59.55
1787304207.529,20.422,True,1,1.956,1.576,-0.128,-0.295,9.556,9.555,0.305,2.438,0.385,2.455,0.339,0.528,-0.027,0.148,1.32,5.99,146.18,0.45,5.50,-0.116,-0.046,0.239,1467,1525,1553,1505,10.00,10.06,69.59,69.55
1787304207.539,20.432,True,1,1.956,1.579,-0.128,-0.286,9.565,9.563,0.305,2.438,0.385,2.454,0.341,0.528,-0.027,0.148,1.32,5.99,146.18,0.46,5.51,-0.115,-0.045,0.239,1467,1524,1553,1505,10.00,10.06,79.59,79.55
1787304207.550,20.443,True,1,1.984,1.582,-0.194,-0.188,9.661,9.655,0.308,2.433,0.396,2.453,0.343,0.537,-0.018,0.144,-0.24,7.17,146.42,0.50,5.36,0.049,-0.191,0.226,1525,1541,1551,1508,10.00,10.06,-0.56,-0.61
1787304207.559,20.452,True,1,1.984,1.585,-0.194,-0.180,9.669,9.662,0.308,2.433,0.396,2.453,0.344,0.537,-0.018,0.144,-0.34,7.34,146.52,0.52,5.37,0.062,-0.207,0.221,1526,1542,1550,1509,10.00,10.06,-0.07,9.38
1787304207.569,20.462,True,1,1.984,1.588,-0.194,-0.172,9.677,9.671,0.309,2.433,0.396,2.452,0.346,0.537,-0.018,0.144,-0.34,7.34,146.52,0.53,5.38,0.062,-0.206,0.221,1526,1542,1550,1509,10.00,10.06,9.93,19.39
1787304207.579,20.472,True,1,1.984,1.591,-0.194,-0.164,9.686,9.679,0.309,2.433,0.396,2.451,0.348,0.537,-0.018,0.144,-0.34,7.34,146.52,0.53,5.39,0.063,-0.205,0.221,1527,1542,1550,1509,10.00,10.06,19.93,29.38
1787304207.589,20.482,True,1,1.984,1.594,-0.194,-0.156,9.694,9.687,0.309,2.433,0.396,2.451,0.349,0.537,-0.018,0.144,-0.34,7.34,146.52,0.54,5.41,0.064,-0.204,0.221,1527,1542,1550,1510,10.00,10.06,29.93,39.38
1787304207.599,20.492,True,1,1.984,1.597,-0.194,-0.148,9.702,9.696,0.309,2.433,0.396,2.450,0.351,0.537,-0.018,0.144,-0.34,7.34,146.52,0.55,5.42,0.064,-0.203,0.221,1527,1542,1550,1510,10.00,10.06,39.93,49.39
1787304207.609,20.502,True,1,1.984,1.600,-0.194,-0.140,9.711,9.704,0.310,2.433,0.396,2.450,0.353,0.537,-0.018,0.144,-0.34,7.34,146.52,0.55,5.43,0.065,-0.201,0.221,1527,1542,1550,1510,10.00,10.06,49.93,59.39
1787304207.619,20.512,True,1,1.984,1.603,-0.194,-0.132,9.719,9.713,0.310,2.433,0.396,2.449,0.354,0.537,-0.018,0.144,-0.34,7.34,146.52,0.56,5.44,0.066,-0.200,0.221,1527,1542,1550,1511,10.00,10.06,59.93,69.38
1787304207.630,20.523,True,1,2.000,1.606,-0.262,0.014,9.862,9.848,0.314,2.432,0.407,2.449,0.356,0.544,0.010,0.147,-1.25,7.30,147.06,0.79,5.15,0.189,-0.229,0.194,1540,1545,1546,1516,10.00,10.06,-0.51,-0.55
1787304207.639,20.532,True,1,2.000,1.609,-0.262,0.022,9.870,9.857,0.315,2.432,0.407,2.448,0.357,0.544,0.010,0.147,-1.25,7.30,147.06,0.80,5.16,0.190,-0.228,0.194,1540,1545,1546,1516,10.00,10.06,9.50,9.45
1787304207.649,20.542,True,1,2.000,1.612,-0.262,0.030,9.878,9.865,0.315,2.432,0.407,2.448,0.359,0.544,0.010,0.147,-1.25,7.30,147.06,0.81,5.17,0.190,-0.227,0.194,1540,1544,1546,1516,10.00,10.06,19.50,19.45
1787304207.659,20.552,True,1,2.000,1.615,-0.262,0.039,9.887,9.873,0.315,2.432,0.407,2.447,0.361,0.544,0.010,0.147,-1.25,7.30,147.06,0.81,5.18,0.191,-0.226,0.194,1541,1544,1546,1516,10.00,10.06,29.50,29.45
1787304207.669,20.563,True,1,2.005,1.618,-0.302,0.146,9.992,9.974,0.318,2.433,0.412,2.447,0.362,0.546,0.027,0.144,-1.72,7.18,147.37,0.91,4.97,0.251,-0.237,0.179,1547,1546,1544,1520,10.00,10.06,-0.18,-0.23
1787304207.679,20.572,True,1,2.005,1.621,-0.302,0.154,10.000,9.982,0.319,2.433,0.412,2.446,0.364,0.546,0.027,0.144,-1.72,7.18,147.37,0.91,4.98,0.252,-0.236,0.179,1547,1545,1544,1520,10.00,10.06,9.82,9.77
1787304207.689,20.582,True,1,2.005,1.624,-0.302,0.163,10.008,9.990,0.319,2.433,0.412,2.446,0.366,0.546,0.027,0.144,-1.72,7.18,147.37,0.92,4.99,0.253,-0.235,0.179,1547,1545,1544,1521,10.00,10.06,19.82,19.77
1787304207.699,20.592,True,1,2.005,1.627,-0.302,0.171,10.017,9.999,0.319,2.433,0.412,2.445,0.367,0.546,0.027,0.144,-1.72,7.18,147.37,0.93,5.00,0.254,-0.234,0.179,1547,1545,1544,1521,10.00,10.06,29.82,29.77
1787304207.709,20.603,True,1,2.013,1.630,-0.295,0.126,9.974,9.954,0.318,2.434,0.416,2.445,0.369,0.548,0.037,0.168,-1.99,6.55,148.10,1.27,5.06,0.324,-0.162,0.148,1555,1537,1540,1519,10.00,10.06,-0.37,-0.32
1787304207.719,20.612,True,1,2.013,1.633,-0.295,0.134,9.982,9.963,0.318,2.434,0.416,2.445,0.370,0.548,0.037,0.168,-1.99,6.55,148.10,1.28,5.07,0.325,-0.161,0.148,1555,1537,1540,1520,10.00,10.06,9.64,9.69
1787304207.729,20.622,True,1,2.013,1.636,-0.295,0.142,9.991,9.971,0.318,2.434,0.416,2.444,0.372,0.548,0.037,0.168,-1.99,6.55,148.10,1.29,5.08,0.326,-0.160,0.148,1555,1537,1540,1520,10.00,10.06,19.64,19.68
1787304207.739,20.632,True,1,2.013,1.639,-0.295,0.150,9.999,9.979,0.319,2.434,0.416,2.444,0.373,0.548,0.037,0.168,-1.99,6.55,148.10,1.29,5.09,0.326,-0.159,0.148,1555,1537,1540,1520,10.00,10.06,29.63,29.68
1787304207.749,20.642,True,1,2.013,1.642,-0.295,0.159,10.008,9.988,0.319,2.434,0.416,2.444,0.375,0.548,0.037,0.168,-1.99,6.55,148.10,1.30,5.10,0.327,-0.158,0.148,1555,1537,1540,1521,10.00,10.06,39.63,39.68
1787304207.759,20.652,True,1,2.013,1.645,-0.295,0.167,10.016,9.996,0.319,2.434,0.416,2.443,0.376,0.548,0.037,0.168,-1.99,6.55,148.10,1.30,5.11,0.328,-0.157,0.148,1555,1537,1540,1521,10.01,10.07,49.64,49.69
1787304207.769,20.662,True,1,2.013,1.648,-0.295,0.175,10.025,10.005,0.319,2.434,0.416,2.443,0.377,0.548,0.037,0.168,-1.99,6.55,148.10,1.31,5.11,0.328,-0.156,0.149,1555,1537,1540,1521,9.99,10.06,59.63,59.68
1787304207.779,20.672,True,1,2.013,1.651,-0.295,0.184,10.033,10.013,0.320,2.434,0.416,2.443,0.379,0.548,0.037,0.168,-1.99,6.55,148.10,1.31,5.12,0.329,-0.155,0.149,1555,1537,1540,1521,10.00,10.06,69.64,69.69
1787304207.790,20.683,True,1,2.021,1.654,-0.378,0.407,10.252,10.244,0.327,2.438,0.427,2.442,0.380,0.551,0.060,0.153,-0.74,5.19,149.46,1.40,4.72,0.216,-0.051,0.095,1543,1525,1533,1530,10.00,10.06,-0.61,-0.56
1787304207.799,20.692,True,1,2.021,1.657,-0.378,0.416,10.260,10.253,0.327,2.438,0.427,2.442,0.382,0.551,0.060,0.153,-0.74,5.19,149.46,1.41,4.73,0.217,-0.050,0.095,1543,1525,1533,1530,10.00,10.06,9.39,9.44
1787304207.809,20.702,True,1,2.021,1.660,-0.378,0.424,10.269,10.261,0.328,2.438,0.427,2.442,0.383,0.551,0.060,0.153,-0.74,5.19,149.46,1.42,4.73,0.217,-0.049,0.095,1543,1525,1533,1530,10.00,10.06,19.39,19.44
1787304207.819,20.712,True,1,2.021,1.663,-0.378,0.433,10.278,10.270,0.328,2.438,0.427,2.442,0.385,0.551,0.060,0.153,-0.74,5.19,149.46,1.42,4.74,0.218,-0.048,0.095,1543,1525,1533,1531,10.00,10.06,29.39,29.44
1787304207.829,20.722,True,1,2.021,1.666,-0.378,0.441,10.286,10.278,0.328,2.438,0.427,2.442,0.386,0.551,0.060,0.153,-0.74,5.19,149.46,1.43,4.75,0.219,-0.048,0.095,1544,1525,1533,1531,10.00,10.06,39.39,39.44
1787304207.839,20.732,True,1,2.021,1.669,-0.378,0.450,10.295,10.287,0.328,2.438,0.427,2.442,0.388,0.551,0.060,0.153,-0.74,5.19,149.46,1.44,4.76,0.219,-0.047,0.095,1544,1525,1533,1531,10.00,10.07,49.40,49.44
1787304207.849,20.742,True,1,2.021,1.672,-0.378,0.458,10.304,10.296,0.329,2.438,0.427,2.442,0.389,0.551,0.060,0.153,-0.74,5.19,149.46,1.44,4.76,0.220,-0.046,0.095,1544,1525,1533,1531,10.00,10.06,59.39,59.44
1787304207.859,20.753,True,1,2.022,1.675,-0.386,0.487,10.333,10.329,0.330,2.444,0.440,2.442,0.391,0.554,0.087,0.178,0.42,4.69,150.65,1.90,4.62,0.151,-0.008,0.044,1536,1520,1526,1533,10.00,10.06,-0.42,-0.47
1787304207.869,20.762,True,1,2.025,1.678,-0.401,0.529,10.375,10.373,0.331,2.445,0.442,2.442,0.392,0.555,0.092,0.181,0.80,4.56,151.14,1.99,4.57,0.122,0.001,0.022,1533,1479,1523,1534,10.00,10.06,-0.07,-0.12
1787304207.879,20.772,True,1,2.025,1.681,-0.401,0.538,10.384,10.381,0.331,2.445,0.442,2.442,0.394,0.555,0.092,0.181,0.80,4.56,151.14,2.00,4.58,0.123,0.002,0.022,1533,1479,1523,1534,10.00,10.06,9.93,9.88
1787304207.889,20.782,True,1,2.025,1.684,-0.401,0.546,10.393,10.390,0.332,2.445,0.442,2.442,0.396,0.555,0.092,0.181,0.80,4.56,151.14,2.00,4.58,0.124,0.003,0.022,1533,1479,1523,1535,10.00,10.06,19.93,19.87
1787304207.899,20.792,True,1,2.024,1.687,-0.393,0.535,10.381,10.380,0.331,2.447,0.445,2.442,0.397,0.555,0.087,0.181,1.18,4.48,151.56,2.02,4.62,0.088,0.015,0.004,1529,1478,1520,1534,10.00,10.06,-0.17,-0.12
1787304207.909,20.802,True,1,2.024,1.690,-0.393,0.543,10.390,10.389,0.332,2.447,0.445,2.442,0.399,0.555,0.087,0.181,1.18,4.48,151.56,2.03,4.63,0.089,0.016,0.004,1529,1478,1520,1535,10.00,10.06,9.83,9.88
1787304207.919,20.812,True,1,2.024,1.693,-0.393,0.552,10.399,10.398,0.332,2.447,0.445,2.443,0.400,0.555,0.087,0.181,1.18,4.48,151.56,2.04,4.63,0.090,0.016,0.004,1529,1478,1520,1535,10.00,10.06,19.83,19.88
1787304207.929,20.822,True,1,2.024,1.696,-0.393,0.561,10.408,10.407,0.332,2.447,0.445,2.443,0.402,0.555,0.087,0.181,1.18,4.48,151.56,2.05,4.64,0.091,0.017,0.004,1530,1478,1520,1535,10.00,10.06,29.83,29.88
1787304207.939,20.832,True,1,2.024,1.699,-0.393,0.569,10.417,10.416,0.332,2.447,0.445,2.443,0.403,0.555,0.087,0.181,1.18,4.48,151.56,2.06,4.65,0.092,0.017,0.004,1530,1478,1520,1536,10.00,10.06,39.83,39.88
1787304207.949,20.842,True,1,2.024,1.702,-0.393,0.578,10.426,10.425,0.333,2.447,0.445,2.443,0.405,0.555,0.087,0.181,1.18,4.48,151.56,2.06,4.65,0.092,0.018,0.004,1530,1477,1520,1536,10.00,10.06,49.83,49.88
1787304207.959,20.853,True,1,2.030,1.705,-0.382,0.529,10.380,10.379,0.331,2.453,0.458,2.443,0.406,0.559,0.090,0.202,2.19,4.27,152.83,2.39,4.71,0.024,0.044,-0.053,1522,1475,1472,1534,10.00,10.06,-0.42,-0.46
1787304207.969,20.862,True,1,2.030,1.708,-0.382,0.538,10.389,10.388,0.332,2.453,0.458,2.444,0.408,0.559,0.090,0.202,2.46,4.32,153.01,2.41,4.71,-0.000,0.037,-0.061,1479,1475,1471,1535,10.00,10.06,-0.08,9.54
1787304207.979,20.872,True,1,2.030,1.711,-0.382,0.547,10.398,10.397,0.332,2.453,0.458,2.444,0.410,0.559,0.090,0.202,2.46,4.32,153.01,2.42,4.71,0.001,0.038,-0.061,1520,1475,1471,1535,10.00,10.06,9.92,19.54
1787304207.989,20.882,True,1,2.030,1.714,-0.382,0.556,10.407,10.406,0.332,2.453,0.458,2.444,0.411,0.559,0.090,0.202,2.46,4.32,153.01,2.43,4.72,0.002,0.038,-0.061,1520,1475,1471,1535,10.00,10.06,19.92,29.53
1787304207.999,20.892,True,1,2.030,1.717,-0.382,0.564,10.416,10.416,0.332,2.453,0.458,2.444,0.413,0.559,0.090,0.202,2.46,4.32,153.01,2.44,4.72,0.003,0.039,-0.061,1520,1475,1471,1536,10.00,10.06,29.92,39.53
1787304208.009,20.902,True,1,2.030,1.720,-0.382,0.573,10.425,10.425,0.333,2.453,0.458,2.445,0.414,0.559,0.090,0.202,2.46,4.32,153.01,2.45,4.73,0.004,0.039,-0.061,1520,1475,1471,1536,10.00,10.06,39.92,49.54
1787304208.019,20.912,True,1,2.030,1.723,-0.382,0.582,10.434,10.434,0.333,2.453,0.458,2.445,0.416,0.559,0.090,0.202,2.46,4.32,153.01,2.46,4.73,0.004,0.040,-0.061,1520,1475,1471,1536,10.00,10.06,49.92,59.54
1787304208.029,20.922,True,1,2.030,1.726,-0.382,0.591,10.443,10.443,0.333,2.453,0.458,2.445,0.417,0.559,0.090,0.202,2.46,4.32,153.01,2.46,4.73,0.005,0.040,-0.061,1520,1475,1471,1537,10.00,10.06,59.92,69.54
1787304208.039,20.933,True,1,2.034,1.729,-0.400,0.640,10.491,10.489,0.335,2.459,0.471,2.446,0.419,0.563,0.071,0.185,3.21,4.07,154.02,2.32,4.77,-0.087,0.067,-0.107,1470,1472,1465,1538,10.00,10.06,-0.50,-0.45
1787304208.049,20.942,True,1,2.034,1.732,-0.400,0.649,10.500,10.498,0.335,2.459,0.471,2.446,0.421,0.563,0.071,0.185,3.21,4.07,154.02,2.33,4.77,-0.085,0.067,-0.107,1470,1472,1465,1539,10.00,10.06,9.50,9.55
1787304208.059,20.953,True,1,2.039,1.735,-0.409,0.665,10.517,10.515,0.336,2.461,0.476,2.447,0.423,0.564,0.067,0.182,3.33,4.09,154.27,2.32,4.78,-0.098,0.066,-0.118,1469,1472,1463,1539,10.00,10.06,-0.13,-0.18
1787304208.069,20.962,True,1,2.039,1.738,-0.409,0.674,10.526,10.524,0.336,2.461,0.476,2.447,0.424,0.564,0.067,0.182,3.33,4.09,154.27,2.33,4.79,-0.097,0.066,-0.118,1469,1472,1463,1539,10.00,10.06,9.87,9.82
1787304208.079,20.972,True,1,2.039,1.741,-0.409,0.683,10.535,10.533,0.336,2.461,0.476,2.448,0.426,0.564,0.067,0.182,3.33,4.09,154.27,2.34,4.79,-0.096,0.066,-0.118,1469,1472,1463,1540,10.00,10.06,19.87,19.82
1787304208.089,20.982,True,1,2.039,1.744,-0.409,0.692,10.545,10.542,0.336,2.461,0.476,2.448,0.428,0.564,0.067,0.182,3.33,4.09,154.27,2.35,4.80,-0.095,0.067,-0.118,1469,1472,1463,1540,10.00,10.06,29.87,29.82
1787304208.099,20.992,True,1,2.039,1.747,-0.409,0.701,10.554,10.552,0.337,2.461,0.476,2.448,0.429,0.564,0.067,0.182,3.33,4.09,154.27,2.36,4.80,-0.094,0.067,-0.118,1469,1472,1463,1540,10.00,10.06,39.87,39.82
1787304208.109,21.002,True,1,2.039,1.750,-0.409,0.710,10.563,10.561,0.337,2.461,0.476,2.449,0.431,0.564,0.067,0.182,3.33,4.09,154.27,2.37,4.80,-0.093,0.068,-0.118,1469,1472,1463,1541,10.00,10.07,49.87,49.82
1787304208.119,21.013,True,1,2.045,1.753,-0.369,0.578,10.430,10.427,0.333,2.466,0.485,2.449,0.433,0.567,0.049,0.154,3.24,4.37,154.97,2.14,4.89,-0.104,0.045,-0.147,1468,1474,1459,1536,10.00,10.06,-0.45,-0.41
1787304208.129,21.022,True,1,2.045,1.756,-0.369,0.587,10.439,10.437,0.333,2.466,0.485,2.450,0.434,0.567,0.049,0.154,3.24,4.37,154.97,2.16,4.89,-0.103,0.046,-0.147,1468,1474,1459,1536,10.00,10.06,9.55,9.60
1787304208.139,21.032,True,1,2.045,1.759,-0.369,0.596,10.448,10.446,0.333,2.466,0.485,2.451,0.436,0.567,0.049,0.154,3.24,4.37,154.97,2.17,4.89,-0.102,0.046,-0.147,1468,1474,1459,1537,10.00,10.06,19.55,19.60
1787304208.149,21.042,True,1,2.045,1.762,-0.369,0.605,10.458,10.455,0.334,2.466,0.485,2.451,0.438,0.567,0.049,0.154,3.24,4.37,154.97,2.18,4.90,-0.101,0.046,-0.147,1468,1474,1459,1537,10.00,10.06,29.54,29.59
1787304208.159,21.052,True,1,2.045,1.765,-0.369,0.615,10.467,10.465,0.334,2.466,0.485,2.452,0.439,0.567,0.049,0.154,3.24,4.37,154.97,2.19,4.90,-0.100,0.047,-0.147,1468,1474,1459,1537,10.00,10.06,39.55,39.59
1787304208.169,21.062,True,1,2.045,1.768,-0.369,0.624,10.476,10.474,0.334,2.466,0.485,2.452,0.441,0.567,0.049,0.154,3.24,4.37,154.97,2.20,4.90,-0.099,0.047,-0.147,1469,1474,1459,1538,10.00,10.07,49.55,49.60
1787304208.179,21.072,True,1,2.045,1.771,-0.369,0.633,10.486,10.484,0.335,2.466,0.485,2.452,0.442,0.567,0.049,0.154,3.24,4.37,154.97,2.21,4.90,-0.098,0.047,-0.147,1469,1474,1459,1538,10.00,10.07,59.55,59.60
1787304208.189,21.082,True,1,2.045,1.774,-0.369,0.642,10.495,10.493,0.335,2.466,0.485,2.453,0.444,0.567,0.049,0.154,3.24,4.37,154.97,2.22,4.91,-0.097,0.048,-0.147,1469,1474,1459,1538,10.00,10.06,69.55,69.59
1787304208.200,21.093,True,1,2.054,1.777,-0.342,0.531,10.384,10.382,0.331,2.472,0.498,2.454,0.446,0.571,0.038,0.142,3.32,4.45,155.29,2.13,5.01,-0.112,0.050,-0.161,1467,1474,1457,1534,10.00,10.06,-0.55,-0.59
1787304208.209,21.102,True,1,2.054,1.780,-0.342,0.540,10.394,10.391,0.332,2.472,0.498,2.454,0.447,0.571,0.038,0.142,3.32,4.45,155.29,2.14,5.01,-0.111,0.050,-0.162,1467,1474,1457,1535,10.00,10.06,9.46,9.41
1787304208.219,21.112,True,1,2.054,1.783,-0.342,0.550,10.403,10.401,0.332,2.472,0.498,2.455,0.449,0.571,0.038,0.142,3.32,4.45,155.29,2.15,5.01,-0.109,0.050,-0.162,1467,1474,1457,1535,10.00,10.06,19.45,19.41
1787304208.229,21.122,True,1,2.054,1.786,-0.342,0.559,10.413,10.410,0.332,2.472,0.498,2.455,0.451,0.571,0.038,0.142,3.32,4.45,155.29,2.16,5.02,-0.108,0.050,-0.162,1467,1474,1457,1535,10.00,10.06,29.45,29.40
1787304208.239,21.132,True,1,2.054,1.789,-0.342,0.568,10.422,10.420,0.333,2.472,0.498,2.456,0.452,0.571,0.038,0.142,3.32,4.45,155.29,2.17,5.02,-0.107,0.051,-0.162,1468,1474,1457,1536,10.00,10.06,39.45,39.40
1787304208.249,21.142,True,1,2.054,1.792,-0.342,0.578,10.432,10.429,0.333,2.472,0.498,2.456,0.454,0.571,0.038,0.142,3.32,4.45,155.29,2.18,5.02,-0.106,0.051,-0.162,1468,1474,1457,1536,10.00,10.06,49.46,49.41
1787304208.259,21.152,True,1,2.054,1.795,-0.342,0.587,10.441,10.439,0.333,2.472,0.498,2.457,0.455,0.571,0.038,0.142,3.32,4.45,155.29,2.19,5.02,-0.105,0.051,-0.162,1468,1474,1457,1536,10.00,10.07,59.46,59.41
1787304208.269,21.163,True,1,2.065,1.798,-0.348,0.573,10.425,10.421,0.333,2.476,0.503,2.458,0.457,0.572,0.026,0.103,3.19,4.53,155.14,1.79,4.98,-0.134,0.039,-0.154,1465,1475,1458,1536,10.00,10.06,-0.48,-0.43
1787304208.279,21.172,True,1,2.064,1.801,-0.305,0.457,10.310,10.307,0.329,2.476,0.505,2.458,0.458,0.573,0.017,0.105,3.05,4.54,155.07,1.80,5.14,-0.119,0.055,-0.152,1466,1473,1458,1532,10.00,10.06,-0.12,-0.07
1787304208.289,21.182,True,1,2.067,1.804,-0.315,0.485,10.338,10.334,0.330,2.477,0.506,2.459,0.460,0.573,0.008,0.096,3.05,4.54,155.07,1.69,5.18,-0.131,0.059,-0.152,1465,1473,1458,1533,10.00,10.06,9.88,-0.05
1787304208.299,21.192,True,1,2.067,1.807,-0.315,0.494,10.347,10.344,0.330,2.477,0.506,2.459,0.462,0.573,0.008,0.096,3.05,4.54,155.07,1.70,5.18,-0.130,0.059,-0.152,1465,1473,1458,1533,10.00,10.06,19.88,9.95
1787304208.309,21.202,True,1,2.067,1.810,-0.315,0.503,10.357,10.354,0.330,2.477,0.506,2.460,0.463,0.573,0.008,0.096,3.05,4.54,155.07,1.71,5.18,-0.129,0.059,-0.152,1465,1473,1458,1533,10.00,10.06,29.88,19.95
1787304208.319,21.212,True,1,2.067,1.813,-0.315,0.513,10.367,10.363,0.331,2.477,0.506,2.461,0.464,0.573,0.008,0.096,3.05,4.54,155.07,1.72,5.18,-0.127,0.060,-0.152,1465,1473,1458,1534,10.00,10.06,39.88,29.95
1787304208.329,21.222,True,1,2.067,1.816,-0.315,0.522,10.376,10.373,0.331,2.477,0.506,2.461,0.466,0.573,0.008,0.096,3.05,4.54,155.07,1.73,5.19,-0.126,0.060,-0.152,1465,1473,1458,1534,10.01,10.07,49.88,39.95
1787304208.339,21.232,True,1,2.067,1.819,-0.315,0.532,10.386,10.382,0.331,2.477,0.506,2.462,0.467,0.573,0.008,0.096,3.05,4.54,155.07,1.74,5.19,-0.125,0.060,-0.152,1466,1473,1458,1534,9.99,10.06,59.87,49.94
1787304208.349,21.242,True,1,2.067,1.822,-0.315,0.541,10.396,10.392,0.332,2.477,0.506,2.462,0.468,0.573,0.008,0.096,3.05,4.54,155.07,1.75,5.19,-0.124,0.060,-0.152,1466,1473,1458,1535,10.00,10.06,69.87,59.94
1787304208.360,21.253,True,1,2.077,1.825,-0.280,0.405,10.255,10.253,0.327,2.479,0.509,2.463,0.470,0.574,0.012,0.060,2.59,4.70,154.78,1.45,5.07,-0.108,0.033,-0.138,1467,1476,1460,1530,10.00,10.06,-0.57,-0.52
1787304208.369,21.262,True,1,2.082,1.828,-0.247,0.297,10.148,10.146,0.324,2.479,0.510,2.463,0.471,0.575,0.003,0.052,2.59,4.70,154.78,1.36,5.18,-0.117,0.045,-0.138,1467,1474,1460,1526,10.00,10.06,9.43,-0.06
1787304208.379,21.272,True,1,2.082,1.831,-0.247,0.307,10.158,10.155,0.324,2.479,0.510,2.464,0.472,0.575,0.003,0.052,2.59,4.70,154.78,1.37,5.19,-0.116,0.045,-0.138,1467,1474,1460,1526,10.00,10.06,19.43,9.94
1787304208.389,21.282,True,1,2.082,1.834,-0.247,0.316,10.168,10.165,0.324,2.479,0.510,2.464,0.474,0.575,0.003,0.052,2.59,4.70,154.78,1.38,5.19,-0.115,0.045,-0.138,1467,1474,1460,1527,10.00,10.06,29.42,19.94
1787304208.399,21.292,True,1,2.082,1.837,-0.247,0.326,10.177,10.175,0.325,2.479,0.510,2.465,0.475,0.575,0.003,0.052,2.59,4.70,154.78,1.39,5.19,-0.114,0.045,-0.138,1467,1474,1460,1527,10.00,10.06,39.43,29.94
1787304208.409,21.302,True,1,2.082,1.840,-0.247,0.335,10.187,10.184,0.325,2.479,0.510,2.465,0.476,0.575,0.003,0.052,2.59,4.70,154.78,1.40,5.19,-0.113,0.046,-0.138,1467,1474,1460,1528,10.00,10.06,49.43,39.94
1787304208.419,21.312,True,1,2.082,1.843,-0.247,0.345,10.197,10.194,0.325,2.479,0.510,2.466,0.477,0.575,0.003,0.052,2.59,4.70,154.78,1.41,5.19,-0.112,0.046,-0.138,1467,1474,1460,1528,10.00,10.06,59.43,49.94
1787304208.429,21.323,True,1,2.092,1.846,-0.245,0.305,10.155,10.153,0.324,2.479,0.511,2.466,0.478,0.575,0.011,0.037,2.26,5.00,154.38,1.29,5.09,-0.092,0.005,-0.119,1469,1479,1463,1526,10.00,10.06,-0.47,-0.42
1787304208.439,21.332,True,1,2.092,1.849,-0.245,0.315,10.164,10.163,0.324,2.479,0.511,2.467,0.479,0.575,0.011,0.037,2.26,5.00,154.38,1.29,5.09,-0.091,0.006,-0.119,1469,1479,1463,1527,10.00,10.06,9.53,9.58
1787304208.449,21.342,True,1,2.096,1.852,-0.217,0.227,10.078,10.077,0.322,2.479,0.511,2.467,0.480,0.575,-0.002,0.032,2.06,5.13,154.27,1.20,5.25,-0.080,0.008,-0.114,1471,1479,1464,1524,10.00,10.06,-0.12,-0.17
1787304208.459,21.352,True,1,2.096,1.855,-0.217,0.236,10.088,10.087,0.322,2.479,0.511,2.467,0.481,0.575,-0.002,0.032,1.91,5.26,154.20,1.20,5.25,-0.065,-0.004,-0.110,1472,1520,1464,1524,10.00,10.06,-0.07,9.83
1787304208.469,21.362,True,1,2.096,1.858,-0.217,0.246,10.097,10.097,0.322,2.479,0.511,2.468,0.482,0.575,-0.002,0.032,1.91,5.26,154.20,1.21,5.25,-0.064,-0.004,-0.110,1472,1520,1464,1524,10.00,10.06,9.93,19.83
1787304208.479,21.372,True,1,2.096,1.861,-0.217,0.256,10.107,10.106,0.323,2.479,0.511,2.468,0.483,0.575,-0.002,0.032,1.91,5.26,154.20,1.22,5.26,-0.063,-0.004,-0.110,1472,1520,1464,1525,10.00,10.06,19.93,29.83
1787304208.489,21.382,True,1,2.096,1.864,-0.217,0.265,10.117,10.116,0.323,2.479,0.511,2.469,0.484,0.575,-0.002,0.032,1.91,5.26,154.20,1.22,5.26,-0.062,-0.003,-0.110,1473,1520,1464,1525,10.00,10.06,29.93,39.83
1787304208.499,21.392,True,1,2.096,1.867,-0.217,0.275,10.127,10.126,0.323,2.479,0.511,2.469,0.485,0.575,-0.002,0.032,1.91,5.26,154.20,1.23,5.26,-0.061,-0.003,-0.111,1473,1520,1464,1525,10.00,10.06,39.93,49.83
1787304208.509,21.402,True,1,2.096,1.870,-0.217,0.285,10.137,10.136,0.324,2.479,0.511,2.469,0.486,0.575,-0.002,0.032,1.91,5.26,154.20,1.24,5.26,-0.061,-0.003,-0.111,1473,1520,1464,1526,10.00,10.06,49.93,59.83
1787304208.519,21.412,True,1,2.096,1.873,-0.217,0.295,10.146,10.146,0.324,2.479,0.511,2.470,0.487,0.575,-0.002,0.032,1.91,5.26,154.20,1.24,5.26,-0.060,-0.003,-0.111,1473,1520,1464,1526,10.00,10.06,59.93,69.83
1787304208.529,21.423,True,1,2.117,1.876,-0.224,0.239,10.089,10.088,0.322,2.479,0.510,2.470,0.488,0.575,-0.006,0.008,0.79,5.96,153.84,0.99,5.22,0.031,-0.078,-0.094,1523,1528,1466,1524,10.00,10.06,-0.50,-0.46
1787304208.539,21.432,True,1,2.117,1.879,-0.224,0.249,10.099,10.098,0.322,2.479,0.510,2.470,0.488,0.575,-0.006,0.008,0.79,5.96,153.84,1.00,5.23,0.032,-0.078,-0.094,1523,1528,1466,1524,10.03,10.09,9.52,9.57
1787304208.549,21.443,True,1,2.117,1.882,-0.224,0.258,10.109,10.108,0.323,2.479,0.510,2.470,0.489,0.575,-0.006,0.008,0.79,5.96,153.84,1.00,5.23,0.032,-0.078,-0.094,1523,1528,1466,1525,9.99,10.08,19.51,19.56
1787304208.559,21.452,True,1,2.117,1.885,-0.224,0.268,10.118,10.117,0.323,2.479,0.510,2.471,0.490,0.575,-0.006,0.008,0.79,5.96,153.84,1.01,5.23,0.033,-0.078,-0.094,1523,1528,1466,1525,9.98,10.06,29.50,29.54
1787304208.569,21.462,True,1,2.117,1.888,-0.224,0.278,10.128,10.127,0.323,2.479,0.510,2.471,0.490,0.575,-0.006,0.008,0.79,5.96,153.84,1.01,5.23,0.034,-0.078,-0.094,1523,1528,1466,1525,10.00,10.06,39.50,39.54
1787304208.579,21.472,True,1,2.117,1.891,-0.224,0.287,10.138,10.137,0.324,2.479,0.510,2.471,0.491,0.575,-0.006,0.008,0.79,5.96,153.84,1.02,5.23,0.034,-0.078,-0.094,1523,1528,1466,1526,10.02,10.08,49.51,49.56
1787304208.589,21.482,True,1,2.117,1.894,-0.224,0.297,10.148,10.147,0.324,2.479,0.510,2.472,0.492,0.575,-0.006,0.008,0.79,5.96,153.84,1.02,5.23,0.035,-0.077,-0.094,1523,1528,1466,1526,9.99,10.07,59.50,59.55
1787304208.600,21.493,True,1,2.135,1.897,-0.214,0.206,10.055,10.053,0.321,2.478,0.507,2.472,0.492,0.573,0.001,-0.004,0.26,6.13,153.54,0.93,5.18,0.080,-0.100,-0.082,1528,1531,1468,1523,9.99,10.06,-0.50,-0.54
1787304208.609,21.502,True,1,2.135,1.900,-0.214,0.216,10.065,10.063,0.321,2.478,0.507,2.472,0.493,0.573,0.001,-0.004,0.26,6.13,153.54,0.94,5.18,0.080,-0.100,-0.082,1528,1531,1468,1523,10.00,10.06,9.51,9.46
1787304208.619,21.512,True,1,2.138,1.903,-0.212,0.206,10.055,10.052,0.321,2.478,0.507,2.472,0.493,0.573,0.008,0.006,-0.01,6.10,153.45,1.06,5.17,0.121,-0.097,-0.078,1533,1530,1469,1523,10.02,10.08,-0.17,-0.12
1787304208.629,21.522,True,1,2.138,1.906,-0.212,0.215,10.065,10.062,0.321,2.478,0.507,2.472,0.494,0.573,0.008,0.006,-0.01,6.10,153.45,1.06,5.17,0.121,-0.097,-0.078,1533,1530,1469,1523,9.98,10.06,9.81,9.86
1787304208.639,21.532,True,1,2.138,1.909,-0.212,0.225,10.074,10.071,0.321,2.478,0.507,2.473,0.494,0.573,0.008,0.006,-0.01,6.10,153.45,1.07,5.17,0.122,-0.097,-0.078,1533,1530,1469,1524,10.01,10.07,19.82,19.87
1787304208.649,21.542,True,1,2.138,1.912,-0.212,0.235,10.084,10.081,0.322,2.478,0.507,2.473,0.494,0.573,0.008,0.006,-0.01,6.10,153.45,1.07,5.17,0.122,-0.097,-0.078,1533,1530,1469,1524,10.00,10.06,29.81,29.86
1787304208.659,21.552,True,1,2.138,1.915,-0.212,0.244,10.094,10.091,0.322,2.478,0.507,2.473,0.495,0.573,0.008,0.006,-0.01,6.10,153.45,1.08,5.17,0.122,-0.097,-0.078,1533,1530,1469,1524,10.00,10.06,39.81,39.86
1787304208.669,21.562,True,1,2.138,1.918,-0.212,0.254,10.104,10.101,0.322,2.478,0.507,2.473,0.495,0.573,0.008,0.006,-0.01,6.10,153.45,1.08,5.18,0.123,-0.097,-0.078,1533,1530,1469,1525,10.00,10.07,49.82,49.86
1787304208.680,21.573,True,1,2.154,1.921,-0.222,0.229,10.078,10.074,0.322,2.479,0.503,2.473,0.496,0.570,0.001,-0.016,-0.33,6.18,153.14,0.82,5.17,0.128,-0.105,-0.065,1534,1531,1470,1524,10.00,10.07,-0.45,-0.50
1787304208.689,21.582,True,1,2.158,1.924,-0.200,0.159,10.007,10.003,0.319,2.479,0.503,2.474,0.496,0.570,0.013,-0.005,-0.42,6.21,152.96,0.98,5.16,0.153,-0.110,-0.057,1536,1532,1472,1521,10.00,10.07,-0.07,-0.13
1787304208.699,21.592,True,1,2.158,1.927,-0.200,0.168,10.017,10.012,0.320,2.479,0.503,2.474,0.496,0.570,0.013,-0.005,-0.42,6.21,152.96,0.98,5.16,0.153,-0.110,-0.057,1536,1532,1472,1521,10.02,10.08,9.95,9.88
1787304208.709,21.602,True,1,2.158,1.930,-0.200,0.178,10.027,10.022,0.320,2.479,0.503,2.474,0.496,0.570,0.013,-0.005,-0.42,6.21,152.96,0.99,5.16,0.154,-0.110,-0.057,1536,1532,1472,1522,9.98,10.06,19.92,19.86
1787304208.719,21.612,True,1,2.158,1.933,-0.200,0.188,10.037,10.032,0.320,2.479,0.503,2.474,0.496,0.570,0.013,-0.005,-0.42,6.21,152.96,0.99,5.16,0.154,-0.110,-0.057,1536,1532,1472,1522,10.00,10.06,29.93,29.87
1787304208.729,21.622,True,1,2.158,1.936,-0.200,0.198,10.047,10.042,0.321,2.479,0.503,2.474,0.497,0.570,0.013,-0.005,-0.42,6.21,152.96,0.99,5.16,0.154,-0.109,-0.057,1537,1532,1472,1522,10.00,10.06,39.93,39.87
1787304208.739,21.632,True,1,2.158,1.939,-0.200,0.208,10.056,10.052,0.321,2.479,0.503,2.474,0.497,0.570,0.013,-0.005,-0.42,6.21,152.96,1.00,5.16,0.154,-0.109,-0.057,1537,1532,1472,1523,10.00,10.07,49.93,49.87
1787304208.749,21.643,True,1,2.167,1.942,-0.215,0.228,10.080,10.077,0.322,2.479,0.500,2.474,0.497,0.568,0.010,0.016,-0.23,5.73,152.65,1.14,5.28,0.148,-0.047,-0.043,1536,1525,1473,1524,10.00,10.07,-0.38,-0.43
1787304208.759,21.652,True,1,2.174,1.945,-0.222,0.230,10.080,10.078,0.322,2.478,0.499,2.475,0.497,0.568,-0.005,-0.017,-0.19,5.58,152.56,0.77,5.27,0.104,-0.032,-0.040,1531,1523,1474,1524,9.99,10.06,-0.07,-0.12
1787304208.769,21.662,True,1,2.174,1.948,-0.222,0.239,10.090,10.088,0.322,2.478,0.499,2.475,0.497,0.568,-0.005,-0.017,-0.19,5.58,152.56,0.77,5.27,0.105,-0.032,-0.040,1531,1523,1474,1524,10.00,10.06,9.94,9.88
1787304208.779,21.672,True,1,2.174,1.951,-0.222,0.249,10.099,10.098,0.322,2.478,0.499,2.475,0.497,0.568,-0.005,-0.017,-0.19,5.58,152.56,0.77,5.28,0.105,-0.032,-0.040,1531,1523,1474,1524,9.99,10.06,19.93,19.88
1787304208.789,21.682,True,1,2.174,1.954,-0.222,0.259,10.109,10.108,0.323,2.478,0.499,2.475,0.497,0.568,-0.005,-0.017,-0.19,5.58,152.56,0.78,5.28,0.105,-0.032,-0.040,1531,1523,1474,1525,10.00,10.06,29.93,29.88
1787304208.799,21.692,True,1,2.174,1.957,-0.222,0.269,10.119,10.118,0.323,2.478,0.499,2.475,0.497,0.568,-0.005,-0.017,-0.19,5.58,152.56,0.78,5.28,0.105,-0.032,-0.040,1531,1523,1474,1525,10.00,10.06,39.93,39.88
1787304208.809,21.702,True,1,2.174,1.960,-0.222,0.279,10.129,10.128,0.323,2.478,0.499,2.475,0.497,0.568,-0.005,-0.017,-0.19,5.58,152.56,0.78,5.28,0.105,-0.032,-0.040,1531,1523,1474,1526,10.00,10.06,49.94,49.88
1787304208.819,21.712,True,1,2.174,1.963,-0.222,0.289,10.139,10.137,0.324,2.478,0.499,2.475,0.497,0.568,-0.005,-0.017,-0.19,5.58,152.56,0.78,5.28,0.106,-0.032,-0.040,1531,1523,1474,1526,10.00,10.06,59.93,59.88
1787304208.829,21.722,True,1,2.174,1.966,-0.222,0.298,10.149,10.147,0.324,2.478,0.499,2.475,0.497,0.568,-0.005,-0.017,-0.19,5.58,152.56,0.78,5.28,0.106,-0.031,-0.040,1531,1523,1474,1526,10.00,10.06,69.93,69.88
1787304208.839,21.732,True,1,2.174,1.969,-0.222,0.308,10.159,10.157,0.324,2.478,0.499,2.475,0.497,0.568,-0.005,-0.017,-0.19,5.58,152.56,0.78,5.28,0.106,-0.031,-0.040,1531,1523,1474,1527,10.00,10.06,79.93,79.88
1787304208.850,21.743,True,1,2.192,1.972,-0.210,0.211,10.061,10.060,0.321,2.477,0.495,2.475,0.497,0.566,-0.018,-0.048,0.76,4.46,151.84,0.38,5.31,-0.039,0.089,-0.009,1475,1470,1478,1523,10.00,10.06,-0.56,-0.61
1787304208.859,21.752,True,1,2.192,1.975,-0.210,0.221,10.071,10.069,0.321,2.477,0.495,2.476,0.497,0.566,-0.018,-0.048,1.06,4.33,151.72,0.37,5.31,-0.072,0.102,-0.005,1472,1468,1479,1523,10.00,10.06,-0.07,9.39
1787304208.869,21.762,True,1,2.192,1.978,-0.210,0.231,10.081,10.079,0.322,2.477,0.495,2.476,0.497,0.566,-0.018,-0.048,1.06,4.33,151.72,0.37,5.31,-0.072,0.102,-0.005,1472,1468,1479,1524,10.00,10.06,9.93,19.39
1787304208.879,21.772,True,1,2.192,1.981,-0.210,0.241,10.091,10.089,0.322,2.477,0.495,2.476,0.497,0.566,-0.018,-0.048,1.06,4.33,151.72,0.37,5.31,-0.071,0.103,-0.005,1472,1468,1479,1524,10.00,10.06,19.94,29.39
1787304208.889,21.782,True,1,2.192,1.984,-0.210,0.251,10.101,10.099,0.322,2.477,0.495,2.476,0.497,0.566,-0.018,-0.048,1.06,4.33,151.72,0.37,5.31,-0.071,0.103,-0.005,1472,1468,1479,1524,10.00,10.06,29.93,39.39
1787304208.899,21.792,True,1,2.192,1.987,-0.210,0.261,10.111,10.109,0.323,2.477,0.495,2.476,0.497,0.566,-0.018,-0.048,1.06,4.33,151.72,0.37,5.31,-0.071,0.103,-0.005,1472,1468,1479,1525,10.00,10.06,39.93,49.39
1787304208.909,21.802,True,1,2.192,1.990,-0.210,0.271,10.121,10.119,0.323,2.477,0.495,2.476,0.497,0.566,-0.018,-0.048,1.06,4.33,151.72,0.38,5.31,-0.071,0.103,-0.005,1472,1468,1479,1525,10.00,10.06,49.94,59.39
1787304208.919,21.812,True,1,2.192,1.993,-0.210,0.281,10.131,10.129,0.323,2.477,0.495,2.476,0.497,0.566,-0.018,-0.048,1.06,4.33,151.72,0.38,5.31,-0.071,0.103,-0.005,1472,1468,1479,1526,10.00,10.06,59.94,69.39
1787304208.929,21.823,True,1,2.214,1.996,-0.173,0.091,9.943,9.938,0.317,2.473,0.491,2.476,0.497,0.566,-0.024,-0.046,1.99,4.52,151.34,0.33,5.49,-0.175,0.102,0.010,1460,1468,1521,1519,10.00,10.06,-0.50,-0.45
1787304208.939,21.832,True,1,2.214,1.999,-0.173,0.101,9.953,9.948,0.318,2.473,0.491,2.475,0.497,0.566,-0.024,-0.046,1.99,4.52,151.34,0.33,5.49,-0.175,0.102,0.010,1460,1468,1521,1519,10.00,10.06,9.50,9.54
1787304208.949,21.842,True,1,2.214,2.002,-0.173,0.111,9.963,9.958,0.318,2.473,0.491,2.475,0.496,0.566,-0.024,-0.046,1.99,4.52,151.34,0.33,5.49,-0.175,0.102,0.010,1460,1468,1521,1519,10.00,10.06,19.50,19.54
1787304208.959,21.852,True,1,2.214,2.005,-0.173,0.121,9.973,9.968,0.318,2.473,0.491,2.475,0.496,0.566,-0.024,-0.046,1.99,4.52,151.34,0.33,5.49,-0.175,0.102,0.010,1460,1468,1521,1520,10.00,10.06,29.50,29.54
1787304208.969,21.862,True,1,2.214,2.008,-0.173,0.131,9.983,9.978,0.318,2.473,0.491,2.475,0.496,0.566,-0.024,-0.046,1.99,4.52,151.34,0.33,5.50,-0.175,0.103,0.010,1460,1468,1521,1520,10.00,10.06,39.50,39.55
1787304208.979,21.872,True,1,2.214,2.011,-0.173,0.141,9.993,9.988,0.319,2.473,0.491,2.475,0.496,0.566,-0.024,-0.046,1.99,4.52,151.34,0.33,5.50,-0.175,0.103,0.010,1460,1468,1521,1521,10.00,10.06,49.50,49.55
1787304208.989,21.882,True,1,2.214,2.014,-0.173,0.151,10.003,9.998,0.319,2.473,0.491,2.475,0.496,0.566,-0.024,-0.046,1.99,4.52,151.34,0.33,5.50,-0.175,0.103,0.010,1460,1468,1521,1521,10.00,10.06,59.50,59.54
1787304208.999,21.892,True,1,2.214,2.017,-0.173,0.161,10.013,10.008,0.319,2.473,0.491,2.475,0.496,0.566,-0.024,-0.046,1.99,4.52,151.34,0.33,5.50,-0.175,0.103,0.010,1460,1468,1521,1521,10.00,10.06,69.50,69.54
1787304209.010,21.903,True,1,2.246,2.020,-0.118,-0.122,9.735,9.723,0.310,2.465,0.486,2.475,0.495,0.568,-0.046,-0.052,2.06,3.75,151.14,0.16,5.84,-0.201,0.220,0.014,1457,1455,1522,1511,10.00,10.06,-0.60,-0.56
1787304209.019,21.912,True,1,2.246,2.023,-0.118,-0.112,9.745,9.733,0.311,2.465,0.486,2.474,0.495,0.568,-0.046,-0.052,2.06,3.75,151.14,0.16,5.84,-0.201,0.220,0.014,1457,1455,1522,1511,10.00,10.06,9.40,9.45
1787304209.029,21.922,True,1,2.246,2.026,-0.118,-0.103,9.755,9.743,0.311,2.465,0.486,2.474,0.495,0.568,-0.046,-0.052,2.06,3.75,151.14,0.16,5.84,-0.201,0.220,0.014,1457,1455,1522,1512,10.00,10.06,19.40,19.44
1787304209.039,21.932,True,1,2.246,2.029,-0.118,-0.093,9.765,9.753,0.311,2.465,0.486,2.474,0.494,0.568,-0.046,-0.052,2.06,3.75,151.14,0.16,5.84,-0.201,0.220,0.014,1457,1455,1522,1512,10.00,10.06,29.40,29.44
1787304209.049,21.942,True,1,2.246,2.032,-0.118,-0.083,9.774,9.763,0.312,2.465,0.486,2.473,0.494,0.568,-0.046,-0.052,2.06,3.75,151.14,0.16,5.84,-0.201,0.220,0.014,1457,1455,1522,1512,10.00,10.06,39.40,39.44
1787304209.059,21.952,True,1,2.246,2.035,-0.118,-0.073,9.784,9.772,0.312,2.465,0.486,2.473,0.494,0.568,-0.046,-0.052,2.06,3.75,151.14,0.15,5.84,-0.201,0.220,0.014,1457,1455,1522,1513,10.00,10.06,49.40,49.45
1787304209.069,21.962,True,1,2.246,2.038,-0.118,-0.063,9.794,9.782,0.312,2.465,0.486,2.473,0.493,0.568,-0.046,-0.052,2.06,3.75,151.14,0.15,5.85,-0.201,0.220,0.014,1457,1455,1522,1513,10.00,10.06,59.40,59.44
1787304209.079,21.973,True,1,2.276,2.041,-0.047,-0.390,9.468,9.457,0.302,2.455,0.480,2.472,0.493,0.571,-0.048,-0.073,1.26,3.57,151.18,-0.05,5.97,-0.139,0.251,0.015,1464,1452,1522,1501,10.00,10.06,-0.41,-0.46
1787304209.089,21.982,True,1,2.282,2.044,-0.060,-0.364,9.497,9.488,0.303,2.454,0.479,2.472,0.493,0.572,-0.064,-0.070,0.99,3.84,151.23,-0.10,6.12,-0.116,0.240,0.014,1467,1453,1522,1502,10.00,10.06,-0.05,-0.10
1787304209.099,21.992,True,1,2.282,2.047,-0.060,-0.354,9.507,9.498,0.303,2.454,0.479,2.471,0.492,0.572,-0.064,-0.070,0.99,3.84,151.23,-0.11,6.12,-0.116,0.240,0.014,1467,1453,1522,1503,10.00,10.06,9.95,9.90
1787304209.109,22.002,True,1,2.282,2.050,-0.060,-0.344,9.517,9.507,0.303,2.454,0.479,2.470,0.492,0.572,-0.064,-0.070,0.99,3.84,151.23,-0.11,6.13,-0.116,0.240,0.014,1467,1453,1522,1503,10.00,10.06,19.95,19.90
1787304209.119,22.012,True,1,2.282,2.053,-0.060,-0.335,9.527,9.517,0.304,2.454,0.479,2.470,0.491,0.572,-0.064,-0.070,0.99,3.84,151.23,-0.11,6.13,-0.117,0.240,0.014,1467,1453,1522,1503,10.00,10.06,29.95,29.90
1787304209.129,22.022,True,1,2.282,2.056,-0.060,-0.325,9.536,9.527,0.304,2.454,0.479,2.469,0.491,0.572,-0.064,-0.070,0.99,3.84,151.23,-0.12,6.13,-0.117,0.241,0.014,1467,1453,1522,1504,10.00,10.06,39.95,39.90
1787304209.139,22.032,True,1,2.282,2.059,-0.060,-0.315,9.546,9.537,0.304,2.454,0.479,2.469,0.490,0.572,-0.064,-0.070,0.99,3.84,151.23,-0.12,6.13,-0.117,0.241,0.014,1467,1453,1522,1504,10.00,10.06,49.95,49.90
1787304209.149,22.042,True,1,2.282,2.062,-0.060,-0.305,9.556,9.547,0.305,2.454,0.479,2.468,0.490,0.572,-0.064,-0.070,0.99,3.84,151.23,-0.12,6.14,-0.117,0.241,0.014,1466,1453,1522,1505,10.00,10.06,59.95,59.90
1787304209.159,22.053,True,1,2.314,2.065,-0.056,-0.434,9.430,9.426,0.301,2.443,0.472,2.467,0.489,0.576,-0.068,-0.056,-0.06,4.70,151.34,-0.00,6.34,0.005,0.172,0.014,1520,1460,1521,1500,10.00,10.06,-0.46,-0.51
1787304209.169,22.062,True,1,2.314,2.068,-0.056,-0.425,9.440,9.436,0.301,2.443,0.472,2.467,0.489,0.576,-0.068,-0.056,-0.06,4.70,151.34,-0.01,6.35,0.004,0.172,0.014,1520,1460,1521,1500,10.00,10.06,9.53,9.48
1787304209.179,22.072,True,1,2.314,2.071,-0.056,-0.415,9.449,9.445,0.301,2.443,0.472,2.466,0.488,0.576,-0.068,-0.056,-0.06,4.70,151.34,-0.01,6.35,0.004,0.173,0.014,1520,1460,1521,1501,10.01,10.07,19.54,19.49
1787304209.189,22.082,True,1,2.314,2.074,-0.056,-0.406,9.459,9.455,0.302,2.443,0.472,2.465,0.488,0.576,-0.068,-0.056,-0.06,4.70,151.34,-0.02,6.35,0.004,0.173,0.014,1520,1460,1521,1501,10.00,10.06,29.54,29.49
1787304209.199,22.092,True,1,2.314,2.077,-0.056,-0.396,9.469,9.465,0.302,2.443,0.472,2.464,0.487,0.576,-0.068,-0.056,-0.06,4.70,151.34,-0.02,6.35,0.003,0.173,0.014,1520,1460,1521,1501,10.00,10.06,39.53,39.49
1787304209.209,22.102,True,1,2.314,2.080,-0.056,-0.386,9.479,9.475,0.302,2.443,0.472,2.464,0.487,0.576,-0.068,-0.056,-0.06,4.70,151.34,-0.03,6.36,0.003,0.174,0.014,1520,1460,1521,1502,10.00,10.06,49.53,49.49
1787304209.219,22.112,True,1,2.314,2.083,-0.056,-0.377,9.488,9.484,0.303,2.443,0.472,2.463,0.486,0.576,-0.068,-0.056,-0.06,4.70,151.34,-0.03,6.36,0.002,0.174,0.014,1520,1460,1521,1502,10.00,10.06,59.53,59.49
1787304209.229,22.123,True,1,2.336,2.086,-0.063,-0.433,9.428,9.424,0.301,2.436,0.468,2.462,0.486,0.578,-0.047,-0.062,-1.44,6.91,151.38,0.02,6.18,0.151,-0.077,0.010,1536,1528,1521,1500,10.00,10.06,-0.49,-0.44
1787304209.239,22.132,True,1,2.336,2.089,-0.063,-0.424,9.438,9.434,0.301,2.436,0.468,2.461,0.485,0.578,-0.047,-0.062,-1.44,6.91,151.38,0.01,6.18,0.151,-0.076,0.010,1536,1528,1521,1500,10.00,10.06,9.51,9.56
1787304209.249,22.142,True,1,2.346,2.092,-0.063,-0.453,9.407,9.402,0.300,2.433,0.466,2.460,0.484,0.579,-0.041,-0.068,-1.59,7.17,151.37,-0.02,6.13,0.164,-0.110,0.009,1538,1532,1521,1499,10.00,10.06,-0.12,-0.17
1787304209.259,22.152,True,1,2.346,2.095,-0.063,-0.444,9.417,9.410,0.300,2.433,0.466,2.459,0.484,0.579,-0.041,-0.068,-1.74,7.46,151.40,-0.02,6.13,0.179,-0.139,0.007,1539,1535,1520,1499,10.00,10.06,-0.06,9.83
1787304209.269,22.162,True,1,2.346,2.098,-0.063,-0.434,9.426,9.420,0.301,2.433,0.466,2.458,0.483,0.579,-0.041,-0.068,-1.74,7.46,151.40,-0.02,6.14,0.178,-0.139,0.007,1539,1535,1520,1500,10.00,10.07,9.94,19.84
1787304209.279,22.172,True,1,2.346,2.101,-0.063,-0.425,9.436,9.429,0.301,2.433,0.466,2.458,0.483,0.579,-0.041,-0.068,-1.74,7.46,151.40,-0.03,6.14,0.177,-0.138,0.007,1539,1535,1520,1500,10.00,10.06,19.94,29.83
1787304209.289,22.182,True,1,2.346,2.104,-0.063,-0.415,9.446,9.439,0.301,2.433,0.466,2.457,0.482,0.579,-0.041,-0.068,-1.74,7.46,151.40,-0.03,6.14,0.177,-0.138,0.007,1539,1535,1520,1501,10.00,10.06,29.94,39.83
1787304209.299,22.192,True,1,2.346,2.107,-0.063,-0.406,9.455,9.449,0.302,2.433,0.466,2.456,0.482,0.579,-0.041,-0.068,-1.74,7.46,151.40,-0.04,6.15,0.177,-0.137,0.007,1539,1535,1520,1501,10.00,10.06,39.94,49.83
1787304209.309,22.202,True,1,2.346,2.110,-0.063,-0.396,9.465,9.459,0.302,2.433,0.466,2.455,0.481,0.579,-0.041,-0.068,-1.74,7.46,151.40,-0.04,6.15,0.176,-0.137,0.007,1539,1535,1520,1501,10.00,10.06,49.94,59.83
1787304209.319,22.213,True,1,2.382,2.113,-0.102,-0.418,9.438,9.420,0.301,2.425,0.458,2.454,0.480,0.581,0.009,-0.034,-1.82,8.54,151.37,0.54,5.87,0.245,-0.280,0.003,1546,1550,1520,1500,10.00,10.06,-0.47,-0.52
1787304209.329,22.222,True,1,2.382,2.116,-0.102,-0.409,9.448,9.430,0.301,2.425,0.458,2.453,0.480,0.581,0.009,-0.034,-1.82,8.54,151.37,0.53,5.87,0.244,-0.280,0.003,1546,1550,1520,1500,10.00,10.06,9.53,9.48
1787304209.339,22.232,True,1,2.382,2.119,-0.102,-0.399,9.457,9.439,0.301,2.425,0.458,2.452,0.479,0.581,0.009,-0.034,-1.82,8.54,151.37,0.52,5.88,0.243,-0.280,0.003,1546,1550,1520,1501,9.99,10.06,19.52,19.48
1787304209.349,22.242,True,1,2.382,2.122,-0.102,-0.390,9.467,9.449,0.302,2.425,0.458,2.451,0.478,0.581,0.009,-0.034,-1.82,8.54,151.37,0.51,5.88,0.243,-0.279,0.003,1546,1550,1520,1501,10.00,10.06,29.53,29.48
1787304209.359,22.252,True,1,2.382,2.125,-0.102,-0.381,9.476,9.458,0.302,2.425,0.458,2.450,0.477,0.581,0.009,-0.034,-1.82,8.54,151.37,0.51,5.89,0.242,-0.279,0.003,1546,1550,1520,1501,10.00,10.06,39.52,39.48
1787304209.369,22.262,True,1,2.382,2.128,-0.102,-0.371,9.486,9.468,0.302,2.425,0.458,2.450,0.477,0.581,0.009,-0.034,-1.82,8.54,151.37,0.50,5.89,0.241,-0.278,0.004,1546,1550,1520,1502,10.00,10.06,49.53,49.48
1787304209.379,22.273,True,1,2.401,2.131,-0.120,-0.382,9.471,9.432,0.301,2.424,0.455,2.449,0.476,0.579,0.035,-0.033,-2.23,10.01,151.31,0.63,5.66,0.297,-0.455,-0.003,1552,1569,1479,1500,10.00,10.06,-0.37,-0.42
1787304209.389,22.282,True,1,2.401,2.134,-0.120,-0.373,9.481,9.441,0.301,2.424,0.455,2.448,0.475,0.579,0.035,-0.033,-2.04,10.20,151.31,0.63,5.67,0.277,-0.475,-0.002,1550,1571,1479,1501,10.00,10.06,-0.07,9.58
1787304209.399,22.292,True,1,2.406,2.137,-0.172,-0.227,9.626,9.586,0.306,2.424,0.454,2.447,0.475,0.578,0.027,-0.048,-1.99,10.20,151.31,0.43,5.59,0.251,-0.482,-0.002,1547,1572,1479,1506,10.00,10.06,-0.10,-0.05
1787304209.409,22.302,True,1,2.406,2.140,-0.172,-0.217,9.635,9.596,0.306,2.424,0.454,2.446,0.474,0.578,0.027,-0.048,-1.99,10.20,151.31,0.43,5.60,0.250,-0.482,-0.002,1547,1572,1479,1506,10.00,10.06,9.90,9.95
1787304209.419,22.312,True,1,2.406,2.143,-0.172,-0.208,9.645,9.605,0.307,2.424,0.454,2.446,0.473,0.578,0.027,-0.048,-1.99,10.20,151.31,0.42,5.60,0.250,-0.482,-0.002,1547,1572,1479,1507,10.00,10.06,19.90,19.95
1787304209.429,22.322,True,1,2.406,2.146,-0.172,-0.199,9.654,9.615,0.307,2.424,0.454,2.445,0.473,0.578,0.027,-0.048,-1.99,10.20,151.31,0.42,5.61,0.249,-0.481,-0.002,1547,1572,1479,1507,10.00,10.06,29.90,29.95
1787304209.439,22.333,True,1,2.413,2.149,-0.163,-0.242,9.611,9.576,0.306,2.425,0.452,2.444,0.472,0.577,0.043,-0.021,-1.62,9.90,151.36,0.75,5.62,0.246,-0.448,-0.000,1547,1568,1479,1506,10.00,10.06,-0.22,-0.17
1787304209.449,22.342,True,1,2.413,2.152,-0.163,-0.233,9.621,9.586,0.306,2.425,0.452,2.444,0.471,0.577,0.043,-0.021,-1.62,9.90,151.36,0.74,5.63,0.246,-0.448,-0.000,1546,1568,1479,1506,10.00,10.06,9.78,9.83
1787304209.459,22.352,True,1,2.413,2.155,-0.163,-0.224,9.630,9.595,0.306,2.425,0.452,2.443,0.471,0.577,0.043,-0.021,-1.62,9.90,151.36,0.74,5.63,0.245,-0.447,-0.000,1546,1568,1479,1506,10.00,10.06,19.78,19.83
1787304209.469,22.362,True,1,2.413,2.158,-0.163,-0.214,9.640,9.605,0.307,2.425,0.452,2.442,0.470,0.577,0.043,-0.021,-1.62,9.90,151.36,0.73,5.63,0.245,-0.447,-0.000,1546,1568,1479,1507,10.00,10.06,29.78,29.83
1787304209.479,22.373,True,1,2.433,2.161,-0.222,-0.111,9.736,9.709,0.310,2.427,0.448,2.442,0.469,0.572,0.078,-0.037,-0.65,9.28,151.40,0.75,5.17,0.145,-0.430,0.006,1536,1566,1520,1510,10.00,10.06,-0.30,-0.35
1787304209.489,22.382,True,1,2.433,2.164,-0.222,-0.101,9.746,9.718,0.310,2.427,0.448,2.441,0.469,0.572,0.078,-0.037,-0.65,9.28,151.40,0.75,5.18,0.145,-0.429,0.006,1536,1566,1520,1511,10.00,10.06,9.70,9.65
1787304209.499,22.392,True,1,2.433,2.167,-0.222,-0.092,9.755,9.727,0.310,2.427,0.448,2.441,0.468,0.572,0.078,-0.037,-0.65,9.28,151.40,0.74,5.18,0.144,-0.429,0.006,1535,1566,1520,1511,10.00,10.06,19.70,19.65
1787304209.509,22.402,True,1,2.433,2.170,-0.222,-0.083,9.765,9.737,0.311,2.427,0.448,2.440,0.467,0.572,0.078,-0.037,-0.65,9.28,151.40,0.74,5.18,0.144,-0.429,0.006,1535,1566,1520,1511,10.00,10.06,29.70,29.65
1787304209.519,22.412,True,1,2.433,2.173,-0.222,-0.073,9.774,9.746,0.311,2.427,0.448,2.440,0.466,0.572,0.078,-0.037,-0.65,9.28,151.40,0.73,5.18,0.143,-0.429,0.006,1535,1566,1520,1512,10.00,10.06,39.70,39.65
1787304209.529,22.422,True,1,2.433,2.176,-0.222,-0.064,9.784,9.756,0.311,2.427,0.448,2.440,0.466,0.572,0.078,-0.037,-0.65,9.28,151.40,0.73,5.18,0.143,-0.429,0.006,1535,1566,1520,1512,10.00,10.06,49.70,49.65
1787304209.539,22.432,True,1,2.433,2.179,-0.222,-0.054,9.793,9.765,0.312,2.427,0.448,2.439,0.465,0.572,0.078,-0.037,-0.65,9.28,151.40,0.72,5.19,0.142,-0.428,0.006,1535,1566,1520,1513,10.00,10.06,59.70,59.65
1787304209.549,22.442,True,1,2.433,2.182,-0.222,-0.045,9.803,9.775,0.312,2.427,0.448,2.439,0.465,0.572,0.078,-0.037,-0.65,9.28,151.40,0.72,5.19,0.142,-0.428,0.006,1535,1566,1520,1513,10.00,10.06,69.70,69.65
1787304209.559,22.452,True,1,2.433,2.185,-0.222,-0.035,9.812,9.785,0.312,2.427,0.448,2.438,0.464,0.572,0.078,-0.037,-0.65,9.28,151.40,0.71,5.19,0.141,-0.428,0.006,1535,1566,1520,1513,10.00,10.06,79.70,79.65
1787304209.570,22.463,True,1,2.453,2.188,-0.302,0.135,9.980,9.971,0.318,2.436,0.442,2.438,0.463,0.563,0.099,-0.037,1.17,7.19,150.09,0.69,4.94,-0.059,-0.234,0.073,1473,1545,1530,1520,10.00,10.06,-0.56,-0.61
1787304209.579,22.472,True,1,2.453,2.191,-0.302,0.144,9.989,9.983,0.319,2.436,0.442,2.438,0.463,0.563,0.099,-0.037,1.43,6.78,150.04,0.68,4.94,-0.087,-0.191,0.075,1470,1541,1530,1520,10.00,10.06,-0.06,9.39
1787304209.589,22.482,True,1,2.456,2.194,-0.307,0.158,10.003,9.998,0.319,2.437,0.441,2.438,0.462,0.561,0.111,-0.022,1.71,6.43,150.02,0.87,4.91,-0.095,-0.157,0.076,1469,1537,1530,1521,10.00,10.06,-0.10,-0.05
1787304209.599,22.492,True,1,2.456,2.197,-0.307,0.168,10.012,10.008,0.319,2.437,0.441,2.438,0.461,0.561,0.111,-0.022,1.71,6.43,150.02,0.87,4.91,-0.096,-0.157,0.076,1469,1537,1530,1521,10.00,10.06,9.90,9.95
1787304209.609,22.502,True,1,2.456,2.200,-0.307,0.177,10.022,10.017,0.320,2.437,0.441,2.438,0.461,0.561,0.111,-0.022,1.71,6.43,150.02,0.87,4.91,-0.096,-0.157,0.076,1469,1537,1530,1522,10.00,10.06,19.90,19.95
1787304209.619,22.512,True,1,2.456,2.203,-0.307,0.187,10.031,10.027,0.320,2.437,0.441,2.438,0.460,0.561,0.111,-0.022,1.71,6.43,150.02,0.86,4.91,-0.096,-0.157,0.076,1469,1537,1530,1522,10.00,10.06,29.90,29.95
1787304209.629,22.522,True,1,2.456,2.206,-0.307,0.196,10.041,10.036,0.320,2.437,0.441,2.438,0.459,0.561,0.111,-0.022,1.71,6.43,150.02,0.86,4.91,-0.097,-0.157,0.076,1469,1537,1530,1522,10.00,10.06,39.90,39.95
1787304209.639,22.532,True,1,2.456,2.209,-0.307,0.206,10.050,10.046,0.321,2.437,0.441,2.438,0.459,0.561,0.111,-0.022,1.71,6.43,150.02,0.86,4.91,-0.097,-0.157,0.076,1469,1537,1530,1523,10.00,10.06,49.90,49.95
1787304209.649,22.543,True,1,2.464,2.212,-0.382,0.405,10.246,10.241,0.327,2.444,0.437,2.438,0.458,0.553,0.115,-0.052,2.35,4.94,149.75,0.57,4.63,-0.193,-0.029,0.084,1458,1523,1531,1530,10.00,10.06,-0.40,-0.45
1787304209.659,22.552,True,1,2.464,2.215,-0.382,0.415,10.256,10.250,0.327,2.444,0.437,2.438,0.457,0.553,0.115,-0.052,2.35,4.94,149.75,0.57,4.63,-0.193,-0.029,0.084,1458,1523,1531,1530,10.00,10.06,9.60,9.55
1787304209.669,22.562,True,1,2.464,2.218,-0.382,0.425,10.265,10.260,0.327,2.444,0.437,2.439,0.457,0.553,0.115,-0.052,2.35,4.94,149.75,0.57,4.63,-0.194,-0.029,0.084,1458,1523,1531,1530,10.00,10.06,19.60,19.55
1787304209.679,22.572,True,1,2.464,2.221,-0.382,0.434,10.275,10.270,0.328,2.444,0.437,2.439,0.456,0.553,0.115,-0.052,2.35,4.94,149.75,0.57,4.63,-0.194,-0.030,0.084,1458,1523,1531,1531,10.00,10.06,29.60,29.55
1787304209.689,22.582,True,1,2.464,2.224,-0.382,0.444,10.284,10.279,0.328,2.444,0.437,2.439,0.455,0.553,0.115,-0.052,2.35,4.94,149.75,0.56,4.62,-0.194,-0.030,0.084,1458,1523,1531,1531,10.01,10.07,39.61,39.56
1787304209.699,22.592,True,1,2.464,2.227,-0.382,0.453,10.294,10.289,0.328,2.444,0.437,2.439,0.455,0.553,0.115,-0.052,2.35,4.94,149.75,0.56,4.62,-0.195,-0.030,0.084,1458,1523,1531,1531,9.99,10.06,49.60,49.55
1787304209.709,22.602,True,1,2.464,2.230,-0.382,0.463,10.304,10.298,0.329,2.444,0.437,2.439,0.454,0.553,0.115,-0.052,2.35,4.94,149.75,0.56,4.62,-0.195,-0.030,0.084,1458,1523,1531,1532,10.00,10.06,59.60,59.55
1787304209.719,22.613,True,1,2.462,2.233,-0.409,0.563,10.406,10.393,0.332,2.449,0.435,2.440,0.454,0.547,0.098,-0.046,2.81,3.02,149.61,0.50,4.76,-0.246,0.186,0.080,1452,1459,1531,1535,10.00,10.06,-0.48,-0.43
1787304209.729,22.622,True,1,2.462,2.236,-0.409,0.573,10.416,10.402,0.332,2.449,0.435,2.440,0.453,0.547,0.098,-0.046,2.81,3.02,149.61,0.50,4.76,-0.246,0.186,0.080,1452,1459,1531,1535,10.00,10.07,9.52,9.57
1787304209.739,22.632,True,1,2.465,2.239,-0.451,0.696,10.539,10.526,0.336,2.450,0.433,2.440,0.452,0.545,0.092,-0.050,2.73,2.92,149.60,0.43,4.73,-0.246,0.193,0.080,1452,1458,1531,1539,9.99,10.06,-0.11,-0.15
1787304209.749,22.642,True,1,2.465,2.242,-0.451,0.706,10.549,10.535,0.336,2.450,0.433,2.441,0.452,0.545,0.092,-0.050,2.73,2.92,149.60,0.43,4.73,-0.246,0.193,0.080,1452,1458,1531,1540,10.00,10.06,9.90,9.85
1787304209.759,22.652,True,1,2.465,2.245,-0.451,0.716,10.559,10.545,0.337,2.450,0.433,2.441,0.451,0.545,0.092,-0.050,2.73,2.92,149.60,0.43,4.72,-0.246,0.193,0.080,1452,1458,1531,1540,10.00,10.06,19.89,19.85
1787304209.769,22.662,True,1,2.465,2.248,-0.451,0.726,10.569,10.555,0.337,2.450,0.433,2.441,0.450,0.545,0.092,-0.050,2.73,2.92,149.60,0.43,4.72,-0.246,0.193,0.080,1452,1458,1531,1540,10.00,10.06,29.89,29.85
1787304209.779,22.672,True,1,2.465,2.251,-0.451,0.736,10.579,10.565,0.337,2.450,0.433,2.442,0.450,0.545,0.092,-0.050,2.73,2.92,149.60,0.42,4.72,-0.246,0.193,0.080,1452,1458,1531,1541,10.00,10.06,39.89,39.85
1787304209.789,22.682,True,1,2.465,2.254,-0.451,0.746,10.588,10.575,0.338,2.450,0.433,2.442,0.449,0.545,0.092,-0.050,2.73,2.92,149.60,0.42,4.72,-0.247,0.192,0.080,1452,1458,1531,1541,10.00,10.06,49.90,49.85
1787304209.799,22.692,True,1,2.465,2.257,-0.451,0.756,10.598,10.585,0.338,2.450,0.433,2.442,0.449,0.545,0.092,-0.050,2.73,2.92,149.60,0.42,4.72,-0.247,0.192,0.080,1452,1458,1531,1542,10.00,10.06,59.90,59.85
1787304209.809,22.702,True,1,2.465,2.260,-0.451,0.766,10.608,10.594,0.338,2.450,0.433,2.442,0.448,0.545,0.092,-0.050,2.73,2.92,149.60,0.42,4.71,-0.247,0.192,0.080,1452,1458,1531,1542,10.00,10.06,69.89,69.85
1787304209.820,22.713,True,1,2.460,2.263,-0.438,0.759,10.606,10.589,0.338,2.454,0.431,2.443,0.448,0.541,0.071,-0.035,2.29,2.35,149.45,0.43,4.97,-0.199,0.278,0.085,1458,1449,1531,1542,10.00,10.06,-0.58,-0.53
1787304209.829,22.722,True,1,2.460,2.266,-0.438,0.769,10.616,10.599,0.338,2.454,0.431,2.443,0.447,0.541,0.071,-0.035,2.29,2.35,149.45,0.43,4.97,-0.199,0.278,0.085,1458,1449,1531,1542,10.00,10.06,9.42,9.47
1787304209.839,22.732,True,1,2.460,2.269,-0.438,0.779,10.626,10.609,0.339,2.454,0.431,2.444,0.447,0.541,0.071,-0.035,2.29,2.35,149.45,0.43,4.97,-0.199,0.278,0.085,1458,1449,1531,1542,10.00,10.06,19.42,19.47
1787304209.849,22.742,True,1,2.460,2.272,-0.438,0.789,10.636,10.619,0.339,2.454,0.431,2.444,0.446,0.541,0.071,-0.035,2.29,2.35,149.45,0.43,4.96,-0.199,0.278,0.085,1458,1449,1531,1543,10.00,10.06,29.42,29.47
1787304209.859,22.752,True,1,2.460,2.275,-0.438,0.799,10.646,10.629,0.339,2.454,0.431,2.444,0.446,0.541,0.071,-0.035,2.29,2.35,149.45,0.42,4.96,-0.199,0.277,0.085,1457,1449,1531,1543,10.00,10.06,39.42,39.47
1787304209.869,22.762,True,1,2.460,2.278,-0.438,0.810,10.656,10.640,0.340,2.454,0.431,2.445,0.445,0.541,0.071,-0.035,2.29,2.35,149.45,0.42,4.96,-0.200,0.277,0.085,1457,1449,1531,1543,10.00,10.07,49.42,49.47
1787304209.879,22.772,True,1,2.460,2.281,-0.438,0.820,10.667,10.650,0.340,2.454,0.431,2.445,0.445,0.541,0.071,-0.035,2.29,2.35,149.45,0.42,4.96,-0.200,0.277,0.085,1457,1449,1531,1544,10.00,10.06,59.42,59.47
1787304209.889,22.782,True,1,2.460,2.284,-0.438,0.830,10.677,10.660,0.340,2.454,0.431,2.445,0.444,0.541,0.071,-0.035,2.29,2.35,149.45,0.42,4.96,-0.200,0.277,0.085,1457,1449,1531,1544,10.00,10.06,69.42,69.47
1787304209.900,22.793,True,1,2.457,2.287,-0.427,0.816,10.666,10.656,0.340,2.457,0.429,2.446,0.444,0.538,0.062,-0.016,1.13,2.67,149.26,0.51,5.13,-0.069,0.260,0.099,1472,1451,1533,1544,10.00,10.06,-0.52,-0.57
1787304209.909,22.802,True,1,2.457,2.290,-0.427,0.827,10.676,10.666,0.340,2.457,0.429,2.446,0.443,0.538,0.062,-0.016,1.13,2.67,149.26,0.51,5.12,-0.069,0.259,0.099,1472,1451,1533,1544,10.00,10.06,9.48,9.43
1787304209.919,22.812,True,1,2.457,2.293,-0.427,0.837,10.687,10.676,0.341,2.457,0.429,2.446,0.443,0.538,0.062,-0.016,1.13,2.67,149.26,0.51,5.12,-0.069,0.259,0.099,1472,1451,1533,1545,10.00,10.06,19.48,19.43
1787304209.929,22.822,True,1,2.457,2.296,-0.427,0.847,10.697,10.687,0.341,2.457,0.429,2.447,0.442,0.538,0.062,-0.016,1.13,2.67,149.26,0.51,5.12,-0.069,0.259,0.099,1472,1451,1533,1545,10.00,10.06,29.48,29.43
1787304209.939,22.833,True,1,2.458,2.299,-0.403,0.784,10.637,10.630,0.339,2.458,0.429,2.447,0.442,0.537,0.051,-0.005,0.07,3.34,149.06,0.53,5.31,0.042,0.206,0.113,1524,1457,1535,1543,10.00,10.06,-0.27,-0.32
1787304209.949,22.842,True,1,2.458,2.302,-0.403,0.795,10.647,10.641,0.340,2.458,0.429,2.447,0.441,0.537,0.051,-0.005,0.07,3.34,149.06,0.53,5.31,0.042,0.206,0.113,1524,1457,1535,1543,10.00,10.06,9.73,9.69
1787304209.959,22.852,True,1,2.458,2.305,-0.403,0.805,10.658,10.651,0.340,2.458,0.429,2.448,0.441,0.537,0.051,-0.005,0.07,3.34,149.06,0.53,5.30,0.042,0.206,0.113,1524,1457,1535,1544,10.00,10.06,19.73,19.68
1787304209.969,22.862,True,1,2.458,2.308,-0.403,0.816,10.668,10.662,0.340,2.458,0.429,2.448,0.441,0.537,0.051,-0.005,0.07,3.34,149.06,0.53,5.30,0.042,0.205,0.113,1524,1457,1535,1544,10.00,10.06,29.73,29.69
1787304209.979,22.873,True,1,2.457,2.311,-0.396,0.805,10.657,10.652,0.340,2.460,0.429,2.448,0.440,0.535,0.061,-0.001,-0.65,3.87,148.83,0.59,5.25,0.122,0.143,0.125,1533,1464,1537,1544,10.00,10.06,-0.26,-0.30
1787304209.989,22.882,True,1,2.457,2.314,-0.396,0.816,10.668,10.662,0.340,2.460,0.429,2.449,0.440,0.535,0.061,-0.001,-0.65,3.87,148.83,0.59,5.24,0.122,0.143,0.125,1533,1464,1537,1544,10.00,10.06,9.74,9.70
1787304209.999,22.892,True,1,2.457,2.317,-0.396,0.827,10.679,10.673,0.341,2.460,0.429,2.449,0.440,0.535,0.061,-0.001,-0.65,3.87,148.83,0.59,5.24,0.122,0.142,0.125,1533,1464,1537,1545,10.00,10.06,19.74,19.69
1787304210.009,22.902,True,1,2.457,2.320,-0.396,0.837,10.689,10.684,0.341,2.460,0.429,2.450,0.439,0.535,0.061,-0.001,-0.65,3.87,148.83,0.59,5.24,0.122,0.142,0.125,1533,1464,1537,1545,10.00,10.06,29.74,29.69
1787304210.019,22.912,True,1,2.457,2.323,-0.396,0.848,10.700,10.694,0.341,2.460,0.429,2.450,0.439,0.535,0.061,-0.001,-0.65,3.87,148.83,0.59,5.24,0.122,0.142,0.125,1533,1464,1537,1545,10.00,10.06,39.74,39.70
1787304210.029,22.922,True,1,2.457,2.326,-0.396,0.859,10.711,10.705,0.342,2.460,0.429,2.450,0.439,0.535,0.061,-0.001,-0.65,3.87,148.83,0.59,5.24,0.122,0.142,0.125,1533,1464,1537,1546,10.00,10.06,49.74,49.70
1787304210.039,22.933,True,1,2.461,2.329,-0.330,0.656,10.511,10.503,0.335,2.463,0.430,2.451,0.438,0.533,0.064,0.028,-1.30,4.50,148.58,0.83,5.46,0.213,0.097,0.136,1543,1469,1538,1539,10.00,10.06,-0.36,-0.41
1787304210.049,22.942,True,1,2.461,2.332,-0.330,0.667,10.522,10.513,0.336,2.463,0.430,2.451,0.438,0.533,0.064,0.028,-1.30,4.50,148.58,0.83,5.46,0.213,0.097,0.136,1543,1469,1538,1539,10.00,10.06,9.64,9.59
1787304210.059,22.952,True,1,2.463,2.335,-0.351,0.734,10.589,10.578,0.338,2.464,0.430,2.452,0.438,0.533,0.082,0.041,-1.47,4.80,148.48,1.03,5.34,0.249,0.053,0.139,1547,1474,1539,1541,10.00,10.06,-0.17,-0.12
1787304210.069,22.962,True,1,2.463,2.338,-0.351,0.745,10.599,10.589,0.338,2.464,0.430,2.452,0.437,0.533,0.082,0.041,-1.47,4.80,148.48,1.02,5.34,0.249,0.053,0.139,1547,1474,1539,1542,10.00,10.06,9.84,9.88
1787304210.079,22.972,True,1,2.463,2.341,-0.351,0.756,10.610,10.600,0.338,2.464,0.430,2.452,0.437,0.533,0.082,0.041,-1.47,4.80,148.48,1.02,5.34,0.249,0.052,0.139,1547,1474,1539,1542,10.00,10.06,19.83,19.88
1787304210.089,22.982,True,1,2.463,2.344,-0.351,0.767,10.621,10.611,0.339,2.464,0.430,2.453,0.437,0.533,0.082,0.041,-1.47,4.80,148.48,1.02,5.33,0.249,0.052,0.139,1547,1474,1539,1542,10.00,10.06,29.83,29.88
1787304210.099,22.992,True,1,2.463,2.347,-0.351,0.778,10.632,10.621,0.339,2.464,0.430,2.453,0.437,0.533,0.082,0.041,-1.47,4.80,148.48,1.02,5.33,0.249,0.052,0.139,1547,1474,1539,1543,10.00,10.06,39.83,39.88
1787304210.109,23.002,True,1,2.463,2.350,-0.351,0.788,10.643,10.632,0.339,2.464,0.430,2.453,0.437,0.533,0.082,0.041,-1.47,4.80,148.48,1.02,5.33,0.249,0.052,0.139,1547,1474,1539,1543,10.00,10.06,49.83,49.88
1787304210.119,23.012,True,1,2.463,2.353,-0.351,0.799,10.654,10.643,0.340,2.464,0.430,2.454,0.436,0.533,0.082,0.041,-1.47,4.80,148.48,1.02,5.33,0.249,0.051,0.139,1547,1474,1539,1544,10.00,10.06,59.83,59.88
1787304210.129,23.022,True,1,2.463,2.356,-0.351,0.810,10.665,10.654,0.340,2.464,0.430,2.454,0.436,0.533,0.082,0.041,-1.47,4.80,148.48,1.02,5.32,0.249,0.051,0.139,1547,1474,1539,1544,10.00,10.06,69.83,69.88
1787304210.139,23.032,True,1,2.463,2.359,-0.351,0.821,10.676,10.665,0.340,2.464,0.430,2.455,0.436,0.533,0.082,0.041,-1.47,4.80,148.48,1.02,5.32,0.249,0.051,0.139,1547,1474,1539,1544,10.00,10.06,79.83,79.88
1787304210.150,23.043,True,1,2.467,2.362,-0.284,0.613,10.465,10.452,0.334,2.472,0.433,2.455,0.436,0.527,0.118,0.054,-1.47,5.82,148.59,1.34,5.19,0.281,-0.069,0.131,1550,1527,1538,1537,10.00,10.06,-0.60,-0.55
1787304210.159,23.052,True,1,2.467,2.365,-0.284,0.624,10.476,10.463,0.334,2.472,0.433,2.456,0.436,0.527,0.118,0.054,-1.47,5.82,148.59,1.34,5.19,0.281,-0.070,0.131,1550,1527,1538,1537,10.00,10.06,9.40,9.45
1787304210.169,23.062,True,1,2.467,2.368,-0.284,0.635,10.487,10.474,0.334,2.472,0.433,2.456,0.436,0.527,0.118,0.054,-1.47,5.82,148.59,1.34,5.19,0.282,-0.070,0.131,1550,1527,1538,1538,10.00,10.06,19.40,19.45
1787304210.179,23.072,True,1,2.467,2.371,-0.284,0.646,10.498,10.485,0.335,2.472,0.433,2.457,0.435,0.527,0.118,0.054,-1.47,5.82,148.59,1.34,5.18,0.282,-0.070,0.131,1550,1527,1538,1538,10.00,10.06,29.40,29.45
1787304210.189,23.082,True,1,2.467,2.374,-0.284,0.657,10.510,10.496,0.335,2.472,0.433,2.457,0.435,0.527,0.118,0.054,-1.47,5.82,148.59,1.35,5.18,0.282,-0.071,0.131,1550,1527,1538,1538,10.00,10.06,39.40,39.45
1787304210.199,23.092,True,1,2.467,2.377,-0.284,0.668,10.521,10.507,0.335,2.472,0.433,2.458,0.435,0.527,0.118,0.054,-1.47,5.82,148.59,1.35,5.18,0.282,-0.071,0.131,1550,1527,1538,1539,10.00,10.06,49.41,49.45
1787304210.209,23.102,True,1,2.467,2.380,-0.284,0.679,10.532,10.518,0.336,2.472,0.433,2.458,0.435,0.527,0.118,0.054,-1.47,5.82,148.59,1.35,5.17,0.282,-0.071,0.131,1550,1527,1538,1539,10.00,10.06,59.40,59.45
1787304210.219,23.112,True,1,2.467,2.383,-0.284,0.690,10.543,10.530,0.336,2.472,0.433,2.459,0.435,0.527,0.118,0.054,-1.47,5.82,148.59,1.35,5.17,0.282,-0.071,0.131,1550,1527,1538,1540,10.00,10.06,69.40,69.45
1787304210.230,23.123,True,1,2.481,2.386,-0.214,0.437,10.287,10.278,0.328,2.483,0.436,2.460,0.435,0.521,0.153,0.054,-0.22,6.50,149.14,1.62,4.99,0.180,-0.158,0.108,1539,1537,1535,1531,10.00,10.06,-0.52,-0.57
1787304210.239,23.132,True,1,2.481,2.389,-0.214,0.448,10.298,10.289,0.328,2.483,0.436,2.460,0.435,0.521,0.153,0.054,-0.22,6.50,149.14,1.62,4.99,0.180,-0.158,0.108,1539,1537,1535,1531,10.00,10.06,9.48,9.43
1787304210.249,23.142,True,1,2.481,2.392,-0.214,0.459,10.309,10.300,0.329,2.483,0.436,2.461,0.435,0.521,0.153,0.054,-0.22,6.50,149.14,1.62,4.99,0.180,-0.159,0.108,1539,1537,1535,1532,10.00,10.06,19.48,19.43
1787304210.259,23.152,True,1,2.481,2.395,-0.214,0.470,10.320,10.311,0.329,2.483,0.436,2.462,0.435,0.521,0.153,0.054,-0.22,6.50,149.14,1.62,4.98,0.181,-0.159,0.108,1539,1537,1535,1532,10.00,10.06,29.48,29.43
1787304210.269,23.162,True,1,2.481,2.398,-0.214,0.482,10.331,10.322,0.329,2.483,0.436,2.463,0.435,0.521,0.153,0.054,-0.22,6.50,149.14,1.62,4.98,0.181,-0.160,0.108,1539,1537,1535,1532,10.00,10.06,39.48,39.43
1787304210.279,23.172,True,1,2.481,2.401,-0.214,0.493,10.343,10.334,0.330,2.483,0.436,2.463,0.435,0.521,0.153,0.054,-0.22,6.50,149.14,1.62,4.98,0.181,-0.160,0.108,1539,1537,1535,1533,10.00,10.06,49.48,49.43
1787304210.289,23.182,True,1,2.481,2.404,-0.214,0.504,10.354,10.345,0.330,2.483,0.436,2.464,0.435,0.521,0.153,0.054,-0.22,6.50,149.14,1.63,4.97,0.181,-0.160,0.108,1539,1537,1535,1533,10.00,10.06,59.48,59.43
1787304210.299,23.192,True,1,2.481,2.407,-0.214,0.515,10.365,10.356,0.331,2.483,0.436,2.465,0.435,0.521,0.153,0.054,-0.22,6.50,149.14,1.63,4.97,0.181,-0.161,0.108,1539,1537,1535,1534,10.00,10.06,69.48,69.43
1787304210.310,23.203,True,1,2.491,2.410,-0.189,0.410,10.255,10.247,0.327,2.496,0.439,2.466,0.435,0.514,0.189,0.041,1.20,6.80,149.76,1.77,4.62,0.050,-0.226,0.087,1525,1544,1532,1530,10.00,10.06,-0.55,-0.60
1787304210.319,23.212,True,1,2.491,2.413,-0.189,0.421,10.266,10.258,0.327,2.496,0.439,2.467,0.436,0.514,0.189,0.041,1.20,6.80,149.76,1.77,4.62,0.050,-0.227,0.087,1525,1544,1532,1530,10.00,10.07,9.46,9.41
1787304210.329,23.222,True,1,2.491,2.416,-0.189,0.432,10.277,10.269,0.328,2.496,0.439,2.468,0.436,0.514,0.189,0.041,1.20,6.80,149.76,1.78,4.61,0.051,-0.227,0.087,1525,1544,1532,1531,9.99,10.06,19.45,19.40
1787304210.339,23.233,True,1,2.497,2.419,-0.166,0.349,10.193,10.184,0.325,2.502,0.440,2.469,0.436,0.510,0.205,0.038,1.87,6.82,150.04,1.88,4.49,-0.008,-0.242,0.078,1479,1546,1530,1528,10.00,10.06,-0.17,-0.22
1787304210.349,23.242,True,1,2.497,2.422,-0.166,0.361,10.204,10.196,0.325,2.502,0.440,2.470,0.436,0.510,0.205,0.038,1.87,6.82,150.04,1.88,4.48,-0.007,-0.242,0.078,1479,1546,1530,1528,10.00,10.06,9.83,9.78
1787304210.359,23.252,True,1,2.497,2.425,-0.166,0.372,10.215,10.207,0.326,2.502,0.440,2.471,0.436,0.510,0.205,0.038,1.87,6.82,150.04,1.89,4.48,-0.007,-0.243,0.078,1479,1546,1530,1528,10.00,10.06,19.83,19.78
1787304210.369,23.263,True,1,2.502,2.428,-0.162,0.352,10.195,10.186,0.325,2.505,0.441,2.472,0.436,0.508,0.211,0.041,2.40,6.75,150.28,1.97,4.44,-0.053,-0.239,0.070,1474,1546,1529,1528,10.00,10.06,-0.16,-0.21
1787304210.379,23.272,True,1,2.502,2.431,-0.162,0.363,10.206,10.198,0.325,2.505,0.441,2.473,0.436,0.508,0.211,0.041,2.63,6.63,150.43,1.98,4.43,-0.074,-0.227,0.064,1471,1544,1528,1528,10.00,10.06,-0.06,9.79
1787304210.389,23.282,True,1,2.505,2.434,-0.149,0.326,10.168,10.159,0.324,2.507,0.441,2.474,0.437,0.507,0.212,0.027,2.86,6.58,150.51,1.88,4.37,-0.108,-0.229,0.061,1468,1545,1528,1527,10.00,10.06,-0.10,-0.05
1787304210.399,23.292,True,1,2.505,2.437,-0.149,0.338,10.179,10.170,0.325,2.507,0.441,2.475,0.437,0.507,0.212,0.027,2.86,6.58,150.51,1.89,4.36,-0.107,-0.229,0.061,1468,1545,1528,1527,10.00,10.06,9.90,9.95
1787304210.409,23.302,True,1,2.505,2.440,-0.149,0.349,10.191,10.181,0.325,2.507,0.441,2.476,0.437,0.507,0.212,0.027,2.86,6.58,150.51,1.89,4.36,-0.107,-0.230,0.061,1468,1545,1528,1527,10.00,10.06,19.90,19.95
1787304210.419,23.312,True,1,2.505,2.443,-0.149,0.360,10.202,10.193,0.325,2.507,0.441,2.478,0.437,0.507,0.212,0.027,2.86,6.58,150.51,1.89,4.35,-0.107,-0.230,0.061,1468,1545,1528,1528,10.00,10.06,29.90,29.95
1787304210.429,23.322,True,1,2.505,2.446,-0.149,0.372,10.213,10.204,0.326,2.507,0.441,2.478,0.437,0.507,0.212,0.027,2.86,6.58,150.51,1.90,4.35,-0.106,-0.231,0.061,1468,1545,1528,1528,10.00,10.06,39.90,39.95
1787304210.439,23.332,True,1,2.505,2.449,-0.149,0.383,10.225,10.216,0.326,2.507,0.441,2.479,0.437,0.507,0.212,0.027,2.86,6.58,150.51,1.90,4.34,-0.106,-0.231,0.061,1468,1545,1528,1529,10.00,10.06,49.90,49.95
1787304210.449,23.342,True,1,2.505,2.452,-0.149,0.395,10.236,10.227,0.326,2.507,0.441,2.480,0.437,0.507,0.212,0.027,2.86,6.58,150.51,1.90,4.34,-0.106,-0.232,0.061,1468,1545,1528,1529,10.00,10.06,59.90,59.95
1787304210.459,23.353,True,1,2.518,2.455,-0.138,0.322,10.161,10.153,0.324,2.519,0.442,2.482,0.438,0.498,0.220,0.015,3.50,5.91,151.10,1.90,4.22,-0.170,-0.176,0.035,1461,1539,1524,1526,10.00,10.06,-0.42,-0.47
1787304210.469,23.362,True,1,2.518,2.458,-0.138,0.333,10.173,10.164,0.324,2.519,0.442,2.483,0.438,0.498,0.220,0.015,3.50,5.91,151.10,1.91,4.21,-0.170,-0.176,0.035,1461,1539,1524,1527,10.00,10.06,9.59,9.54
1787304210.479,23.372,True,1,2.521,2.461,-0.126,0.295,10.135,10.128,0.323,2.521,0.442,2.484,0.438,0.497,0.213,0.015,3.56,5.53,151.34,1.91,4.28,-0.175,-0.130,0.022,1460,1534,1523,1526,10.00,10.06,-0.16,-0.11
1787304210.489,23.382,True,1,2.521,2.464,-0.126,0.306,10.146,10.140,0.324,2.521,0.442,2.485,0.438,0.497,0.213,0.015,3.56,5.53,151.34,1.91,4.27,-0.174,-0.131,0.022,1460,1534,1523,1526,10.00,10.06,9.84,9.89
1787304210.499,23.392,True,1,2.521,2.467,-0.126,0.317,10.158,10.151,0.324,2.521,0.442,2.487,0.438,0.497,0.213,0.015,3.56,5.53,151.34,1.91,4.27,-0.174,-0.131,0.022,1460,1534,1523,1526,10.00,10.06,19.84,19.89
1787304210.509,23.402,True,1,2.521,2.470,-0.126,0.329,10.169,10.163,0.324,2.521,0.442,2.488,0.438,0.497,0.213,0.015,3.56,5.53,151.34,1.92,4.26,-0.173,-0.132,0.022,1460,1534,1523,1527,10.00,10.06,29.84,29.89
1787304210.519,23.412,True,1,2.521,2.473,-0.126,0.340,10.181,10.174,0.325,2.521,0.442,2.489,0.438,0.497,0.213,0.015,3.56,5.53,151.34,1.92,4.26,-0.173,-0.133,0.022,1460,1534,1523,1527,10.00,10.06,39.84,39.89
1787304210.529,23.422,True,1,2.521,2.476,-0.126,0.352,10.192,10.186,0.325,2.521,0.442,2.490,0.438,0.497,0.213,0.015,3.56,5.53,151.34,1.93,4.25,-0.173,-0.133,0.022,1460,1534,1523,1528,10.00,10.06,49.84,49.89
1787304210.539,23.432,True,1,2.521,2.479,-0.126,0.364,10.204,10.197,0.325,2.521,0.442,2.491,0.439,0.497,0.213,0.015,3.56,5.53,151.34,1.93,4.25,-0.172,-0.134,0.022,1460,1534,1523,1528,10.00,10.06,59.84,59.89
1787304210.550,23.443,True,1,2.539,2.482,-0.149,0.372,10.207,10.202,0.326,2.536,0.441,2.493,0.439,0.486,0.214,-0.035,3.25,4.57,152.04,1.54,3.97,-0.178,-0.063,-0.013,1460,1527,1478,1528,10.00,10.06,-0.51,-0.56
1787304210.559,23.452,True,1,2.539,2.485,-0.149,0.384,10.218,10.213,0.326,2.536,0.441,2.494,0.439,0.486,0.214,-0.035,3.25,4.57,152.04,1.55,3.96,-0.177,-0.064,-0.013,1460,1527,1478,1529,10.00,10.06,9.49,9.44
1787304210.569,23.462,True,1,2.539,2.488,-0.149,0.395,10.230,10.225,0.326,2.536,0.441,2.495,0.439,0.486,0.214,-0.035,3.25,4.57,152.04,1.55,3.96,-0.177,-0.065,-0.013,1460,1527,1478,1529,10.00,10.06,19.49,19.44
1787304210.579,23.472,True,1,2.545,2.491,-0.124,0.306,10.144,10.141,0.324,2.539,0.441,2.497,0.439,0.483,0.213,-0.009,3.02,4.08,152.30,1.81,4.11,-0.124,0.002,-0.028,1466,1479,1476,1526,10.00,10.06,-0.17,-0.12
1787304210.589,23.482,True,1,2.548,2.494,-0.116,0.284,10.121,10.118,0.323,2.541,0.441,2.498,0.439,0.482,0.210,-0.021,3.02,4.08,152.30,1.70,4.09,-0.136,-0.000,-0.028,1464,1520,1476,1525,10.00,10.06,9.83,-0.05
1787304210.599,23.492,True,1,2.548,2.497,-0.116,0.295,10.132,10.129,0.323,2.541,0.441,2.500,0.439,0.482,0.210,-0.021,3.02,4.08,152.30,1.71,4.08,-0.136,-0.001,-0.028,1464,1520,1476,1526,10.00,10.06,19.83,9.95
1787304210.609,23.502,True,1,2.548,2.500,-0.116,0.307,10.144,10.141,0.324,2.541,0.441,2.501,0.439,0.482,0.210,-0.021,3.02,4.08,152.30,1.71,4.07,-0.135,-0.002,-0.028,1465,1520,1476,1526,10.00,10.06,29.83,19.95
1787304210.619,23.512,True,1,2.548,2.503,-0.116,0.318,10.155,10.152,0.324,2.541,0.441,2.503,0.439,0.482,0.210,-0.021,3.02,4.08,152.30,1.71,4.07,-0.135,-0.003,-0.028,1465,1520,1476,1526,10.00,10.06,39.83,29.95
1787304210.629,23.522,True,1,2.548,2.506,-0.116,0.330,10.167,10.164,0.324,2.541,0.441,2.504,0.439,0.482,0.210,-0.021,3.02,4.08,152.30,1.72,4.06,-0.134,-0.003,-0.028,1465,1520,1476,1527,10.00,10.06,49.83,39.95
1787304210.639,23.533,True,1,2.556,2.509,-0.122,0.326,10.162,10.160,0.324,2.550,0.440,2.505,0.439,0.475,0.214,-0.031,2.46,3.47,152.72,1.69,3.97,-0.078,0.050,-0.048,1471,1474,1473,1527,10.00,10.06,-0.35,-0.40
1787304210.649,23.542,True,1,2.556,2.512,-0.122,0.338,10.173,10.172,0.325,2.550,0.440,2.507,0.439,0.475,0.214,-0.031,2.46,3.47,152.72,1.69,3.96,-0.077,0.049,-0.048,1471,1474,1473,1527,10.00,10.06,9.65,9.61
1787304210.659,23.552,True,1,2.556,2.515,-0.122,0.349,10.185,10.184,0.325,2.550,0.440,2.508,0.439,0.475,0.214,-0.031,2.46,3.47,152.72,1.70,3.95,-0.077,0.048,-0.048,1471,1474,1473,1527,10.00,10.06,19.65,19.60
1787304210.669,23.562,True,1,2.556,2.518,-0.122,0.361,10.196,10.195,0.325,2.550,0.440,2.510,0.439,0.475,0.214,-0.031,2.46,3.47,152.72,1.70,3.94,-0.076,0.047,-0.048,1471,1474,1473,1528,10.00,10.06,29.65,29.60
1787304210.679,23.572,True,1,2.556,2.521,-0.122,0.373,10.208,10.207,0.326,2.550,0.440,2.511,0.439,0.475,0.214,-0.031,2.46,3.47,152.72,1.70,3.94,-0.076,0.046,-0.048,1471,1474,1473,1528,10.00,10.06,39.65,39.60
1787304210.689,23.582,True,1,2.556,2.524,-0.122,0.384,10.220,10.218,0.326,2.550,0.440,2.512,0.439,0.475,0.214,-0.031,2.46,3.47,152.72,1.71,3.93,-0.075,0.046,-0.048,1471,1474,1473,1529,10.00,10.06,49.65,49.60
1787304210.699,23.592,True,1,2.556,2.527,-0.122,0.396,10.231,10.230,0.327,2.550,0.440,2.514,0.439,0.475,0.214,-0.031,2.46,3.47,152.72,1.71,3.92,-0.075,0.045,-0.048,1471,1474,1473,1529,10.00,10.06,59.65,59.60
1787304210.709,23.602,True,1,2.556,2.530,-0.122,0.408,10.243,10.242,0.327,2.550,0.440,2.515,0.439,0.475,0.214,-0.031,2.46,3.47,152.72,1.72,3.92,-0.075,0.044,-0.048,1471,1475,1473,1530,10.00,10.06,69.65,69.60
1787304210.720,23.613,True,1,2.567,2.533,-0.131,0.402,10.239,10.237,0.327,2.562,0.439,2.516,0.439,0.466,0.186,-0.041,1.17,3.16,153.33,1.55,4.10,0.044,0.097,-0.075,1524,1469,1469,1529,10.00,10.06,-0.56,-0.52
1787304210.729,23.622,True,1,2.567,2.536,-0.131,0.414,10.250,10.249,0.327,2.562,0.439,2.518,0.439,0.466,0.186,-0.041,1.17,3.16,153.33,1.55,4.09,0.045,0.096,-0.075,1524,1469,1469,1530,10.00,10.06,9.43,9.48
1787304210.739,23.632,True,1,2.567,2.539,-0.131,0.425,10.262,10.260,0.327,2.562,0.439,2.519,0.439,0.466,0.186,-0.041,1.17,3.16,153.33,1.56,4.08,0.045,0.095,-0.075,1525,1469,1469,1530,10.00,10.06,19.43,19.48
1787304210.749,23.642,True,1,2.567,2.542,-0.131,0.437,10.274,10.272,0.328,2.562,0.439,2.521,0.439,0.466,0.186,-0.041,1.17,3.16,153.33,1.56,4.08,0.046,0.094,-0.075,1525,1469,1469,1531,10.00,10.06,29.43,29.48
1787304210.759,23.652,True,1,2.567,2.545,-0.131,0.449,10.285,10.284,0.328,2.562,0.439,2.522,0.439,0.466,0.186,-0.041,1.17,3.16,153.33,1.57,4.07,0.046,0.094,-0.075,1525,1469,1469,1531,10.00,10.06,39.43,39.48
1787304210.769,23.662,True,1,2.567,2.548,-0.131,0.461,10.297,10.296,0.329,2.562,0.439,2.524,0.439,0.466,0.186,-0.041,1.17,3.16,153.33,1.57,4.06,0.046,0.093,-0.075,1525,1469,1469,1531,10.00,10.06,49.44,49.48
1787304210.779,23.672,True,1,2.567,2.551,-0.131,0.473,10.309,10.307,0.329,2.562,0.439,2.525,0.439,0.466,0.186,-0.041,1.17,3.16,153.33,1.57,4.05,0.047,0.092,-0.075,1525,1469,1469,1532,10.00,10.06,59.43,59.48
1787304210.789,23.682,True,1,2.567,2.554,-0.131,0.485,10.321,10.319,0.329,2.562,0.439,2.526,0.439,0.466,0.186,-0.041,1.17,3.16,153.33,1.58,4.05,0.047,0.091,-0.075,1525,1469,1469,1532,10.00,10.06,69.43,69.48
1787304210.800,23.693,True,1,2.582,2.557,-0.130,0.435,10.276,10.270,0.328,2.575,0.441,2.528,0.439,0.459,0.182,-0.008,0.09,3.43,153.68,1.89,4.24,0.194,0.084,-0.088,1541,1470,1467,1531,10.00,10.06,-0.51,-0.55
1787304210.809,23.702,True,1,2.582,2.560,-0.130,0.447,10.287,10.281,0.328,2.575,0.441,2.529,0.440,0.459,0.182,-0.008,0.09,3.43,153.68,1.90,4.23,0.195,0.083,-0.088,1541,1470,1467,1531,10.00,10.07,9.50,9.45
1787304210.819,23.712,True,1,2.582,2.563,-0.130,0.459,10.299,10.293,0.329,2.575,0.441,2.531,0.440,0.459,0.182,-0.008,0.09,3.43,153.68,1.90,4.22,0.195,0.082,-0.088,1541,1470,1467,1531,10.00,10.06,19.49,19.45
1787304210.829,23.722,True,1,2.582,2.566,-0.130,0.471,10.311,10.305,0.329,2.575,0.441,2.532,0.440,0.459,0.182,-0.008,0.09,3.43,153.68,1.91,4.21,0.195,0.082,-0.088,1541,1470,1467,1532,10.00,10.06,29.49,29.45
1787304210.839,23.733,True,1,2.589,2.569,-0.128,0.448,10.290,10.281,0.328,2.580,0.444,2.534,0.440,0.458,0.195,0.018,-0.15,3.58,153.80,2.22,4.21,0.254,0.067,-0.093,1547,1472,1467,1531,10.00,10.06,-0.26,-0.31
1787304210.849,23.742,True,1,2.589,2.572,-0.128,0.460,10.302,10.293,0.329,2.580,0.444,2.535,0.440,0.458,0.195,0.018,-0.15,3.58,153.80,2.22,4.21,0.255,0.066,-0.093,1547,1472,1467,1531,10.00,10.06,9.74,9.69
1787304210.859,23.752,True,1,2.592,2.575,-0.127,0.456,10.299,10.290,0.328,2.582,0.445,2.537,0.440,0.457,0.190,0.017,-0.14,3.65,153.83,2.20,4.24,0.251,0.062,-0.095,1547,1473,1466,1531,10.00,10.06,-0.15,-0.10
1787304210.869,23.762,True,1,2.592,2.578,-0.127,0.468,10.311,10.301,0.329,2.582,0.445,2.538,0.440,0.457,0.190,0.017,-0.14,3.65,153.83,2.21,4.23,0.252,0.061,-0.095,1547,1473,1466,1532,10.00,10.06,9.85,9.90
1787304210.879,23.772,True,1,2.597,2.581,-0.130,0.469,10.314,10.303,0.329,2.587,0.448,2.540,0.441,0.456,0.195,0.044,-0.10,3.67,153.86,2.48,4.30,0.276,0.066,-0.096,1550,1472,1466,1532,10.00,10.06,-0.10,-0.15
1787304210.889,23.782,True,1,2.597,2.584,-0.130,0.481,10.326,10.315,0.329,2.587,0.448,2.542,0.441,0.456,0.195,0.044,-0.10,3.67,153.86,2.48,4.29,0.277,0.065,-0.096,1550,1472,1466,1532,10.00,10.06,9.90,9.85
1787304210.899,23.792,True,1,2.597,2.587,-0.130,0.493,10.338,10.327,0.330,2.587,0.448,2.543,0.441,0.456,0.195,0.044,-0.10,3.67,153.86,2.49,4.28,0.277,0.064,-0.096,1550,1472,1466,1533,10.00,10.06,19.90,19.85
1787304210.909,23.802,True,1,2.597,2.590,-0.130,0.505,10.350,10.339,0.330,2.587,0.448,2.545,0.441,0.456,0.195,0.044,-0.10,3.67,153.86,2.49,4.27,0.278,0.063,-0.096,1550,1472,1466,1533,10.00,10.06,29.90,29.85
1787304210.919,23.812,True,1,2.597,2.593,-0.130,0.517,10.362,10.351,0.330,2.587,0.448,2.546,0.442,0.456,0.195,0.044,-0.10,3.67,153.86,2.50,4.27,0.278,0.063,-0.096,1550,1473,1466,1533,10.00,10.06,39.90,39.85
1787304210.929,23.822,True,1,2.597,2.596,-0.130,0.529,10.374,10.363,0.331,2.587,0.448,2.547,0.442,0.456,0.195,0.044,-0.10,3.67,153.86,2.50,4.26,0.279,0.062,-0.096,1550,1473,1466,1534,10.01,10.07,49.91,49.86
1787304210.939,23.832,True,1,2.597,2.599,-0.130,0.541,10.386,10.375,0.331,2.587,0.448,2.549,0.442,0.456,0.195,0.044,-0.10,3.67,153.86,2.50,4.25,0.279,0.061,-0.096,1550,1473,1466,1534,9.99,10.07,59.90,59.85
1787304210.949,23.842,True,1,2.597,2.602,-0.130,0.553,10.398,10.387,0.332,2.587,0.448,2.550,0.442,0.456,0.195,0.044,-0.10,3.67,153.86,2.51,4.24,0.280,0.060,-0.096,1550,1473,1466,1535,9.99,10.06,69.90,69.85
1787304210.960,23.853,True,1,2.611,2.605,-0.139,0.533,10.379,10.370,0.331,2.600,0.457,2.552,0.443,0.455,0.202,0.055,0.24,4.22,153.75,2.64,4.24,0.259,0.002,-0.091,1548,1479,1467,1534,10.00,10.06,-0.57,-0.52
1787304210.969,23.862,True,1,2.611,2.608,-0.139,0.545,10.391,10.382,0.331,2.600,0.457,2.553,0.443,0.455,0.202,0.055,0.24,4.22,153.75,2.65,4.23,0.259,0.001,-0.091,1548,1479,1467,1534,10.00,10.06,9.43,9.48
1787304210.979,23.872,True,1,2.611,2.611,-0.139,0.557,10.403,10.394,0.332,2.600,0.457,2.555,0.444,0.455,0.202,0.055,0.24,4.22,153.75,2.66,4.23,0.260,0.000,-0.091,1548,1479,1467,1535,10.00,10.06,19.43,19.48
1787304210.989,23.882,True,1,2.611,2.614,-0.139,0.569,10.415,10.406,0.332,2.600,0.457,2.556,0.444,0.455,0.202,0.055,0.24,4.22,153.75,2.66,4.22,0.261,-0.000,-0.091,1548,1520,1467,1535,10.00,10.06,29.43,29.48
1787304210.999,23.892,True,1,2.611,2.617,-0.139,0.581,10.427,10.418,0.333,2.600,0.457,2.558,0.444,0.455,0.202,0.055,0.24,4.22,153.75,2.67,4.21,0.261,-0.001,-0.091,1548,1520,1467,1536,10.00,10.06,39.43,39.48
1787304211.009,23.902,True,1,2.611,2.620,-0.139,0.593,10.439,10.430,0.333,2.600,0.457,2.559,0.445,0.455,0.202,0.055,0.24,4.22,153.75,2.67,4.20,0.262,-0.002,-0.091,1548,1520,1467,1536,10.00,10.06,49.43,49.48
1787304211.019,23.912,True,1,2.611,2.623,-0.139,0.605,10.451,10.442,0.333,2.600,0.457,2.561,0.445,0.455,0.202,0.055,0.24,4.22,153.75,2.68,4.20,0.262,-0.003,-0.091,1548,1520,1467,1537,10.00,10.06,59.43,59.48
1787304211.029,23.922,True,1,2.611,2.626,-0.139,0.618,10.464,10.454,0.334,2.600,0.457,2.562,0.446,0.455,0.202,0.055,0.24,4.22,153.75,2.68,4.19,0.263,-0.003,-0.091,1548,1520,1467,1537,10.00,10.06,69.43,69.47
1787304211.039,23.932,True,1,2.611,2.629,-0.139,0.630,10.476,10.466,0.334,2.600,0.457,2.563,0.446,0.455,0.202,0.055,0.24,4.22,153.75,2.69,4.18,0.263,-0.004,-0.091,1548,1520,1467,1537,10.00,10.06,79.43,79.47
1787304211.050,23.943,True,1,2.627,2.632,-0.180,0.706,10.550,10.548,0.337,2.618,0.463,2.565,0.447,0.449,0.223,0.053,2.00,4.76,153.60,2.74,3.96,0.085,-0.087,-0.082,1529,1529,1468,1540,10.00,10.06,-0.61,-0.56
1787304211.059,23.952,True,1,2.627,2.635,-0.180,0.718,10.562,10.560,0.337,2.618,0.463,2.567,0.447,0.449,0.223,0.053,2.00,4.76,153.60,2.75,3.95,0.086,-0.088,-0.082,1529,1529,1468,1541,10.00,10.06,9.40,9.44
1787304211.069,23.962,True,1,2.627,2.638,-0.180,0.731,10.574,10.572,0.337,2.618,0.463,2.568,0.448,0.449,0.223,0.053,2.00,4.76,153.60,2.75,3.94,0.086,-0.089,-0.082,1529,1529,1468,1541,10.00,10.06,19.39,19.44
1787304211.079,23.972,True,1,2.627,2.641,-0.180,0.743,10.586,10.584,0.338,2.618,0.463,2.570,0.448,0.449,0.223,0.053,2.00,4.76,153.60,2.76,3.93,0.087,-0.090,-0.082,1529,1529,1468,1541,10.00,10.06,29.39,29.44
1787304211.089,23.982,True,1,2.627,2.644,-0.180,0.755,10.599,10.597,0.338,2.618,0.463,2.572,0.449,0.449,0.223,0.053,2.00,4.76,153.60,2.77,3.92,0.088,-0.091,-0.082,1529,1530,1468,1542,10.00,10.06,39.39,39.44
1787304211.099,23.992,True,1,2.627,2.647,-0.180,0.767,10.611,10.609,0.339,2.618,0.463,2.573,0.449,0.449,0.223,0.053,2.00,4.76,153.60,2.77,3.92,0.088,-0.092,-0.082,1529,1530,1468,1542,10.00,10.06,49.39,49.44
1787304211.109,24.003,True,1,2.637,2.650,-0.201,0.802,10.640,10.635,0.339,2.634,0.465,2.575,0.450,0.441,0.242,0.016,3.34,5.17,153.51,2.54,3.58,-0.077,-0.171,-0.071,1471,1538,1470,1543,10.00,10.06,-0.41,-0.46
1787304211.119,24.012,True,1,2.638,2.653,-0.189,0.771,10.609,10.603,0.338,2.637,0.465,2.577,0.450,0.440,0.233,0.014,3.77,5.24,153.53,2.49,3.66,-0.127,-0.171,-0.070,1465,1538,1470,1542,10.00,10.06,-0.06,-0.11
1787304211.129,24.022,True,1,2.638,2.656,-0.189,0.783,10.622,10.615,0.339,2.637,0.465,2.579,0.451,0.440,0.233,0.014,3.77,5.24,153.53,2.50,3.65,-0.126,-0.172,-0.070,1466,1538,1470,1543,10.00,10.06,9.95,9.89
1787304211.139,24.032,True,1,2.638,2.659,-0.189,0.795,10.634,10.627,0.339,2.637,0.465,2.581,0.451,0.440,0.233,0.014,3.89,5.23,153.50,2.50,3.64,-0.138,-0.172,-0.069,1464,1538,1470,1543,10.00,10.06,-0.07,19.89
1787304211.149,24.042,True,1,2.638,2.662,-0.189,0.808,10.646,10.639,0.340,2.637,0.465,2.583,0.451,0.440,0.233,0.014,3.89,5.23,153.50,2.51,3.63,-0.137,-0.173,-0.069,1464,1539,1470,1543,10.00,10.06,9.94,29.89
1787304211.159,24.052,True,1,2.638,2.665,-0.189,0.820,10.658,10.651,0.340,2.637,0.465,2.585,0.452,0.440,0.233,0.014,3.89,5.23,153.50,2.52,3.62,-0.136,-0.174,-0.069,1464,1539,1470,1544,10.00,10.06,19.94,39.89
1787304211.169,24.062,True,1,2.638,2.668,-0.189,0.832,10.671,10.663,0.340,2.637,0.465,2.586,0.452,0.440,0.233,0.014,3.89,5.23,153.50,2.52,3.61,-0.136,-0.174,-0.069,1464,1539,1470,1544,10.00,10.06,29.94,49.89
1787304211.179,24.072,True,1,2.638,2.671,-0.189,0.845,10.683,10.676,0.341,2.637,0.465,2.588,0.453,0.440,0.233,0.014,3.89,5.23,153.50,2.53,3.60,-0.135,-0.175,-0.069,1465,1539,1470,1545,10.00,10.06,39.93,59.89
1787304211.189,24.083,True,1,2.647,2.674,-0.196,0.842,10.675,10.661,0.340,2.653,0.465,2.590,0.453,0.431,0.249,-0.021,4.58,5.19,153.50,2.32,3.31,-0.229,-0.203,-0.064,1454,1542,1471,1544,10.00,10.06,-0.42,-0.47
1787304211.199,24.092,True,1,2.647,2.677,-0.196,0.854,10.687,10.673,0.341,2.653,0.465,2.592,0.454,0.431,0.249,-0.021,4.58,5.19,153.50,2.32,3.30,-0.229,-0.204,-0.064,1454,1542,1471,1545,10.00,10.06,9.58,9.53
1787304211.209,24.102,True,1,2.647,2.680,-0.196,0.867,10.700,10.686,0.341,2.653,0.465,2.594,0.454,0.431,0.249,-0.021,4.58,5.19,153.50,2.33,3.29,-0.228,-0.205,-0.064,1454,1542,1471,1545,10.00,10.06,19.58,19.53
1787304211.219,24.113,True,1,2.649,2.683,-0.172,0.800,10.634,10.620,0.339,2.655,0.465,2.596,0.454,0.430,0.252,-0.015,4.74,5.08,153.49,2.42,3.30,-0.237,-0.192,-0.064,1453,1541,1471,1543,10.00,10.06,-0.07,-0.12
1787304211.229,24.122,True,1,2.649,2.686,-0.172,0.812,10.646,10.632,0.339,2.655,0.465,2.598,0.455,0.430,0.252,-0.015,4.74,5.08,153.49,2.42,3.29,-0.236,-0.193,-0.064,1454,1541,1471,1543,10.00,10.06,9.93,9.88
1787304211.239,24.132,True,1,2.649,2.689,-0.172,0.825,10.659,10.645,0.340,2.655,0.465,2.600,0.455,0.430,0.252,-0.015,4.74,5.08,153.49,2.43,3.28,-0.235,-0.194,-0.064,1454,1541,1471,1544,10.00,10.06,19.93,19.88
1787304211.249,24.142,True,1,2.649,2.692,-0.172,0.837,10.671,10.657,0.340,2.655,0.465,2.602,0.455,0.430,0.252,-0.015,4.74,5.08,153.49,2.44,3.27,-0.234,-0.195,-0.064,1454,1541,1471,1544,10.00,10.06,29.93,29.88
1787304211.259,24.153,True,1,2.651,2.695,-0.172,0.840,10.673,10.661,0.340,2.666,0.465,2.604,0.456,0.424,0.260,-0.016,4.78,4.68,153.49,2.48,3.20,-0.235,-0.162,-0.067,1454,1537,1470,1544,10.00,10.06,-0.25,-0.30
1787304211.269,24.162,True,1,2.654,2.698,-0.168,0.829,10.659,10.646,0.340,2.671,0.465,2.606,0.456,0.422,0.265,-0.035,4.74,4.57,153.48,2.34,3.07,-0.245,-0.163,-0.066,1453,1538,1470,1544,10.00,10.06,-0.05,-0.10
1787304211.279,24.172,True,1,2.654,2.701,-0.168,0.841,10.672,10.659,0.340,2.671,0.465,2.609,0.456,0.422,0.265,-0.035,4.74,4.57,153.48,2.35,3.06,-0.245,-0.164,-0.066,1453,1538,1470,1544,10.00,10.06,9.95,9.90
1787304211.289,24.182,True,1,2.654,2.704,-0.168,0.854,10.684,10.671,0.341,2.671,0.465,2.611,0.457,0.422,0.265,-0.035,4.74,4.57,153.48,2.36,3.05,-0.244,-0.165,-0.066,1453,1538,1470,1544,10.00,10.06,19.95,19.89
1787304211.299,24.192,True,1,2.654,2.707,-0.168,0.866,10.697,10.684,0.341,2.671,0.465,2.613,0.457,0.422,0.265,-0.035,4.74,4.57,153.48,2.36,3.04,-0.243,-0.166,-0.066,1453,1538,1470,1545,10.00,10.06,29.95,29.90
1787304211.309,24.202,True,1,2.654,2.710,-0.168,0.879,10.709,10.696,0.341,2.671,0.465,2.615,0.457,0.422,0.265,-0.035,4.74,4.57,153.48,2.37,3.03,-0.242,-0.167,-0.066,1453,1538,1470,1545,10.00,10.06,39.95,39.90
1787304211.319,24.212,True,1,2.654,2.713,-0.168,0.891,10.722,10.709,0.342,2.671,0.465,2.617,0.457,0.422,0.265,-0.035,4.74,4.57,153.48,2.37,3.02,-0.242,-0.168,-0.066,1453,1538,1470,1546,10.00,10.06,49.95,49.90
1787304211.329,24.222,True,1,2.654,2.716,-0.168,0.904,10.735,10.722,0.342,2.671,0.465,2.618,0.458,0.422,0.265,-0.035,4.74,4.57,153.48,2.38,3.01,-0.241,-0.169,-0.066,1453,1538,1470,1546,10.00,10.06,59.95,59.89
1787304211.339,24.232,True,1,2.654,2.719,-0.168,0.917,10.747,10.734,0.343,2.671,0.465,2.620,0.458,0.422,0.265,-0.035,4.74,4.57,153.48,2.39,3.00,-0.241,-0.170,-0.066,1453,1538,1470,1547,10.00,10.06,69.95,69.90
1787304211.350,24.243,True,1,2.663,2.722,-0.127,0.771,10.601,10.598,0.338,2.688,0.463,2.622,0.458,0.412,0.262,-0.047,3.58,3.44,153.55,2.32,3.01,-0.128,-0.051,-0.080,1465,1525,1468,1542,10.00,10.06,-0.53,-0.58
1787304211.359,24.252,True,1,2.663,2.725,-0.127,0.784,10.614,10.611,0.339,2.688,0.463,2.624,0.458,0.412,0.262,-0.047,3.58,3.44,153.55,2.32,2.99,-0.127,-0.052,-0.080,1465,1525,1468,1542,10.00,10.06,9.47,9.42
1787304211.369,24.262,True,1,2.663,2.728,-0.127,0.797,10.627,10.624,0.339,2.688,0.463,2.627,0.458,0.412,0.262,-0.047,3.58,3.44,153.55,2.33,2.98,-0.126,-0.053,-0.079,1465,1525,1468,1543,10.00,10.06,19.47,19.42
1787304211.379,24.273,True,1,2.666,2.731,-0.135,0.820,10.647,10.646,0.340,2.697,0.461,2.629,0.458,0.406,0.273,-0.063,3.13,3.23,153.58,2.25,2.79,-0.088,-0.050,-0.081,1470,1525,1468,1544,10.00,10.06,-0.18,-0.23
1787304211.389,24.282,True,1,2.666,2.734,-0.135,0.832,10.660,10.658,0.340,2.697,0.461,2.631,0.459,0.406,0.273,-0.063,3.13,3.23,153.58,2.25,2.78,-0.087,-0.051,-0.081,1470,1525,1468,1544,10.00,10.06,9.83,9.78
1787304211.399,24.292,True,1,2.666,2.737,-0.135,0.845,10.672,10.671,0.341,2.697,0.461,2.633,0.459,0.406,0.273,-0.063,3.13,3.23,153.58,2.26,2.77,-0.087,-0.052,-0.081,1470,1525,1468,1544,10.00,10.06,19.82,19.77
1787304211.409,24.302,True,1,2.666,2.740,-0.135,0.858,10.685,10.684,0.341,2.697,0.461,2.636,0.459,0.406,0.273,-0.063,3.13,3.23,153.58,2.26,2.76,-0.086,-0.053,-0.081,1470,1525,1468,1545,10.00,10.06,29.82,29.78
1787304211.419,24.313,True,1,2.674,2.743,-0.097,0.722,10.549,10.549,0.337,2.710,0.457,2.638,0.459,0.397,0.287,-0.065,2.19,3.01,153.62,2.34,2.66,0.021,-0.040,-0.084,1522,1524,1468,1540,10.00,10.06,-0.32,-0.36
1787304211.429,24.322,True,1,2.674,2.746,-0.097,0.735,10.562,10.562,0.337,2.710,0.457,2.640,0.459,0.397,0.287,-0.065,2.19,3.01,153.62,2.35,2.64,0.021,-0.042,-0.084,1522,1524,1468,1541,10.01,10.06,9.69,9.64
1787304211.439,24.332,True,1,2.674,2.749,-0.097,0.748,10.575,10.574,0.338,2.710,0.457,2.643,0.459,0.397,0.287,-0.065,2.19,3.01,153.62,2.35,2.63,0.022,-0.043,-0.084,1522,1524,1468,1541,10.00,10.06,19.68,19.64
1787304211.449,24.342,True,1,2.674,2.752,-0.097,0.761,10.587,10.587,0.338,2.710,0.457,2.645,0.459,0.397,0.287,-0.065,2.19,3.01,153.62,2.36,2.62,0.022,-0.044,-0.084,1522,1524,1468,1542,10.00,10.06,29.69,29.64
1787304211.459,24.352,True,1,2.674,2.755,-0.097,0.774,10.600,10.600,0.338,2.710,0.457,2.647,0.458,0.397,0.287,-0.065,2.19,3.01,153.62,2.37,2.61,0.023,-0.046,-0.084,1522,1525,1468,1542,10.00,10.06,39.69,39.64
1787304211.469,24.362,True,1,2.674,2.758,-0.097,0.786,10.613,10.613,0.339,2.710,0.457,2.649,0.458,0.397,0.287,-0.065,2.19,3.01,153.62,2.37,2.59,0.024,-0.047,-0.084,1522,1525,1468,1542,10.00,10.06,49.69,49.64
1787304211.479,24.372,True,1,2.674,2.761,-0.097,0.799,10.626,10.625,0.339,2.710,0.457,2.651,0.458,0.397,0.287,-0.065,2.19,3.01,153.62,2.38,2.58,0.024,-0.048,-0.084,1522,1525,1468,1543,10.00,10.06,59.68,59.64
1787304211.489,24.382,True,1,2.674,2.764,-0.097,0.812,10.639,10.638,0.340,2.710,0.457,2.653,0.458,0.397,0.287,-0.065,2.19,3.01,153.62,2.38,2.57,0.025,-0.049,-0.084,1522,1525,1468,1543,10.00,10.06,69.68,69.64
1787304211.500,24.393,True,1,2.687,2.767,-0.081,0.727,10.552,10.549,0.337,2.730,0.454,2.656,0.458,0.385,0.293,-0.085,0.99,2.72,153.75,2.27,2.44,0.138,-0.031,-0.091,1535,1523,1467,1540,10.00,10.06,-0.55,-0.50
1787304211.509,24.402,True,1,2.687,2.770,-0.081,0.740,10.564,10.562,0.337,2.730,0.454,2.658,0.458,0.385,0.293,-0.085,0.99,2.72,153.75,2.27,2.43,0.139,-0.032,-0.091,1535,1523,1467,1541,10.00,10.06,9.45,9.50
1787304211.519,24.412,True,1,2.687,2.773,-0.081,0.753,10.577,10.574,0.338,2.730,0.454,2.661,0.458,0.385,0.293,-0.085,0.99,2.72,153.75,2.28,2.41,0.140,-0.033,-0.091,1535,1523,1467,1541,9.99,10.06,19.45,19.50
1787304211.529,24.422,True,1,2.687,2.776,-0.081,0.766,10.590,10.587,0.338,2.730,0.454,2.663,0.458,0.385,0.293,-0.085,0.99,2.72,153.75,2.28,2.40,0.140,-0.035,-0.091,1535,1523,1467,1542,10.00,10.06,29.45,29.50
1787304211.539,24.432,True,1,2.687,2.779,-0.081,0.779,10.603,10.600,0.338,2.730,0.454,2.665,0.458,0.385,0.293,-0.085,0.99,2.72,153.75,2.29,2.39,0.141,-0.036,-0.091,1535,1524,1467,1542,10.00,10.06,39.45,39.50
1787304211.549,24.442,True,1,2.687,2.782,-0.081,0.792,10.616,10.613,0.339,2.730,0.454,2.667,0.458,0.385,0.293,-0.085,0.99,2.72,153.75,2.29,2.38,0.141,-0.037,-0.091,1535,1524,1467,1542,10.00,10.06,49.45,49.50
1787304211.559,24.452,True,1,2.687,2.785,-0.081,0.805,10.629,10.626,0.339,2.730,0.454,2.669,0.457,0.385,0.293,-0.085,0.99,2.72,153.75,2.30,2.36,0.142,-0.039,-0.091,1535,1524,1467,1543,10.00,10.06,59.45,59.50
1787304211.569,24.462,True,1,2.687,2.788,-0.081,0.818,10.642,10.639,0.340,2.730,0.454,2.671,0.457,0.385,0.293,-0.085,0.99,2.72,153.75,2.30,2.35,0.142,-0.040,-0.090,1535,1524,1467,1543,10.00,10.06,69.45,69.50
1787304211.580,24.473,True,1,2.705,2.791,-0.031,0.610,10.437,10.430,0.333,2.756,0.450,2.674,0.457,0.372,0.310,-0.056,0.68,2.71,153.68,2.69,2.36,0.215,-0.038,-0.088,1543,1524,1467,1536,10.00,10.06,-0.51,-0.56
1787304211.589,24.482,True,1,2.705,2.794,-0.031,0.623,10.450,10.443,0.333,2.756,0.450,2.677,0.457,0.372,0.310,-0.056,0.68,2.71,153.68,2.70,2.34,0.216,-0.040,-0.088,1543,1524,1467,1537,10.00,10.06,9.49,9.44
1787304211.599,24.492,True,1,2.710,2.797,-0.032,0.619,10.445,10.440,0.333,2.763,0.450,2.680,0.457,0.370,0.298,-0.064,0.84,2.69,153.57,2.58,2.41,0.187,-0.030,-0.083,1540,1523,1468,1537,10.00,10.06,-0.17,-0.12
1787304211.609,24.502,True,1,2.710,2.800,-0.032,0.632,10.458,10.453,0.334,2.763,0.450,2.683,0.456,0.370,0.298,-0.064,0.84,2.69,153.57,2.59,2.40,0.188,-0.032,-0.083,1540,1523,1468,1537,10.00,10.06,9.83,9.88
1787304211.619,24.512,True,1,2.710,2.803,-0.032,0.645,10.471,10.466,0.334,2.763,0.450,2.685,0.456,0.370,0.298,-0.064,0.84,2.69,153.57,2.60,2.38,0.188,-0.033,-0.083,1540,1523,1468,1537,10.00,10.06,19.83,19.88
1787304211.629,24.522,True,1,2.710,2.806,-0.032,0.658,10.484,10.479,0.334,2.763,0.450,2.688,0.456,0.370,0.298,-0.064,0.84,2.69,153.57,2.60,2.37,0.189,-0.035,-0.083,1540,1523,1468,1538,10.00,10.06,29.83,29.88
1787304211.639,24.532,True,1,2.710,2.809,-0.032,0.671,10.497,10.492,0.335,2.763,0.450,2.690,0.456,0.370,0.298,-0.064,0.84,2.69,153.57,2.61,2.35,0.189,-0.037,-0.083,1540,1524,1468,1538,10.00,10.06,39.83,39.88
1787304211.649,24.542,True,1,2.710,2.812,-0.032,0.684,10.510,10.505,0.335,2.763,0.450,2.693,0.456,0.370,0.298,-0.064,0.84,2.69,153.57,2.61,2.34,0.190,-0.038,-0.083,1540,1524,1468,1539,10.00,10.06,49.83,49.88
1787304211.659,24.553,True,1,2.723,2.815,0.021,0.484,10.311,10.308,0.329,2.782,0.449,2.696,0.455,0.363,0.309,-0.050,1.28,2.49,153.31,2.83,2.34,0.166,-0.017,-0.072,1538,1521,1469,1532,10.00,10.06,-0.40,-0.45
1787304211.669,24.562,True,1,2.723,2.818,0.021,0.497,10.324,10.321,0.329,2.782,0.449,2.699,0.455,0.363,0.309,-0.050,1.28,2.49,153.31,2.84,2.32,0.167,-0.019,-0.072,1538,1522,1470,1532,10.00,10.06,9.60,9.55
1787304211.679,24.572,True,1,2.723,2.821,0.021,0.510,10.337,10.333,0.330,2.782,0.449,2.701,0.455,0.363,0.309,-0.050,1.28,2.49,153.31,2.85,2.31,0.168,-0.020,-0.072,1538,1522,1470,1533,10.00,10.06,19.60,19.55
1787304211.689,24.582,True,1,2.723,2.824,0.021,0.523,10.350,10.346,0.330,2.782,0.449,2.704,0.455,0.363,0.309,-0.050,1.28,2.49,153.31,2.85,2.29,0.168,-0.022,-0.072,1538,1522,1470,1533,10.00,10.06,29.60,29.55
1787304211.699,24.592,True,1,2.723,2.827,0.021,0.536,10.363,10.359,0.331,2.782,0.449,2.707,0.454,0.363,0.309,-0.050,1.28,2.49,153.31,2.86,2.28,0.169,-0.024,-0.072,1538,1522,1470,1534,10.00,10.06,39.60,39.55
1787304211.709,24.602,True,1,2.723,2.830,0.021,0.549,10.376,10.372,0.331,2.782,0.449,2.709,0.454,0.363,0.309,-0.050,1.28,2.49,153.31,2.86,2.26,0.169,-0.025,-0.072,1538,1522,1470,1534,10.00,10.06,49.60,49.55
1787304211.719,24.612,True,1,2.723,2.833,0.021,0.562,10.389,10.385,0.331,2.782,0.449,2.712,0.454,0.363,0.309,-0.050,1.28,2.49,153.31,2.87,2.25,0.170,-0.027,-0.072,1538,1522,1470,1535,10.00,10.06,59.60,59.55
1787304211.729,24.622,True,1,2.723,2.836,0.021,0.575,10.403,10.398,0.332,2.782,0.449,2.714,0.454,0.363,0.309,-0.050,1.28,2.49,153.31,2.87,2.23,0.170,-0.028,-0.072,1538,1523,1470,1535,10.00,10.06,69.60,69.55
1787304211.739,24.632,True,1,2.723,2.839,0.021,0.588,10.416,10.411,0.332,2.782,0.449,2.716,0.454,0.363,0.309,-0.050,1.28,2.49,153.31,2.88,2.22,0.171,-0.030,-0.072,1538,1523,1470,1535,10.00,10.06,79.60,79.55
1787304211.750,24.643,True,1,2.746,2.842,0.049,0.427,10.253,10.252,0.327,2.809,0.445,2.719,0.453,0.353,0.302,-0.069,2.27,2.29,152.73,2.71,2.25,0.048,-0.007,-0.047,1525,1520,1473,1530,10.00,10.06,-0.56,-0.61
1787304211.759,24.652,True,1,2.746,2.845,0.049,0.440,10.265,10.265,0.328,2.809,0.445,2.722,0.453,0.353,0.302,-0.069,2.27,2.29,152.73,2.72,2.23,0.049,-0.009,-0.047,1525,1520,1473,1530,10.00,10.06,9.44,9.39
1787304211.769,24.662,True,1,2.746,2.848,0.049,0.453,10.278,10.278,0.328,2.809,0.445,2.725,0.453,0.353,0.302,-0.069,2.27,2.29,152.73,2.72,2.21,0.049,-0.011,-0.047,1525,1521,1473,1531,10.00,10.06,19.44,19.39
1787304211.779,24.672,True,1,2.746,2.851,0.049,0.466,10.291,10.291,0.328,2.809,0.445,2.728,0.453,0.353,0.302,-0.069,2.27,2.29,152.73,2.73,2.19,0.050,-0.012,-0.047,1525,1521,1473,1531,10.00,10.06,29.44,29.39
1787304211.789,24.682,True,1,2.746,2.854,0.049,0.479,10.305,10.304,0.329,2.809,0.445,2.731,0.452,0.353,0.302,-0.069,2.27,2.29,152.73,2.73,2.18,0.051,-0.014,-0.047,1525,1521,1473,1532,10.00,10.06,39.44,39.39
1787304211.799,24.692,True,1,2.746,2.857,0.049,0.492,10.318,10.317,0.329,2.809,0.445,2.733,0.452,0.353,0.302,-0.069,2.27,2.29,152.73,2.74,2.16,0.051,-0.016,-0.047,1525,1521,1473,1532,10.00,10.06,49.44,49.39
1787304211.809,24.702,True,1,2.746,2.860,0.049,0.505,10.331,10.330,0.330,2.809,0.445,2.736,0.452,0.353,0.302,-0.069,2.27,2.29,152.73,2.75,2.15,0.052,-0.017,-0.046,1525,1521,1473,1533,10.00,10.06,59.44,59.39
1787304211.819,24.712,True,1,2.746,2.863,0.049,0.518,10.344,10.343,0.330,2.809,0.445,2.738,0.452,0.353,0.302,-0.069,2.27,2.29,152.73,2.75,2.13,0.052,-0.019,-0.046,1525,1522,1473,1533,10.00,10.06,69.44,69.39
1787304211.830,24.723,True,1,2.777,2.866,0.084,0.302,10.127,10.126,0.323,2.839,0.440,2.742,0.451,0.343,0.277,-0.083,3.45,2.12,152.07,2.54,2.35,-0.094,0.023,-0.019,1469,1477,1477,1525,10.00,10.06,-0.56,-0.60
1787304211.839,24.732,True,1,2.777,2.869,0.084,0.315,10.140,10.139,0.324,2.839,0.440,2.745,0.451,0.343,0.277,-0.083,3.45,2.12,152.07,2.55,2.33,-0.093,0.020,-0.019,1469,1477,1477,1526,10.00,10.06,9.44,9.39
1787304211.849,24.742,True,1,2.777,2.872,0.084,0.328,10.153,10.152,0.324,2.839,0.440,2.748,0.450,0.343,0.277,-0.083,3.45,2.12,152.07,2.56,2.31,-0.092,0.018,-0.019,1469,1477,1477,1526,10.00,10.06,19.44,19.39
1787304211.859,24.752,True,1,2.777,2.875,0.084,0.341,10.166,10.165,0.324,2.839,0.440,2.751,0.450,0.343,0.277,-0.083,3.45,2.12,152.07,2.57,2.29,-0.091,0.016,-0.019,1469,1478,1477,1527,10.00,10.06,29.44,29.40
1787304211.869,24.762,True,1,2.777,2.878,0.084,0.354,10.179,10.178,0.325,2.839,0.440,2.754,0.450,0.343,0.277,-0.083,3.45,2.12,152.07,2.57,2.27,-0.091,0.014,-0.019,1469,1478,1477,1527,10.00,10.06,39.44,39.39
1787304211.879,24.772,True,1,2.777,2.881,0.084,0.367,10.192,10.191,0.325,2.839,0.440,2.757,0.449,0.343,0.277,-0.083,3.45,2.12,152.07,2.58,2.25,-0.090,0.013,-0.019,1469,1478,1477,1528,10.00,10.06,49.44,49.39
1787304211.889,24.782,True,1,2.777,2.884,0.084,0.380,10.205,10.204,0.326,2.839,0.440,2.760,0.449,0.343,0.277,-0.083,3.45,2.12,152.07,2.59,2.24,-0.089,0.011,-0.019,1470,1478,1477,1528,10.00,10.06,59.44,59.40
1787304211.899,24.792,True,1,2.777,2.887,0.084,0.393,10.218,10.217,0.326,2.839,0.440,2.762,0.449,0.343,0.277,-0.083,3.45,2.12,152.07,2.59,2.22,-0.089,0.009,-0.019,1470,1478,1477,1529,10.00,10.06,69.44,69.39
1787304211.909,24.802,True,1,2.777,2.890,0.084,0.406,10.231,10.230,0.327,2.839,0.440,2.765,0.449,0.343,0.277,-0.083,3.45,2.12,152.07,2.60,2.20,-0.088,0.007,-0.018,1470,1479,1477,1529,10.00,10.06,79.44,79.39
1787304211.920,24.813,True,1,2.802,2.893,0.079,0.332,10.154,10.146,0.324,2.865,0.431,2.768,0.448,0.332,0.266,-0.114,4.56,1.95,151.35,2.28,2.18,-0.239,0.025,0.011,1453,1477,1521,1526,10.00,10.06,-0.56,-0.61
1787304211.929,24.822,True,1,2.802,2.896,0.079,0.345,10.167,10.159,0.324,2.865,0.431,2.771,0.447,0.332,0.266,-0.114,4.56,1.95,151.35,2.28,2.16,-0.238,0.023,0.011,1453,1477,1521,1527,10.01,10.07,9.45,9.40
1787304211.939,24.832,True,1,2.802,2.899,0.079,0.358,10.180,10.172,0.325,2.865,0.431,2.774,0.447,0.332,0.266,-0.114,4.56,1.95,151.35,2.29,2.14,-0.238,0.021,0.011,1453,1477,1521,1527,9.99,10.06,19.44,19.39
1787304211.949,24.842,True,1,2.802,2.902,0.079,0.371,10.193,10.185,0.325,2.865,0.431,2.778,0.446,0.332,0.266,-0.114,4.56,1.95,151.35,2.30,2.12,-0.237,0.019,0.012,1453,1477,1521,1528,10.00,10.06,29.44,29.39
1787304211.959,24.852,True,1,2.802,2.905,0.079,0.384,10.206,10.198,0.325,2.865,0.431,2.780,0.446,0.332,0.266,-0.114,4.56,1.95,151.35,2.30,2.10,-0.236,0.017,0.012,1453,1478,1521,1528,10.00,10.06,39.44,39.39
1787304211.969,24.862,True,1,2.802,2.908,0.079,0.397,10.219,10.211,0.326,2.865,0.431,2.783,0.445,0.332,0.266,-0.114,4.56,1.95,151.35,2.31,2.08,-0.236,0.015,0.012,1454,1478,1521,1528,10.00,10.06,49.44,49.39
1787304211.979,24.872,True,1,2.802,2.911,0.079,0.410,10.232,10.224,0.326,2.865,0.431,2.786,0.445,0.332,0.266,-0.114,4.56,1.95,151.35,2.32,2.07,-0.235,0.013,0.012,1454,1478,1521,1529,10.00,10.06,59.44,59.39
1787304211.989,24.882,True,1,2.802,2.914,0.079,0.423,10.245,10.237,0.327,2.865,0.431,2.789,0.444,0.332,0.266,-0.114,4.56,1.95,151.35,2.32,2.05,-0.234,0.011,0.012,1454,1478,1521,1529,10.00,10.06,69.44,69.39
1787304212.000,24.893,True,1,2.828,2.917,0.062,0.386,10.205,10.193,0.325,2.888,0.420,2.792,0.444,0.321,0.246,-0.142,4.74,1.97,150.60,1.97,2.11,-0.292,0.019,0.045,1447,1477,1526,1528,10.00,10.06,-0.55,-0.60
1787304212.009,24.902,True,1,2.828,2.920,0.062,0.399,10.218,10.206,0.326,2.888,0.420,2.795,0.443,0.321,0.246,-0.142,4.74,1.97,150.60,1.97,2.09,-0.291,0.016,0.045,1448,1478,1526,1528,10.00,10.06,9.45,9.40
1787304212.019,24.912,True,1,2.828,2.923,0.062,0.412,10.231,10.219,0.326,2.888,0.420,2.798,0.442,0.321,0.246,-0.142,4.74,1.97,150.60,1.98,2.07,-0.291,0.014,0.045,1448,1478,1526,1529,10.00,10.06,19.45,19.40
1787304212.029,24.922,True,1,2.828,2.926,0.062,0.425,10.244,10.232,0.327,2.888,0.420,2.801,0.441,0.321,0.246,-0.142,4.74,1.97,150.60,1.99,2.05,-0.290,0.012,0.045,1448,1478,1526,1529,10.00,10.06,29.44,29.40
1787304212.039,24.932,True,1,2.828,2.929,0.062,0.438,10.257,10.245,0.327,2.888,0.420,2.804,0.441,0.321,0.246,-0.142,4.74,1.97,150.60,1.99,2.03,-0.289,0.010,0.045,1448,1478,1526,1530,10.00,10.06,39.45,39.40
1787304212.049,24.942,True,1,2.828,2.932,0.062,0.451,10.270,10.258,0.327,2.888,0.420,2.807,0.440,0.321,0.246,-0.142,4.74,1.97,150.60,2.00,2.01,-0.289,0.008,0.045,1448,1479,1526,1530,10.00,10.06,49.45,49.40
1787304212.059,24.953,True,1,2.843,2.935,0.062,0.404,10.221,10.210,0.326,2.901,0.411,2.810,0.439,0.312,0.216,-0.167,4.29,2.13,150.07,1.62,2.15,-0.282,0.007,0.069,1449,1479,1529,1528,10.00,10.06,-0.36,-0.41
1787304212.069,24.962,True,1,2.843,2.938,0.062,0.416,10.234,10.225,0.326,2.901,0.411,2.813,0.438,0.312,0.216,-0.167,4.08,2.18,149.98,1.63,2.13,-0.260,0.000,0.073,1451,1479,1530,1529,10.00,10.06,-0.07,9.59
1787304212.079,24.972,True,1,2.843,2.941,0.062,0.429,10.247,10.238,0.327,2.901,0.411,2.816,0.437,0.312,0.216,-0.167,4.08,2.18,149.98,1.63,2.11,-0.259,-0.002,0.073,1451,1520,1530,1529,10.00,10.06,9.94,19.59
1787304212.089,24.982,True,1,2.846,2.944,0.066,0.418,10.235,10.227,0.326,2.903,0.409,2.819,0.436,0.310,0.213,-0.167,3.90,2.15,149.90,1.62,2.13,-0.242,0.003,0.076,1453,1479,1530,1529,10.00,10.06,-0.10,-0.05
1787304212.099,24.992,True,1,2.846,2.947,0.066,0.431,10.248,10.240,0.327,2.903,0.409,2.822,0.435,0.310,0.213,-0.167,3.90,2.15,149.90,1.63,2.11,-0.241,0.001,0.076,1453,1479,1530,1529,10.00,10.06,9.90,9.95
1787304212.109,25.002,True,1,2.846,2.950,0.066,0.444,10.261,10.253,0.327,2.903,0.409,2.824,0.435,0.310,0.213,-0.167,3.90,2.15,149.90,1.63,2.09,-0.241,-0.001,0.077,1453,1520,1530,1530,10.00,10.06,19.90,19.95
1787304212.119,25.012,True,1,2.846,2.953,0.066,0.457,10.274,10.266,0.328,2.903,0.409,2.827,0.434,0.310,0.213,-0.167,3.90,2.15,149.90,1.64,2.07,-0.240,-0.003,0.077,1453,1520,1530,1530,10.00,10.06,29.90,29.95
1787304212.129,25.022,True,1,2.846,2.956,0.066,0.470,10.287,10.279,0.328,2.903,0.409,2.830,0.433,0.310,0.213,-0.167,3.90,2.15,149.90,1.64,2.05,-0.240,-0.005,0.077,1453,1520,1530,1531,10.00,10.06,39.89,39.95
1787304212.139,25.032,True,1,2.846,2.959,0.066,0.483,10.300,10.292,0.329,2.903,0.409,2.832,0.432,0.310,0.213,-0.167,3.90,2.15,149.90,1.65,2.03,-0.239,-0.006,0.077,1453,1520,1530,1531,10.00,10.06,49.90,49.95
1787304212.149,25.042,True,1,2.846,2.962,0.066,0.496,10.313,10.305,0.329,2.903,0.409,2.834,0.431,0.310,0.213,-0.167,3.90,2.15,149.90,1.65,2.02,-0.239,-0.008,0.077,1453,1520,1530,1532,10.00,10.06,59.90,59.95
1787304212.160,25.053,True,1,2.864,2.965,0.065,0.442,10.257,10.254,0.327,2.919,0.392,2.837,0.430,0.294,0.177,-0.205,2.66,2.10,149.28,1.13,2.14,-0.164,0.009,0.103,1461,1479,1534,1530,10.00,10.06,-0.51,-0.56
1787304212.169,25.062,True,1,2.864,2.968,0.065,0.455,10.270,10.267,0.328,2.919,0.392,2.840,0.429,0.294,0.177,-0.205,2.66,2.10,149.28,1.14,2.12,-0.164,0.007,0.103,1461,1479,1534,1530,10.00,10.06,9.49,9.44
1787304212.179,25.072,True,1,2.864,2.971,0.065,0.468,10.283,10.280,0.328,2.919,0.392,2.843,0.427,0.294,0.177,-0.205,2.66,2.10,149.28,1.14,2.10,-0.163,0.005,0.104,1461,1479,1534,1531,10.01,10.07,19.50,19.45
1787304212.189,25.082,True,1,2.864,2.974,0.065,0.481,10.296,10.293,0.329,2.919,0.392,2.845,0.426,0.294,0.177,-0.205,2.66,2.10,149.28,1.14,2.08,-0.163,0.003,0.104,1461,1479,1534,1531,10.00,10.06,29.49,29.44
1787304212.199,25.092,True,1,2.864,2.977,0.065,0.494,10.309,10.306,0.329,2.919,0.392,2.848,0.425,0.294,0.177,-0.205,2.66,2.10,149.28,1.15,2.06,-0.163,0.001,0.104,1462,1479,1534,1532,10.00,10.06,39.49,39.44
1787304212.209,25.103,True,1,2.873,2.980,0.050,0.516,10.331,10.330,0.330,2.925,0.383,2.850,0.424,0.286,0.172,-0.210,1.91,2.14,148.94,1.06,2.07,-0.093,-0.004,0.118,1469,1520,1536,1533,10.00,10.06,-0.31,-0.35
1787304212.219,25.112,True,1,2.873,2.983,0.050,0.529,10.344,10.343,0.330,2.925,0.383,2.853,0.422,0.286,0.172,-0.210,1.91,2.14,148.94,1.06,2.05,-0.093,-0.006,0.118,1469,1520,1536,1533,10.00,10.07,9.70,9.65
1787304212.229,25.122,True,1,2.873,2.986,0.050,0.542,10.357,10.356,0.331,2.925,0.383,2.855,0.421,0.286,0.172,-0.210,1.91,2.14,148.94,1.06,2.03,-0.093,-0.008,0.118,1469,1520,1536,1534,10.00,10.06,19.69,19.65
1787304212.239,25.132,True,1,2.873,2.989,0.050,0.555,10.370,10.369,0.331,2.925,0.383,2.857,0.420,0.286,0.172,-0.210,1.91,2.14,148.94,1.07,2.01,-0.093,-0.010,0.119,1469,1521,1536,1534,10.00,10.06,29.70,29.65
1787304212.249,25.143,True,1,2.880,2.992,0.034,0.587,10.401,10.401,0.332,2.931,0.374,2.860,0.418,0.279,0.164,-0.222,1.29,2.25,148.71,0.92,1.99,-0.044,-0.024,0.129,1475,1522,1537,1535,10.00,10.06,-0.27,-0.32
1787304212.259,25.152,True,1,2.880,2.995,0.034,0.600,10.414,10.414,0.332,2.931,0.374,2.862,0.417,0.279,0.164,-0.222,1.29,2.25,148.71,0.92,1.98,-0.044,-0.026,0.129,1475,1522,1537,1536,10.00,10.06,9.73,9.68
1787304212.269,25.162,True,1,2.883,2.998,0.053,0.542,10.357,10.357,0.331,2.932,0.372,2.865,0.415,0.277,0.163,-0.206,0.93,2.21,148.61,1.05,2.06,0.008,-0.013,0.133,1520,1521,1538,1534,10.00,10.06,-0.16,-0.12
1787304212.279,25.172,True,1,2.883,3.001,0.053,0.555,10.371,10.370,0.331,2.932,0.372,2.867,0.414,0.277,0.163,-0.206,0.93,2.21,148.61,1.05,2.05,0.008,-0.014,0.133,1520,1521,1538,1534,10.00,10.06,9.84,9.89
1787304212.289,25.182,True,1,2.883,3.004,0.053,0.569,10.384,10.384,0.331,2.932,0.372,2.869,0.412,0.277,0.163,-0.206,0.93,2.21,148.61,1.06,2.03,0.009,-0.016,0.133,1520,1521,1538,1535,10.00,10.06,19.83,19.88
1787304212.299,25.193,True,1,2.889,3.007,0.037,0.608,10.422,10.422,0.333,2.936,0.367,2.871,0.411,0.273,0.147,-0.228,0.78,2.14,148.50,0.78,2.03,-0.005,-0.010,0.138,1479,1521,1539,1536,10.00,10.06,-0.18,-0.05
1787304212.309,25.202,True,1,2.889,3.010,0.037,0.621,10.435,10.435,0.333,2.936,0.367,2.873,0.409,0.273,0.147,-0.228,0.78,2.14,148.50,0.79,2.01,-0.005,-0.012,0.138,1479,1521,1539,1536,10.00,10.06,9.82,9.95
1787304212.319,25.212,True,1,2.889,3.013,0.037,0.634,10.448,10.448,0.333,2.936,0.367,2.875,0.408,0.273,0.147,-0.228,0.78,2.14,148.50,0.79,1.99,-0.005,-0.014,0.138,1479,1521,1539,1537,10.00,10.06,19.82,19.95
1787304212.329,25.223,True,1,2.896,3.016,0.046,0.590,10.405,10.405,0.332,2.943,0.357,2.878,0.406,0.265,0.148,-0.203,0.66,2.03,148.45,1.00,2.11,0.031,0.010,0.139,1523,1478,1539,1535,10.00,10.06,-0.21,-0.26
1787304212.339,25.232,True,1,2.896,3.016,0.046,0.591,10.406,10.406,0.332,2.943,0.357,2.880,0.405,0.265,0.148,-0.203,0.66,2.03,148.45,1.00,2.09,0.031,0.009,0.139,1523,1479,1539,1535,10.00,10.06,9.79,9.74
1787304212.349,25.242,True,1,2.896,3.016,0.046,0.592,10.407,10.407,0.332,2.943,0.357,2.882,0.403,0.265,0.148,-0.203,0.66,2.03,148.45,1.00,2.08,0.031,0.007,0.139,1523,1479,1539,1535,10.00,10.06,19.79,19.74
1787304212.359,25.252,True,1,2.896,3.016,0.046,0.594,10.409,10.408,0.332,2.943,0.357,2.884,0.402,0.265,0.148,-0.203,0.66,2.03,148.45,1.01,2.06,0.031,0.005,0.139,1523,1479,1539,1535,10.00,10.06,29.79,29.74
1787304212.369,25.263,True,1,2.909,3.016,0.045,0.550,10.365,10.365,0.331,2.948,0.348,2.886,0.400,0.257,0.137,-0.217,0.51,1.72,148.43,0.83,2.07,0.029,0.038,0.140,1523,1475,1539,1534,10.00,10.06,-0.27,-0.31
1787304212.379,25.272,True,1,2.909,3.016,0.045,0.551,10.366,10.366,0.331,2.948,0.348,2.888,0.398,0.257,0.137,-0.217,0.51,1.72,148.43,0.83,2.06,0.029,0.036,0.140,1523,1475,1539,1534,10.00,10.07,9.74,9.69
1787304212.389,25.282,True,1,2.909,3.016,0.045,0.553,10.367,10.367,0.331,2.948,0.348,2.890,0.396,0.257,0.137,-0.217,0.51,1.72,148.43,0.83,2.04,0.029,0.035,0.140,1523,1476,1539,1534,9.99,10.06,19.73,19.68
1787304212.399,25.292,True,1,2.912,3.016,0.046,0.538,10.353,10.352,0.330,2.950,0.346,2.892,0.395,0.255,0.137,-0.210,0.54,1.54,148.46,0.90,2.06,0.035,0.056,0.139,1523,1473,1539,1533,10.00,10.06,-0.17,-0.12
1787304212.409,25.302,True,1,2.917,3.016,0.051,0.503,10.319,10.317,0.329,2.953,0.340,2.894,0.393,0.251,0.132,-0.192,0.54,1.47,148.51,1.03,2.19,0.048,0.077,0.136,1525,1471,1538,1532,10.00,10.06,-0.10,-0.15
1787304212.419,25.312,True,1,2.917,3.016,0.051,0.504,10.319,10.318,0.329,2.953,0.340,2.896,0.391,0.251,0.132,-0.192,0.54,1.47,148.51,1.03,2.18,0.048,0.075,0.136,1525,1471,1538,1532,10.00,10.06,9.90,9.85
1787304212.429,25.322,True,1,2.917,3.016,0.051,0.505,10.320,10.319,0.329,2.953,0.340,2.898,0.389,0.251,0.132,-0.192,0.54,1.47,148.51,1.03,2.16,0.048,0.073,0.136,1525,1471,1538,1532,10.00,10.06,19.90,19.85
1787304212.439,25.332,True,1,2.917,3.016,0.051,0.506,10.321,10.320,0.329,2.953,0.340,2.900,0.388,0.251,0.132,-0.192,0.54,1.47,148.51,1.03,2.15,0.048,0.072,0.136,1525,1471,1538,1532,10.00,10.06,29.90,29.85
1787304212.449,25.342,True,1,2.917,3.016,0.051,0.507,10.322,10.321,0.329,2.953,0.340,2.902,0.386,0.251,0.132,-0.192,0.54,1.47,148.51,1.03,2.13,0.048,0.070,0.136,1525,1472,1538,1532,10.00,10.06,39.90,39.85
1787304212.459,25.353,True,1,2.928,3.016,0.043,0.489,10.304,10.303,0.329,2.959,0.331,2.904,0.384,0.243,0.120,-0.201,0.83,1.16,148.77,0.90,2.17,0.005,0.108,0.124,1520,1468,1537,1532,10.01,10.07,-0.29,-0.34
1787304212.469,25.362,True,1,2.928,3.016,0.043,0.490,10.305,10.304,0.329,2.959,0.331,2.905,0.383,0.243,0.120,-0.201,0.83,1.16,148.77,0.90,2.15,0.004,0.106,0.124,1520,1468,1537,1532,10.00,10.07,9.71,9.67
1787304212.479,25.372,True,1,2.928,3.016,0.043,0.491,10.306,10.304,0.329,2.959,0.331,2.907,0.381,0.243,0.120,-0.201,0.83,1.16,148.77,0.90,2.14,0.004,0.104,0.124,1520,1468,1537,1532,10.00,10.07,19.71,19.67
1787304212.489,25.382,True,1,2.928,3.016,0.043,0.492,10.307,10.305,0.329,2.959,0.331,2.909,0.379,0.243,0.120,-0.201,0.83,1.16,148.77,0.90,2.12,0.004,0.103,0.124,1520,1468,1537,1532,9.99,10.06,29.71,29.66
1787304212.499,25.393,True,1,2.934,3.016,0.045,0.460,10.275,10.274,0.328,2.963,0.325,2.911,0.377,0.239,0.117,-0.197,0.90,1.20,149.04,0.92,2.16,-0.000,0.102,0.112,1479,1468,1535,1531,10.00,10.06,-0.26,-0.31
1787304212.509,25.402,True,1,2.934,3.016,0.045,0.461,10.276,10.274,0.328,2.963,0.325,2.912,0.376,0.239,0.117,-0.197,0.97,1.19,149.18,0.93,2.14,-0.007,0.102,0.106,1479,1468,1534,1531,10.00,10.06,-0.06,9.69
1787304212.519,25.412,True,1,2.934,3.016,0.045,0.461,10.276,10.275,0.328,2.963,0.325,2.914,0.374,0.239,0.117,-0.197,0.97,1.19,149.18,0.92,2.13,-0.007,0.101,0.106,1479,1468,1534,1531,10.00,10.06,9.94,19.69
1787304212.529,25.422,True,1,2.940,3.016,0.072,0.360,10.176,10.175,0.325,2.966,0.319,2.916,0.372,0.235,0.114,-0.179,1.09,1.27,149.26,1.08,2.25,-0.004,0.105,0.102,1479,1468,1534,1527,10.00,10.06,-0.10,-0.15
1787304212.539,25.432,True,1,2.940,3.016,0.072,0.361,10.177,10.175,0.325,2.966,0.319,2.917,0.370,0.235,0.114,-0.179,1.09,1.27,149.26,1.07,2.24,-0.004,0.103,0.102,1479,1468,1534,1527,10.00,10.06,9.90,9.85
1787304212.549,25.442,True,1,2.940,3.016,0.072,0.361,10.177,10.176,0.325,2.966,0.319,2.919,0.369,0.235,0.114,-0.179,1.09,1.27,149.26,1.07,2.22,-0.004,0.101,0.102,1479,1468,1534,1527,10.00,10.06,19.90,19.85
1787304212.559,25.452,True,1,2.940,3.016,0.072,0.362,10.178,10.177,0.325,2.966,0.319,2.921,0.367,0.235,0.114,-0.179,1.09,1.27,149.26,1.07,2.21,-0.004,0.100,0.103,1479,1468,1534,1527,10.02,10.08,29.92,29.87
1787304212.569,25.462,True,1,2.940,3.016,0.072,0.363,10.179,10.177,0.325,2.966,0.319,2.922,0.365,0.235,0.114,-0.179,1.09,1.27,149.26,1.07,2.20,-0.004,0.099,0.103,1479,1469,1534,1527,9.98,10.06,39.90,39.85
1787304212.579,25.473,True,1,2.953,3.016,0.061,0.343,10.158,10.157,0.324,2.972,0.312,2.924,0.364,0.230,0.110,-0.201,1.30,1.49,149.91,0.89,2.10,-0.045,0.065,0.074,1475,1472,1530,1527,10.01,10.07,-0.38,-0.33
1787304212.589,25.482,True,1,2.953,3.016,0.061,0.344,10.158,10.158,0.324,2.972,0.312,2.925,0.362,0.230,0.110,-0.201,1.30,1.49,149.91,0.89,2.09,-0.045,0.064,0.074,1474,1472,1530,1527,10.00,10.06,9.62,9.67
1787304212.599,25.493,True,1,2.961,3.016,0.079,0.259,10.074,10.073,0.321,2.976,0.306,2.927,0.360,0.227,0.097,-0.200,1.29,1.56,150.19,0.84,2.19,-0.049,0.068,0.062,1474,1472,1528,1524,10.00,10.06,-0.13,-0.18
1787304212.609,25.502,True,1,2.961,3.016,0.079,0.259,10.074,10.073,0.322,2.976,0.306,2.929,0.358,0.227,0.097,-0.200,1.29,1.56,150.19,0.84,2.18,-0.049,0.067,0.062,1474,1472,1528,1524,10.01,10.07,9.88,9.83
1787304212.619,25.512,True,1,2.961,3.016,0.079,0.260,10.075,10.074,0.322,2.976,0.306,2.930,0.356,0.227,0.097,-0.200,1.29,1.56,150.19,0.84,2.17,-0.050,0.065,0.062,1474,1472,1528,1524,9.99,10.06,19.87,19.82
1787304212.629,25.522,True,1,2.961,3.016,0.079,0.260,10.075,10.074,0.322,2.976,0.306,2.932,0.355,0.227,0.097,-0.200,1.29,1.56,150.19,0.84,2.15,-0.050,0.064,0.062,1474,1472,1528,1524,10.00,10.06,29.87,29.82
1787304212.639,25.532,True,1,2.961,3.016,0.079,0.261,10.076,10.075,0.322,2.976,0.306,2.933,0.353,0.227,0.097,-0.200,1.29,1.56,150.19,0.83,2.14,-0.050,0.062,0.062,1474,1473,1528,1524,10.00,10.07,39.87,39.82
1787304212.649,25.543,True,1,2.975,3.016,0.063,0.254,10.068,10.068,0.321,2.982,0.297,2.935,0.351,0.221,0.095,-0.211,1.24,1.90,150.85,0.75,2.08,-0.052,0.020,0.035,1474,1477,1524,1523,10.00,10.07,-0.28,-0.33
1787304212.659,25.552,True,1,2.976,3.016,0.060,0.258,10.073,10.073,0.321,2.983,0.295,2.937,0.349,0.220,0.093,-0.204,1.23,2.10,151.19,0.81,2.11,-0.045,0.002,0.020,1474,1479,1522,1524,9.99,10.06,-0.15,-0.11
1787304212.669,25.562,True,1,2.976,3.016,0.060,0.259,10.073,10.073,0.322,2.983,0.295,2.938,0.347,0.220,0.093,-0.204,1.23,2.10,151.19,0.80,2.10,-0.045,0.000,0.020,1474,1479,1522,1524,10.00,10.06,9.85,9.89
1787304212.679,25.572,True,1,2.976,3.016,0.060,0.259,10.074,10.073,0.322,2.983,0.295,2.940,0.346,0.220,0.093,-0.204,1.23,2.10,151.19,0.80,2.08,-0.046,-0.001,0.020,1474,1520,1522,1524,10.00,10.06,19.85,19.89
1787304212.689,25.582,True,1,2.976,3.016,0.060,0.260,10.074,10.074,0.322,2.983,0.295,2.941,0.344,0.220,0.093,-0.204,1.23,2.10,151.19,0.80,2.07,-0.046,-0.003,0.020,1474,1520,1522,1524,10.00,10.06,29.85,29.89
1787304212.699,25.592,True,1,2.976,3.016,0.060,0.260,10.074,10.074,0.322,2.983,0.295,2.942,0.342,0.220,0.093,-0.204,1.23,2.10,151.19,0.79,2.06,-0.046,-0.004,0.020,1474,1520,1522,1524,10.00,10.06,39.85,39.89
1787304212.709,25.602,True,1,2.976,3.016,0.060,0.261,10.075,10.074,0.322,2.983,0.295,2.944,0.341,0.220,0.093,-0.204,1.23,2.10,151.19,0.79,2.04,-0.047,-0.005,0.020,1474,1520,1522,1524,10.00,10.06,49.85,49.90
1787304212.719,25.613,True,1,2.993,3.016,0.086,0.116,9.931,9.930,0.317,2.990,0.284,2.945,0.339,0.214,0.093,-0.197,0.76,2.50,152.18,0.90,2.08,0.016,-0.044,-0.022,1521,1524,1476,1518,10.00,10.06,-0.42,-0.37
1787304212.729,25.622,True,1,2.993,3.016,0.086,0.116,9.931,9.930,0.317,2.990,0.284,2.947,0.337,0.214,0.093,-0.197,0.76,2.50,152.18,0.89,2.07,0.015,-0.045,-0.022,1521,1525,1476,1518,10.00,10.06,9.57,9.62
1787304212.739,25.632,True,1,3.001,3.016,0.085,0.085,9.899,9.898,0.316,2.994,0.278,2.948,0.335,0.211,0.103,-0.184,0.69,2.65,152.57,1.08,2.02,0.043,-0.067,-0.039,1524,1527,1474,1517,10.00,10.06,-0.12,-0.17
1787304212.749,25.642,True,1,3.001,3.016,0.085,0.085,9.899,9.898,0.316,2.994,0.278,2.950,0.333,0.211,0.103,-0.184,0.69,2.65,152.57,1.07,2.00,0.042,-0.069,-0.039,1524,1527,1474,1517,10.00,10.06,9.88,9.83
1787304212.759,25.652,True,1,3.001,3.016,0.085,0.085,9.899,9.898,0.316,2.994,0.278,2.951,0.331,0.211,0.103,-0.184,0.69,2.65,152.57,1.07,1.99,0.042,-0.070,-0.039,1524,1527,1474,1517,10.00,10.06,19.88,19.83
1787304212.769,25.662,True,1,3.001,3.016,0.085,0.085,9.899,9.898,0.316,2.994,0.278,2.953,0.330,0.211,0.103,-0.184,0.69,2.65,152.57,1.07,1.97,0.042,-0.072,-0.039,1524,1527,1474,1517,10.00,10.06,29.88,29.83
1787304212.779,25.672,True,1,3.001,3.016,0.085,0.085,9.899,9.898,0.316,2.994,0.278,2.954,0.328,0.211,0.103,-0.184,0.69,2.65,152.57,1.06,1.96,0.041,-0.073,-0.039,1524,1528,1474,1517,10.00,10.06,39.88,39.83
1787304212.789,25.682,True,1,3.001,3.016,0.085,0.085,9.899,9.898,0.316,2.994,0.278,2.955,0.326,0.211,0.103,-0.184,0.69,2.65,152.57,1.06,1.95,0.041,-0.074,-0.039,1524,1528,1474,1517,10.00,10.06,49.88,49.83
1787304212.799,25.692,True,1,3.001,3.016,0.085,0.086,9.900,9.899,0.316,2.994,0.278,2.957,0.325,0.211,0.103,-0.184,0.69,2.65,152.57,1.06,1.93,0.041,-0.076,-0.039,1524,1528,1474,1517,10.00,10.06,59.88,59.83
1787304212.809,25.703,True,1,3.021,3.016,0.086,0.002,9.817,9.813,0.313,3.003,0.267,2.958,0.323,0.206,0.104,-0.174,-0.06,2.87,153.64,1.20,1.96,0.136,-0.096,-0.087,1535,1530,1467,1514,10.00,10.06,-0.46,-0.50
1787304212.819,25.712,True,1,3.021,3.016,0.086,0.002,9.816,9.813,0.313,3.003,0.267,2.960,0.321,0.206,0.104,-0.174,-0.06,2.87,153.64,1.20,1.95,0.135,-0.097,-0.087,1534,1530,1467,1514,10.00,10.06,9.55,9.50
1787304212.829,25.722,True,1,3.021,3.016,0.086,0.002,9.816,9.813,0.313,3.003,0.267,2.961,0.319,0.206,0.104,-0.174,-0.06,2.87,153.64,1.19,1.93,0.135,-0.099,-0.087,1534,1530,1467,1514,9.99,10.06,19.54,19.49
1787304212.839,25.732,True,1,3.021,3.016,0.086,0.002,9.816,9.812,0.313,3.003,0.267,2.963,0.317,0.206,0.104,-0.174,-0.06,2.87,153.64,1.19,1.92,0.135,-0.100,-0.087,1534,1531,1467,1514,10.00,10.06,29.54,29.50
1787304212.849,25.742,True,1,3.021,3.016,0.086,0.002,9.816,9.812,0.313,3.003,0.267,2.964,0.316,0.206,0.104,-0.174,-0.06,2.87,153.64,1.18,1.90,0.134,-0.102,-0.087,1534,1531,1467,1514,10.00,10.06,39.54,39.49
1787304212.859,25.752,True,1,3.021,3.016,0.086,0.002,9.816,9.812,0.313,3.003,0.267,2.965,0.314,0.206,0.104,-0.174,-0.06,2.87,153.64,1.18,1.89,0.134,-0.103,-0.087,1534,1531,1467,1514,10.00,10.06,49.54,49.50
1787304212.869,25.763,True,1,3.037,3.016,0.081,-0.045,9.770,9.762,0.312,3.010,0.258,2.967,0.312,0.204,0.103,-0.173,-0.72,3.01,154.56,1.22,1.88,0.210,-0.117,-0.128,1543,1533,1462,1512,10.00,10.06,-0.36,-0.41
1787304212.879,25.772,True,1,3.037,3.016,0.081,-0.045,9.769,9.762,0.312,3.010,0.258,2.968,0.310,0.204,0.103,-0.173,-0.72,3.01,154.56,1.21,1.86,0.209,-0.119,-0.128,1543,1533,1462,1512,10.00,10.06,9.64,9.60
1787304212.889,25.782,True,1,3.037,3.016,0.081,-0.045,9.769,9.761,0.312,3.010,0.258,2.970,0.309,0.204,0.103,-0.173,-0.72,3.01,154.56,1.21,1.85,0.209,-0.120,-0.128,1543,1533,1462,1512,10.00,10.06,19.64,19.59
1787304212.899,25.793,True,1,3.043,3.016,0.070,-0.039,9.774,9.765,0.312,3.014,0.255,2.971,0.307,0.204,0.124,-0.166,-0.81,2.95,154.81,1.37,1.66,0.235,-0.133,-0.139,1545,1534,1460,1512,10.00,10.06,-0.17,-0.21
1787304212.909,25.802,True,1,3.043,3.016,0.070,-0.040,9.774,9.764,0.312,3.014,0.255,2.972,0.305,0.204,0.124,-0.166,-0.81,2.95,154.81,1.36,1.65,0.235,-0.134,-0.139,1545,1534,1460,1512,10.00,10.06,9.84,9.79
1787304212.919,25.812,True,1,3.043,3.016,0.070,-0.040,9.774,9.764,0.312,3.014,0.255,2.974,0.303,0.204,0.124,-0.166,-0.81,2.95,154.81,1.36,1.63,0.234,-0.136,-0.139,1545,1535,1460,1512,10.00,10.06,19.83,19.79
1787304212.929,25.822,True,1,3.043,3.016,0.070,-0.040,9.773,9.764,0.312,3.014,0.255,2.975,0.302,0.204,0.124,-0.166,-0.81,2.95,154.81,1.36,1.62,0.234,-0.137,-0.139,1545,1535,1460,1512,10.00,10.06,29.83,29.78
1787304212.939,25.832,True,1,3.043,3.016,0.070,-0.040,9.773,9.763,0.312,3.014,0.255,2.976,0.300,0.204,0.124,-0.166,-0.81,2.95,154.81,1.35,1.61,0.234,-0.139,-0.139,1545,1535,1460,1512,10.00,10.06,39.84,39.79
1787304212.949,25.842,True,1,3.043,3.016,0.070,-0.041,9.773,9.763,0.312,3.014,0.255,2.978,0.299,0.204,0.124,-0.166,-0.81,2.95,154.81,1.35,1.59,0.233,-0.140,-0.140,1545,1535,1460,1512,10.00,10.06,49.84,49.79
1787304212.959,25.853,True,1,3.061,3.016,0.055,-0.065,9.748,9.740,0.311,3.023,0.248,2.979,0.297,0.205,0.118,-0.167,-0.64,2.81,155.23,1.32,1.63,0.213,-0.122,-0.157,1543,1533,1458,1512,10.00,10.06,-0.36,-0.41
1787304212.969,25.862,True,1,3.061,3.016,0.055,-0.066,9.747,9.739,0.311,3.023,0.248,2.981,0.296,0.205,0.118,-0.167,-0.64,2.81,155.23,1.32,1.61,0.212,-0.123,-0.157,1543,1533,1458,1512,10.00,10.06,9.64,9.59
1787304212.979,25.872,True,1,3.064,3.016,0.065,-0.109,9.706,9.697,0.310,3.025,0.247,2.982,0.294,0.205,0.136,-0.131,-0.37,2.68,155.34,1.76,1.58,0.230,-0.114,-0.161,1545,1532,1457,1510,10.00,10.06,-0.17,-0.12
1787304212.989,25.882,True,1,3.064,3.016,0.065,-0.110,9.705,9.697,0.309,3.025,0.247,2.983,0.292,0.205,0.136,-0.131,-0.37,2.68,155.34,1.75,1.57,0.230,-0.115,-0.161,1545,1532,1457,1510,10.00,10.06,9.84,9.89
1787304212.999,25.892,True,1,3.064,3.016,0.065,-0.110,9.704,9.696,0.309,3.025,0.247,2.985,0.291,0.205,0.136,-0.131,-0.37,2.68,155.34,1.75,1.56,0.230,-0.117,-0.161,1545,1532,1457,1510,10.00,10.06,19.83,19.88
1787304213.009,25.902,True,1,3.064,3.016,0.065,-0.111,9.704,9.695,0.309,3.025,0.247,2.986,0.289,0.205,0.136,-0.131,-0.37,2.68,155.34,1.75,1.54,0.229,-0.118,-0.161,1545,1533,1457,1510,10.00,10.06,29.83,29.88
1787304213.019,25.912,True,1,3.064,3.016,0.065,-0.111,9.703,9.695,0.309,3.025,0.247,2.987,0.288,0.205,0.136,-0.131,-0.37,2.68,155.34,1.74,1.53,0.229,-0.119,-0.161,1545,1533,1457,1510,10.00,10.06,39.83,39.88
1787304213.029,25.922,True,1,3.064,3.016,0.065,-0.112,9.703,9.694,0.309,3.025,0.247,2.989,0.287,0.205,0.136,-0.131,-0.37,2.68,155.34,1.74,1.52,0.229,-0.121,-0.161,1545,1533,1457,1510,10.00,10.06,49.83,49.88
1787304213.039,25.932,True,1,3.064,3.016,0.065,-0.112,9.702,9.694,0.309,3.025,0.247,2.990,0.285,0.205,0.136,-0.131,-0.37,2.68,155.34,1.74,1.51,0.229,-0.122,-0.161,1545,1533,1457,1510,10.00,10.06,59.83,59.88
1787304213.049,25.942,True,1,3.064,3.016,0.065,-0.113,9.702,9.693,0.309,3.025,0.247,2.991,0.284,0.205,0.136,-0.131,-0.37,2.68,155.34,1.74,1.50,0.228,-0.123,-0.161,1545,1533,1457,1510,10.00,10.06,69.83,69.88
1787304213.060,25.953,True,1,3.088,3.016,0.020,-0.074,9.739,9.737,0.311,3.038,0.237,2.993,0.282,0.208,0.132,-0.155,0.73,2.08,155.35,1.48,1.41,0.084,-0.072,-0.160,1529,1528,1457,1511,10.00,10.06,-0.59,-0.55
1787304213.069,25.962,True,1,3.088,3.016,0.020,-0.075,9.738,9.736,0.311,3.038,0.237,2.994,0.281,0.208,0.132,-0.155,0.73,2.08,155.35,1.48,1.40,0.084,-0.074,-0.160,1529,1528,1457,1511,10.00,10.06,9.41,9.46
1787304213.079,25.972,True,1,3.088,3.016,0.020,-0.076,9.737,9.736,0.311,3.038,0.237,2.996,0.279,0.208,0.132,-0.155,0.73,2.08,155.35,1.47,1.39,0.084,-0.075,-0.160,1529,1528,1457,1511,10.00,10.06,19.41,19.46
1787304213.089,25.982,True,1,3.088,3.016,0.020,-0.076,9.736,9.735,0.311,3.038,0.237,2.997,0.278,0.208,0.132,-0.155,0.73,2.08,155.35,1.47,1.37,0.083,-0.077,-0.160,1529,1528,1457,1511,10.00,10.06,29.41,29.45
1787304213.099,25.992,True,1,3.088,3.016,0.020,-0.077,9.736,9.734,0.311,3.038,0.237,2.998,0.277,0.208,0.132,-0.155,0.73,2.08,155.35,1.47,1.36,0.083,-0.078,-0.160,1529,1528,1457,1511,10.00,10.06,39.41,39.46
1787304213.109,26.003,True,1,3.099,3.016,0.008,-0.085,9.728,9.728,0.310,3.045,0.232,3.000,0.275,0.210,0.133,-0.150,1.34,1.72,155.14,1.51,1.36,0.023,-0.041,-0.151,1522,1524,1458,1511,10.00,10.06,-0.32,-0.27
1787304213.119,26.012,True,1,3.099,3.016,0.008,-0.086,9.727,9.727,0.310,3.045,0.232,3.001,0.274,0.210,0.133,-0.150,1.34,1.72,155.14,1.51,1.35,0.022,-0.042,-0.151,1522,1524,1458,1511,10.00,10.07,9.69,9.74
1787304213.129,26.022,True,1,3.099,3.016,0.008,-0.087,9.726,9.726,0.310,3.045,0.232,3.003,0.272,0.210,0.133,-0.150,1.34,1.72,155.14,1.51,1.33,0.022,-0.044,-0.151,1522,1524,1458,1511,10.00,10.06,19.68,19.73
1787304213.139,26.033,True,1,3.111,3.016,0.016,-0.162,9.652,9.652,0.308,3.052,0.227,3.005,0.271,0.212,0.140,-0.126,1.68,1.43,154.93,1.78,1.38,0.014,-0.010,-0.143,1521,1521,1460,1508,10.00,10.06,-0.21,-0.26
1787304213.149,26.042,True,1,3.111,3.016,0.016,-0.163,9.651,9.651,0.308,3.052,0.227,3.006,0.269,0.212,0.140,-0.126,1.68,1.43,154.93,1.78,1.36,0.014,-0.011,-0.143,1521,1521,1460,1508,10.00,10.06,9.79,9.74
1787304213.159,26.052,True,1,3.111,3.016,0.016,-0.164,9.650,9.650,0.308,3.052,0.227,3.008,0.268,0.212,0.140,-0.126,1.68,1.43,154.93,1.78,1.35,0.014,-0.013,-0.143,1521,1521,1460,1508,10.00,10.06,19.79,19.74
1787304213.169,26.062,True,1,3.111,3.016,0.016,-0.165,9.649,9.649,0.308,3.052,0.227,3.009,0.267,0.212,0.140,-0.126,1.68,1.43,154.93,1.78,1.33,0.014,-0.014,-0.143,1521,1521,1460,1508,10.00,10.06,29.79,29.74
1787304213.179,26.072,True,1,3.111,3.016,0.016,-0.166,9.648,9.648,0.308,3.052,0.227,3.011,0.265,0.212,0.140,-0.126,1.68,1.43,154.93,1.77,1.32,0.013,-0.016,-0.143,1521,1521,1460,1508,10.00,10.07,39.80,39.75
1787304213.189,26.082,True,1,3.111,3.016,0.016,-0.167,9.647,9.647,0.308,3.052,0.227,3.012,0.264,0.212,0.140,-0.126,1.68,1.43,154.93,1.77,1.31,0.013,-0.017,-0.143,1521,1521,1460,1508,10.00,10.06,49.79,49.74
1787304213.199,26.092,True,1,3.111,3.016,0.016,-0.168,9.646,9.646,0.308,3.052,0.227,3.013,0.263,0.212,0.140,-0.126,1.68,1.43,154.93,1.77,1.29,0.013,-0.018,-0.143,1521,1522,1460,1508,10.00,10.06,59.79,59.75
1787304213.209,26.103,True,1,3.125,3.016,-0.004,-0.165,9.649,9.649,0.308,3.061,0.219,3.015,0.261,0.215,0.124,-0.123,2.22,1.21,154.35,1.71,1.47,-0.051,0.022,-0.119,1474,1477,1463,1508,10.00,10.06,-0.48,-0.53
1787304213.219,26.112,True,1,3.125,3.016,-0.004,-0.166,9.648,9.648,0.308,3.061,0.219,3.016,0.260,0.215,0.124,-0.123,2.22,1.21,154.35,1.71,1.45,-0.051,0.021,-0.119,1474,1477,1463,1508,10.00,10.06,9.52,9.47
1787304213.229,26.122,True,1,3.125,3.016,-0.004,-0.167,9.647,9.646,0.308,3.061,0.219,3.018,0.258,0.215,0.124,-0.123,2.22,1.21,154.35,1.71,1.44,-0.051,0.019,-0.118,1474,1477,1463,1508,10.00,10.06,19.52,19.47
1787304213.239,26.132,True,1,3.125,3.016,-0.004,-0.168,9.646,9.645,0.308,3.061,0.219,3.019,0.257,0.215,0.124,-0.123,2.22,1.21,154.35,1.71,1.42,-0.051,0.018,-0.118,1474,1478,1463,1508,10.00,10.06,29.51,29.46
1787304213.249,26.142,True,1,3.125,3.016,-0.004,-0.169,9.645,9.644,0.308,3.061,0.219,3.021,0.256,0.215,0.124,-0.123,2.22,1.21,154.35,1.71,1.41,-0.052,0.016,-0.118,1474,1478,1463,1508,10.00,10.06,39.52,39.47
1787304213.259,26.152,True,1,3.125,3.016,-0.004,-0.170,9.643,9.643,0.308,3.061,0.219,3.022,0.255,0.215,0.124,-0.123,2.22,1.21,154.35,1.70,1.40,-0.052,0.015,-0.118,1474,1478,1463,1508,10.00,10.06,49.52,49.47
1787304213.269,26.162,True,1,3.125,3.016,-0.004,-0.171,9.642,9.642,0.308,3.061,0.219,3.023,0.253,0.215,0.124,-0.123,2.22,1.21,154.35,1.70,1.39,-0.052,0.013,-0.118,1474,1478,1463,1508,10.00,10.06,59.52,59.47
1787304213.280,26.173,True,1,3.135,3.016,-0.022,-0.160,9.653,9.652,0.308,3.069,0.213,3.025,0.252,0.219,0.108,-0.145,2.27,1.15,153.20,1.38,1.45,-0.092,0.028,-0.069,1469,1476,1470,1508,10.00,10.06,-0.54,-0.42
1787304213.289,26.182,True,1,3.135,3.016,-0.022,-0.161,9.652,9.650,0.308,3.069,0.213,3.026,0.251,0.219,0.108,-0.145,2.27,1.15,153.20,1.38,1.43,-0.092,0.027,-0.068,1469,1476,1470,1508,10.00,10.06,9.47,9.59
1787304213.299,26.192,True,1,3.140,3.016,-0.025,-0.168,9.644,9.643,0.308,3.073,0.211,3.028,0.249,0.221,0.101,-0.145,2.25,1.12,153.04,1.35,1.49,-0.093,0.036,-0.062,1469,1475,1471,1508,10.00,10.06,-0.10,-0.15
1787304213.309,26.202,True,1,3.140,3.016,-0.025,-0.170,9.643,9.642,0.308,3.073,0.211,3.029,0.248,0.221,0.101,-0.145,2.25,1.12,153.04,1.35,1.47,-0.093,0.034,-0.062,1469,1476,1471,1508,10.01,10.07,9.91,9.86
1787304213.319,26.212,True,1,3.140,3.016,-0.025,-0.171,9.642,9.640,0.308,3.073,0.211,3.031,0.247,0.221,0.101,-0.145,2.25,1.12,153.04,1.35,1.46,-0.093,0.033,-0.062,1469,1476,1471,1508,10.00,10.07,19.90,19.86
1787304213.329,26.222,True,1,3.140,3.016,-0.025,-0.172,9.640,9.639,0.308,3.073,0.211,3.032,0.246,0.221,0.101,-0.145,2.25,1.12,153.04,1.35,1.45,-0.093,0.032,-0.062,1469,1476,1471,1508,10.00,10.06,29.90,29.85
1787304213.339,26.232,True,1,3.140,3.016,-0.025,-0.173,9.639,9.638,0.308,3.073,0.211,3.034,0.245,0.221,0.101,-0.145,2.25,1.12,153.04,1.35,1.43,-0.093,0.030,-0.062,1469,1476,1471,1508,10.00,10.06,39.90,39.85
1787304213.349,26.243,True,1,3.148,3.016,-0.037,-0.175,9.638,9.636,0.308,3.079,0.206,3.035,0.243,0.224,0.093,-0.137,2.36,1.03,152.22,1.35,1.55,-0.105,0.054,-0.027,1468,1474,1476,1508,10.01,10.07,-0.30,-0.35
1787304213.359,26.252,True,1,3.148,3.016,-0.037,-0.176,9.637,9.635,0.308,3.079,0.206,3.037,0.242,0.224,0.093,-0.137,2.36,1.03,152.22,1.35,1.54,-0.105,0.052,-0.027,1468,1474,1476,1508,10.00,10.06,9.70,9.65
1787304213.369,26.262,True,1,3.148,3.016,-0.037,-0.177,9.635,9.634,0.307,3.079,0.206,3.038,0.241,0.224,0.093,-0.137,2.36,1.03,152.22,1.35,1.52,-0.105,0.051,-0.027,1468,1474,1476,1508,10.00,10.06,19.70,19.65
1787304213.379,26.272,True,1,3.148,3.016,-0.037,-0.179,9.634,9.632,0.307,3.079,0.206,3.039,0.240,0.224,0.093,-0.137,2.36,1.03,152.22,1.35,1.51,-0.105,0.049,-0.027,1468,1474,1476,1508,10.00,10.06,29.70,29.65
1787304213.389,26.283,True,1,3.156,3.016,-0.047,-0.181,9.631,9.629,0.307,3.083,0.201,3.041,0.238,0.225,0.084,-0.140,2.29,0.97,151.42,1.25,1.59,-0.109,0.065,0.007,1467,1472,1521,1508,10.00,10.06,-0.26,-0.31
1787304213.399,26.292,True,1,3.156,3.016,-0.047,-0.183,9.630,9.628,0.307,3.083,0.201,3.042,0.237,0.225,0.084,-0.140,2.29,0.97,151.42,1.25,1.57,-0.109,0.063,0.007,1467,1472,1521,1507,10.00,10.06,9.74,9.69
1787304213.409,26.302,True,1,3.156,3.016,-0.047,-0.184,9.628,9.626,0.307,3.083,0.201,3.044,0.236,0.225,0.084,-0.140,2.29,0.97,151.42,1.25,1.56,-0.109,0.062,0.008,1467,1473,1521,1507,10.00,10.06,19.74,19.69
1787304213.419,26.312,True,1,3.156,3.016,-0.047,-0.186,9.627,9.625,0.307,3.083,0.201,3.045,0.235,0.225,0.084,-0.140,2.29,0.97,151.42,1.25,1.55,-0.109,0.061,0.008,1467,1473,1521,1507,10.00,10.06,29.74,29.69
1787304213.429,26.322,True,1,3.156,3.016,-0.047,-0.187,9.625,9.623,0.307,3.083,0.201,3.046,0.234,0.225,0.084,-0.140,2.29,0.97,151.42,1.25,1.53,-0.109,0.059,0.008,1467,1473,1521,1507,10.01,10.07,39.74,39.69
1787304213.439,26.332,True,1,3.156,3.016,-0.047,-0.188,9.624,9.622,0.307,3.083,0.201,3.047,0.233,0.225,0.084,-0.140,2.29,0.97,151.42,1.25,1.52,-0.109,0.058,0.008,1467,1473,1521,1507,10.00,10.07,49.74,49.69
1787304213.449,26.342,True,1,3.156,3.016,-0.047,-0.190,9.622,9.620,0.307,3.083,0.201,3.049,0.231,0.225,0.084,-0.140,2.29,0.97,151.42,1.25,1.51,-0.109,0.057,0.008,1467,1473,1521,1507,9.99,10.06,59.73,59.68
1787304213.459,26.353,True,1,3.167,3.016,-0.053,-0.214,9.598,9.597,0.306,3.087,0.194,3.050,0.230,0.226,0.064,-0.147,1.86,1.19,150.21,1.06,1.68,-0.085,0.053,0.061,1470,1474,1528,1506,10.00,10.06,-0.47,-0.42
1787304213.469,26.362,True,1,3.170,3.016,-0.050,-0.238,9.575,9.574,0.306,3.089,0.191,3.051,0.229,0.227,0.060,-0.133,1.77,1.17,150.04,1.17,1.78,-0.065,0.066,0.068,1472,1472,1529,1506,10.00,10.06,-0.11,-0.16
1787304213.479,26.372,True,1,3.170,3.016,-0.050,-0.240,9.573,9.572,0.306,3.089,0.191,3.052,0.228,0.227,0.060,-0.133,1.77,1.17,150.04,1.17,1.77,-0.065,0.064,0.068,1472,1472,1529,1505,10.00,10.06,9.89,9.84
1787304213.489,26.382,True,1,3.170,3.016,-0.050,-0.241,9.572,9.571,0.305,3.089,0.191,3.054,0.226,0.227,0.060,-0.133,1.77,1.17,150.04,1.17,1.76,-0.065,0.063,0.068,1472,1472,1529,1505,10.00,10.06,19.89,19.84
1787304213.499,26.392,True,1,3.170,3.016,-0.050,-0.243,9.570,9.569,0.305,3.089,0.191,3.055,0.225,0.227,0.060,-0.133,1.77,1.17,150.04,1.16,1.74,-0.065,0.062,0.068,1472,1473,1529,1505,10.00,10.06,29.89,29.84
1787304213.509,26.402,True,1,3.170,3.016,-0.050,-0.244,9.569,9.568,0.305,3.089,0.191,3.056,0.224,0.227,0.060,-0.133,1.77,1.17,150.04,1.16,1.73,-0.065,0.061,0.068,1472,1473,1529,1505,10.00,10.06,39.89,39.84
1787304213.519,26.412,True,1,3.170,3.016,-0.050,-0.246,9.567,9.566,0.305,3.089,0.191,3.057,0.223,0.227,0.060,-0.133,1.77,1.17,150.04,1.16,1.72,-0.065,0.059,0.069,1472,1473,1529,1505,10.00,10.06,49.89,49.84
1787304213.529,26.422,True,1,3.170,3.016,-0.050,-0.248,9.565,9.564,0.305,3.089,0.191,3.058,0.222,0.227,0.060,-0.133,1.77,1.17,150.04,1.16,1.71,-0.065,0.058,0.069,1472,1473,1529,1505,10.00,10.06,59.89,59.84
1787304213.539,26.433,True,1,3.177,3.016,-0.063,-0.238,9.574,9.573,0.306,3.092,0.185,3.059,0.221,0.227,0.040,-0.144,1.31,1.13,148.80,0.90,1.84,-0.046,0.077,0.123,1474,1471,1537,1505,10.00,10.06,-0.46,-0.41
1787304213.549,26.442,True,1,3.177,3.016,-0.063,-0.240,9.573,9.572,0.306,3.092,0.185,3.060,0.219,0.227,0.040,-0.144,1.31,1.13,148.80,0.90,1.82,-0.046,0.076,0.123,1474,1471,1537,1505,10.00,10.06,9.54,9.59
1787304213.559,26.452,True,1,3.179,3.016,-0.095,-0.153,9.660,9.659,0.308,3.094,0.182,3.062,0.218,0.228,0.036,-0.153,1.20,1.14,148.66,0.79,1.79,-0.045,0.071,0.129,1474,1472,1537,1509,9.99,10.06,-0.11,-0.15
1787304213.569,26.462,True,1,3.179,3.016,-0.095,-0.154,9.658,9.657,0.308,3.094,0.182,3.063,0.217,0.228,0.036,-0.153,1.20,1.14,148.66,0.79,1.78,-0.045,0.070,0.129,1474,1472,1537,1509,10.00,10.06,9.89,9.85
1787304213.579,26.472,True,1,3.179,3.016,-0.095,-0.156,9.656,9.655,0.308,3.094,0.182,3.064,0.216,0.228,0.036,-0.153,1.20,1.14,148.66,0.79,1.77,-0.045,0.069,0.129,1474,1472,1537,1508,10.00,10.06,19.90,19.85
1787304213.589,26.483,True,1,3.186,3.016,-0.082,-0.224,9.589,9.588,0.306,3.096,0.179,3.065,0.215,0.229,0.034,-0.141,0.95,1.14,148.25,0.88,1.86,-0.010,0.077,0.147,1478,1471,1540,1506,10.00,10.06,-0.17,-0.22
1787304213.599,26.492,True,1,3.186,3.016,-0.082,-0.225,9.587,9.587,0.306,3.096,0.179,3.066,0.213,0.229,0.034,-0.141,0.95,1.14,148.25,0.88,1.84,-0.010,0.076,0.147,1478,1471,1540,1506,10.00,10.06,9.83,9.79
1787304213.609,26.502,True,1,3.186,3.016,-0.082,-0.227,9.586,9.585,0.306,3.096,0.179,3.067,0.212,0.229,0.034,-0.141,0.95,1.14,148.25,0.88,1.83,-0.010,0.075,0.147,1478,1471,1540,1506,10.00,10.06,19.83,19.78
1787304213.619,26.512,True,1,3.186,3.016,-0.082,-0.229,9.584,9.583,0.306,3.096,0.179,3.068,0.211,0.229,0.034,-0.141,0.95,1.14,148.25,0.88,1.82,-0.010,0.073,0.147,1478,1471,1540,1506,10.00,10.06,29.83,29.78
1787304213.629,26.522,True,1,3.186,3.016,-0.082,-0.231,9.582,9.581,0.306,3.096,0.179,3.069,0.210,0.229,0.034,-0.141,0.95,1.14,148.25,0.88,1.81,-0.010,0.072,0.147,1478,1471,1540,1506,10.00,10.06,39.83,39.78
1787304213.639,26.533,True,1,3.192,3.016,-0.091,-0.229,9.584,9.583,0.306,3.099,0.176,3.070,0.209,0.230,0.030,-0.132,0.78,1.11,147.62,0.91,1.90,0.010,0.086,0.175,1521,1470,1544,1506,10.00,10.06,-0.35,-0.31
1787304213.649,26.542,True,1,3.192,3.016,-0.091,-0.231,9.583,9.582,0.306,3.099,0.176,3.071,0.208,0.230,0.030,-0.132,0.78,1.11,147.62,0.91,1.89,0.010,0.085,0.175,1521,1470,1544,1506,10.00,10.06,9.65,9.69
1787304213.659,26.552,True,1,3.192,3.016,-0.091,-0.232,9.581,9.580,0.306,3.099,0.176,3.072,0.207,0.230,0.030,-0.132,0.78,1.11,147.62,0.91,1.88,0.010,0.084,0.175,1521,1470,1544,1506,9.99,10.06,19.64,19.69
1787304213.669,26.562,True,1,3.192,3.016,-0.091,-0.234,9.579,9.578,0.306,3.099,0.176,3.073,0.206,0.230,0.030,-0.132,0.78,1.11,147.62,0.91,1.87,0.010,0.082,0.175,1521,1470,1544,1506,10.00,10.06,29.65,29.69
1787304213.679,26.572,True,1,3.192,3.016,-0.091,-0.236,9.577,9.576,0.306,3.099,0.176,3.073,0.205,0.230,0.030,-0.132,0.78,1.11,147.62,0.91,1.86,0.010,0.081,0.175,1521,1470,1544,1506,10.01,10.07,39.65,39.70
1787304213.689,26.582,True,1,3.192,3.016,-0.091,-0.238,9.575,9.574,0.306,3.099,0.176,3.074,0.204,0.230,0.030,-0.132,0.78,1.11,147.62,0.91,1.85,0.010,0.080,0.175,1521,1471,1544,1506,10.00,10.07,49.65,49.70
1787304213.699,26.592,True,1,3.192,3.016,-0.091,-0.239,9.573,9.573,0.306,3.099,0.176,3.075,0.203,0.230,0.030,-0.132,0.78,1.11,147.62,0.91,1.84,0.010,0.079,0.175,1521,1471,1544,1505,10.00,10.06,59.64,59.69
1787304213.709,26.603,True,1,3.204,3.016,-0.093,-0.286,9.529,9.527,0.304,3.101,0.169,3.076,0.202,0.230,0.012,-0.105,0.56,1.09,147.12,1.04,2.16,0.046,0.114,0.197,1525,1467,1547,1504,10.00,10.06,-0.42,-0.47
1787304213.719,26.612,True,1,3.203,3.016,-0.088,-0.300,9.515,9.512,0.304,3.101,0.168,3.077,0.201,0.230,0.014,-0.102,0.49,1.10,146.98,1.07,2.15,0.057,0.112,0.203,1526,1467,1548,1503,10.00,10.06,-0.15,-0.11
1787304213.729,26.622,True,1,3.203,3.016,-0.088,-0.302,9.513,9.511,0.304,3.101,0.168,3.078,0.200,0.230,0.014,-0.102,0.49,1.10,146.98,1.07,2.14,0.057,0.111,0.203,1526,1467,1548,1503,10.00,10.06,9.85,9.89
1787304213.739,26.632,True,1,3.203,3.016,-0.088,-0.304,9.511,9.509,0.303,3.101,0.168,3.078,0.199,0.230,0.014,-0.102,0.49,1.10,146.98,1.07,2.13,0.057,0.110,0.203,1526,1467,1548,1503,10.00,10.06,19.85,19.90
1787304213.749,26.642,True,1,3.203,3.016,-0.088,-0.306,9.509,9.507,0.303,3.101,0.168,3.079,0.197,0.230,0.014,-0.102,0.49,1.10,146.98,1.07,2.12,0.057,0.109,0.203,1526,1467,1548,1503,10.00,10.06,29.85,29.89
1787304213.759,26.652,True,1,3.203,3.016,-0.088,-0.308,9.507,9.505,0.303,3.101,0.168,3.080,0.196,0.230,0.014,-0.102,0.49,1.10,146.98,1.07,2.11,0.057,0.108,0.203,1526,1468,1548,1503,10.00,10.06,39.85,39.89
1787304213.769,26.662,True,1,3.203,3.016,-0.088,-0.310,9.505,9.503,0.303,3.101,0.168,3.081,0.196,0.230,0.014,-0.102,0.49,1.10,146.98,1.07,2.10,0.057,0.107,0.203,1526,1468,1548,1503,10.00,10.06,49.85,49.89
1787304213.779,26.673,True,1,3.212,3.016,-0.111,-0.276,9.539,9.537,0.304,3.103,0.163,3.081,0.194,0.231,0.026,-0.086,0.38,1.32,146.86,1.28,2.08,0.089,0.080,0.209,1529,1471,1548,1504,10.00,10.06,-0.41,-0.37
1787304213.789,26.682,True,1,3.217,3.016,-0.119,-0.275,9.540,9.538,0.304,3.104,0.162,3.082,0.193,0.231,0.018,-0.086,0.38,1.32,146.86,1.23,2.14,0.084,0.087,0.209,1529,1470,1548,1504,10.00,10.06,9.59,-0.07
1787304213.799,26.692,True,1,3.220,3.016,-0.100,-0.344,9.472,9.470,0.302,3.105,0.162,3.083,0.192,0.232,0.013,-0.079,0.37,1.55,146.85,1.26,2.24,0.088,0.073,0.209,1529,1471,1549,1502,10.00,10.06,-0.05,-0.10
1787304213.809,26.702,True,1,3.220,3.016,-0.100,-0.346,9.470,9.468,0.302,3.105,0.162,3.084,0.191,0.232,0.013,-0.079,0.37,1.55,146.85,1.26,2.23,0.088,0.072,0.209,1529,1471,1549,1502,10.00,10.06,9.95,9.90
1787304213.819,26.712,True,1,3.220,3.016,-0.100,-0.348,9.468,9.466,0.302,3.105,0.162,3.084,0.190,0.232,0.013,-0.079,0.37,1.55,146.85,1.26,2.22,0.088,0.071,0.209,1529,1472,1549,1502,10.00,10.06,19.95,19.90
1787304213.829,26.722,True,1,3.220,3.016,-0.100,-0.350,9.466,9.464,0.302,3.105,0.162,3.085,0.189,0.232,0.013,-0.079,0.37,1.55,146.85,1.26,2.21,0.088,0.070,0.209,1529,1472,1549,1501,10.00,10.06,29.95,29.90
1787304213.839,26.733,True,1,3.223,3.016,-0.114,-0.325,9.493,9.491,0.303,3.106,0.160,3.086,0.188,0.232,0.020,-0.053,0.43,1.73,146.87,1.54,2.28,0.109,0.059,0.208,1532,1473,1548,1502,10.00,10.06,-0.16,-0.21
1787304213.849,26.742,True,1,3.223,3.016,-0.114,-0.327,9.491,9.489,0.303,3.106,0.160,3.086,0.187,0.232,0.020,-0.053,0.43,1.73,146.87,1.54,2.27,0.109,0.058,0.208,1532,1473,1548,1502,10.00,10.06,9.84,9.79
1787304213.859,26.752,True,1,3.223,3.016,-0.114,-0.329,9.489,9.487,0.303,3.106,0.160,3.087,0.186,0.232,0.020,-0.053,0.43,1.73,146.87,1.54,2.27,0.109,0.057,0.208,1532,1473,1548,1502,10.00,10.06,19.84,19.79
1787304213.869,26.763,True,1,3.231,3.016,-0.136,-0.296,9.521,9.519,0.304,3.108,0.158,3.088,0.186,0.234,0.022,-0.055,0.41,2.01,147.05,1.54,2.21,0.111,0.022,0.200,1532,1477,1547,1503,10.00,10.06,-0.25,-0.30
1787304213.879,26.772,True,1,3.231,3.016,-0.136,-0.298,9.519,9.517,0.304,3.108,0.158,3.088,0.185,0.234,0.022,-0.055,0.41,2.01,147.05,1.54,2.20,0.111,0.021,0.200,1532,1477,1547,1503,10.00,10.06,9.75,9.70
1787304213.889,26.782,True,1,3.231,3.016,-0.136,-0.300,9.517,9.515,0.304,3.108,0.158,3.089,0.184,0.234,0.022,-0.055,0.41,2.01,147.05,1.54,2.20,0.111,0.020,0.200,1532,1477,1547,1503,10.00,10.06,19.75,19.70
1787304213.899,26.792,True,1,3.233,3.016,-0.133,-0.319,9.498,9.496,0.303,3.108,0.158,3.090,0.183,0.234,0.032,-0.050,0.43,2.27,147.22,1.65,2.13,0.120,-0.013,0.193,1533,1521,1546,1503,10.00,10.06,-0.16,-0.11
1787304213.909,26.802,True,1,3.233,3.016,-0.133,-0.321,9.496,9.494,0.303,3.108,0.158,3.090,0.182,0.234,0.032,-0.050,0.43,2.27,147.22,1.65,2.12,0.120,-0.014,0.193,1533,1521,1546,1503,10.00,10.06,9.84,9.89
1787304213.919,26.812,True,1,3.233,3.016,-0.133,-0.323,9.494,9.491,0.303,3.108,0.158,3.091,0.181,0.234,0.032,-0.050,0.43,2.27,147.22,1.65,2.11,0.120,-0.015,0.193,1533,1521,1546,1502,10.00,10.06,19.84,19.89
1787304213.929,26.822,True,1,3.233,3.016,-0.133,-0.326,9.491,9.489,0.303,3.108,0.158,3.091,0.181,0.234,0.032,-0.050,0.43,2.27,147.22,1.65,2.11,0.120,-0.016,0.193,1533,1521,1546,1502,10.00,10.06,29.84,29.89
1787304213.939,26.833,True,1,3.236,3.016,-0.168,-0.237,9.581,9.579,0.306,3.110,0.157,3.092,0.180,0.235,0.028,-0.040,0.55,2.48,147.53,1.71,2.16,0.114,-0.033,0.180,1532,1523,1545,1506,10.00,10.06,-0.30,-0.26
1787304213.949,26.842,True,1,3.236,3.016,-0.168,-0.239,9.579,9.576,0.306,3.110,0.157,3.093,0.179,0.235,0.028,-0.040,0.55,2.48,147.53,1.71,2.15,0.114,-0.033,0.180,1532,1523,1545,1506,10.00,10.06,9.70,9.75
1787304213.959,26.852,True,1,3.238,3.016,-0.189,-0.187,9.629,9.628,0.307,3.111,0.157,3.093,0.178,0.236,0.029,-0.049,0.66,2.61,147.61,1.63,2.07,0.093,-0.055,0.177,1530,1526,1544,1507,10.00,10.06,-0.10,-0.15
1787304213.969,26.862,True,1,3.238,3.016,-0.189,-0.190,9.627,9.625,0.307,3.111,0.157,3.094,0.178,0.236,0.029,-0.049,0.66,2.61,147.61,1.63,2.06,0.093,-0.056,0.177,1530,1526,1544,1507,10.00,10.06,9.90,9.85
1787304213.979,26.872,True,1,3.238,3.016,-0.189,-0.192,9.625,9.623,0.307,3.111,0.157,3.094,0.177,0.236,0.029,-0.049,0.66,2.61,147.61,1.63,2.05,0.093,-0.057,0.177,1530,1526,1544,1507,10.00,10.06,19.90,19.85
1787304213.989,26.882,True,1,3.238,3.016,-0.189,-0.194,9.623,9.621,0.307,3.111,0.157,3.095,0.176,0.236,0.029,-0.049,0.66,2.61,147.61,1.63,2.04,0.094,-0.057,0.177,1530,1526,1544,1507,10.00,10.06,29.90,29.85
1787304213.999,26.892,True,1,3.238,3.016,-0.189,-0.196,9.620,9.619,0.307,3.111,0.157,3.095,0.176,0.236,0.029,-0.049,0.66,2.61,147.61,1.63,2.04,0.094,-0.058,0.177,1530,1526,1544,1507,10.00,10.06,39.90,39.85
1787304214.009,26.902,True,1,3.238,3.016,-0.189,-0.198,9.618,9.616,0.307,3.111,0.157,3.096,0.175,0.236,0.029,-0.049,0.66,2.61,147.61,1.63,2.03,0.094,-0.059,0.177,1530,1526,1544,1507,10.00,10.06,49.90,49.85
1787304214.019,26.913,True,1,3.243,3.016,-0.181,-0.242,9.577,9.575,0.306,3.111,0.155,3.096,0.174,0.236,0.032,-0.011,1.07,2.93,148.17,2.02,2.21,0.092,-0.072,0.153,1530,1528,1541,1506,10.00,10.06,-0.36,-0.41
1787304214.029,26.922,True,1,3.243,3.016,-0.181,-0.245,9.575,9.573,0.306,3.111,0.155,3.097,0.174,0.236,0.032,-0.011,1.07,2.93,148.17,2.02,2.21,0.092,-0.073,0.153,1530,1528,1541,1505,10.00,10.06,9.64,9.59
1787304214.039,26.932,True,1,3.243,3.016,-0.215,-0.145,9.674,9.672,0.309,3.111,0.155,3.097,0.173,0.236,0.026,-0.027,1.17,2.98,148.46,1.83,2.13,0.063,-0.086,0.141,1526,1529,1539,1509,10.00,10.06,-0.17,-0.12
1787304214.049,26.942,True,1,3.243,3.016,-0.215,-0.147,9.671,9.670,0.309,3.111,0.155,3.098,0.172,0.236,0.026,-0.027,1.17,2.98,148.46,1.83,2.13,0.063,-0.087,0.141,1526,1529,1539,1509,10.00,10.06,9.83,9.88
1787304214.059,26.952,True,1,3.242,3.016,-0.235,-0.083,9.735,9.733,0.311,3.112,0.155,3.098,0.172,0.237,0.043,-0.023,1.39,3.03,148.71,1.96,1.96,0.054,-0.109,0.131,1525,1532,1538,1511,10.00,10.06,-0.12,-0.17
1787304214.069,26.962,True,1,3.242,3.016,-0.235,-0.085,9.733,9.730,0.311,3.112,0.155,3.099,0.171,0.237,0.043,-0.023,1.39,3.03,148.71,1.96,1.95,0.054,-0.110,0.131,1525,1532,1538,1511,10.00,10.06,9.88,9.84
1787304214.079,26.972,True,1,3.242,3.016,-0.235,-0.088,9.730,9.728,0.310,3.112,0.155,3.099,0.171,0.237,0.043,-0.023,1.39,3.03,148.71,1.96,1.95,0.054,-0.111,0.131,1525,1532,1538,1511,10.00,10.06,19.88,19.83
1787304214.089,26.982,True,1,3.242,3.016,-0.235,-0.090,9.728,9.726,0.310,3.112,0.155,3.100,0.170,0.237,0.043,-0.023,1.39,3.03,148.71,1.97,1.94,0.054,-0.111,0.131,1526,1532,1538,1511,10.00,10.06,29.88,29.83
1787304214.099,26.992,True,1,3.242,3.016,-0.235,-0.092,9.726,9.724,0.310,3.112,0.155,3.100,0.170,0.237,0.043,-0.023,1.39,3.03,148.71,1.97,1.93,0.054,-0.112,0.131,1526,1532,1538,1511,10.00,10.06,39.88,39.83
1787304214.109,27.002,True,1,3.242,3.016,-0.235,-0.094,9.724,9.721,0.310,3.112,0.155,3.101,0.169,0.237,0.043,-0.023,1.39,3.03,148.71,1.97,1.93,0.054,-0.112,0.131,1526,1532,1538,1511,10.00,10.06,49.88,49.83
1787304214.119,27.013,True,1,3.247,3.016,-0.265,-0.028,9.790,9.787,0.312,3.113,0.154,3.101,0.169,0.238,0.044,-0.024,1.91,3.17,149.65,1.98,1.86,0.003,-0.134,0.092,1520,1534,1532,1513,10.00,10.06,-0.45,-0.40
1787304214.129,27.022,True,1,3.247,3.016,-0.265,-0.030,9.787,9.785,0.312,3.113,0.154,3.101,0.168,0.238,0.044,-0.024,1.91,3.17,149.65,1.98,1.86,0.003,-0.135,0.092,1520,1534,1532,1513,10.00,10.07,9.56,9.60
1787304214.139,27.032,True,1,3.247,3.016,-0.265,-0.033,9.785,9.782,0.312,3.113,0.154,3.102,0.168,0.238,0.044,-0.024,1.91,3.17,149.65,1.98,1.85,0.003,-0.135,0.092,1520,1534,1532,1513,9.99,10.06,19.55,19.60
1787304214.149,27.042,True,1,3.247,3.016,-0.265,-0.035,9.783,9.780,0.312,3.113,0.154,3.102,0.167,0.238,0.044,-0.024,1.91,3.17,149.65,1.99,1.85,0.003,-0.136,0.092,1520,1535,1532,1513,10.00,10.06,29.55,29.60
1787304214.159,27.052,True,1,3.247,3.016,-0.265,-0.037,9.780,9.778,0.312,3.113,0.154,3.103,0.167,0.238,0.044,-0.024,1.91,3.17,149.65,1.99,1.84,0.003,-0.137,0.092,1520,1535,1532,1513,10.00,10.06,39.55,39.60
1787304214.169,27.062,True,1,3.247,3.016,-0.265,-0.040,9.778,9.775,0.312,3.113,0.154,3.103,0.166,0.238,0.044,-0.024,1.91,3.17,149.65,1.99,1.84,0.003,-0.137,0.092,1520,1535,1532,1513,10.00,10.06,49.55,49.60
1787304214.179,27.072,True,1,3.247,3.016,-0.265,-0.042,9.776,9.773,0.312,3.113,0.154,3.103,0.166,0.238,0.044,-0.024,1.91,3.17,149.65,1.99,1.83,0.003,-0.138,0.092,1520,1535,1532,1513,10.01,10.07,59.56,59.61
1787304214.189,27.083,True,1,3.246,3.016,-0.293,0.045,9.864,9.861,0.315,3.116,0.153,3.104,0.165,0.240,0.045,-0.011,2.28,3.11,150.66,2.12,1.83,-0.019,-0.132,0.049,1477,1534,1526,1516,10.00,10.07,-0.44,-0.49
1787304214.199,27.092,True,1,3.246,3.016,-0.302,0.065,9.884,9.881,0.315,3.116,0.153,3.104,0.165,0.240,0.049,-0.014,2.37,3.02,151.07,2.13,1.76,-0.027,-0.130,0.031,1477,1534,1524,1517,9.99,10.06,-0.06,-0.11
1787304214.209,27.102,True,1,3.246,3.016,-0.302,0.063,9.881,9.879,0.315,3.116,0.153,3.104,0.165,0.240,0.049,-0.014,2.37,3.02,151.07,2.13,1.75,-0.026,-0.131,0.031,1477,1534,1524,1517,10.00,10.06,9.95,9.89
1787304214.219,27.112,True,1,3.246,3.016,-0.302,0.061,9.879,9.876,0.315,3.116,0.153,3.105,0.164,0.240,0.049,-0.014,2.37,3.02,151.07,2.13,1.75,-0.026,-0.131,0.031,1477,1534,1524,1517,10.00,10.06,19.94,19.89
1787304214.229,27.122,True,1,3.246,3.016,-0.302,0.059,9.877,9.874,0.315,3.116,0.153,3.105,0.164,0.240,0.049,-0.014,2.37,3.02,151.07,2.13,1.74,-0.026,-0.132,0.031,1477,1534,1524,1516,10.00,10.06,29.95,29.89
1787304214.239,27.132,True,1,3.246,3.016,-0.302,0.056,9.874,9.872,0.315,3.116,0.153,3.106,0.163,0.240,0.049,-0.014,2.37,3.02,151.07,2.13,1.74,-0.026,-0.133,0.031,1477,1534,1524,1516,10.00,10.06,39.94,39.89
1787304214.249,27.142,True,1,3.246,3.016,-0.302,0.054,9.872,9.869,0.315,3.116,0.153,3.106,0.163,0.240,0.049,-0.014,2.37,3.02,151.07,2.13,1.73,-0.026,-0.133,0.031,1477,1534,1524,1516,10.00,10.06,49.95,49.89
1787304214.259,27.152,True,1,3.246,3.016,-0.302,0.052,9.870,9.867,0.315,3.116,0.153,3.106,0.163,0.240,0.049,-0.014,2.37,3.02,151.07,2.14,1.73,-0.026,-0.134,0.031,1477,1534,1524,1516,10.00,10.06,59.94,59.89
1787304214.269,27.162,True,1,3.246,3.016,-0.302,0.049,9.867,9.865,0.315,3.116,0.153,3.107,0.162,0.240,0.049,-0.014,2.37,3.02,151.07,2.14,1.73,-0.026,-0.134,0.031,1477,1534,1524,1516,10.00,10.06,69.95,69.89
1787304214.280,27.173,True,1,3.243,3.016,-0.356,0.226,10.044,10.043,0.321,3.118,0.153,3.107,0.162,0.243,0.054,-0.007,2.50,2.54,152.23,2.22,1.64,-0.029,-0.095,-0.021,1476,1530,1477,1522,10.00,10.06,-0.47,-0.52
1787304214.289,27.182,True,1,3.243,3.016,-0.356,0.224,10.042,10.041,0.320,3.118,0.153,3.107,0.162,0.243,0.054,-0.007,2.50,2.54,152.23,2.22,1.63,-0.029,-0.096,-0.021,1476,1530,1477,1522,10.00,10.06,9.53,9.48
1787304214.299,27.192,True,1,3.243,3.016,-0.356,0.222,10.040,10.038,0.320,3.118,0.153,3.108,0.162,0.243,0.054,-0.007,2.50,2.54,152.23,2.22,1.63,-0.028,-0.096,-0.021,1476,1530,1477,1522,10.00,10.06,19.53,19.48
1787304214.309,27.202,True,1,3.243,3.016,-0.356,0.219,10.037,10.036,0.320,3.118,0.153,3.108,0.161,0.243,0.054,-0.007,2.50,2.54,152.23,2.22,1.62,-0.028,-0.097,-0.021,1476,1530,1477,1522,10.00,10.06,29.53,29.48
1787304214.319,27.212,True,1,3.243,3.016,-0.356,0.217,10.035,10.034,0.320,3.118,0.153,3.108,0.161,0.243,0.054,-0.007,2.50,2.54,152.23,2.23,1.62,-0.028,-0.097,-0.021,1476,1530,1477,1522,10.00,10.06,39.53,39.49
1787304214.329,27.222,True,1,3.243,3.016,-0.356,0.215,10.033,10.032,0.320,3.118,0.153,3.109,0.161,0.243,0.054,-0.007,2.50,2.54,152.23,2.23,1.61,-0.028,-0.098,-0.021,1476,1530,1477,1522,10.00,10.06,49.53,49.48
1787304214.339,27.232,True,1,3.243,3.016,-0.356,0.212,10.031,10.029,0.320,3.118,0.153,3.109,0.160,0.243,0.054,-0.007,2.50,2.54,152.23,2.23,1.61,-0.028,-0.098,-0.021,1476,1530,1477,1522,10.00,10.06,59.53,59.48
1787304214.349,27.242,True,1,3.243,3.016,-0.356,0.210,10.028,10.027,0.320,3.118,0.153,3.109,0.160,0.243,0.054,-0.007,2.50,2.54,152.23,2.23,1.60,-0.027,-0.099,-0.021,1476,1530,1477,1522,10.00,10.06,69.53,69.48
1787304214.360,27.253,True,1,3.235,3.016,-0.388,0.332,10.149,10.149,0.324,3.121,0.154,3.110,0.160,0.246,0.038,-0.022,2.14,1.59,153.81,2.05,1.59,-0.007,-0.003,-0.094,1479,1520,1466,1526,10.00,10.06,-0.56,-0.51
1787304214.369,27.262,True,1,3.235,3.016,-0.390,0.334,10.151,10.151,0.324,3.122,0.155,3.110,0.160,0.247,0.048,-0.018,2.14,1.59,153.81,2.12,1.52,0.001,-0.011,-0.094,1520,1521,1466,1526,10.00,10.06,9.44,-0.07
1787304214.379,27.272,True,1,3.235,3.016,-0.360,0.247,10.066,10.066,0.321,3.123,0.155,3.111,0.160,0.247,0.053,0.004,2.00,1.45,154.12,2.38,1.56,0.042,0.008,-0.108,1524,1479,1464,1523,10.00,10.06,-0.05,-0.10
1787304214.389,27.282,True,1,3.235,3.016,-0.360,0.245,10.064,10.063,0.321,3.123,0.155,3.111,0.160,0.247,0.053,0.004,1.89,1.38,154.32,2.39,1.55,0.055,0.014,-0.117,1526,1478,1463,1523,10.00,10.06,-0.05,9.90
1787304214.399,27.292,True,1,3.235,3.016,-0.360,0.243,10.062,10.061,0.321,3.123,0.155,3.111,0.159,0.247,0.053,0.004,1.89,1.38,154.32,2.39,1.54,0.055,0.013,-0.117,1526,1478,1463,1523,10.00,10.06,9.95,19.90
1787304214.409,27.302,True,1,3.235,3.016,-0.360,0.240,10.059,10.059,0.321,3.123,0.155,3.112,0.159,0.247,0.053,0.004,1.89,1.38,154.32,2.39,1.54,0.056,0.013,-0.117,1526,1478,1463,1523,10.00,10.06,19.95,29.90
1787304214.419,27.312,True,1,3.235,3.016,-0.360,0.238,10.057,10.057,0.321,3.123,0.155,3.112,0.159,0.247,0.053,0.004,1.89,1.38,154.32,2.39,1.53,0.056,0.012,-0.117,1526,1478,1463,1523,10.00,10.06,29.95,39.90
1787304214.429,27.322,True,1,3.235,3.016,-0.360,0.236,10.055,10.055,0.321,3.123,0.155,3.113,0.159,0.247,0.053,0.004,1.89,1.38,154.32,2.40,1.53,0.056,0.012,-0.117,1526,1478,1463,1523,10.00,10.06,39.95,49.90
1787304214.439,27.333,True,1,3.226,3.016,-0.406,0.406,10.222,10.222,0.326,3.125,0.156,3.113,0.159,0.250,0.046,-0.028,1.57,1.34,155.05,2.06,1.40,0.054,0.002,-0.148,1526,1479,1459,1529,10.00,10.06,-0.40,-0.35
1787304214.449,27.342,True,1,3.226,3.016,-0.406,0.404,10.220,10.220,0.326,3.125,0.156,3.113,0.159,0.250,0.046,-0.028,1.57,1.34,155.05,2.06,1.40,0.055,0.002,-0.148,1526,1479,1459,1529,10.00,10.06,9.60,9.65
1787304214.459,27.352,True,1,3.226,3.016,-0.406,0.402,10.218,10.218,0.326,3.125,0.156,3.114,0.159,0.250,0.046,-0.028,1.57,1.34,155.05,2.06,1.39,0.055,0.001,-0.148,1526,1479,1459,1529,10.00,10.06,19.60,19.65
1787304214.469,27.362,True,1,3.222,3.016,-0.396,0.389,10.206,10.205,0.326,3.126,0.157,3.114,0.159,0.251,0.048,-0.018,1.45,1.26,155.33,2.18,1.40,0.079,0.011,-0.161,1528,1478,1457,1528,10.00,10.06,-0.12,-0.17
1787304214.479,27.372,True,1,3.222,3.016,-0.396,0.387,10.204,10.203,0.326,3.126,0.157,3.115,0.159,0.251,0.048,-0.018,1.49,1.28,155.47,2.18,1.39,0.077,0.008,-0.167,1528,1479,1456,1528,10.00,10.06,-0.05,9.83
1787304214.489,27.382,True,1,3.220,3.016,-0.382,0.347,10.165,10.164,0.324,3.127,0.157,3.115,0.158,0.252,0.045,-0.000,1.47,1.21,155.60,2.34,1.49,0.096,0.025,-0.173,1530,1477,1455,1527,10.00,10.06,-0.10,-0.05
1787304214.499,27.392,True,1,3.220,3.016,-0.382,0.345,10.163,10.162,0.324,3.127,0.157,3.115,0.158,0.252,0.045,-0.000,1.47,1.21,155.60,2.35,1.49,0.096,0.025,-0.173,1530,1477,1455,1527,10.00,10.06,9.90,9.95
1787304214.509,27.402,True,1,3.220,3.016,-0.382,0.343,10.161,10.160,0.324,3.127,0.157,3.116,0.158,0.252,0.045,-0.000,1.47,1.21,155.60,2.35,1.48,0.096,0.025,-0.173,1530,1477,1455,1527,10.00,10.06,19.90,19.95
1787304214.519,27.413,True,1,3.212,3.016,-0.390,0.398,10.215,10.214,0.326,3.129,0.158,3.116,0.158,0.254,0.046,-0.014,1.50,1.29,155.90,2.23,1.38,0.080,0.005,-0.185,1528,1479,1454,1529,10.00,10.06,-0.20,-0.25
1787304214.529,27.422,True,1,3.212,3.016,-0.390,0.396,10.213,10.212,0.326,3.129,0.158,3.117,0.158,0.254,0.046,-0.014,1.50,1.29,155.90,2.23,1.38,0.081,0.005,-0.185,1528,1479,1454,1529,10.00,10.06,9.80,9.75
1787304214.539,27.432,True,1,3.212,3.016,-0.390,0.394,10.211,10.210,0.326,3.129,0.158,3.117,0.158,0.254,0.046,-0.014,1.52,1.35,155.98,2.23,1.37,0.079,-0.002,-0.189,1528,1520,1453,1528,10.00,10.06,-0.06,19.75
1787304214.549,27.442,True,1,3.212,3.016,-0.390,0.392,10.209,10.209,0.326,3.129,0.158,3.117,0.158,0.254,0.046,-0.014,1.52,1.35,155.98,2.24,1.37,0.079,-0.003,-0.189,1528,1520,1453,1528,10.01,10.07,9.95,29.76
1787304214.559,27.452,True,1,3.212,3.016,-0.390,0.390,10.207,10.207,0.326,3.129,0.158,3.118,0.158,0.254,0.046,-0.014,1.52,1.35,155.98,2.24,1.36,0.080,-0.003,-0.189,1528,1520,1453,1528,10.00,10.06,19.94,39.75
1787304214.569,27.462,True,1,3.212,3.016,-0.390,0.388,10.205,10.205,0.326,3.129,0.158,3.118,0.158,0.254,0.046,-0.014,1.52,1.35,155.98,2.24,1.36,0.080,-0.004,-0.189,1528,1520,1453,1528,10.02,10.08,29.96,49.77
1787304214.579,27.472,True,1,3.212,3.016,-0.390,0.386,10.203,10.203,0.326,3.129,0.158,3.119,0.158,0.254,0.046,-0.014,1.52,1.35,155.98,2.25,1.35,0.080,-0.004,-0.189,1528,1520,1453,1528,9.98,10.06,39.94,59.75
1787304214.589,27.482,True,1,3.212,3.016,-0.390,0.384,10.201,10.201,0.326,3.129,0.158,3.119,0.158,0.254,0.046,-0.014,1.52,1.35,155.98,2.25,1.35,0.080,-0.005,-0.189,1528,1520,1453,1528,10.00,10.06,49.94,69.75
1787304214.599,27.493,True,1,3.203,3.016,-0.373,0.369,10.188,10.187,0.325,3.133,0.160,3.119,0.158,0.258,0.051,0.003,1.80,1.71,156.28,2.44,1.36,0.074,-0.043,-0.201,1528,1524,1452,1528,10.00,10.06,-0.45,-0.50
1787304214.609,27.502,True,1,3.203,3.016,-0.373,0.367,10.186,10.185,0.325,3.133,0.160,3.120,0.158,0.258,0.051,0.003,1.80,1.71,156.28,2.45,1.36,0.074,-0.043,-0.200,1528,1524,1452,1528,10.00,10.06,9.56,9.51
1787304214.619,27.512,True,1,3.199,3.016,-0.377,0.390,10.209,10.208,0.326,3.133,0.160,3.120,0.158,0.258,0.055,0.004,1.89,1.89,156.34,2.47,1.32,0.068,-0.067,-0.202,1527,1527,1451,1528,10.00,10.06,-0.17,-0.12
1787304214.629,27.522,True,1,3.199,3.016,-0.377,0.389,10.207,10.206,0.326,3.133,0.160,3.121,0.158,0.258,0.055,0.004,1.89,1.89,156.34,2.47,1.31,0.068,-0.067,-0.202,1527,1527,1451,1528,10.00,10.06,9.83,9.88
1787304214.639,27.532,True,1,3.199,3.016,-0.377,0.387,10.206,10.205,0.326,3.133,0.160,3.121,0.158,0.258,0.055,0.004,1.89,1.89,156.34,2.48,1.31,0.069,-0.068,-0.202,1527,1527,1451,1528,10.00,10.06,19.83,19.88
1787304214.649,27.542,True,1,3.199,3.016,-0.377,0.385,10.204,10.203,0.326,3.133,0.160,3.121,0.159,0.258,0.055,0.004,1.89,1.89,156.34,2.48,1.30,0.069,-0.068,-0.202,1527,1527,1451,1528,10.00,10.06,29.83,29.88
1787304214.659,27.552,True,1,3.199,3.016,-0.377,0.383,10.202,10.201,0.326,3.133,0.160,3.122,0.159,0.258,0.055,0.004,1.89,1.89,156.34,2.49,1.30,0.069,-0.069,-0.202,1527,1527,1451,1528,10.00,10.06,39.83,39.88
1787304214.669,27.562,True,1,3.199,3.016,-0.377,0.381,10.200,10.199,0.326,3.133,0.160,3.122,0.159,0.258,0.055,0.004,1.89,1.89,156.34,2.49,1.29,0.070,-0.069,-0.202,1527,1527,1451,1528,10.00,10.06,49.83,49.88
1787304214.679,27.573,True,1,3.192,3.016,-0.361,0.361,10.180,10.179,0.325,3.137,0.162,3.123,0.159,0.263,0.066,0.007,2.27,1.96,156.33,2.57,1.21,0.038,-0.087,-0.201,1524,1529,1452,1527,10.00,10.07,-0.43,-0.48
1787304214.689,27.582,True,1,3.192,3.016,-0.361,0.359,10.178,10.177,0.325,3.137,0.162,3.123,0.159,0.263,0.066,0.007,2.27,1.96,156.33,2.57,1.20,0.039,-0.087,-0.201,1524,1529,1452,1527,10.00,10.06,9.57,9.52
1787304214.699,27.592,True,1,3.190,3.016,-0.342,0.308,10.128,10.127,0.323,3.138,0.162,3.124,0.159,0.264,0.069,0.011,2.33,1.90,156.28,2.64,1.19,0.039,-0.082,-0.199,1524,1529,1452,1525,10.00,10.06,-0.16,-0.11
1787304214.709,27.602,True,1,3.190,3.016,-0.342,0.307,10.126,10.125,0.323,3.138,0.162,3.124,0.159,0.264,0.069,0.011,2.33,1.90,156.28,2.65,1.19,0.040,-0.082,-0.199,1524,1529,1452,1525,10.00,10.07,9.84,9.89
1787304214.719,27.612,True,1,3.190,3.016,-0.342,0.305,10.124,10.123,0.323,3.138,0.162,3.125,0.159,0.264,0.069,0.011,2.33,1.90,156.28,2.65,1.19,0.040,-0.083,-0.199,1524,1529,1452,1525,10.00,10.06,19.84,19.89
1787304214.729,27.622,True,1,3.190,3.016,-0.342,0.303,10.123,10.122,0.323,3.138,0.162,3.125,0.159,0.264,0.069,0.011,2.33,1.90,156.28,2.65,1.18,0.040,-0.083,-0.199,1524,1529,1452,1525,10.00,10.06,29.84,29.89
1787304214.739,27.632,True,1,3.190,3.016,-0.342,0.301,10.121,10.120,0.323,3.138,0.162,3.126,0.159,0.264,0.069,0.011,2.33,1.90,156.28,2.66,1.18,0.041,-0.084,-0.199,1524,1529,1452,1525,10.00,10.06,39.84,39.89
1787304214.749,27.642,True,1,3.190,3.016,-0.342,0.300,10.119,10.118,0.323,3.138,0.162,3.126,0.159,0.264,0.069,0.011,2.33,1.90,156.28,2.66,1.17,0.041,-0.084,-0.199,1524,1529,1452,1525,10.00,10.06,49.84,49.89
1787304214.759,27.652,True,1,3.190,3.016,-0.342,0.298,10.118,10.117,0.323,3.138,0.162,3.126,0.159,0.264,0.069,0.011,2.33,1.90,156.28,2.67,1.17,0.042,-0.085,-0.199,1524,1529,1452,1525,10.00,10.06,59.84,59.89
1787304214.769,27.663,True,1,3.184,3.016,-0.331,0.287,10.105,10.104,0.323,3.143,0.163,3.127,0.160,0.269,0.063,-0.010,2.55,1.77,155.96,2.45,1.14,-0.005,-0.074,-0.185,1479,1528,1454,1525,10.00,10.06,-0.41,-0.46
1787304214.779,27.672,True,1,3.184,3.016,-0.331,0.285,10.103,10.103,0.322,3.143,0.163,3.127,0.160,0.269,0.063,-0.010,2.55,1.77,155.96,2.45,1.14,-0.004,-0.074,-0.185,1479,1528,1454,1525,10.00,10.06,9.60,9.55
1787304214.789,27.682,True,1,3.183,3.016,-0.312,0.231,10.050,10.050,0.321,3.144,0.163,3.128,0.160,0.270,0.073,0.006,2.85,1.57,155.72,2.65,1.12,-0.016,-0.056,-0.175,1478,1526,1455,1523,10.00,10.06,-0.17,-0.12
1787304214.799,27.692,True,1,3.183,3.016,-0.312,0.229,10.049,10.048,0.321,3.144,0.163,3.129,0.160,0.270,0.073,0.006,2.85,1.57,155.72,2.66,1.11,-0.015,-0.056,-0.175,1478,1526,1455,1523,10.00,10.06,9.84,9.89
1787304214.809,27.702,True,1,3.183,3.016,-0.312,0.228,10.047,10.047,0.321,3.144,0.163,3.129,0.160,0.270,0.073,0.006,2.85,1.57,155.72,2.66,1.11,-0.015,-0.057,-0.175,1478,1526,1455,1523,10.00,10.06,19.83,19.88
1787304214.819,27.712,True,1,3.183,3.016,-0.312,0.226,10.045,10.045,0.321,3.144,0.163,3.130,0.160,0.270,0.073,0.006,2.85,1.57,155.72,2.67,1.10,-0.014,-0.057,-0.175,1478,1526,1455,1523,10.00,10.06,29.84,29.88
1787304214.829,27.722,True,1,3.183,3.016,-0.312,0.224,10.044,10.043,0.321,3.144,0.163,3.130,0.160,0.270,0.073,0.006,2.85,1.57,155.72,2.67,1.10,-0.014,-0.058,-0.175,1478,1526,1455,1523,10.00,10.06,39.83,39.88
1787304214.839,27.732,True,1,3.183,3.016,-0.312,0.223,10.042,10.042,0.321,3.144,0.163,3.131,0.160,0.270,0.073,0.006,2.85,1.57,155.72,2.68,1.09,-0.013,-0.058,-0.175,1478,1526,1455,1522,10.00,10.06,49.84,49.88
1787304214.849,27.743,True,1,3.176,3.016,-0.317,0.264,10.081,10.080,0.322,3.149,0.164,3.131,0.160,0.275,0.070,-0.021,3.27,1.23,155.19,2.39,1.03,-0.089,-0.030,-0.153,1470,1523,1458,1524,10.00,10.06,-0.40,-0.45
1787304214.859,27.752,True,1,3.176,3.016,-0.317,0.262,10.079,10.078,0.322,3.149,0.164,3.132,0.160,0.275,0.070,-0.021,3.27,1.23,155.19,2.40,1.02,-0.089,-0.031,-0.153,1470,1523,1458,1524,10.00,10.06,9.60,9.55
1787304214.869,27.762,True,1,3.176,3.016,-0.317,0.261,10.078,10.076,0.322,3.149,0.164,3.132,0.161,0.275,0.070,-0.021,3.27,1.23,155.19,2.40,1.02,-0.088,-0.031,-0.153,1470,1523,1458,1524,10.00,10.06,19.60,19.55
1787304214.879,27.772,True,1,3.176,3.016,-0.317,0.259,10.076,10.075,0.322,3.149,0.164,3.133,0.161,0.275,0.070,-0.021,3.27,1.23,155.19,2.40,1.01,-0.088,-0.032,-0.153,1470,1523,1458,1524,10.00,10.06,29.60,29.55
1787304214.889,27.782,True,1,3.176,3.016,-0.317,0.257,10.075,10.073,0.322,3.149,0.164,3.133,0.161,0.275,0.070,-0.021,3.27,1.23,155.19,2.41,1.01,-0.087,-0.032,-0.153,1470,1523,1458,1524,10.00,10.06,39.60,39.55
1787304214.899,27.792,True,1,3.176,3.016,-0.317,0.256,10.073,10.072,0.321,3.149,0.164,3.134,0.161,0.275,0.070,-0.021,3.27,1.23,155.19,2.41,1.00,-0.087,-0.033,-0.153,1470,1523,1458,1524,10.00,10.06,49.60,49.55
1787304214.909,27.802,True,1,3.176,3.016,-0.317,0.254,10.071,10.070,0.321,3.149,0.164,3.135,0.161,0.275,0.070,-0.021,3.27,1.23,155.19,2.42,1.00,-0.086,-0.033,-0.153,1470,1523,1458,1523,10.00,10.06,59.60,59.55
1787304214.919,27.812,True,1,3.176,3.016,-0.317,0.253,10.070,10.069,0.321,3.149,0.164,3.135,0.161,0.275,0.070,-0.021,3.27,1.23,155.19,2.42,0.99,-0.086,-0.034,-0.152,1470,1523,1458,1523,10.00,10.06,69.60,69.55
1787304214.929,27.822,True,1,3.176,3.016,-0.317,0.251,10.068,10.067,0.321,3.149,0.164,3.135,0.161,0.275,0.070,-0.021,3.27,1.23,155.19,2.43,0.99,-0.085,-0.034,-0.152,1470,1523,1458,1523,10.00,10.06,79.60,79.55
1787304214.940,27.833,True,1,3.170,3.016,-0.295,0.207,10.025,10.024,0.320,3.155,0.164,3.136,0.161,0.281,0.056,-0.015,3.09,0.51,154.04,2.41,1.18,-0.070,0.065,-0.108,1472,1472,1465,1522,10.00,10.06,-0.56,-0.61
1787304214.949,27.842,True,1,3.170,3.016,-0.295,0.206,10.024,10.022,0.320,3.155,0.164,3.137,0.161,0.281,0.056,-0.015,3.09,0.51,154.04,2.42,1.17,-0.070,0.064,-0.108,1472,1472,1465,1522,10.00,10.06,9.44,9.39
1787304214.959,27.852,True,1,3.170,3.016,-0.295,0.204,10.022,10.021,0.320,3.155,0.164,3.137,0.161,0.281,0.056,-0.015,3.09,0.51,154.04,2.42,1.17,-0.069,0.063,-0.108,1472,1472,1465,1522,10.00,10.06,19.44,19.39
1787304214.969,27.862,True,1,3.170,3.016,-0.295,0.203,10.020,10.019,0.320,3.155,0.164,3.138,0.162,0.281,0.056,-0.015,3.09,0.51,154.04,2.42,1.16,-0.069,0.063,-0.108,1472,1472,1465,1522,10.00,10.06,29.44,29.39
1787304214.979,27.873,True,1,3.164,3.016,-0.314,0.281,10.098,10.096,0.322,3.158,0.164,3.139,0.162,0.284,0.047,-0.022,2.84,0.17,153.47,2.29,1.23,-0.057,0.107,-0.085,1473,1468,1468,1524,10.00,10.06,-0.27,-0.31
1787304214.989,27.882,True,1,3.164,3.016,-0.314,0.280,10.097,10.095,0.322,3.158,0.164,3.139,0.162,0.284,0.047,-0.022,2.84,0.17,153.47,2.30,1.22,-0.057,0.106,-0.085,1473,1468,1468,1524,10.00,10.06,9.74,9.69
1787304214.999,27.892,True,1,3.164,3.016,-0.314,0.278,10.095,10.093,0.322,3.158,0.164,3.140,0.162,0.284,0.047,-0.022,2.84,0.17,153.47,2.30,1.22,-0.056,0.106,-0.085,1473,1468,1468,1524,10.00,10.06,19.73,19.69
1787304215.009,27.902,True,1,3.164,3.016,-0.314,0.277,10.094,10.092,0.322,3.158,0.164,3.141,0.162,0.284,0.047,-0.022,2.84,0.17,153.47,2.31,1.21,-0.056,0.105,-0.085,1473,1468,1468,1524,10.00,10.06,29.74,29.69
1787304215.019,27.913,True,1,3.162,3.016,-0.290,0.215,10.033,10.030,0.320,3.160,0.163,3.141,0.162,0.285,0.053,-0.009,2.48,-0.15,152.87,2.46,1.24,-0.002,0.143,-0.059,1479,1464,1471,1522,10.00,10.06,-0.25,-0.30
1787304215.029,27.922,True,1,3.162,3.016,-0.290,0.213,10.031,10.029,0.320,3.160,0.163,3.142,0.162,0.285,0.053,-0.009,2.48,-0.15,152.87,2.47,1.23,-0.001,0.142,-0.059,1479,1464,1471,1522,10.00,10.06,9.75,9.70
1787304215.039,27.932,True,1,3.162,3.016,-0.290,0.212,10.030,10.027,0.320,3.160,0.163,3.142,0.162,0.285,0.053,-0.009,2.48,-0.15,152.87,2.47,1.22,-0.001,0.141,-0.059,1479,1464,1471,1522,10.00,10.06,19.75,19.70
1787304215.049,27.942,True,1,3.162,3.016,-0.290,0.210,10.029,10.026,0.320,3.160,0.163,3.143,0.162,0.285,0.053,-0.009,2.48,-0.15,152.87,2.48,1.22,-0.001,0.141,-0.059,1479,1464,1471,1522,10.00,10.06,29.75,29.70
1787304215.059,27.952,True,1,3.162,3.016,-0.290,0.209,10.027,10.024,0.320,3.160,0.163,3.144,0.162,0.285,0.053,-0.009,2.48,-0.15,152.87,2.48,1.21,-0.000,0.140,-0.059,1479,1464,1471,1522,10.00,10.06,39.75,39.70
1787304215.069,27.962,True,1,3.162,3.016,-0.290,0.207,10.026,10.023,0.320,3.160,0.163,3.144,0.162,0.285,0.053,-0.009,2.48,-0.15,152.87,2.49,1.21,0.000,0.140,-0.059,1520,1464,1471,1522,10.00,10.06,49.75,49.70
1787304215.079,27.972,True,1,3.162,3.016,-0.290,0.206,10.024,10.021,0.320,3.160,0.163,3.145,0.162,0.285,0.053,-0.009,2.48,-0.15,152.87,2.49,1.20,0.001,0.139,-0.059,1520,1464,1471,1522,10.00,10.06,59.75,59.70
1787304215.089,27.983,True,1,3.159,3.016,-0.268,0.149,9.968,9.964,0.318,3.162,0.163,3.145,0.162,0.288,0.046,-0.002,1.95,-0.11,151.78,2.52,1.36,0.059,0.153,-0.011,1526,1463,1478,1520,10.00,10.06,-0.46,-0.41
1787304215.099,27.992,True,1,3.159,3.016,-0.268,0.147,9.966,9.963,0.318,3.162,0.163,3.146,0.162,0.288,0.046,-0.002,1.95,-0.11,151.78,2.52,1.35,0.060,0.153,-0.011,1526,1463,1478,1520,10.00,10.06,9.55,9.59
1787304215.109,28.002,True,1,3.157,3.016,-0.263,0.138,9.956,9.952,0.318,3.163,0.163,3.146,0.162,0.288,0.029,-0.017,1.91,-0.05,151.61,2.30,1.43,0.040,0.155,-0.003,1524,1462,1479,1519,10.00,10.06,-0.11,-0.16
1787304215.119,28.012,True,1,3.157,3.016,-0.263,0.136,9.954,9.951,0.318,3.163,0.163,3.147,0.162,0.288,0.029,-0.017,1.91,-0.05,151.61,2.30,1.43,0.041,0.154,-0.003,1524,1462,1479,1519,10.00,10.06,9.90,9.85
1787304215.129,28.022,True,1,3.157,3.016,-0.263,0.135,9.953,9.949,0.318,3.163,0.163,3.147,0.162,0.288,0.029,-0.017,1.91,-0.05,151.61,2.31,1.42,0.041,0.154,-0.003,1524,1462,1479,1519,10.00,10.06,19.89,19.84
1787304215.139,28.033,True,1,3.156,3.016,-0.274,0.173,9.991,9.988,0.319,3.164,0.162,3.148,0.162,0.289,0.022,-0.018,1.67,0.18,151.20,2.25,1.48,0.061,0.137,0.016,1526,1464,1522,1521,10.00,10.06,-0.17,-0.22
1787304215.149,28.042,True,1,3.156,3.016,-0.274,0.172,9.990,9.987,0.319,3.164,0.162,3.149,0.162,0.289,0.022,-0.018,1.67,0.18,151.20,2.25,1.48,0.061,0.137,0.016,1526,1464,1522,1520,10.00,10.06,9.84,9.79
1787304215.159,28.052,True,1,3.155,3.016,-0.279,0.188,10.005,10.003,0.319,3.165,0.162,3.149,0.162,0.290,0.024,-0.032,1.56,0.56,150.73,2.13,1.40,0.059,0.089,0.038,1526,1470,1525,1521,10.00,10.06,-0.15,-0.20
1787304215.169,28.062,True,1,3.155,3.016,-0.279,0.187,10.004,10.002,0.319,3.165,0.162,3.150,0.162,0.290,0.024,-0.032,1.56,0.56,150.73,2.13,1.39,0.059,0.088,0.038,1526,1470,1525,1521,10.00,10.06,9.85,9.80
1787304215.179,28.072,True,1,3.155,3.016,-0.279,0.186,10.002,10.001,0.319,3.165,0.162,3.150,0.162,0.290,0.024,-0.032,1.56,0.56,150.73,2.13,1.39,0.060,0.088,0.038,1526,1470,1525,1521,10.00,10.06,19.85,19.80
1787304215.189,28.082,True,1,3.155,3.016,-0.267,0.148,9.965,9.964,0.318,3.165,0.162,3.151,0.162,0.290,0.015,-0.019,1.57,0.86,150.36,2.21,1.56,0.066,0.074,0.055,1527,1471,1527,1520,10.00,10.06,-0.17,-0.12
1787304215.199,28.092,True,1,3.155,3.016,-0.267,0.146,9.964,9.963,0.318,3.165,0.162,3.151,0.162,0.290,0.015,-0.019,1.57,0.86,150.36,2.21,1.55,0.066,0.074,0.055,1527,1471,1527,1520,10.00,10.06,9.83,9.88
1787304215.209,28.102,True,1,3.155,3.016,-0.267,0.145,9.963,9.961,0.318,3.165,0.162,3.152,0.162,0.290,0.015,-0.019,1.57,0.86,150.36,2.22,1.55,0.067,0.073,0.055,1527,1471,1527,1520,10.00,10.06,19.83,19.88
1787304215.219,28.112,True,1,3.155,3.016,-0.267,0.144,9.961,9.960,0.318,3.165,0.162,3.152,0.162,0.290,0.015,-0.019,1.57,0.86,150.36,2.22,1.54,0.067,0.073,0.055,1527,1471,1527,1520,10.00,10.06,29.83,29.88
1787304215.229,28.122,True,1,3.155,3.016,-0.267,0.142,9.960,9.959,0.318,3.165,0.162,3.152,0.162,0.290,0.015,-0.019,1.57,0.86,150.36,2.22,1.54,0.068,0.072,0.055,1527,1471,1527,1519,10.00,10.06,39.83,39.88
1787304215.239,28.132,True,1,3.155,3.016,-0.267,0.141,9.959,9.957,0.318,3.165,0.162,3.153,0.162,0.290,0.015,-0.019,1.57,0.86,150.36,2.23,1.53,0.068,0.072,0.055,1527,1471,1527,1519,10.00,10.06,49.83,49.88
1787304215.249,28.142,True,1,3.155,3.016,-0.267,0.139,9.957,9.956,0.318,3.165,0.162,3.153,0.162,0.290,0.015,-0.019,1.57,0.86,150.36,2.23,1.53,0.068,0.071,0.055,1527,1472,1527,1519,10.00,10.06,59.83,59.88
1787304215.259,28.152,True,1,3.155,3.016,-0.267,0.138,9.956,9.954,0.318,3.165,0.162,3.154,0.162,0.290,0.015,-0.019,1.57,0.86,150.36,2.24,1.52,0.069,0.071,0.055,1527,1472,1527,1519,10.00,10.06,69.83,69.88
1787304215.270,28.163,True,1,3.151,3.016,-0.255,0.117,9.935,9.935,0.317,3.165,0.160,3.154,0.162,0.290,0.004,-0.015,1.95,1.87,149.05,2.18,1.69,0.021,-0.015,0.114,1522,1521,1535,1519,10.00,10.06,-0.60,-0.56
1787304215.279,28.172,True,1,3.151,3.016,-0.255,0.116,9.934,9.934,0.317,3.165,0.160,3.154,0.162,0.290,0.004,-0.015,1.95,1.87,149.05,2.19,1.68,0.021,-0.015,0.114,1522,1521,1535,1519,10.00,10.07,9.40,9.45
1787304215.289,28.182,True,1,3.151,3.016,-0.255,0.114,9.932,9.932,0.317,3.165,0.160,3.155,0.162,0.290,0.004,-0.015,1.95,1.87,149.05,2.19,1.68,0.022,-0.016,0.114,1522,1521,1535,1519,9.99,10.06,19.39,19.44
1787304215.299,28.192,True,1,3.151,3.016,-0.255,0.113,9.931,9.931,0.317,3.165,0.160,3.155,0.162,0.290,0.004,-0.015,1.95,1.87,149.05,2.20,1.67,0.022,-0.016,0.114,1522,1521,1535,1518,10.00,10.06,29.40,29.45
1787304215.309,28.202,True,1,3.151,3.016,-0.255,0.112,9.930,9.930,0.317,3.165,0.160,3.155,0.162,0.290,0.004,-0.015,1.95,1.87,149.05,2.20,1.67,0.022,-0.017,0.114,1522,1521,1535,1518,10.00,10.06,39.39,39.44
1787304215.319,28.212,True,1,3.151,3.016,-0.255,0.110,9.928,9.928,0.317,3.165,0.160,3.156,0.162,0.290,0.004,-0.015,1.95,1.87,149.05,2.20,1.67,0.023,-0.017,0.114,1522,1521,1535,1518,10.00,10.06,49.40,49.44
1787304215.329,28.222,True,1,3.151,3.016,-0.255,0.109,9.927,9.927,0.317,3.165,0.160,3.156,0.162,0.290,0.004,-0.015,1.95,1.87,149.05,2.21,1.66,0.023,-0.018,0.114,1522,1521,1535,1518,10.00,10.06,59.39,59.44
1787304215.340,28.233,True,1,3.145,3.016,-0.280,0.203,10.020,10.018,0.320,3.165,0.157,3.156,0.161,0.289,-0.007,-0.036,2.53,2.32,148.03,1.92,1.66,-0.071,-0.062,0.161,1472,1526,1542,1522,10.00,10.06,-0.49,-0.54
1787304215.349,28.242,True,1,3.145,3.016,-0.280,0.202,10.018,10.017,0.320,3.165,0.157,3.157,0.161,0.289,-0.007,-0.036,2.53,2.32,148.03,1.92,1.66,-0.070,-0.062,0.161,1472,1526,1542,1522,10.00,10.06,9.51,9.47
1787304215.359,28.252,True,1,3.145,3.016,-0.291,0.238,10.054,10.052,0.321,3.164,0.157,3.157,0.161,0.288,-0.006,-0.042,2.73,2.32,147.84,1.86,1.61,-0.098,-0.066,0.170,1469,1527,1543,1523,9.99,10.06,-0.05,-0.10
1787304215.369,28.262,True,1,3.145,3.016,-0.291,0.237,10.053,10.051,0.321,3.164,0.157,3.157,0.161,0.288,-0.006,-0.042,2.73,2.32,147.84,1.86,1.60,-0.098,-0.067,0.170,1469,1527,1543,1523,10.00,10.06,9.95,9.90
1787304215.379,28.272,True,1,3.143,3.016,-0.301,0.273,10.088,10.084,0.322,3.164,0.156,3.157,0.161,0.288,-0.011,-0.052,3.13,2.33,147.43,1.73,1.60,-0.154,-0.066,0.188,1462,1527,1546,1524,10.00,10.06,-0.17,-0.12
1787304215.389,28.282,True,1,3.143,3.016,-0.301,0.271,10.087,10.083,0.322,3.164,0.156,3.158,0.161,0.288,-0.011,-0.052,3.13,2.33,147.43,1.73,1.60,-0.154,-0.067,0.188,1462,1527,1546,1524,10.00,10.06,9.84,9.89
1787304215.399,28.292,True,1,3.142,3.016,-0.276,0.197,10.014,10.010,0.319,3.163,0.155,3.158,0.161,0.287,-0.009,-0.037,3.32,2.29,147.30,1.89,1.68,-0.158,-0.053,0.193,1462,1525,1546,1521,10.00,10.06,-0.11,-0.16
1787304215.409,28.302,True,1,3.142,3.016,-0.276,0.196,10.013,10.009,0.319,3.163,0.155,3.158,0.160,0.287,-0.009,-0.037,3.32,2.29,147.30,1.89,1.67,-0.157,-0.054,0.193,1462,1525,1546,1521,10.00,10.06,9.89,9.84
1787304215.419,28.312,True,1,3.142,3.016,-0.276,0.195,10.011,10.008,0.319,3.163,0.155,3.158,0.160,0.287,-0.009,-0.037,3.32,2.29,147.30,1.89,1.67,-0.157,-0.054,0.193,1462,1526,1546,1521,10.00,10.06,19.89,19.83
1787304215.429,28.322,True,1,3.142,3.016,-0.276,0.194,10.010,10.006,0.319,3.163,0.155,3.158,0.160,0.287,-0.009,-0.037,3.32,2.29,147.30,1.89,1.67,-0.157,-0.054,0.193,1462,1526,1546,1521,10.00,10.06,29.89,29.84
1787304215.439,28.333,True,1,3.139,3.016,-0.288,0.240,10.055,10.046,0.321,3.162,0.153,3.158,0.160,0.285,-0.020,-0.052,4.15,2.20,146.72,1.68,1.68,-0.266,-0.039,0.218,1450,1524,1550,1523,10.00,10.06,-0.25,-0.30
1787304215.449,28.342,True,1,3.139,3.016,-0.288,0.239,10.054,10.045,0.321,3.162,0.153,3.159,0.160,0.285,-0.020,-0.052,4.15,2.20,146.72,1.68,1.67,-0.266,-0.039,0.218,1450,1524,1550,1523,10.00,10.06,9.75,9.70
1787304215.459,28.352,True,1,3.139,3.016,-0.288,0.238,10.053,10.043,0.321,3.162,0.153,3.159,0.159,0.285,-0.020,-0.052,4.15,2.20,146.72,1.69,1.67,-0.266,-0.039,0.218,1450,1524,1550,1523,10.00,10.06,19.75,19.70
1787304215.469,28.362,True,1,3.139,3.016,-0.288,0.237,10.052,10.042,0.321,3.162,0.153,3.159,0.159,0.285,-0.020,-0.052,4.15,2.20,146.72,1.69,1.67,-0.266,-0.040,0.218,1450,1524,1550,1522,10.00,10.06,29.75,29.70
1787304215.479,28.373,True,1,3.136,3.016,-0.283,0.233,10.048,10.033,0.320,3.160,0.150,3.159,0.159,0.283,-0.029,-0.069,4.50,2.09,146.44,1.48,1.65,-0.325,-0.027,0.230,1444,1523,1551,1522,10.00,10.06,-0.17,-0.21
1787304215.489,28.382,True,1,3.135,3.016,-0.299,0.283,10.096,10.078,0.322,3.160,0.149,3.159,0.159,0.282,-0.027,-0.088,4.67,1.94,146.25,1.32,1.52,-0.359,-0.024,0.238,1440,1522,1553,1524,10.00,10.06,-0.05,-0.10
1787304215.499,28.392,True,1,3.135,3.016,-0.299,0.281,10.094,10.077,0.322,3.160,0.149,3.159,0.158,0.282,-0.027,-0.088,4.67,1.94,146.25,1.32,1.52,-0.359,-0.025,0.239,1440,1522,1553,1524,10.00,10.06,9.96,9.90
1787304215.509,28.402,True,1,3.135,3.016,-0.299,0.280,10.093,10.076,0.322,3.160,0.149,3.159,0.158,0.282,-0.027,-0.088,4.67,1.94,146.25,1.32,1.51,-0.359,-0.025,0.239,1440,1522,1553,1524,10.00,10.06,19.95,19.90
1787304215.519,28.413,True,1,3.134,3.016,-0.294,0.272,10.084,10.065,0.321,3.158,0.147,3.159,0.158,0.281,-0.037,-0.091,4.81,1.73,145.98,1.23,1.59,-0.382,0.006,0.248,1438,1479,1554,1523,10.00,10.06,-0.26,-0.21
1787304215.529,28.422,True,1,3.134,3.016,-0.294,0.270,10.083,10.064,0.321,3.158,0.147,3.159,0.157,0.281,-0.037,-0.091,4.81,1.73,145.98,1.23,1.58,-0.382,0.005,0.248,1438,1479,1554,1523,10.00,10.06,9.74,9.79
1787304215.539,28.432,True,1,3.134,3.016,-0.294,0.269,10.082,10.062,0.321,3.158,0.147,3.159,0.157,0.281,-0.037,-0.091,4.81,1.73,145.98,1.23,1.58,-0.382,0.005,0.248,1438,1479,1554,1523,10.00,10.06,19.74,19.79
1787304215.549,28.442,True,1,3.134,3.016,-0.294,0.268,10.081,10.061,0.321,3.158,0.147,3.159,0.157,0.281,-0.037,-0.091,4.81,1.73,145.98,1.23,1.58,-0.382,0.005,0.248,1438,1479,1554,1523,10.00,10.06,29.74,29.79
1787304215.559,28.452,True,1,3.134,3.016,-0.294,0.267,10.080,10.060,0.321,3.158,0.147,3.159,0.156,0.281,-0.037,-0.091,4.81,1.73,145.98,1.23,1.57,-0.382,0.004,0.248,1438,1479,1554,1523,10.00,10.06,39.74,39.79
1787304215.569,28.462,True,1,3.134,3.016,-0.294,0.266,10.078,10.059,0.321,3.158,0.147,3.159,0.156,0.281,-0.037,-0.091,4.81,1.73,145.98,1.23,1.57,-0.382,0.004,0.248,1438,1479,1554,1523,10.00,10.06,49.74,49.79
1787304215.579,28.472,True,1,3.134,3.016,-0.294,0.265,10.077,10.058,0.321,3.158,0.147,3.159,0.156,0.281,-0.037,-0.091,4.81,1.73,145.98,1.23,1.57,-0.382,0.004,0.248,1438,1479,1554,1523,10.00,10.06,59.74,59.79
1787304215.589,28.482,True,1,3.134,3.016,-0.294,0.263,10.076,10.056,0.321,3.158,0.147,3.159,0.155,0.281,-0.037,-0.091,4.81,1.73,145.98,1.23,1.56,-0.382,0.003,0.248,1438,1479,1554,1523,10.00,10.06,69.74,69.79
1787304215.600,28.493,True,1,3.127,3.016,-0.269,0.215,10.028,10.013,0.320,3.153,0.138,3.159,0.155,0.274,-0.062,-0.110,4.02,1.31,145.80,0.93,1.67,-0.330,0.056,0.252,1443,1473,1555,1521,10.00,10.06,-0.50,-0.55
1787304215.609,28.502,True,1,3.127,3.016,-0.269,0.214,10.027,10.012,0.320,3.153,0.138,3.158,0.154,0.274,-0.062,-0.110,4.02,1.31,145.80,0.93,1.67,-0.330,0.055,0.252,1443,1473,1555,1521,10.00,10.06,9.50,9.45
1787304215.619,28.512,True,1,3.127,3.016,-0.269,0.213,10.025,10.011,0.320,3.153,0.138,3.158,0.154,0.274,-0.062,-0.110,4.02,1.31,145.80,0.92,1.67,-0.330,0.055,0.252,1443,1473,1555,1521,10.00,10.06,19.50,19.45
1787304215.629,28.522,True,1,3.127,3.016,-0.269,0.212,10.024,10.009,0.319,3.153,0.138,3.158,0.153,0.274,-0.062,-0.110,4.02,1.31,145.80,0.92,1.66,-0.330,0.055,0.252,1443,1473,1555,1521,10.00,10.06,29.50,29.45
1787304215.639,28.532,True,1,3.127,3.016,-0.269,0.211,10.023,10.008,0.319,3.153,0.138,3.158,0.153,0.274,-0.062,-0.110,4.02,1.31,145.80,0.92,1.66,-0.330,0.054,0.252,1443,1473,1555,1521,10.00,10.06,39.50,39.45
1787304215.649,28.542,True,1,3.127,3.016,-0.269,0.210,10.022,10.007,0.319,3.153,0.138,3.158,0.152,0.274,-0.062,-0.110,4.02,1.31,145.80,0.92,1.66,-0.330,0.054,0.252,1443,1473,1555,1521,10.00,10.06,49.50,49.45
1787304215.659,28.552,True,1,3.127,3.016,-0.269,0.209,10.021,10.006,0.319,3.153,0.138,3.157,0.152,0.274,-0.062,-0.110,4.02,1.31,145.80,0.92,1.65,-0.330,0.054,0.252,1443,1474,1555,1521,10.00,10.06,59.50,59.45
1787304215.669,28.562,True,1,3.127,3.016,-0.269,0.208,10.020,10.005,0.319,3.153,0.138,3.157,0.151,0.274,-0.062,-0.110,4.02,1.31,145.80,0.92,1.65,-0.331,0.053,0.252,1443,1474,1555,1521,10.00,10.06,69.50,69.45
1787304215.679,28.572,True,1,3.127,3.016,-0.269,0.207,10.019,10.004,0.319,3.153,0.138,3.157,0.151,0.274,-0.062,-0.110,4.02,1.31,145.80,0.92,1.65,-0.331,0.053,0.252,1443,1474,1555,1521,10.00,10.06,79.50,79.45
1787304215.690,28.583,True,1,3.119,3.016,-0.252,0.183,9.995,9.990,0.319,3.145,0.127,3.157,0.150,0.265,-0.076,-0.125,2.17,0.90,146.23,0.72,1.68,-0.155,0.091,0.233,1462,1469,1552,1521,10.00,10.06,-0.56,-0.60
1787304215.699,28.592,True,1,3.119,3.016,-0.252,0.182,9.994,9.989,0.319,3.145,0.127,3.156,0.149,0.265,-0.076,-0.125,2.17,0.90,146.23,0.72,1.68,-0.156,0.091,0.233,1462,1469,1552,1521,10.00,10.06,9.44,9.39
1787304215.709,28.602,True,1,3.119,3.016,-0.252,0.181,9.992,9.988,0.319,3.145,0.127,3.156,0.149,0.265,-0.076,-0.125,2.17,0.90,146.23,0.72,1.68,-0.156,0.090,0.233,1462,1469,1552,1521,10.00,10.06,19.44,19.40
1787304215.719,28.612,True,1,3.119,3.016,-0.252,0.180,9.991,9.987,0.319,3.145,0.127,3.156,0.148,0.265,-0.076,-0.125,2.17,0.90,146.23,0.71,1.67,-0.156,0.090,0.233,1462,1469,1552,1521,10.00,10.06,29.44,29.40
1787304215.729,28.622,True,1,3.119,3.016,-0.252,0.179,9.990,9.986,0.319,3.145,0.127,3.155,0.147,0.265,-0.076,-0.125,2.17,0.90,146.23,0.71,1.67,-0.157,0.090,0.233,1462,1470,1552,1520,10.00,10.06,39.44,39.40
1787304215.739,28.632,True,1,3.119,3.016,-0.252,0.178,9.989,9.985,0.319,3.145,0.127,3.155,0.147,0.265,-0.076,-0.125,2.17,0.90,146.23,0.71,1.67,-0.157,0.090,0.233,1462,1470,1552,1520,10.00,10.06,49.44,49.40
1787304215.749,28.642,True,1,3.119,3.016,-0.252,0.177,9.988,9.984,0.319,3.145,0.127,3.155,0.146,0.265,-0.076,-0.125,2.17,0.90,146.23,0.71,1.67,-0.157,0.089,0.234,1462,1470,1552,1520,10.00,10.06,59.44,59.40
1787304215.760,28.653,True,1,3.112,3.016,-0.230,0.140,9.951,9.950,0.318,3.138,0.118,3.154,0.145,0.257,-0.080,-0.132,0.23,0.72,147.24,0.64,1.65,0.041,0.098,0.192,1524,1469,1546,1519,10.00,10.06,-0.56,-0.51
1787304215.769,28.662,True,1,3.111,3.016,-0.230,0.141,9.953,9.951,0.318,3.137,0.117,3.154,0.144,0.256,-0.083,-0.111,0.23,0.72,147.24,0.81,1.79,0.059,0.113,0.192,1526,1467,1546,1519,10.00,10.06,9.44,-0.06
1787304215.779,28.672,True,1,3.111,3.016,-0.230,0.140,9.952,9.949,0.318,3.137,0.117,3.153,0.143,0.256,-0.083,-0.111,-0.23,0.68,147.52,0.82,1.78,0.107,0.115,0.181,1531,1467,1545,1519,10.00,10.06,-0.06,9.94
1787304215.789,28.682,True,1,3.111,3.016,-0.230,0.139,9.951,9.948,0.318,3.137,0.117,3.152,0.142,0.256,-0.083,-0.111,-0.23,0.68,147.52,0.81,1.78,0.107,0.115,0.181,1531,1467,1545,1519,10.00,10.06,9.94,19.94
1787304215.799,28.692,True,1,3.111,3.016,-0.230,0.138,9.950,9.947,0.317,3.137,0.117,3.152,0.141,0.256,-0.083,-0.111,-0.23,0.68,147.52,0.81,1.78,0.106,0.115,0.181,1531,1467,1545,1519,10.00,10.06,19.94,29.94
1787304215.809,28.702,True,1,3.111,3.016,-0.230,0.137,9.949,9.946,0.317,3.137,0.117,3.151,0.141,0.256,-0.083,-0.111,-0.23,0.68,147.52,0.80,1.78,0.106,0.115,0.181,1531,1467,1545,1519,10.00,10.06,29.94,39.94
1787304215.819,28.712,True,1,3.111,3.016,-0.230,0.136,9.949,9.945,0.317,3.137,0.117,3.151,0.140,0.256,-0.083,-0.111,-0.23,0.68,147.52,0.80,1.78,0.105,0.114,0.181,1531,1467,1545,1519,10.00,10.06,39.94,49.94
1787304215.829,28.722,True,1,3.111,3.016,-0.230,0.135,9.948,9.944,0.317,3.137,0.117,3.150,0.139,0.256,-0.083,-0.111,-0.23,0.68,147.52,0.80,1.77,0.105,0.114,0.181,1531,1467,1545,1519,10.00,10.06,49.94,59.94
1787304215.839,28.732,True,1,3.111,3.016,-0.230,0.134,9.947,9.943,0.317,3.137,0.117,3.150,0.138,0.256,-0.083,-0.111,-0.23,0.68,147.52,0.79,1.77,0.104,0.114,0.181,1531,1467,1545,1519,10.00,10.06,59.94,69.94
1787304215.849,28.743,True,1,3.107,3.016,-0.221,0.124,9.937,9.925,0.317,3.129,0.110,3.149,0.137,0.248,-0.083,-0.102,-1.77,0.95,148.83,0.90,1.81,0.278,0.085,0.126,1550,1470,1537,1518,10.00,10.06,-0.49,-0.45
1787304215.859,28.752,True,1,3.107,3.016,-0.221,0.123,9.936,9.924,0.317,3.129,0.110,3.149,0.136,0.248,-0.083,-0.102,-1.77,0.95,148.83,0.90,1.80,0.277,0.085,0.126,1550,1470,1537,1518,10.00,10.06,9.51,9.56
1787304215.869,28.762,True,1,3.107,3.016,-0.221,0.122,9.935,9.923,0.317,3.129,0.110,3.148,0.136,0.248,-0.083,-0.102,-1.77,0.95,148.83,0.89,1.80,0.277,0.085,0.126,1550,1470,1537,1518,10.00,10.06,19.51,19.56
1787304215.879,28.772,True,1,3.107,3.016,-0.221,0.122,9.934,9.923,0.317,3.129,0.110,3.147,0.135,0.248,-0.083,-0.102,-1.77,0.95,148.83,0.88,1.80,0.276,0.085,0.126,1550,1470,1537,1518,10.00,10.06,29.51,29.55
1787304215.889,28.782,True,1,3.107,3.016,-0.221,0.121,9.933,9.922,0.317,3.129,0.110,3.147,0.134,0.248,-0.083,-0.102,-1.77,0.95,148.83,0.88,1.80,0.276,0.085,0.126,1550,1470,1537,1518,10.00,10.06,39.51,39.56
1787304215.899,28.792,True,1,3.107,3.016,-0.221,0.120,9.932,9.921,0.317,3.129,0.110,3.146,0.133,0.248,-0.083,-0.102,-1.77,0.95,148.83,0.87,1.80,0.275,0.085,0.126,1550,1470,1537,1518,10.00,10.06,49.51,49.56
1787304215.909,28.802,True,1,3.107,3.016,-0.221,0.119,9.931,9.920,0.317,3.129,0.110,3.146,0.132,0.248,-0.083,-0.102,-1.77,0.95,148.83,0.87,1.80,0.275,0.084,0.126,1550,1470,1537,1518,10.00,10.06,59.51,59.55
1787304215.919,28.812,True,1,3.107,3.016,-0.221,0.118,9.931,9.919,0.317,3.129,0.110,3.145,0.132,0.248,-0.083,-0.102,-1.77,0.95,148.83,0.87,1.79,0.274,0.084,0.126,1550,1470,1537,1518,10.00,10.06,69.51,69.55
1787304215.930,28.823,True,1,3.104,3.016,-0.188,0.031,9.846,9.826,0.314,3.121,0.105,3.144,0.131,0.239,-0.060,-0.054,-2.21,1.62,150.39,1.47,1.82,0.384,0.018,0.056,1561,1477,1527,1515,10.01,10.07,-0.54,-0.58
1787304215.939,28.832,True,1,3.104,3.016,-0.188,0.030,9.845,9.825,0.314,3.121,0.105,3.143,0.130,0.239,-0.060,-0.054,-2.21,1.62,150.39,1.47,1.82,0.383,0.018,0.056,1561,1477,1527,1515,10.00,10.07,9.46,9.42
1787304215.949,28.842,True,1,3.102,3.016,-0.204,0.085,9.899,9.881,0.315,3.118,0.103,3.143,0.129,0.237,-0.052,-0.056,-1.97,2.04,151.21,1.50,1.70,0.363,-0.035,0.018,1559,1523,1522,1517,9.99,10.06,-0.16,-0.12
1787304215.959,28.852,True,1,3.102,3.016,-0.204,0.084,9.898,9.880,0.315,3.118,0.103,3.142,0.128,0.237,-0.052,-0.056,-1.97,2.04,151.21,1.50,1.70,0.362,-0.035,0.018,1559,1523,1522,1517,10.00,10.06,9.84,9.89
1787304215.969,28.862,True,1,3.102,3.016,-0.204,0.083,9.898,9.879,0.315,3.118,0.103,3.141,0.127,0.237,-0.052,-0.056,-1.97,2.04,151.21,1.49,1.70,0.361,-0.035,0.018,1559,1523,1522,1517,10.00,10.06,19.84,19.88
1787304215.979,28.872,True,1,3.102,3.016,-0.204,0.082,9.897,9.879,0.315,3.118,0.103,3.140,0.126,0.237,-0.052,-0.056,-1.97,2.04,151.21,1.49,1.70,0.361,-0.036,0.018,1559,1523,1522,1517,10.00,10.06,29.84,29.89
1787304215.989,28.882,True,1,3.102,3.016,-0.204,0.082,9.896,9.878,0.315,3.118,0.103,3.140,0.126,0.237,-0.052,-0.056,-1.97,2.04,151.21,1.48,1.70,0.360,-0.036,0.018,1559,1523,1522,1517,10.00,10.06,39.84,39.89
1787304215.999,28.892,True,1,3.102,3.016,-0.204,0.081,9.895,9.877,0.315,3.118,0.103,3.139,0.125,0.237,-0.052,-0.056,-1.97,2.04,151.21,1.48,1.70,0.360,-0.036,0.018,1559,1523,1522,1517,10.00,10.06,49.84,49.89
1787304216.009,28.903,True,1,3.099,3.016,-0.200,0.079,9.893,9.878,0.315,3.114,0.102,3.138,0.124,0.233,-0.039,-0.052,-1.39,2.72,152.46,1.60,1.57,0.315,-0.119,-0.038,1554,1533,1474,1517,10.00,10.06,-0.40,-0.45
1787304216.019,28.912,True,1,3.099,3.016,-0.200,0.078,9.893,9.877,0.315,3.114,0.102,3.137,0.123,0.233,-0.039,-0.052,-1.39,2.72,152.46,1.60,1.57,0.315,-0.119,-0.038,1554,1533,1474,1517,10.00,10.06,9.59,9.54
1787304216.029,28.922,True,1,3.099,3.016,-0.200,0.078,9.892,9.876,0.315,3.114,0.102,3.136,0.123,0.233,-0.039,-0.052,-1.39,2.72,152.46,1.59,1.57,0.314,-0.119,-0.038,1554,1533,1474,1517,10.00,10.06,19.59,19.54
1787304216.039,28.932,True,1,3.099,3.016,-0.200,0.077,9.891,9.876,0.315,3.114,0.102,3.136,0.122,0.233,-0.039,-0.052,-1.39,2.72,152.46,1.59,1.57,0.314,-0.119,-0.038,1554,1533,1474,1516,10.00,10.06,29.60,29.55
1787304216.049,28.942,True,1,3.099,3.016,-0.200,0.076,9.890,9.875,0.315,3.114,0.102,3.135,0.121,0.233,-0.039,-0.052,-1.39,2.72,152.46,1.58,1.57,0.313,-0.119,-0.038,1554,1533,1474,1516,10.00,10.06,39.59,39.55
1787304216.059,28.952,True,1,3.099,3.016,-0.200,0.075,9.889,9.874,0.315,3.114,0.102,3.134,0.121,0.233,-0.039,-0.052,-1.39,2.72,152.46,1.58,1.57,0.313,-0.119,-0.038,1554,1533,1474,1516,10.00,10.06,49.59,49.55
1787304216.069,28.962,True,1,3.099,3.016,-0.200,0.074,9.888,9.873,0.315,3.114,0.102,3.134,0.120,0.233,-0.039,-0.052,-1.39,2.72,152.46,1.57,1.57,0.312,-0.119,-0.038,1554,1533,1474,1516,10.00,10.06,59.60,59.55
1787304216.079,28.973,True,1,3.094,3.016,-0.170,0.000,9.817,9.804,0.313,3.112,0.101,3.133,0.119,0.230,-0.017,-0.011,-0.09,3.43,154.14,2.11,1.51,0.237,-0.200,-0.108,1546,1542,1464,1514,10.00,10.06,-0.46,-0.42
1787304216.089,28.982,True,1,3.094,3.016,-0.170,-0.000,9.816,9.804,0.313,3.112,0.101,3.132,0.119,0.230,-0.017,-0.011,-0.09,3.43,154.14,2.11,1.51,0.236,-0.200,-0.108,1545,1542,1464,1514,10.00,10.06,9.53,9.58
1787304216.099,28.992,True,1,3.095,3.016,-0.187,0.051,9.866,9.855,0.315,3.110,0.100,3.132,0.118,0.229,-0.016,-0.043,0.15,3.46,154.35,1.80,1.34,0.180,-0.222,-0.117,1539,1544,1463,1516,10.00,10.06,-0.11,-0.16
1787304216.109,29.002,True,1,3.095,3.016,-0.187,0.051,9.865,9.856,0.315,3.110,0.100,3.131,0.118,0.229,-0.016,-0.043,0.72,3.49,154.83,1.80,1.33,0.122,-0.228,-0.135,1533,1545,1461,1516,10.00,10.06,-0.06,9.84
1787304216.119,29.012,True,1,3.095,3.016,-0.187,0.050,9.864,9.855,0.315,3.110,0.100,3.130,0.117,0.229,-0.016,-0.043,0.72,3.49,154.83,1.80,1.33,0.121,-0.228,-0.135,1533,1545,1461,1516,10.00,10.06,9.94,19.84
1787304216.129,29.022,True,1,3.095,3.016,-0.187,0.049,9.863,9.854,0.315,3.110,0.100,3.129,0.116,0.229,-0.016,-0.043,0.72,3.49,154.83,1.80,1.33,0.121,-0.228,-0.135,1533,1545,1461,1516,10.00,10.06,19.94,29.84
1787304216.139,29.032,True,1,3.095,3.016,-0.187,0.048,9.862,9.854,0.315,3.110,0.100,3.129,0.116,0.229,-0.016,-0.043,0.72,3.49,154.83,1.79,1.33,0.120,-0.228,-0.135,1533,1545,1461,1516,10.00,10.06,29.94,39.84
1787304216.149,29.042,True,1,3.095,3.016,-0.187,0.047,9.862,9.853,0.314,3.110,0.100,3.128,0.115,0.229,-0.016,-0.043,0.72,3.49,154.83,1.79,1.33,0.120,-0.228,-0.135,1533,1545,1461,1516,10.00,10.06,39.94,49.84
1787304216.159,29.052,True,1,3.095,3.016,-0.187,0.047,9.861,9.852,0.314,3.110,0.100,3.128,0.115,0.229,-0.016,-0.043,0.72,3.49,154.83,1.79,1.33,0.120,-0.228,-0.135,1533,1545,1461,1516,10.00,10.06,49.94,59.84
1787304216.169,29.062,True,1,3.095,3.016,-0.187,0.046,9.860,9.851,0.314,3.110,0.100,3.127,0.114,0.229,-0.016,-0.043,0.72,3.49,154.83,1.78,1.33,0.119,-0.228,-0.135,1533,1545,1461,1516,10.00,10.06,59.94,69.84
1787304216.179,29.073,True,1,3.091,3.016,-0.184,0.050,9.864,9.856,0.315,3.108,0.099,3.126,0.114,0.227,0.009,-0.047,2.27,3.21,156.29,1.88,1.02,-0.029,-0.237,-0.193,1476,1546,1453,1516,10.00,10.06,-0.51,-0.46
1787304216.189,29.082,True,1,3.091,3.016,-0.184,0.049,9.863,9.856,0.315,3.108,0.099,3.126,0.113,0.227,0.009,-0.047,2.27,3.21,156.29,1.88,1.02,-0.029,-0.237,-0.193,1476,1546,1453,1516,10.00,10.06,9.49,9.54
1787304216.199,29.092,True,1,3.091,3.016,-0.184,0.049,9.862,9.855,0.315,3.108,0.099,3.125,0.113,0.227,0.009,-0.047,2.27,3.21,156.29,1.88,1.02,-0.029,-0.237,-0.193,1476,1546,1453,1516,10.00,10.06,19.49,19.54
1787304216.209,29.102,True,1,3.091,3.016,-0.184,0.048,9.861,9.854,0.315,3.108,0.099,3.125,0.112,0.227,0.009,-0.047,2.27,3.21,156.29,1.87,1.02,-0.030,-0.237,-0.193,1476,1546,1453,1516,10.00,10.06,29.49,29.54
1787304216.219,29.112,True,1,3.091,3.016,-0.184,0.047,9.861,9.853,0.314,3.108,0.099,3.124,0.112,0.227,0.009,-0.047,2.27,3.21,156.29,1.87,1.02,-0.030,-0.237,-0.193,1476,1546,1453,1516,10.00,10.06,39.49,39.54
1787304216.229,29.122,True,1,3.091,3.016,-0.184,0.046,9.860,9.852,0.314,3.108,0.099,3.124,0.112,0.227,0.009,-0.047,2.27,3.21,156.29,1.87,1.02,-0.030,-0.237,-0.193,1476,1546,1453,1516,10.00,10.06,49.49,49.54
1787304216.239,29.132,True,1,3.091,3.016,-0.184,0.046,9.859,9.852,0.314,3.108,0.099,3.123,0.111,0.227,0.009,-0.047,2.27,3.21,156.29,1.87,1.02,-0.031,-0.237,-0.193,1476,1546,1453,1516,10.00,10.06,59.49,59.54
1787304216.249,29.142,True,1,3.091,3.016,-0.184,0.045,9.858,9.851,0.314,3.108,0.099,3.123,0.111,0.227,0.009,-0.047,2.27,3.21,156.29,1.86,1.02,-0.031,-0.237,-0.193,1476,1546,1453,1516,10.00,10.06,69.49,69.54
1787304216.260,29.153,True,1,3.089,3.016,-0.153,-0.040,9.774,9.767,0.312,3.106,0.097,3.122,0.110,0.224,0.005,-0.043,3.51,2.55,157.53,1.92,1.05,-0.155,-0.173,-0.246,1462,1539,1445,1513,10.00,10.06,-0.51,-0.56
1787304216.269,29.162,True,1,3.089,3.016,-0.153,-0.041,9.773,9.766,0.312,3.106,0.097,3.122,0.110,0.224,0.005,-0.043,3.51,2.55,157.53,1.92,1.05,-0.155,-0.173,-0.246,1462,1539,1445,1513,10.00,10.06,9.48,9.43
1787304216.279,29.172,True,1,3.089,3.016,-0.153,-0.041,9.772,9.765,0.312,3.106,0.097,3.121,0.109,0.224,0.005,-0.043,3.51,2.55,157.53,1.91,1.05,-0.156,-0.173,-0.246,1462,1539,1445,1512,10.00,10.06,19.48,19.43
1787304216.289,29.182,True,1,3.089,3.016,-0.153,-0.042,9.772,9.764,0.312,3.106,0.097,3.120,0.109,0.224,0.005,-0.043,3.51,2.55,157.53,1.91,1.05,-0.156,-0.173,-0.246,1462,1539,1445,1512,10.00,10.06,29.49,29.44
1787304216.299,29.192,True,1,3.089,3.016,-0.153,-0.043,9.771,9.764,0.312,3.106,0.097,3.120,0.109,0.224,0.005,-0.043,3.51,2.55,157.53,1.91,1.04,-0.156,-0.173,-0.246,1462,1539,1445,1512,10.00,10.06,39.49,39.44
1787304216.309,29.202,True,1,3.089,3.016,-0.153,-0.044,9.770,9.763,0.312,3.106,0.097,3.120,0.108,0.224,0.005,-0.043,3.51,2.55,157.53,1.91,1.04,-0.157,-0.173,-0.246,1462,1539,1445,1512,10.00,10.06,49.49,49.44
1787304216.319,29.212,True,1,3.089,3.016,-0.153,-0.044,9.769,9.762,0.312,3.106,0.097,3.119,0.108,0.224,0.005,-0.043,3.51,2.55,157.53,1.90,1.04,-0.157,-0.173,-0.246,1462,1539,1445,1512,10.00,10.06,59.49,59.44
1787304216.329,29.222,True,1,3.089,3.016,-0.153,-0.045,9.769,9.761,0.312,3.106,0.097,3.119,0.108,0.224,0.005,-0.043,3.51,2.55,157.53,1.90,1.04,-0.157,-0.173,-0.246,1462,1539,1445,1512,10.00,10.06,69.48,69.43
1787304216.340,29.233,True,1,3.087,3.016,-0.154,-0.037,9.774,9.764,0.312,3.103,0.093,3.118,0.107,0.221,-0.004,-0.098,3.86,1.21,158.36,1.34,0.89,-0.257,-0.053,-0.290,1451,1525,1439,1512,10.00,10.06,-0.63,-0.68
1787304216.349,29.242,True,1,3.087,3.016,-0.154,-0.037,9.773,9.764,0.312,3.103,0.093,3.118,0.107,0.221,-0.004,-0.098,3.86,1.21,158.36,1.34,0.89,-0.258,-0.053,-0.290,1451,1525,1439,1512,10.00,10.06,9.37,9.32
1787304216.359,29.252,True,1,3.087,3.016,-0.154,-0.038,9.772,9.763,0.312,3.103,0.093,3.117,0.106,0.221,-0.004,-0.098,3.86,1.21,158.36,1.34,0.89,-0.258,-0.053,-0.290,1451,1525,1439,1512,10.00,10.06,19.37,19.33
1787304216.369,29.262,True,1,3.087,3.016,-0.154,-0.039,9.772,9.762,0.312,3.103,0.093,3.117,0.106,0.221,-0.004,-0.098,3.86,1.21,158.36,1.33,0.89,-0.258,-0.053,-0.290,1451,1525,1439,1512,10.00,10.06,29.37,29.32
1787304216.379,29.272,True,1,3.087,3.016,-0.154,-0.040,9.771,9.761,0.312,3.103,0.093,3.116,0.105,0.221,-0.004,-0.098,3.86,1.21,158.36,1.33,0.89,-0.258,-0.053,-0.290,1451,1525,1439,1512,10.00,10.06,39.37,39.33
1787304216.389,29.282,True,1,3.087,3.016,-0.154,-0.040,9.770,9.761,0.312,3.103,0.093,3.116,0.105,0.221,-0.004,-0.098,3.86,1.21,158.36,1.33,0.89,-0.259,-0.053,-0.290,1451,1525,1439,1512,10.00,10.06,49.37,49.33
1787304216.399,29.292,True,1,3.087,3.016,-0.154,-0.041,9.770,9.760,0.312,3.103,0.093,3.115,0.104,0.221,-0.004,-0.098,3.86,1.21,158.36,1.32,0.89,-0.259,-0.053,-0.290,1451,1525,1439,1512,10.00,10.06,59.37,59.32
1787304216.409,29.302,True,1,3.087,3.016,-0.154,-0.042,9.769,9.759,0.311,3.103,0.093,3.115,0.104,0.221,-0.004,-0.098,3.86,1.21,158.36,1.32,0.89,-0.259,-0.054,-0.290,1451,1525,1439,1512,10.00,10.06,69.37,69.32
1787304216.419,29.313,True,1,3.086,3.016,-0.138,-0.083,9.727,9.719,0.310,3.098,0.088,3.114,0.104,0.216,-0.024,-0.096,3.45,0.27,158.49,1.26,1.09,-0.228,0.067,-0.303,1454,1472,1437,1511,10.00,10.06,-0.47,-0.52
1787304216.429,29.322,True,1,3.086,3.016,-0.138,-0.084,9.727,9.719,0.310,3.098,0.088,3.114,0.103,0.216,-0.024,-0.096,3.45,0.27,158.49,1.26,1.09,-0.228,0.067,-0.303,1454,1472,1437,1511,10.00,10.06,9.53,9.48
1787304216.439,29.332,True,1,3.086,3.016,-0.138,-0.085,9.726,9.718,0.310,3.098,0.088,3.113,0.102,0.216,-0.024,-0.096,3.45,0.27,158.49,1.25,1.09,-0.228,0.067,-0.303,1454,1472,1437,1511,10.00,10.06,19.52,19.48
1787304216.449,29.342,True,1,3.086,3.016,-0.138,-0.086,9.725,9.717,0.310,3.098,0.088,3.113,0.102,0.216,-0.024,-0.096,3.45,0.27,158.49,1.25,1.09,-0.229,0.067,-0.303,1454,1472,1437,1511,10.00,10.06,29.53,29.48
1787304216.459,29.353,True,1,3.083,3.016,-0.133,-0.094,9.717,9.708,0.310,3.094,0.084,3.112,0.101,0.213,-0.045,-0.117,2.92,-0.13,158.40,0.96,1.22,-0.206,0.126,-0.301,1457,1465,1438,1510,10.00,10.06,-0.27,-0.32
1787304216.469,29.362,True,1,3.083,3.016,-0.133,-0.094,9.716,9.708,0.310,3.094,0.084,3.111,0.101,0.213,-0.045,-0.117,2.92,-0.13,158.40,0.95,1.22,-0.207,0.126,-0.301,1457,1465,1438,1510,10.00,10.06,9.73,9.68
1787304216.479,29.372,True,1,3.083,3.016,-0.133,-0.095,9.715,9.707,0.310,3.094,0.084,3.111,0.100,0.213,-0.045,-0.117,2.92,-0.13,158.40,0.95,1.22,-0.207,0.126,-0.301,1457,1465,1438,1510,10.00,10.06,19.73,19.68
1787304216.489,29.383,True,1,3.083,3.016,-0.144,-0.062,9.748,9.740,0.311,3.093,0.083,3.110,0.100,0.212,-0.055,-0.124,2.45,-0.40,158.24,0.83,1.29,-0.172,0.165,-0.295,1460,1461,1438,1512,10.00,10.07,-0.18,-0.13
1787304216.499,29.392,True,1,3.083,3.016,-0.137,-0.083,9.727,9.720,0.310,3.090,0.082,3.110,0.099,0.209,-0.051,-0.118,2.19,-0.49,158.20,0.90,1.28,-0.137,0.175,-0.292,1464,1460,1439,1511,10.00,10.06,-0.11,-0.16
1787304216.509,29.402,True,1,3.083,3.016,-0.137,-0.084,9.727,9.719,0.310,3.090,0.082,3.109,0.099,0.209,-0.051,-0.118,2.19,-0.49,158.20,0.90,1.28,-0.138,0.175,-0.292,1464,1460,1439,1511,10.00,10.06,9.89,9.84
1787304216.519,29.412,True,1,3.083,3.016,-0.137,-0.084,9.726,9.719,0.310,3.090,0.082,3.108,0.098,0.209,-0.051,-0.118,2.19,-0.49,158.20,0.89,1.28,-0.138,0.175,-0.292,1464,1460,1439,1511,10.00,10.06,19.89,19.84
1787304216.529,29.422,True,1,3.083,3.016,-0.137,-0.085,9.725,9.718,0.310,3.090,0.082,3.108,0.097,0.209,-0.051,-0.118,2.19,-0.49,158.20,0.89,1.28,-0.139,0.175,-0.292,1464,1460,1439,1511,10.00,10.06,29.89,29.84
1787304216.539,29.432,True,1,3.083,3.016,-0.137,-0.086,9.725,9.717,0.310,3.090,0.082,3.107,0.097,0.209,-0.051,-0.118,2.19,-0.49,158.20,0.89,1.28,-0.139,0.175,-0.292,1464,1460,1439,1511,10.00,10.06,39.89,39.84
1787304216.549,29.442,True,1,3.083,3.016,-0.137,-0.086,9.724,9.717,0.310,3.090,0.082,3.107,0.096,0.209,-0.051,-0.118,2.19,-0.49,158.20,0.88,1.28,-0.139,0.175,-0.292,1464,1460,1439,1511,10.00,10.06,49.89,49.84
1787304216.559,29.453,True,1,3.081,3.016,-0.138,-0.077,9.734,9.728,0.310,3.083,0.077,3.106,0.096,0.202,-0.072,-0.109,1.17,-0.49,157.71,0.87,1.53,-0.033,0.206,-0.268,1476,1457,1442,1511,10.00,10.06,-0.36,-0.41
1787304216.569,29.462,True,1,3.081,3.016,-0.138,-0.078,9.734,9.728,0.310,3.083,0.077,3.105,0.095,0.202,-0.072,-0.109,1.17,-0.49,157.71,0.86,1.53,-0.034,0.206,-0.268,1476,1457,1442,1511,10.00,10.06,9.64,9.59
1787304216.579,29.472,True,1,3.081,3.016,-0.149,-0.043,9.768,9.763,0.312,3.081,0.076,3.104,0.094,0.201,-0.077,-0.117,0.76,-0.33,157.36,0.75,1.55,-0.003,0.193,-0.252,1479,1458,1444,1512,10.00,10.06,-0.17,-0.12
1787304216.589,29.482,True,1,3.081,3.016,-0.149,-0.044,9.767,9.762,0.312,3.081,0.076,3.103,0.094,0.201,-0.077,-0.117,0.76,-0.33,157.36,0.74,1.55,-0.003,0.193,-0.252,1479,1458,1444,1512,10.00,10.06,9.84,9.88
1787304216.599,29.492,True,1,3.081,3.016,-0.149,-0.044,9.767,9.762,0.312,3.081,0.076,3.103,0.093,0.201,-0.077,-0.117,0.76,-0.33,157.36,0.74,1.55,-0.004,0.193,-0.252,1479,1458,1444,1512,10.00,10.06,19.83,19.88
1787304216.609,29.502,True,1,3.081,3.016,-0.149,-0.045,9.766,9.761,0.312,3.081,0.076,3.102,0.093,0.201,-0.077,-0.117,0.76,-0.33,157.36,0.73,1.55,-0.005,0.193,-0.252,1479,1458,1444,1512,10.00,10.06,29.83,29.88
1787304216.619,29.512,True,1,3.081,3.016,-0.149,-0.046,9.765,9.760,0.312,3.081,0.076,3.101,0.092,0.201,-0.077,-0.117,0.76,-0.33,157.36,0.73,1.55,-0.005,0.193,-0.252,1479,1458,1444,1512,10.00,10.06,39.83,39.88
1787304216.629,29.522,True,1,3.081,3.016,-0.149,-0.046,9.765,9.760,0.311,3.081,0.076,3.101,0.092,0.201,-0.077,-0.117,0.76,-0.33,157.36,0.73,1.55,-0.005,0.193,-0.252,1479,1458,1444,1512,10.00,10.06,49.83,49.88
1787304216.639,29.532,True,1,3.081,3.016,-0.149,-0.047,9.764,9.759,0.311,3.081,0.076,3.100,0.091,0.201,-0.077,-0.117,0.76,-0.33,157.36,0.72,1.55,-0.006,0.193,-0.252,1479,1458,1444,1512,10.00,10.06,59.83,59.88
1787304216.649,29.542,True,1,3.081,3.016,-0.149,-0.048,9.763,9.758,0.311,3.081,0.076,3.099,0.091,0.201,-0.077,-0.117,0.76,-0.33,157.36,0.72,1.55,-0.006,0.193,-0.252,1479,1458,1444,1512,10.00,10.06,69.83,69.88
1787304216.659,29.552,True,1,3.081,3.016,-0.149,-0.048,9.763,9.758,0.311,3.081,0.076,3.099,0.090,0.201,-0.077,-0.117,0.76,-0.33,157.36,0.71,1.55,-0.007,0.194,-0.252,1479,1458,1444,1512,10.00,10.06,79.83,79.88
1787304216.670,29.563,True,1,3.077,3.016,-0.145,-0.046,9.766,9.762,0.312,3.069,0.070,3.098,0.089,0.190,-0.093,-0.095,-0.29,0.61,156.01,0.81,1.82,0.117,0.128,-0.189,1532,1465,1453,1512,10.00,10.06,-0.60,-0.55
1787304216.679,29.572,True,1,3.077,3.016,-0.145,-0.047,9.766,9.762,0.312,3.069,0.070,3.097,0.089,0.190,-0.093,-0.095,-0.29,0.61,156.01,0.81,1.82,0.116,0.128,-0.189,1532,1465,1453,1512,10.00,10.06,9.40,9.45
1787304216.689,29.582,True,1,3.077,3.016,-0.145,-0.047,9.765,9.761,0.312,3.069,0.070,3.096,0.088,0.190,-0.093,-0.095,-0.29,0.61,156.01,0.80,1.82,0.116,0.128,-0.189,1532,1465,1453,1512,10.00,10.06,19.40,19.45
1787304216.699,29.592,True,1,3.077,3.016,-0.145,-0.048,9.764,9.760,0.312,3.069,0.070,3.095,0.088,0.190,-0.093,-0.095,-0.29,0.61,156.01,0.79,1.83,0.115,0.129,-0.189,1532,1465,1453,1512,10.00,10.06,29.40,29.45
1787304216.709,29.602,True,1,3.077,3.016,-0.145,-0.049,9.764,9.760,0.312,3.069,0.070,3.094,0.087,0.190,-0.093,-0.095,-0.29,0.61,156.01,0.79,1.83,0.115,0.129,-0.189,1532,1465,1453,1512,10.00,10.06,39.40,39.45
1787304216.719,29.612,True,1,3.077,3.016,-0.145,-0.049,9.763,9.759,0.311,3.069,0.070,3.093,0.086,0.190,-0.093,-0.095,-0.29,0.61,156.01,0.78,1.83,0.114,0.129,-0.189,1532,1465,1453,1512,10.00,10.06,49.40,49.45
1787304216.729,29.622,True,1,3.077,3.016,-0.145,-0.050,9.763,9.759,0.311,3.069,0.070,3.092,0.086,0.190,-0.093,-0.095,-0.29,0.61,156.01,0.78,1.83,0.114,0.129,-0.189,1532,1465,1453,1512,10.00,10.06,59.40,59.45
1787304216.739,29.632,True,1,3.077,3.016,-0.145,-0.051,9.762,9.758,0.311,3.069,0.070,3.092,0.085,0.190,-0.093,-0.095,-0.29,0.61,156.01,0.77,1.83,0.113,0.129,-0.189,1532,1465,1453,1512,10.00,10.06,69.40,69.45
1787304216.750,29.643,True,1,3.069,3.016,-0.162,0.030,9.843,9.841,0.314,3.057,0.064,3.090,0.085,0.179,-0.097,-0.084,-0.33,1.71,154.34,0.79,1.93,0.121,0.024,-0.117,1533,1477,1463,1515,10.00,10.06,-0.51,-0.56
1787304216.759,29.652,True,1,3.069,3.016,-0.162,0.030,9.843,9.841,0.314,3.057,0.064,3.089,0.084,0.179,-0.097,-0.084,-0.29,1.85,154.10,0.78,1.94,0.115,0.010,-0.107,1532,1478,1465,1515,10.00,10.06,-0.07,9.44
1787304216.769,29.662,True,1,3.068,3.016,-0.167,0.050,9.863,9.861,0.315,3.054,0.063,3.088,0.083,0.177,-0.094,-0.095,-0.21,1.97,153.87,0.67,1.86,0.096,-0.012,-0.097,1530,1521,1466,1516,10.00,10.06,-0.11,-0.05
1787304216.779,29.672,True,1,3.068,3.016,-0.167,0.049,9.862,9.861,0.315,3.054,0.063,3.087,0.083,0.177,-0.094,-0.095,-0.21,1.97,153.87,0.67,1.86,0.095,-0.012,-0.097,1530,1521,1466,1516,10.00,10.06,9.90,9.95
1787304216.789,29.682,True,1,3.068,3.016,-0.167,0.049,9.861,9.860,0.315,3.054,0.063,3.086,0.082,0.177,-0.094,-0.095,-0.21,1.97,153.87,0.66,1.86,0.094,-0.012,-0.097,1530,1521,1466,1516,10.00,10.06,19.90,19.95
1787304216.799,29.692,True,1,3.068,3.016,-0.167,0.048,9.861,9.860,0.315,3.054,0.063,3.085,0.081,0.177,-0.094,-0.095,-0.21,1.97,153.87,0.65,1.86,0.093,-0.011,-0.097,1530,1521,1466,1516,10.00,10.06,29.90,29.95
1787304216.809,29.702,True,1,3.068,3.016,-0.167,0.048,9.860,9.859,0.315,3.054,0.063,3.084,0.081,0.177,-0.094,-0.095,-0.21,1.97,153.87,0.65,1.87,0.093,-0.011,-0.097,1530,1521,1466,1516,10.00,10.06,39.90,39.95
1787304216.819,29.713,True,1,3.065,3.016,-0.164,0.052,9.865,9.863,0.315,3.047,0.059,3.083,0.080,0.170,-0.086,-0.075,0.04,2.48,152.84,0.83,1.91,0.086,-0.060,-0.052,1529,1526,1472,1516,10.00,10.06,-0.31,-0.36
1787304216.829,29.722,True,1,3.065,3.016,-0.164,0.051,9.864,9.863,0.315,3.047,0.059,3.081,0.079,0.170,-0.086,-0.075,0.04,2.48,152.84,0.82,1.91,0.085,-0.059,-0.052,1529,1526,1472,1516,10.00,10.06,9.69,9.64
1787304216.839,29.732,True,1,3.065,3.016,-0.164,0.051,9.864,9.862,0.315,3.047,0.059,3.080,0.079,0.170,-0.086,-0.075,0.04,2.48,152.84,0.82,1.91,0.084,-0.059,-0.052,1529,1526,1472,1516,10.00,10.06,19.70,19.65
1787304216.849,29.742,True,1,3.065,3.016,-0.164,0.050,9.863,9.862,0.315,3.047,0.059,3.079,0.078,0.170,-0.086,-0.075,0.04,2.48,152.84,0.81,1.92,0.083,-0.059,-0.052,1529,1526,1472,1516,10.00,10.06,29.69,29.64
1787304216.859,29.752,True,1,3.065,3.016,-0.164,0.050,9.863,9.861,0.315,3.047,0.059,3.078,0.077,0.170,-0.086,-0.075,0.04,2.48,152.84,0.80,1.92,0.083,-0.059,-0.052,1529,1526,1472,1516,10.00,10.06,39.69,39.64
1787304216.869,29.762,True,1,3.065,3.016,-0.164,0.049,9.862,9.861,0.315,3.047,0.059,3.077,0.077,0.170,-0.086,-0.075,0.04,2.48,152.84,0.80,1.92,0.082,-0.058,-0.052,1529,1526,1472,1516,10.00,10.06,49.69,49.64
1787304216.879,29.772,True,1,3.065,3.016,-0.164,0.049,9.862,9.861,0.315,3.047,0.059,3.076,0.076,0.170,-0.086,-0.075,0.04,2.48,152.84,0.79,1.92,0.081,-0.058,-0.052,1529,1526,1472,1516,10.00,10.06,59.69,59.64
1787304216.889,29.782,True,1,3.065,3.016,-0.164,0.048,9.861,9.860,0.315,3.047,0.059,3.075,0.075,0.170,-0.086,-0.075,0.04,2.48,152.84,0.78,1.92,0.081,-0.058,-0.052,1528,1526,1472,1516,10.00,10.06,69.69,69.64
1787304216.899,29.792,True,1,3.065,3.016,-0.164,0.048,9.861,9.860,0.315,3.047,0.059,3.074,0.075,0.170,-0.086,-0.075,0.04,2.48,152.84,0.78,1.93,0.080,-0.058,-0.052,1528,1526,1472,1516,10.00,10.06,79.69,79.64
1787304216.910,29.803,True,1,3.055,3.016,-0.179,0.131,9.942,9.939,0.317,3.037,0.053,3.073,0.074,0.162,-0.083,-0.102,0.94,3.07,150.60,0.46,1.77,-0.054,-0.135,0.048,1474,1534,1526,1519,10.00,10.06,-0.55,-0.60
1787304216.919,29.812,True,1,3.055,3.016,-0.179,0.130,9.942,9.939,0.317,3.037,0.053,3.072,0.073,0.162,-0.083,-0.102,0.94,3.07,150.60,0.45,1.78,-0.054,-0.135,0.048,1473,1534,1526,1519,10.00,10.06,9.44,9.39
1787304216.929,29.822,True,1,3.055,3.016,-0.179,0.130,9.942,9.939,0.317,3.037,0.053,3.071,0.073,0.162,-0.083,-0.102,0.94,3.07,150.60,0.44,1.78,-0.055,-0.135,0.048,1473,1534,1526,1519,10.00,10.06,19.45,19.40
1787304216.939,29.832,True,1,3.055,3.016,-0.179,0.129,9.941,9.938,0.317,3.037,0.053,3.069,0.072,0.162,-0.083,-0.102,0.94,3.07,150.60,0.43,1.78,-0.056,-0.134,0.048,1473,1534,1526,1519,10.00,10.06,29.44,29.39
1787304216.949,29.842,True,1,3.055,3.016,-0.179,0.129,9.941,9.938,0.317,3.037,0.053,3.068,0.071,0.162,-0.083,-0.102,0.94,3.07,150.60,0.43,1.79,-0.057,-0.134,0.048,1473,1534,1526,1519,10.00,10.06,39.45,39.40
1787304216.959,29.852,True,1,3.055,3.016,-0.179,0.129,9.940,9.937,0.317,3.037,0.053,3.067,0.071,0.162,-0.083,-0.102,0.94,3.07,150.60,0.42,1.79,-0.057,-0.134,0.048,1473,1534,1526,1519,10.00,10.06,49.45,49.40
1787304216.969,29.862,True,1,3.055,3.016,-0.179,0.128,9.940,9.937,0.317,3.037,0.053,3.066,0.070,0.162,-0.083,-0.102,0.94,3.07,150.60,0.42,1.79,-0.058,-0.134,0.048,1473,1534,1526,1519,10.00,10.06,59.45,59.40
1787304216.979,29.872,True,1,3.055,3.016,-0.179,0.128,9.940,9.937,0.317,3.037,0.053,3.065,0.070,0.162,-0.083,-0.102,0.94,3.07,150.60,0.41,1.79,-0.059,-0.133,0.048,1473,1534,1526,1519,10.00,10.06,69.44,69.40
1787304216.990,29.883,True,1,3.043,3.016,-0.193,0.220,10.031,10.026,0.320,3.027,0.046,3.064,0.069,0.155,-0.071,-0.115,1.54,2.88,148.61,0.29,1.61,-0.138,-0.129,0.136,1464,1534,1538,1522,10.00,10.06,-0.55,-0.60
1787304216.999,29.892,True,1,3.043,3.016,-0.193,0.219,10.030,10.025,0.320,3.027,0.046,3.063,0.068,0.155,-0.071,-0.115,1.54,2.88,148.61,0.28,1.62,-0.139,-0.129,0.136,1464,1534,1538,1522,10.00,10.06,9.45,9.41
1787304217.009,29.902,True,1,3.043,3.016,-0.193,0.219,10.030,10.025,0.320,3.027,0.046,3.062,0.067,0.155,-0.071,-0.115,1.54,2.88,148.61,0.27,1.62,-0.140,-0.129,0.136,1464,1534,1538,1522,9.99,10.06,19.45,19.40
1787304217.019,29.912,True,1,3.043,3.016,-0.193,0.219,10.030,10.025,0.320,3.027,0.046,3.060,0.067,0.155,-0.071,-0.115,1.54,2.88,148.61,0.26,1.62,-0.140,-0.129,0.136,1464,1534,1538,1522,10.00,10.06,29.45,29.40
1787304217.029,29.922,True,1,3.043,3.016,-0.193,0.219,10.029,10.025,0.320,3.027,0.046,3.059,0.066,0.155,-0.071,-0.115,1.54,2.88,148.61,0.26,1.62,-0.141,-0.128,0.136,1464,1534,1538,1522,10.00,10.06,39.45,39.40
1787304217.039,29.932,True,1,3.043,3.016,-0.193,0.218,10.029,10.024,0.320,3.027,0.046,3.058,0.065,0.155,-0.071,-0.115,1.54,2.88,148.61,0.25,1.63,-0.142,-0.128,0.136,1464,1534,1538,1522,10.00,10.06,49.45,49.40
1787304217.049,29.942,True,1,3.043,3.016,-0.193,0.218,10.029,10.024,0.320,3.027,0.046,3.057,0.065,0.155,-0.071,-0.115,1.54,2.88,148.61,0.24,1.63,-0.143,-0.128,0.136,1464,1534,1538,1522,10.00,10.06,59.45,59.40
1787304217.059,29.953,True,1,3.034,3.016,-0.169,0.183,9.993,9.988,0.319,3.020,0.040,3.056,0.064,0.151,-0.056,-0.105,1.98,2.44,146.93,0.36,1.57,-0.179,-0.084,0.209,1460,1529,1549,1521,10.00,10.06,-0.46,-0.41
1787304217.069,29.962,True,1,3.032,3.016,-0.184,0.234,10.044,10.038,0.320,3.019,0.039,3.055,0.063,0.150,-0.063,-0.122,1.99,2.38,146.72,0.15,1.53,-0.201,-0.081,0.218,1457,1529,1550,1522,10.00,10.06,-0.10,-0.05
1787304217.079,29.972,True,1,3.030,3.016,-0.173,0.210,10.021,10.015,0.320,3.017,0.037,3.053,0.062,0.149,-0.057,-0.113,1.99,2.38,146.72,0.26,1.53,-0.190,-0.081,0.218,1458,1528,1550,1521,10.00,10.06,9.90,-0.05
1787304217.089,29.982,True,1,3.030,3.016,-0.173,0.210,10.020,10.015,0.320,3.017,0.037,3.052,0.061,0.149,-0.057,-0.113,1.99,2.38,146.72,0.25,1.54,-0.191,-0.081,0.218,1458,1528,1550,1521,10.00,10.06,19.90,9.95
1787304217.099,29.992,True,1,3.030,3.016,-0.173,0.210,10.020,10.015,0.320,3.017,0.037,3.051,0.060,0.149,-0.057,-0.113,1.99,2.38,146.72,0.24,1.54,-0.192,-0.081,0.218,1458,1528,1550,1521,10.00,10.06,29.90,19.95
1787304217.109,30.002,True,1,3.030,3.016,-0.173,0.210,10.020,10.014,0.320,3.017,0.037,3.050,0.060,0.149,-0.057,-0.113,1.99,2.38,146.72,0.23,1.54,-0.193,-0.080,0.218,1458,1528,1550,1521,10.00,10.06,39.90,29.95
1787304217.119,30.012,True,1,3.030,3.016,-0.173,0.210,10.020,10.014,0.320,3.017,0.037,3.049,0.059,0.149,-0.057,-0.113,1.99,2.38,146.72,0.23,1.54,-0.194,-0.080,0.218,1458,1528,1550,1521,10.00,10.06,49.90,39.95
1787304217.129,30.022,True,1,3.030,3.016,-0.173,0.210,10.020,10.014,0.320,3.017,0.037,3.048,0.058,0.149,-0.057,-0.113,1.99,2.38,146.72,0.22,1.54,-0.195,-0.080,0.218,1458,1528,1550,1521,10.00,10.06,59.90,49.95
1787304217.139,30.032,True,1,3.030,3.016,-0.173,0.209,10.020,10.014,0.320,3.017,0.037,3.047,0.057,0.149,-0.057,-0.113,1.99,2.38,146.72,0.21,1.54,-0.195,-0.080,0.218,1458,1528,1550,1521,10.00,10.06,69.90,59.95
1787304217.149,30.042,True,1,3.030,3.016,-0.173,0.209,10.020,10.014,0.320,3.017,0.037,3.046,0.057,0.149,-0.057,-0.113,1.99,2.38,146.72,0.20,1.55,-0.196,-0.080,0.218,1458,1528,1550,1521,10.00,10.06,79.90,69.95
1787304217.160,30.053,True,1,3.017,3.016,-0.189,0.309,10.118,10.113,0.323,3.008,0.027,3.045,0.056,0.146,-0.056,-0.149,1.60,1.55,145.15,-0.14,1.32,-0.190,-0.016,0.284,1458,1521,1559,1525,10.00,10.06,-0.56,-0.60
1787304217.169,30.062,True,1,3.017,3.016,-0.189,0.309,10.118,10.113,0.323,3.008,0.027,3.043,0.055,0.146,-0.056,-0.149,1.60,1.55,145.15,-0.15,1.32,-0.191,-0.016,0.284,1458,1521,1559,1525,10.00,10.06,9.44,9.39
1787304217.179,30.072,True,1,3.017,3.016,-0.189,0.309,10.118,10.113,0.323,3.008,0.027,3.042,0.054,0.146,-0.056,-0.149,1.60,1.55,145.15,-0.16,1.33,-0.192,-0.016,0.284,1458,1521,1559,1525,10.01,10.07,19.45,19.40
1787304217.189,30.082,True,1,3.017,3.016,-0.189,0.309,10.118,10.113,0.323,3.008,0.027,3.041,0.053,0.146,-0.056,-0.149,1.60,1.55,145.15,-0.17,1.33,-0.193,-0.016,0.284,1458,1521,1559,1525,10.00,10.07,29.45,29.40
1787304217.199,30.092,True,1,3.017,3.016,-0.189,0.309,10.118,10.113,0.323,3.008,0.027,3.040,0.052,0.146,-0.056,-0.149,1.60,1.55,145.15,-0.18,1.33,-0.194,-0.016,0.284,1458,1521,1559,1525,9.99,10.06,39.44,39.40
1787304217.209,30.102,True,1,3.017,3.016,-0.189,0.309,10.118,10.113,0.323,3.008,0.027,3.039,0.051,0.146,-0.056,-0.149,1.60,1.55,145.15,-0.19,1.33,-0.195,-0.016,0.284,1458,1521,1559,1525,10.00,10.06,49.44,49.40
1787304217.219,30.112,True,1,3.017,3.016,-0.189,0.309,10.118,10.113,0.323,3.008,0.027,3.038,0.051,0.146,-0.056,-0.149,1.60,1.55,145.15,-0.19,1.33,-0.196,-0.016,0.284,1458,1521,1559,1525,10.00,10.06,59.45,59.40
1787304217.229,30.122,True,1,3.017,3.016,-0.189,0.309,10.118,10.113,0.323,3.008,0.027,3.037,0.050,0.146,-0.056,-0.149,1.60,1.55,145.15,-0.20,1.33,-0.197,-0.015,0.284,1458,1521,1559,1525,10.00,10.06,69.44,69.40
1787304217.240,30.133,True,1,3.007,3.016,-0.157,0.253,10.063,10.062,0.321,3.000,0.019,3.036,0.049,0.144,-0.053,-0.128,0.62,0.75,144.21,-0.04,1.43,-0.073,0.075,0.324,1471,1471,1564,1523,10.00,10.06,-0.58,-0.53
1787304217.249,30.142,True,1,3.007,3.016,-0.157,0.253,10.063,10.062,0.321,3.000,0.019,3.034,0.048,0.144,-0.053,-0.128,0.62,0.75,144.21,-0.05,1.43,-0.074,0.075,0.324,1471,1471,1564,1523,10.00,10.06,9.42,9.47
1787304217.259,30.152,True,1,3.007,3.016,-0.157,0.253,10.063,10.062,0.321,3.000,0.019,3.033,0.047,0.144,-0.053,-0.128,0.62,0.75,144.21,-0.06,1.43,-0.075,0.075,0.324,1471,1471,1564,1523,9.99,10.06,19.42,19.46
1787304217.269,30.162,True,1,3.002,3.016,-0.142,0.229,10.039,10.038,0.320,2.998,0.015,3.032,0.046,0.143,-0.046,-0.119,0.33,0.68,144.12,0.05,1.43,-0.033,0.080,0.328,1476,1471,1565,1522,10.00,10.06,-0.12,-0.17
1787304217.279,30.172,True,1,3.002,3.016,-0.142,0.230,10.039,10.038,0.320,2.998,0.015,3.031,0.045,0.143,-0.046,-0.119,0.33,0.68,144.12,0.04,1.43,-0.034,0.080,0.328,1476,1471,1565,1522,10.00,10.06,9.88,9.83
1787304217.289,30.182,True,1,3.002,3.016,-0.142,0.230,10.039,10.038,0.320,2.998,0.015,3.030,0.044,0.143,-0.046,-0.119,0.33,0.68,144.12,0.03,1.43,-0.035,0.080,0.328,1476,1471,1565,1522,10.00,10.06,19.88,19.83
1787304217.299,30.192,True,1,3.002,3.016,-0.142,0.230,10.040,10.039,0.320,2.998,0.015,3.029,0.043,0.143,-0.046,-0.119,0.33,0.68,144.12,0.02,1.43,-0.036,0.080,0.328,1475,1471,1565,1522,10.00,10.06,29.88,29.83
1787304217.309,30.202,True,1,3.002,3.016,-0.142,0.230,10.040,10.039,0.320,2.998,0.015,3.028,0.042,0.143,-0.046,-0.119,0.33,0.68,144.12,0.01,1.43,-0.037,0.080,0.328,1475,1471,1565,1522,10.00,10.06,39.88,39.83
1787304217.319,30.213,True,1,2.991,3.016,-0.133,0.245,10.055,10.053,0.321,2.991,0.009,3.027,0.041,0.143,-0.042,-0.104,-0.54,0.53,144.02,0.14,1.49,0.069,0.098,0.334,1527,1469,1566,1523,10.00,10.06,-0.43,-0.47
1787304217.329,30.222,True,1,2.991,3.016,-0.133,0.245,10.055,10.053,0.321,2.991,0.009,3.025,0.040,0.143,-0.042,-0.104,-0.54,0.53,144.02,0.13,1.49,0.068,0.098,0.334,1527,1469,1566,1523,10.00,10.06,9.57,9.53
1787304217.339,30.232,True,1,2.991,3.016,-0.133,0.245,10.055,10.053,0.321,2.991,0.009,3.024,0.039,0.143,-0.042,-0.104,-0.54,0.53,144.02,0.12,1.49,0.067,0.098,0.334,1527,1469,1566,1523,10.00,10.06,19.57,19.53
1787304217.349,30.242,True,1,2.991,3.016,-0.133,0.245,10.056,10.053,0.321,2.991,0.009,3.023,0.038,0.143,-0.042,-0.104,-0.54,0.53,144.02,0.11,1.49,0.066,0.098,0.334,1527,1469,1566,1523,10.00,10.06,29.57,29.52
1787304217.359,30.253,True,1,2.988,3.016,-0.146,0.299,10.109,10.106,0.323,2.989,0.006,3.022,0.037,0.142,-0.037,-0.118,-1.12,0.50,144.12,0.02,1.36,0.117,0.083,0.330,1532,1470,1565,1525,10.00,10.06,-0.17,-0.22
1787304217.369,30.262,True,1,2.988,3.016,-0.146,0.300,10.109,10.106,0.323,2.989,0.006,3.021,0.036,0.142,-0.037,-0.118,-1.12,0.50,144.12,0.01,1.36,0.116,0.083,0.330,1532,1470,1565,1525,10.00,10.06,9.83,9.78
1787304217.379,30.272,True,1,2.988,3.016,-0.146,0.300,10.109,10.106,0.323,2.989,0.006,3.020,0.035,0.142,-0.037,-0.118,-1.12,0.50,144.12,-0.00,1.36,0.115,0.083,0.330,1532,1470,1565,1525,10.00,10.06,19.83,19.78
1787304217.389,30.282,True,1,2.988,3.016,-0.146,0.300,10.110,10.107,0.323,2.989,0.006,3.019,0.034,0.142,-0.037,-0.118,-1.12,0.50,144.12,-0.01,1.36,0.114,0.083,0.330,1532,1470,1565,1525,10.00,10.06,29.83,29.78
1787304217.399,30.292,True,1,2.988,3.016,-0.146,0.300,10.110,10.107,0.323,2.989,0.006,3.018,0.033,0.142,-0.037,-0.118,-1.12,0.50,144.12,-0.02,1.36,0.113,0.083,0.330,1532,1470,1565,1525,10.00,10.06,39.83,39.78
1787304217.409,30.303,True,1,2.980,3.016,-0.152,0.350,10.160,10.152,0.324,2.984,0.003,3.017,0.032,0.141,-0.033,-0.101,-1.91,0.49,144.47,0.15,1.42,0.213,0.087,0.316,1543,1470,1563,1526,10.00,10.06,-0.36,-0.41
1787304217.419,30.312,True,1,2.980,3.016,-0.152,0.351,10.161,10.153,0.324,2.984,0.003,3.016,0.031,0.141,-0.033,-0.101,-1.91,0.49,144.47,0.14,1.42,0.212,0.087,0.316,1543,1470,1563,1526,10.00,10.06,9.64,9.59
1787304217.429,30.322,True,1,2.980,3.016,-0.152,0.351,10.161,10.153,0.324,2.984,0.003,3.015,0.030,0.141,-0.033,-0.101,-1.91,0.49,144.47,0.13,1.42,0.211,0.087,0.316,1543,1470,1563,1526,10.00,10.06,19.64,19.59
1787304217.439,30.332,True,1,2.980,3.016,-0.152,0.351,10.161,10.154,0.324,2.984,0.003,3.014,0.029,0.141,-0.033,-0.101,-1.91,0.49,144.47,0.12,1.42,0.210,0.087,0.316,1543,1470,1563,1526,10.00,10.06,29.64,29.59
1787304217.449,30.343,True,1,2.974,3.016,-0.144,0.349,10.159,10.150,0.324,2.981,0.000,3.012,0.028,0.141,-0.025,-0.091,-2.03,0.65,144.73,0.24,1.41,0.234,0.069,0.305,1545,1472,1562,1526,10.00,10.06,-0.17,-0.22
1787304217.459,30.352,True,1,2.974,3.016,-0.144,0.350,10.160,10.151,0.324,2.981,0.000,3.011,0.027,0.141,-0.025,-0.091,-2.03,0.65,144.73,0.23,1.41,0.233,0.069,0.305,1545,1472,1562,1526,10.00,10.06,9.83,9.78
1787304217.469,30.362,True,1,2.974,3.016,-0.144,0.350,10.160,10.151,0.324,2.981,0.000,3.010,0.026,0.141,-0.025,-0.091,-2.03,0.65,144.73,0.22,1.41,0.233,0.069,0.305,1545,1472,1562,1526,10.00,10.06,19.83,19.78
1787304217.479,30.372,True,1,2.974,3.016,-0.144,0.351,10.160,10.152,0.324,2.981,0.000,3.009,0.025,0.141,-0.025,-0.091,-2.03,0.65,144.73,0.21,1.41,0.232,0.069,0.305,1545,1472,1562,1526,10.00,10.06,29.83,29.78
1787304217.489,30.383,True,1,2.970,3.016,-0.121,0.301,10.112,10.101,0.322,2.978,-0.001,3.008,0.024,0.140,-0.016,-0.053,-2.10,1.06,145.60,0.60,1.56,0.278,0.043,0.266,1550,1475,1556,1525,10.00,10.06,-0.35,-0.30
1787304217.499,30.392,True,1,2.970,3.016,-0.121,0.302,10.113,10.101,0.322,2.978,-0.001,3.007,0.024,0.140,-0.016,-0.053,-2.10,1.06,145.60,0.59,1.56,0.277,0.043,0.266,1550,1475,1556,1525,10.00,10.06,9.65,9.70
1787304217.509,30.402,True,1,2.970,3.016,-0.121,0.302,10.113,10.102,0.322,2.978,-0.001,3.006,0.023,0.140,-0.016,-0.053,-2.10,1.06,145.60,0.59,1.56,0.276,0.043,0.266,1550,1475,1556,1525,10.00,10.06,19.65,19.70
1787304217.519,30.412,True,1,2.970,3.016,-0.121,0.303,10.114,10.102,0.322,2.978,-0.001,3.005,0.022,0.140,-0.016,-0.053,-2.10,1.06,145.60,0.58,1.56,0.276,0.043,0.266,1550,1475,1556,1525,10.00,10.06,29.65,29.70
1787304217.529,30.422,True,1,2.970,3.016,-0.121,0.303,10.114,10.103,0.322,2.978,-0.001,3.005,0.021,0.140,-0.016,-0.053,-2.10,1.06,145.60,0.57,1.56,0.275,0.043,0.266,1550,1475,1556,1525,10.00,10.06,39.65,39.70
1787304217.539,30.432,True,1,2.970,3.016,-0.121,0.304,10.115,10.103,0.322,2.978,-0.001,3.004,0.020,0.140,-0.016,-0.053,-2.10,1.06,145.60,0.56,1.56,0.274,0.043,0.266,1550,1475,1556,1525,10.00,10.06,49.65,49.70
1787304217.549,30.442,True,1,2.970,3.016,-0.121,0.304,10.115,10.104,0.322,2.978,-0.001,3.003,0.020,0.140,-0.016,-0.053,-2.10,1.06,145.60,0.56,1.56,0.273,0.043,0.266,1549,1475,1556,1525,10.00,10.06,59.65,59.70
1787304217.559,30.453,True,1,2.960,3.016,-0.090,0.246,10.057,10.047,0.321,2.975,-0.003,3.002,0.019,0.138,0.003,-0.035,-1.71,1.49,146.71,0.84,1.50,0.262,-0.006,0.215,1548,1520,1549,1523,10.00,10.06,-0.41,-0.46
1787304217.569,30.462,True,1,2.960,3.016,-0.105,0.297,10.107,10.099,0.322,2.975,-0.003,3.001,0.018,0.139,0.004,-0.045,-1.59,1.63,146.97,0.76,1.43,0.240,-0.027,0.204,1546,1523,1548,1524,10.00,10.06,-0.05,-0.11
1787304217.579,30.472,True,1,2.960,3.016,-0.105,0.297,10.108,10.100,0.322,2.975,-0.003,3.000,0.018,0.139,0.004,-0.045,-1.45,1.71,147.18,0.76,1.42,0.225,-0.035,0.194,1544,1523,1546,1525,10.00,10.06,-0.05,9.89
1787304217.589,30.482,True,1,2.960,3.016,-0.105,0.298,10.108,10.101,0.322,2.975,-0.003,2.999,0.017,0.139,0.004,-0.045,-1.45,1.71,147.18,0.75,1.42,0.224,-0.035,0.194,1544,1523,1546,1525,10.00,10.06,9.95,19.90
1787304217.599,30.492,True,1,2.960,3.016,-0.105,0.298,10.109,10.101,0.322,2.975,-0.003,2.998,0.016,0.139,0.004,-0.045,-1.45,1.71,147.18,0.74,1.42,0.223,-0.035,0.194,1544,1523,1546,1525,10.00,10.06,19.95,29.89
1787304217.609,30.502,True,1,2.960,3.016,-0.105,0.299,10.109,10.102,0.322,2.975,-0.003,2.998,0.016,0.139,0.004,-0.045,-1.45,1.71,147.18,0.74,1.42,0.223,-0.035,0.194,1544,1523,1546,1525,10.00,10.06,29.95,39.89
1787304217.619,30.512,True,1,2.960,3.016,-0.105,0.299,10.110,10.103,0.322,2.975,-0.003,2.997,0.015,0.139,0.004,-0.045,-1.45,1.71,147.18,0.73,1.42,0.222,-0.035,0.194,1544,1523,1546,1525,10.00,10.06,39.95,49.90
1787304217.629,30.522,True,1,2.960,3.016,-0.105,0.300,10.111,10.103,0.322,2.975,-0.003,2.996,0.014,0.139,0.004,-0.045,-1.45,1.71,147.18,0.72,1.43,0.221,-0.035,0.194,1544,1523,1546,1525,10.00,10.06,49.95,59.89
1787304217.639,30.532,True,1,2.960,3.016,-0.105,0.301,10.111,10.104,0.322,2.975,-0.003,2.995,0.014,0.139,0.004,-0.045,-1.45,1.71,147.18,0.72,1.43,0.221,-0.035,0.194,1544,1523,1546,1525,10.00,10.06,59.95,69.90
1787304217.649,30.542,True,1,2.960,3.016,-0.105,0.301,10.112,10.104,0.323,2.975,-0.003,2.995,0.013,0.139,0.004,-0.045,-1.45,1.71,147.18,0.71,1.43,0.220,-0.035,0.194,1544,1523,1546,1525,10.00,10.06,69.95,79.89
1787304217.660,30.553,True,1,2.950,3.016,-0.088,0.290,10.100,10.095,0.322,2.973,-0.002,2.994,0.013,0.137,0.036,-0.030,-0.45,2.19,149.04,1.05,1.21,0.153,-0.104,0.113,1536,1531,1535,1524,10.00,10.06,-0.50,-0.55
1787304217.669,30.562,True,1,2.950,3.016,-0.088,0.290,10.101,10.096,0.322,2.973,-0.002,2.993,0.012,0.137,0.036,-0.030,-0.45,2.19,149.04,1.05,1.21,0.152,-0.104,0.113,1536,1531,1535,1524,10.00,10.06,9.50,9.45
1787304217.679,30.572,True,1,2.950,3.016,-0.088,0.291,10.102,10.097,0.322,2.973,-0.002,2.993,0.012,0.137,0.036,-0.030,-0.45,2.19,149.04,1.04,1.21,0.152,-0.104,0.113,1536,1531,1535,1524,10.00,10.06,19.50,19.45
1787304217.689,30.582,True,1,2.950,3.016,-0.088,0.292,10.102,10.097,0.322,2.973,-0.002,2.992,0.011,0.137,0.036,-0.030,-0.45,2.19,149.04,1.03,1.21,0.151,-0.104,0.113,1536,1531,1535,1524,10.00,10.06,29.50,29.45
1787304217.699,30.592,True,1,2.950,3.016,-0.088,0.292,10.103,10.098,0.322,2.973,-0.002,2.991,0.011,0.137,0.036,-0.030,-0.45,2.19,149.04,1.03,1.21,0.150,-0.103,0.113,1536,1531,1535,1524,10.00,10.06,39.50,39.45
1787304217.709,30.602,True,1,2.950,3.016,-0.088,0.293,10.104,10.099,0.322,2.973,-0.002,2.991,0.010,0.137,0.036,-0.030,-0.45,2.19,149.04,1.02,1.21,0.150,-0.103,0.113,1536,1531,1535,1524,10.00,10.06,49.50,49.45
1787304217.719,30.612,True,1,2.950,3.016,-0.088,0.294,10.104,10.099,0.322,2.973,-0.002,2.990,0.010,0.137,0.036,-0.030,-0.45,2.19,149.04,1.02,1.21,0.149,-0.103,0.113,1536,1531,1535,1525,10.00,10.06,59.50,59.45
1787304217.729,30.623,True,1,2.944,3.016,-0.079,0.292,10.103,10.099,0.322,2.974,-0.001,2.990,0.010,0.136,0.059,-0.024,0.61,2.46,150.67,1.22,1.00,0.062,-0.152,0.045,1526,1536,1526,1524,10.00,10.06,-0.46,-0.51
1787304217.739,30.632,True,1,2.944,3.016,-0.079,0.293,10.104,10.100,0.322,2.974,-0.001,2.989,0.009,0.136,0.059,-0.024,0.61,2.46,150.67,1.21,1.00,0.062,-0.152,0.045,1526,1536,1526,1525,10.00,10.06,9.54,9.49
1787304217.749,30.642,True,1,2.944,3.016,-0.079,0.294,10.104,10.100,0.322,2.974,-0.001,2.989,0.009,0.136,0.059,-0.024,0.61,2.46,150.67,1.21,1.00,0.061,-0.152,0.045,1526,1536,1526,1525,10.00,10.06,19.54,19.49
1787304217.759,30.652,True,1,2.944,3.016,-0.079,0.295,10.105,10.101,0.322,2.974,-0.001,2.988,0.009,0.136,0.059,-0.024,0.61,2.46,150.67,1.20,1.00,0.061,-0.152,0.045,1526,1536,1526,1525,10.00,10.06,29.54,29.49
1787304217.769,30.663,True,1,2.941,3.016,-0.043,0.200,10.010,10.006,0.319,2.975,-0.000,2.988,0.008,0.137,0.072,-0.017,1.20,2.53,151.76,1.36,0.90,0.017,-0.170,-0.001,1521,1538,1479,1521,10.00,10.06,-0.26,-0.31
1787304217.779,30.672,True,1,2.941,3.016,-0.043,0.200,10.011,10.007,0.319,2.975,-0.000,2.987,0.008,0.137,0.072,-0.017,1.20,2.53,151.76,1.36,0.90,0.017,-0.170,-0.001,1521,1538,1479,1521,10.00,10.06,9.74,9.69
1787304217.789,30.682,True,1,2.940,3.016,-0.062,0.258,10.068,10.064,0.321,2.976,-0.000,2.987,0.008,0.137,0.069,-0.035,1.52,2.53,152.53,1.18,0.83,-0.034,-0.179,-0.034,1476,1539,1475,1523,10.00,10.06,-0.15,-0.10
1787304217.799,30.692,True,1,2.940,3.016,-0.062,0.259,10.069,10.064,0.321,2.976,-0.000,2.987,0.008,0.137,0.069,-0.035,1.52,2.53,152.53,1.18,0.83,-0.034,-0.179,-0.034,1476,1539,1475,1523,10.00,10.06,9.85,9.90
1787304217.809,30.702,True,1,2.939,3.016,-0.034,0.183,9.994,9.989,0.319,2.977,0.000,2.986,0.007,0.138,0.078,-0.014,1.69,2.56,152.82,1.42,0.84,-0.026,-0.181,-0.046,1477,1540,1473,1521,10.00,10.06,-0.10,-0.15
1787304217.819,30.712,True,1,2.939,3.016,-0.034,0.184,9.995,9.990,0.319,2.977,0.000,2.986,0.007,0.138,0.078,-0.014,1.69,2.56,152.82,1.42,0.84,-0.026,-0.182,-0.046,1477,1540,1473,1521,10.00,10.06,9.90,9.85
1787304217.829,30.722,True,1,2.939,3.016,-0.034,0.185,9.995,9.991,0.319,2.977,0.000,2.986,0.007,0.138,0.078,-0.014,1.69,2.56,152.82,1.42,0.84,-0.026,-0.182,-0.046,1477,1540,1473,1521,10.00,10.06,19.90,19.85
1787304217.839,30.732,True,1,2.939,3.016,-0.034,0.185,9.996,9.991,0.319,2.977,0.000,2.985,0.007,0.138,0.078,-0.014,1.69,2.56,152.82,1.41,0.84,-0.027,-0.182,-0.046,1477,1540,1473,1521,10.00,10.06,29.90,29.85
1787304217.849,30.742,True,1,2.939,3.016,-0.034,0.186,9.997,9.992,0.319,2.977,0.000,2.985,0.006,0.138,0.078,-0.014,1.69,2.56,152.82,1.41,0.84,-0.027,-0.182,-0.046,1477,1540,1473,1521,10.00,10.06,39.90,39.85
1787304217.859,30.753,True,1,2.936,3.016,-0.037,0.207,10.017,10.012,0.320,2.979,0.000,2.985,0.006,0.139,0.086,-0.032,1.96,2.38,153.89,1.29,0.65,-0.066,-0.184,-0.091,1472,1540,1467,1521,10.00,10.06,-0.28,-0.33
1787304217.869,30.762,True,1,2.936,3.016,-0.037,0.208,10.018,10.012,0.320,2.979,0.000,2.985,0.006,0.139,0.086,-0.032,1.96,2.38,153.89,1.29,0.65,-0.067,-0.184,-0.091,1472,1540,1467,1521,10.00,10.06,9.72,9.67
1787304217.879,30.772,True,1,2.935,3.016,-0.031,0.193,10.003,9.998,0.319,2.979,0.000,2.984,0.006,0.139,0.085,-0.035,2.05,2.28,154.40,1.26,0.64,-0.077,-0.177,-0.114,1471,1539,1464,1521,10.00,10.06,-0.16,-0.11
1787304217.889,30.782,True,1,2.935,3.016,-0.030,0.193,10.003,9.998,0.319,2.980,0.000,2.984,0.006,0.140,0.089,-0.036,2.02,2.21,154.60,1.27,0.59,-0.074,-0.174,-0.122,1471,1539,1462,1521,10.00,10.06,-0.10,-0.05
1787304217.899,30.792,True,1,2.935,3.016,-0.030,0.194,10.004,9.999,0.319,2.980,0.000,2.984,0.005,0.140,0.089,-0.036,2.02,2.21,154.60,1.27,0.59,-0.074,-0.174,-0.122,1471,1539,1462,1521,10.00,10.06,9.90,9.95
1787304217.909,30.802,True,1,2.935,3.016,-0.030,0.195,10.004,10.000,0.319,2.980,0.000,2.984,0.005,0.140,0.089,-0.036,2.02,2.21,154.60,1.27,0.59,-0.074,-0.175,-0.122,1471,1539,1462,1521,10.00,10.06,19.90,19.95
1787304217.919,30.812,True,1,2.935,3.016,-0.030,0.196,10.005,10.000,0.319,2.980,0.000,2.984,0.005,0.140,0.089,-0.036,2.02,2.21,154.60,1.27,0.59,-0.075,-0.175,-0.122,1471,1539,1462,1521,10.00,10.06,29.90,29.95
1787304217.929,30.822,True,1,2.935,3.016,-0.030,0.196,10.006,10.001,0.319,2.980,0.000,2.984,0.005,0.140,0.089,-0.036,2.02,2.21,154.60,1.26,0.59,-0.075,-0.175,-0.122,1471,1539,1462,1521,10.00,10.06,39.90,39.95
1787304217.939,30.832,True,1,2.935,3.016,-0.030,0.197,10.007,10.002,0.319,2.980,0.000,2.984,0.005,0.140,0.089,-0.036,2.02,2.21,154.60,1.26,0.59,-0.075,-0.175,-0.122,1471,1539,1462,1521,10.00,10.06,49.90,49.95
1787304217.949,30.842,True,1,2.935,3.016,-0.030,0.198,10.008,10.003,0.319,2.980,0.000,2.984,0.005,0.140,0.089,-0.036,2.02,2.21,154.60,1.26,0.59,-0.075,-0.175,-0.122,1471,1539,1462,1521,10.00,10.06,59.90,59.95
1787304217.959,30.852,True,1,2.935,3.016,-0.030,0.199,10.008,10.004,0.319,2.980,0.000,2.983,0.004,0.140,0.089,-0.036,2.02,2.21,154.60,1.26,0.58,-0.075,-0.175,-0.122,1471,1539,1462,1521,10.00,10.06,69.90,69.95
1787304217.970,30.863,True,1,2.931,3.016,-0.038,0.240,10.049,10.047,0.321,2.985,-0.000,2.983,0.004,0.143,0.096,-0.059,1.65,1.36,155.99,1.07,0.39,-0.056,-0.107,-0.186,1473,1531,1454,1523,10.00,10.06,-0.51,-0.56
1787304217.979,30.872,True,1,2.931,3.016,-0.038,0.241,10.050,10.048,0.321,2.985,-0.000,2.983,0.004,0.143,0.096,-0.059,1.65,1.36,155.99,1.07,0.39,-0.056,-0.107,-0.186,1473,1531,1454,1523,10.00,10.07,9.49,9.45
1787304217.989,30.882,True,1,2.930,3.016,-0.022,0.197,10.007,10.006,0.319,2.986,-0.000,2.984,0.004,0.144,0.101,-0.033,1.48,0.90,156.49,1.35,0.43,-0.011,-0.054,-0.210,1478,1526,1450,1521,9.99,10.06,-0.16,-0.12
1787304217.999,30.892,True,1,2.930,3.016,-0.022,0.198,10.007,10.007,0.319,2.986,-0.000,2.984,0.004,0.144,0.101,-0.033,1.48,0.90,156.49,1.35,0.43,-0.011,-0.055,-0.210,1478,1526,1450,1521,10.00,10.06,9.84,9.89
1787304218.009,30.902,True,1,2.930,3.016,-0.022,0.199,10.008,10.008,0.319,2.986,-0.000,2.984,0.004,0.144,0.101,-0.033,1.48,0.90,156.49,1.35,0.43,-0.011,-0.055,-0.210,1478,1526,1450,1521,10.00,10.06,19.84,19.88
1787304218.019,30.912,True,1,2.930,3.016,-0.022,0.199,10.009,10.009,0.319,2.986,-0.000,2.984,0.004,0.144,0.101,-0.033,1.48,0.90,156.49,1.35,0.42,-0.011,-0.055,-0.210,1478,1526,1450,1521,10.00,10.06,29.84,29.89
1787304218.029,30.922,True,1,2.930,3.016,-0.022,0.200,10.010,10.010,0.319,2.986,-0.000,2.984,0.003,0.144,0.101,-0.033,1.48,0.90,156.49,1.35,0.42,-0.011,-0.055,-0.210,1478,1526,1450,1521,10.00,10.06,39.84,39.89
1787304218.039,30.932,True,1,2.930,3.016,-0.022,0.201,10.011,10.010,0.320,2.986,-0.000,2.984,0.003,0.144,0.101,-0.033,1.48,0.90,156.49,1.34,0.42,-0.011,-0.056,-0.210,1478,1526,1450,1521,10.01,10.07,49.84,49.89
1787304218.049,30.942,True,1,2.930,3.016,-0.022,0.202,10.012,10.011,0.320,2.986,-0.000,2.984,0.003,0.144,0.101,-0.033,1.48,0.90,156.49,1.34,0.42,-0.011,-0.056,-0.210,1478,1526,1450,1521,10.00,10.07,59.84,59.89
1787304218.059,30.953,True,1,2.927,3.016,-0.027,0.229,10.038,10.038,0.320,2.990,-0.001,2.984,0.003,0.148,0.102,-0.046,1.04,0.30,157.20,1.22,0.33,0.020,-0.001,-0.242,1522,1520,1446,1522,9.99,10.06,-0.41,-0.46
1787304218.069,30.962,True,1,2.927,3.016,-0.027,0.230,10.039,10.039,0.320,2.990,-0.001,2.984,0.003,0.148,0.102,-0.046,1.04,0.30,157.20,1.22,0.33,0.020,-0.002,-0.242,1522,1520,1446,1522,10.00,10.06,9.60,9.55
1787304218.079,30.973,True,1,2.927,3.016,-0.030,0.242,10.051,10.051,0.321,2.990,-0.001,2.984,0.003,0.148,0.105,-0.037,0.84,0.14,157.48,1.31,0.33,0.050,0.016,-0.255,1525,1478,1444,1523,10.00,10.06,-0.18,-0.13
1787304218.089,30.982,True,1,2.927,3.016,-0.030,0.243,10.052,10.052,0.321,2.990,-0.001,2.985,0.003,0.148,0.105,-0.037,0.84,0.14,157.48,1.31,0.33,0.050,0.016,-0.254,1525,1478,1444,1523,10.00,10.06,9.82,9.87
1787304218.099,30.992,True,1,2.927,3.016,-0.030,0.244,10.053,10.053,0.321,2.990,-0.001,2.985,0.003,0.148,0.105,-0.037,0.84,0.14,157.48,1.31,0.32,0.050,0.015,-0.254,1525,1478,1444,1523,10.00,10.06,19.82,19.87
1787304218.109,31.002,True,1,2.927,3.016,-0.030,0.245,10.054,10.054,0.321,2.990,-0.001,2.985,0.002,0.148,0.105,-0.037,0.84,0.14,157.48,1.31,0.32,0.050,0.015,-0.254,1525,1478,1444,1523,10.00,10.06,29.82,29.87
1787304218.119,31.012,True,1,2.927,3.016,-0.030,0.245,10.055,10.054,0.321,2.990,-0.001,2.985,0.002,0.148,0.105,-0.037,0.84,0.14,157.48,1.31,0.32,0.050,0.015,-0.254,1525,1478,1444,1523,10.00,10.06,39.82,39.87
1787304218.129,31.022,True,1,2.927,3.016,-0.030,0.246,10.056,10.055,0.321,2.990,-0.001,2.985,0.002,0.148,0.105,-0.037,0.84,0.14,157.48,1.31,0.31,0.050,0.015,-0.254,1525,1478,1444,1523,10.00,10.06,49.82,49.87
1787304218.139,31.033,True,1,2.922,3.016,-0.030,0.266,10.076,10.074,0.322,2.994,-0.002,2.986,0.002,0.152,0.104,-0.024,0.43,-0.17,157.93,1.43,0.37,0.104,0.054,-0.274,1531,1474,1441,1524,10.00,10.06,-0.41,-0.46
1787304218.149,31.042,True,1,2.922,3.016,-0.030,0.267,10.077,10.075,0.322,2.994,-0.002,2.986,0.002,0.152,0.104,-0.024,0.43,-0.17,157.93,1.43,0.36,0.104,0.053,-0.274,1531,1474,1441,1524,10.00,10.07,9.60,9.55
1787304218.159,31.052,True,1,2.922,3.016,-0.030,0.268,10.078,10.076,0.322,2.994,-0.002,2.986,0.002,0.152,0.104,-0.024,0.43,-0.17,157.93,1.43,0.36,0.104,0.053,-0.274,1531,1474,1441,1524,9.99,10.06,19.59,19.54
1787304218.169,31.062,True,1,2.922,3.016,-0.030,0.269,10.079,10.077,0.322,2.994,-0.002,2.986,0.002,0.152,0.104,-0.024,0.43,-0.17,157.93,1.43,0.35,0.104,0.052,-0.274,1531,1474,1441,1524,10.00,10.06,29.59,29.54
1787304218.179,31.072,True,1,2.922,3.016,-0.030,0.270,10.080,10.078,0.322,2.994,-0.002,2.987,0.002,0.152,0.104,-0.024,0.43,-0.17,157.93,1.43,0.35,0.104,0.052,-0.274,1531,1474,1441,1524,10.00,10.06,39.59,39.54
1787304218.189,31.082,True,1,2.922,3.016,-0.030,0.271,10.081,10.079,0.322,2.994,-0.002,2.987,0.001,0.152,0.104,-0.024,0.43,-0.17,157.93,1.43,0.35,0.104,0.052,-0.274,1531,1474,1441,1524,10.01,10.07,49.60,49.55
1787304218.199,31.092,True,1,2.922,3.016,-0.030,0.272,10.082,10.080,0.322,2.994,-0.002,2.987,0.001,0.152,0.104,-0.024,0.43,-0.17,157.93,1.43,0.34,0.103,0.051,-0.274,1531,1474,1441,1524,10.00,10.07,59.60,59.55
1787304218.209,31.102,True,1,2.922,3.016,-0.030,0.273,10.082,10.081,0.322,2.994,-0.002,2.987,0.001,0.152,0.104,-0.024,0.43,-0.17,157.93,1.43,0.34,0.103,0.051,-0.274,1531,1474,1441,1524,9.99,10.06,69.59,69.54
1787304218.219,31.112,True,1,2.922,3.016,-0.030,0.273,10.083,10.082,0.322,2.994,-0.002,2.988,0.001,0.152,0.104,-0.024,0.43,-0.17,157.93,1.42,0.34,0.103,0.051,-0.274,1531,1474,1441,1524,10.00,10.06,79.59,79.54
1787304218.230,31.123,True,1,2.917,3.016,-0.045,0.339,10.149,10.148,0.324,2.999,-0.002,2.988,0.001,0.155,0.103,-0.031,0.43,-0.08,158.13,1.34,0.31,0.096,0.038,-0.283,1530,1475,1440,1526,10.00,10.06,-0.58,-0.63
1787304218.239,31.132,True,1,2.917,3.016,-0.045,0.340,10.150,10.149,0.324,2.999,-0.002,2.988,0.001,0.155,0.103,-0.031,0.43,-0.08,158.13,1.34,0.30,0.096,0.038,-0.283,1530,1475,1440,1526,10.00,10.06,9.42,9.37
1787304218.249,31.142,True,1,2.917,3.016,-0.045,0.341,10.151,10.149,0.324,2.999,-0.002,2.989,0.001,0.155,0.103,-0.031,0.43,-0.08,158.13,1.34,0.30,0.096,0.038,-0.283,1530,1475,1440,1526,10.00,10.07,19.43,19.38
1787304218.259,31.152,True,1,2.917,3.016,-0.045,0.342,10.152,10.150,0.324,2.999,-0.002,2.989,0.001,0.155,0.103,-0.031,0.43,-0.08,158.13,1.34,0.29,0.096,0.037,-0.283,1530,1475,1440,1526,9.99,10.06,29.42,29.37
1787304218.269,31.162,True,1,2.917,3.016,-0.045,0.343,10.153,10.151,0.324,2.999,-0.002,2.989,0.001,0.155,0.103,-0.031,0.43,-0.08,158.13,1.34,0.29,0.095,0.037,-0.283,1530,1475,1440,1526,10.00,10.06,39.42,39.37
1787304218.279,31.172,True,1,2.917,3.016,-0.045,0.344,10.154,10.152,0.324,2.999,-0.002,2.990,0.001,0.155,0.103,-0.031,0.43,-0.08,158.13,1.34,0.29,0.095,0.036,-0.283,1530,1475,1440,1526,10.01,10.07,49.43,49.38
1787304218.289,31.182,True,1,2.917,3.016,-0.045,0.345,10.155,10.153,0.324,2.999,-0.002,2.990,0.000,0.155,0.103,-0.031,0.43,-0.08,158.13,1.34,0.28,0.095,0.036,-0.283,1530,1475,1440,1526,10.00,10.07,59.43,59.38
1787304218.300,31.193,True,1,2.912,3.016,-0.034,0.333,10.144,10.142,0.324,3.004,-0.001,2.991,0.000,0.159,0.107,-0.004,0.60,0.07,157.79,1.61,0.35,0.107,0.027,-0.268,1531,1476,1442,1526,9.99,10.06,-0.55,-0.60
1787304218.309,31.202,True,1,2.912,3.016,-0.034,0.334,10.145,10.143,0.324,3.004,-0.001,2.991,0.000,0.159,0.107,-0.004,0.60,0.07,157.79,1.61,0.35,0.107,0.026,-0.268,1531,1477,1442,1526,10.00,10.06,9.45,9.41
1787304218.319,31.212,True,1,2.912,3.016,-0.034,0.335,10.146,10.144,0.324,3.004,-0.001,2.991,0.000,0.159,0.107,-0.004,0.60,0.07,157.79,1.61,0.34,0.107,0.026,-0.268,1531,1477,1442,1526,10.00,10.06,19.46,19.41
1787304218.329,31.222,True,1,2.912,3.016,-0.034,0.336,10.147,10.146,0.324,3.004,-0.001,2.992,0.000,0.159,0.107,-0.004,0.60,0.07,157.79,1.61,0.34,0.107,0.025,-0.268,1531,1477,1442,1526,10.00,10.06,29.45,29.41
1787304218.339,31.232,True,1,2.912,3.016,-0.034,0.337,10.148,10.147,0.324,3.004,-0.001,2.992,0.000,0.159,0.107,-0.004,0.60,0.07,157.79,1.61,0.33,0.107,0.025,-0.268,1531,1477,1442,1526,10.00,10.06,39.45,39.40
1787304218.349,31.242,True,1,2.912,3.016,-0.034,0.338,10.149,10.148,0.324,3.004,-0.001,2.993,0.000,0.159,0.107,-0.004,0.60,0.07,157.79,1.61,0.33,0.107,0.025,-0.268,1531,1477,1442,1526,10.01,10.07,49.46,49.41
1787304218.359,31.252,True,1,2.912,3.016,-0.034,0.339,10.150,10.149,0.324,3.004,-0.001,2.993,0.000,0.159,0.107,-0.004,0.60,0.07,157.79,1.61,0.33,0.107,0.024,-0.268,1531,1477,1442,1526,10.00,10.07,59.46,59.41
1787304218.369,31.262,True,1,2.912,3.016,-0.034,0.341,10.151,10.150,0.324,3.004,-0.001,2.993,0.000,0.159,0.107,-0.004,0.60,0.07,157.79,1.61,0.32,0.107,0.024,-0.268,1531,1477,1442,1526,10.00,10.06,69.45,69.40
1787304218.379,31.272,True,1,2.912,3.016,-0.034,0.342,10.152,10.151,0.324,3.004,-0.001,2.994,0.000,0.159,0.107,-0.004,0.60,0.07,157.79,1.61,0.32,0.107,0.023,-0.268,1531,1477,1442,1526,10.00,10.06,79.45,79.41
1787304218.390,31.283,True,1,2.906,3.016,-0.047,0.406,10.216,10.216,0.326,3.009,-0.001,2.994,-0.000,0.162,0.099,-0.010,1.18,0.15,156.99,1.51,0.38,0.035,0.020,-0.233,1523,1477,1447,1529,10.00,10.06,-0.59,-0.64
1787304218.399,31.292,True,1,2.906,3.016,-0.047,0.407,10.217,10.217,0.326,3.009,-0.001,2.995,-0.000,0.162,0.099,-0.010,1.18,0.15,156.99,1.51,0.38,0.035,0.019,-0.233,1523,1477,1447,1529,10.00,10.07,9.41,9.36
1787304218.409,31.302,True,1,2.906,3.016,-0.047,0.408,10.218,10.218,0.326,3.009,-0.001,2.995,-0.000,0.162,0.099,-0.010,1.18,0.15,156.99,1.51,0.37,0.035,0.019,-0.233,1523,1477,1447,1529,10.00,10.07,19.41,19.36
1787304218.419,31.312,True,1,2.906,3.016,-0.047,0.409,10.220,10.219,0.326,3.009,-0.001,2.996,-0.000,0.162,0.099,-0.010,1.18,0.15,156.99,1.51,0.37,0.035,0.018,-0.233,1523,1477,1447,1529,10.00,10.07,29.41,29.36
1787304218.429,31.322,True,1,2.906,3.016,-0.047,0.410,10.221,10.220,0.326,3.009,-0.001,2.996,-0.000,0.162,0.099,-0.010,1.18,0.15,156.99,1.51,0.36,0.035,0.018,-0.233,1523,1477,1447,1529,10.00,10.07,39.41,39.36
1787304218.439,31.332,True,1,2.906,3.016,-0.047,0.411,10.222,10.222,0.326,3.009,-0.001,2.997,-0.000,0.162,0.099,-0.010,1.18,0.15,156.99,1.51,0.36,0.035,0.018,-0.233,1523,1478,1447,1529,10.00,10.07,49.41,49.36
1787304218.449,31.342,True,1,2.906,3.016,-0.047,0.412,10.223,10.223,0.326,3.009,-0.001,2.997,-0.000,0.162,0.099,-0.010,1.18,0.15,156.99,1.51,0.35,0.035,0.017,-0.233,1523,1478,1447,1529,9.99,10.06,59.40,59.35
1787304218.459,31.353,True,1,2.901,3.016,-0.050,0.445,10.256,10.255,0.327,3.013,-0.000,2.998,-0.000,0.165,0.101,-0.011,1.89,0.29,155.98,1.50,0.36,-0.040,0.001,-0.189,1475,1479,1453,1530,10.00,10.06,-0.49,-0.44
1787304218.469,31.363,True,1,2.898,3.016,-0.049,0.452,10.263,10.262,0.328,3.015,0.000,2.998,-0.000,0.166,0.102,-0.012,2.05,0.32,155.82,1.50,0.34,-0.057,-0.005,-0.182,1473,1520,1454,1530,10.01,10.07,-0.13,-0.18
1787304218.479,31.372,True,1,2.898,3.016,-0.049,0.454,10.264,10.264,0.328,3.015,0.000,2.999,-0.000,0.166,0.102,-0.012,2.05,0.32,155.82,1.50,0.33,-0.057,-0.005,-0.182,1473,1520,1454,1530,10.00,10.07,9.86,9.81
1787304218.489,31.382,True,1,2.898,3.016,-0.049,0.455,10.265,10.265,0.328,3.015,0.000,2.999,-0.000,0.166,0.102,-0.012,2.05,0.32,155.82,1.50,0.33,-0.057,-0.006,-0.182,1473,1520,1454,1530,10.00,10.07,19.87,19.82
1787304218.499,31.392,True,1,2.898,3.016,-0.049,0.456,10.266,10.266,0.328,3.015,0.000,3.000,-0.000,0.166,0.102,-0.012,2.05,0.32,155.82,1.50,0.32,-0.057,-0.006,-0.182,1473,1520,1454,1530,10.00,10.06,29.86,29.81
1787304218.509,31.402,True,1,2.898,3.016,-0.049,0.457,10.268,10.267,0.328,3.015,0.000,3.000,-0.000,0.166,0.102,-0.012,2.05,0.32,155.82,1.50,0.32,-0.057,-0.007,-0.182,1473,1520,1454,1530,10.00,10.06,39.86,39.81
1787304218.519,31.412,True,1,2.898,3.016,-0.049,0.458,10.269,10.268,0.328,3.015,0.000,3.001,-0.000,0.166,0.102,-0.012,2.05,0.32,155.82,1.50,0.31,-0.057,-0.007,-0.182,1473,1520,1454,1530,10.01,10.08,49.87,49.82
1787304218.529,31.422,True,1,2.898,3.016,-0.049,0.460,10.270,10.269,0.328,3.015,0.000,3.001,-0.000,0.166,0.102,-0.012,2.05,0.32,155.82,1.50,0.31,-0.057,-0.008,-0.182,1473,1520,1454,1531,9.98,10.06,59.86,59.81
1787304218.540,31.433,True,1,2.892,3.016,-0.059,0.514,10.324,10.321,0.329,3.018,0.000,3.002,-0.000,0.169,0.104,-0.022,2.89,0.49,154.63,1.41,0.28,-0.154,-0.029,-0.128,1462,1523,1462,1532,10.00,10.06,-0.51,-0.46
1787304218.549,31.442,True,1,2.892,3.016,-0.059,0.515,10.325,10.322,0.329,3.018,0.000,3.002,-0.000,0.169,0.104,-0.022,2.89,0.49,154.63,1.41,0.27,-0.154,-0.030,-0.128,1462,1523,1462,1532,10.00,10.07,9.49,9.54
1787304218.559,31.452,True,1,2.889,3.016,-0.071,0.565,10.374,10.369,0.331,3.020,-0.000,3.003,-0.000,0.171,0.094,-0.042,2.95,0.48,154.45,1.18,0.27,-0.184,-0.028,-0.121,1459,1523,1463,1534,10.00,10.06,-0.12,-0.17
1787304218.569,31.462,True,1,2.889,3.016,-0.071,0.566,10.375,10.370,0.331,3.020,-0.000,3.004,-0.000,0.171,0.094,-0.042,2.95,0.48,154.45,1.18,0.26,-0.184,-0.029,-0.121,1459,1523,1463,1534,10.01,10.07,9.89,9.83
1787304218.579,31.472,True,1,2.889,3.016,-0.071,0.567,10.376,10.371,0.331,3.020,-0.000,3.004,-0.000,0.171,0.094,-0.042,2.95,0.48,154.45,1.18,0.26,-0.184,-0.029,-0.121,1459,1523,1463,1534,9.99,10.06,19.88,19.82
1787304218.589,31.482,True,1,2.889,3.016,-0.071,0.569,10.378,10.373,0.331,3.020,-0.000,3.005,-0.000,0.171,0.094,-0.042,2.95,0.48,154.45,1.18,0.25,-0.184,-0.030,-0.121,1459,1523,1463,1534,10.00,10.06,29.87,29.82
1787304218.599,31.492,True,1,2.889,3.016,-0.071,0.570,10.379,10.374,0.331,3.020,-0.000,3.005,-0.000,0.171,0.094,-0.042,2.95,0.48,154.45,1.19,0.25,-0.184,-0.030,-0.121,1459,1523,1463,1534,10.00,10.06,39.88,39.83
1787304218.609,31.502,True,1,2.889,3.016,-0.071,0.571,10.380,10.375,0.331,3.020,-0.000,3.006,-0.000,0.171,0.094,-0.042,2.95,0.48,154.45,1.19,0.24,-0.183,-0.031,-0.121,1459,1523,1463,1534,10.01,10.07,49.89,49.84
1787304218.619,31.513,True,1,2.883,3.016,-0.089,0.650,10.458,10.450,0.334,3.023,-0.001,3.006,-0.000,0.174,0.091,-0.067,3.13,0.70,153.40,0.94,0.18,-0.228,-0.058,-0.073,1454,1526,1469,1537,9.99,10.07,-0.37,-0.42
1787304218.629,31.522,True,1,2.883,3.016,-0.089,0.651,10.459,10.451,0.334,3.023,-0.001,3.007,-0.000,0.174,0.091,-0.067,3.13,0.70,153.40,0.94,0.18,-0.228,-0.059,-0.073,1454,1526,1469,1537,9.99,10.06,9.62,9.57
1787304218.639,31.532,True,1,2.882,3.016,-0.065,0.587,10.395,10.389,0.332,3.024,-0.002,3.007,-0.000,0.175,0.096,-0.043,3.17,0.83,152.88,1.18,0.24,-0.208,-0.065,-0.050,1457,1527,1473,1535,10.00,10.06,-0.17,-0.12
1787304218.649,31.542,True,1,2.882,3.016,-0.065,0.588,10.397,10.390,0.332,3.024,-0.002,3.008,-0.000,0.175,0.096,-0.043,3.17,0.83,152.88,1.18,0.23,-0.208,-0.066,-0.050,1457,1527,1473,1535,10.01,10.07,9.84,9.89
1787304218.659,31.552,True,1,2.879,3.016,-0.074,0.628,10.436,10.427,0.333,3.026,-0.003,3.009,-0.000,0.177,0.094,-0.072,3.19,0.89,152.57,0.91,0.12,-0.238,-0.083,-0.036,1453,1529,1475,1536,9.99,10.06,-0.12,-0.17
1787304218.669,31.562,True,1,2.879,3.016,-0.074,0.630,10.438,10.429,0.333,3.026,-0.003,3.009,-0.000,0.177,0.094,-0.072,3.19,0.89,152.57,0.91,0.11,-0.237,-0.084,-0.036,1453,1529,1475,1536,10.00,10.06,9.88,9.83
1787304218.679,31.572,True,1,2.879,3.016,-0.074,0.631,10.439,10.430,0.333,3.026,-0.003,3.010,-0.000,0.177,0.094,-0.072,3.19,0.89,152.57,0.91,0.11,-0.237,-0.084,-0.036,1453,1529,1475,1536,10.00,10.06,19.89,19.84
1787304218.689,31.582,True,1,2.879,3.016,-0.074,0.633,10.441,10.431,0.333,3.026,-0.003,3.010,-0.001,0.177,0.094,-0.072,3.19,0.89,152.57,0.91,0.10,-0.237,-0.085,-0.036,1453,1529,1475,1536,10.01,10.07,29.89,29.84
1787304218.699,31.592,True,1,2.879,3.016,-0.074,0.634,10.442,10.433,0.333,3.026,-0.003,3.011,-0.001,0.177,0.094,-0.072,3.19,0.89,152.57,0.91,0.10,-0.237,-0.085,-0.036,1453,1529,1475,1536,9.99,10.06,39.88,39.83
1787304218.709,31.602,True,1,2.879,3.016,-0.074,0.635,10.443,10.434,0.333,3.026,-0.003,3.011,-0.001,0.177,0.094,-0.072,3.19,0.89,152.57,0.91,0.09,-0.237,-0.086,-0.035,1453,1529,1475,1536,10.00,10.06,49.88,49.84
1787304218.719,31.613,True,1,2.873,3.016,-0.071,0.652,10.460,10.453,0.334,3.029,-0.006,3.012,-0.001,0.181,0.096,-0.081,2.73,0.87,151.41,0.85,0.05,-0.197,-0.085,0.015,1458,1529,1522,1537,10.00,10.06,-0.46,-0.41
1787304218.729,31.622,True,1,2.873,3.016,-0.071,0.654,10.462,10.455,0.334,3.029,-0.006,3.013,-0.001,0.181,0.096,-0.081,2.73,0.87,151.41,0.85,0.04,-0.197,-0.086,0.015,1458,1529,1522,1537,10.00,10.07,9.54,9.59
1787304218.739,31.632,True,1,2.873,3.016,-0.071,0.655,10.463,10.456,0.334,3.029,-0.006,3.013,-0.001,0.181,0.096,-0.081,2.73,0.87,151.41,0.85,0.04,-0.197,-0.086,0.015,1458,1529,1522,1537,9.99,10.06,19.54,19.58
1787304218.749,31.642,True,1,2.869,3.016,-0.079,0.693,10.501,10.494,0.335,3.032,-0.009,3.014,-0.001,0.185,0.094,-0.099,2.46,0.90,150.99,0.68,-0.03,-0.187,-0.097,0.033,1459,1530,1524,1538,10.00,10.06,-0.12,-0.17
1787304218.759,31.652,True,1,2.869,3.016,-0.079,0.695,10.502,10.496,0.335,3.032,-0.009,3.014,-0.002,0.185,0.094,-0.099,2.46,0.90,150.99,0.68,-0.04,-0.187,-0.098,0.033,1459,1530,1524,1538,10.00,10.06,9.88,9.83
1787304218.769,31.662,True,1,2.869,3.016,-0.079,0.696,10.504,10.497,0.335,3.032,-0.009,3.015,-0.002,0.185,0.094,-0.099,2.46,0.90,150.99,0.68,-0.05,-0.187,-0.098,0.033,1459,1530,1524,1538,10.00,10.06,19.88,19.83
1787304218.779,31.672,True,1,2.869,3.016,-0.079,0.698,10.505,10.499,0.335,3.032,-0.009,3.015,-0.002,0.185,0.094,-0.099,2.46,0.90,150.99,0.68,-0.05,-0.187,-0.099,0.033,1459,1530,1524,1539,10.00,10.06,29.88,29.83
1787304218.789,31.683,True,1,2.865,3.016,-0.077,0.713,10.520,10.516,0.336,3.034,-0.012,3.016,-0.003,0.189,0.092,-0.114,1.88,0.85,150.37,0.54,-0.10,-0.142,-0.098,0.059,1464,1530,1528,1539,10.00,10.06,-0.25,-0.30
1787304218.799,31.692,True,1,2.864,3.016,-0.067,0.688,10.495,10.493,0.335,3.035,-0.013,3.017,-0.003,0.190,0.097,-0.097,1.58,0.75,149.93,0.71,-0.07,-0.092,-0.083,0.077,1469,1529,1530,1538,10.00,10.06,-0.05,-0.10
1787304218.809,31.702,True,1,2.864,3.016,-0.067,0.689,10.497,10.494,0.335,3.035,-0.013,3.017,-0.003,0.190,0.097,-0.097,1.58,0.75,149.93,0.71,-0.08,-0.092,-0.084,0.077,1469,1529,1530,1538,10.00,10.06,9.95,9.90
1787304218.819,31.712,True,1,2.864,3.016,-0.067,0.691,10.498,10.496,0.335,3.035,-0.013,3.018,-0.003,0.190,0.097,-0.097,1.58,0.75,149.93,0.71,-0.08,-0.092,-0.084,0.077,1469,1529,1530,1538,10.00,10.06,19.95,19.89
1787304218.829,31.722,True,1,2.864,3.016,-0.067,0.692,10.500,10.497,0.335,3.035,-0.013,3.018,-0.004,0.190,0.097,-0.097,1.58,0.75,149.93,0.71,-0.09,-0.092,-0.085,0.077,1469,1529,1530,1538,10.00,10.06,29.95,29.90
1787304218.839,31.732,True,1,2.864,3.016,-0.067,0.694,10.501,10.499,0.335,3.035,-0.013,3.019,-0.004,0.190,0.097,-0.097,1.58,0.75,149.93,0.71,-0.09,-0.092,-0.086,0.077,1469,1529,1530,1539,10.00,10.06,39.95,39.90
1787304218.849,31.742,True,1,2.864,3.016,-0.067,0.695,10.503,10.500,0.335,3.035,-0.013,3.020,-0.004,0.190,0.097,-0.097,1.58,0.75,149.93,0.71,-0.10,-0.092,-0.086,0.078,1469,1529,1530,1539,10.00,10.06,49.95,49.89
1787304218.859,31.752,True,1,2.864,3.016,-0.067,0.697,10.504,10.502,0.335,3.035,-0.013,3.020,-0.005,0.190,0.097,-0.097,1.58,0.75,149.93,0.71,-0.11,-0.092,-0.087,0.078,1469,1529,1530,1539,10.00,10.06,59.95,59.90
1787304218.869,31.763,True,1,2.857,3.016,-0.072,0.740,10.547,10.546,0.337,3.041,-0.020,3.021,-0.005,0.199,0.099,-0.121,0.68,0.46,148.91,0.52,-0.24,-0.018,-0.071,0.121,1477,1527,1536,1540,10.00,10.06,-0.46,-0.51
1787304218.879,31.772,True,1,2.857,3.016,-0.072,0.742,10.549,10.548,0.337,3.041,-0.020,3.021,-0.006,0.199,0.099,-0.121,0.68,0.46,148.91,0.52,-0.25,-0.018,-0.072,0.121,1477,1528,1536,1540,10.00,10.06,9.54,9.49
1787304218.889,31.782,True,1,2.857,3.016,-0.072,0.743,10.550,10.550,0.337,3.041,-0.020,3.022,-0.006,0.199,0.099,-0.121,0.68,0.46,148.91,0.51,-0.25,-0.018,-0.073,0.121,1477,1528,1536,1540,10.00,10.06,19.54,19.49
1787304218.899,31.792,True,1,2.857,3.016,-0.072,0.745,10.552,10.551,0.337,3.041,-0.020,3.023,-0.007,0.199,0.099,-0.121,0.68,0.46,148.91,0.51,-0.26,-0.018,-0.074,0.121,1477,1528,1536,1540,10.00,10.06,29.54,29.49
1787304218.909,31.802,True,1,2.857,3.016,-0.072,0.746,10.554,10.553,0.337,3.041,-0.020,3.023,-0.007,0.199,0.099,-0.121,0.68,0.46,148.91,0.51,-0.27,-0.018,-0.074,0.121,1477,1528,1536,1540,10.00,10.06,39.54,39.49
1787304218.919,31.812,True,1,2.857,3.016,-0.072,0.748,10.555,10.554,0.337,3.041,-0.020,3.024,-0.007,0.199,0.099,-0.121,0.68,0.46,148.91,0.51,-0.27,-0.018,-0.075,0.121,1477,1528,1536,1540,10.00,10.06,49.54,49.49
1787304218.929,31.822,True,1,2.857,3.016,-0.072,0.750,10.557,10.556,0.337,3.041,-0.020,3.024,-0.008,0.199,0.099,-0.121,0.68,0.46,148.91,0.51,-0.28,-0.018,-0.076,0.121,1477,1528,1536,1541,10.00,10.06,59.54,59.49
1787304218.939,31.833,True,1,2.853,3.016,-0.056,0.721,10.529,10.528,0.336,3.045,-0.025,3.025,-0.008,0.206,0.110,-0.105,-0.03,0.20,147.80,0.71,-0.28,0.076,-0.050,0.168,1528,1525,1543,1540,10.00,10.06,-0.46,-0.41
1787304218.949,31.842,True,1,2.853,3.016,-0.056,0.723,10.531,10.529,0.336,3.045,-0.025,3.026,-0.009,0.206,0.110,-0.105,-0.03,0.20,147.80,0.71,-0.29,0.076,-0.051,0.168,1528,1525,1543,1540,10.00,10.06,9.54,9.59
1787304218.959,31.852,True,1,2.850,3.016,-0.046,0.705,10.512,10.511,0.335,3.047,-0.027,3.027,-0.010,0.209,0.114,-0.105,-0.17,0.09,147.67,0.73,-0.32,0.094,-0.044,0.174,1530,1524,1544,1539,10.00,10.06,-0.11,-0.16
1787304218.969,31.862,True,1,2.850,3.016,-0.046,0.706,10.514,10.512,0.336,3.047,-0.027,3.027,-0.010,0.209,0.114,-0.105,-0.17,0.09,147.67,0.73,-0.33,0.094,-0.045,0.174,1530,1524,1544,1539,10.00,10.06,9.90,9.85
1787304218.979,31.872,True,1,2.850,3.016,-0.046,0.708,10.516,10.514,0.336,3.047,-0.027,3.028,-0.011,0.209,0.114,-0.105,-0.17,0.09,147.67,0.73,-0.34,0.094,-0.045,0.174,1530,1525,1544,1539,10.00,10.06,19.89,19.84
1787304218.989,31.883,True,1,2.846,3.016,-0.065,0.781,10.589,10.587,0.338,3.050,-0.031,3.029,-0.011,0.213,0.115,-0.120,-0.27,-0.11,147.36,0.61,-0.44,0.092,-0.036,0.187,1530,1523,1545,1542,10.00,10.06,-0.17,-0.21
1787304218.999,31.892,True,1,2.846,3.016,-0.065,0.783,10.591,10.589,0.338,3.050,-0.031,3.029,-0.012,0.213,0.115,-0.120,-0.27,-0.11,147.36,0.60,-0.45,0.092,-0.036,0.187,1530,1524,1545,1542,10.00,10.06,9.84,9.79
1787304219.009,31.902,True,1,2.846,3.016,-0.065,0.785,10.592,10.591,0.338,3.050,-0.031,3.030,-0.013,0.213,0.115,-0.120,-0.27,-0.11,147.36,0.60,-0.45,0.092,-0.037,0.187,1530,1524,1545,1542,10.00,10.06,19.83,19.79
1787304219.019,31.912,True,1,2.846,3.016,-0.065,0.786,10.594,10.593,0.338,3.050,-0.031,3.031,-0.013,0.213,0.115,-0.120,-0.27,-0.11,147.36,0.60,-0.46,0.091,-0.038,0.187,1530,1524,1545,1542,10.00,10.06,29.83,29.78
1787304219.029,31.922,True,1,2.846,3.016,-0.065,0.788,10.596,10.594,0.338,3.050,-0.031,3.031,-0.014,0.213,0.115,-0.120,-0.27,-0.11,147.36,0.60,-0.47,0.091,-0.039,0.187,1530,1524,1545,1542,10.00,10.06,39.84,39.79
1787304219.039,31.933,True,1,2.842,3.016,-0.046,0.748,10.556,10.555,0.337,3.053,-0.035,3.032,-0.015,0.218,0.114,-0.113,-0.23,-0.55,146.82,0.66,-0.42,0.095,0.012,0.211,1530,1478,1549,1540,10.00,10.06,-0.36,-0.31
1787304219.049,31.942,True,1,2.842,3.016,-0.046,0.750,10.558,10.556,0.337,3.053,-0.035,3.033,-0.015,0.218,0.114,-0.113,-0.23,-0.55,146.82,0.66,-0.43,0.095,0.011,0.211,1530,1478,1549,1541,10.00,10.06,9.64,9.69
1787304219.059,31.952,True,1,2.842,3.016,-0.046,0.752,10.559,10.558,0.337,3.053,-0.035,3.033,-0.016,0.218,0.114,-0.113,-0.23,-0.55,146.82,0.66,-0.44,0.095,0.011,0.211,1530,1478,1549,1541,10.00,10.06,19.64,19.69
1787304219.069,31.962,True,1,2.842,3.016,-0.046,0.754,10.561,10.560,0.337,3.053,-0.035,3.034,-0.017,0.218,0.114,-0.113,-0.23,-0.55,146.82,0.65,-0.45,0.095,0.010,0.211,1530,1478,1549,1541,10.00,10.06,29.64,29.69
1787304219.079,31.972,True,1,2.842,3.016,-0.046,0.755,10.563,10.562,0.337,3.053,-0.035,3.035,-0.017,0.218,0.114,-0.113,-0.23,-0.55,146.82,0.65,-0.46,0.095,0.009,0.211,1530,1478,1549,1541,10.00,10.06,39.64,39.69
1787304219.089,31.982,True,1,2.842,3.016,-0.046,0.757,10.565,10.563,0.337,3.053,-0.035,3.035,-0.018,0.218,0.114,-0.113,-0.23,-0.55,146.82,0.65,-0.46,0.094,0.008,0.211,1530,1479,1549,1541,10.00,10.06,49.64,49.69
1787304219.099,31.992,True,1,2.842,3.016,-0.046,0.759,10.566,10.565,0.337,3.053,-0.035,3.036,-0.018,0.218,0.114,-0.113,-0.23,-0.55,146.82,0.65,-0.47,0.094,0.007,0.211,1530,1479,1549,1541,10.00,10.06,59.64,59.69
1787304219.109,32.002,True,1,2.842,3.016,-0.046,0.761,10.568,10.567,0.337,3.053,-0.035,3.037,-0.019,0.218,0.114,-0.113,-0.23,-0.55,146.82,0.65,-0.48,0.094,0.007,0.211,1530,1479,1549,1541,10.00,10.06,69.64,69.69
1787304219.120,32.013,True,1,2.835,3.016,-0.009,0.680,10.488,10.486,0.335,3.060,-0.043,3.037,-0.020,0.229,0.120,-0.070,0.06,-1.16,146.39,1.04,-0.31,0.107,0.090,0.230,1531,1470,1551,1538,10.00,10.06,-0.60,-0.56
1787304219.129,32.022,True,1,2.835,3.016,-0.009,0.682,10.490,10.488,0.335,3.060,-0.043,3.038,-0.021,0.229,0.120,-0.070,0.06,-1.16,146.39,1.03,-0.32,0.106,0.089,0.230,1531,1470,1551,1538,10.00,10.06,9.39,9.44
1787304219.139,32.032,True,1,2.835,3.016,-0.009,0.683,10.492,10.489,0.335,3.060,-0.043,3.039,-0.021,0.229,0.120,-0.070,0.06,-1.16,146.39,1.03,-0.32,0.106,0.088,0.230,1531,1470,1551,1538,10.00,10.06,19.40,19.44
1787304219.149,32.042,True,1,2.835,3.016,-0.009,0.685,10.494,10.491,0.335,3.060,-0.043,3.040,-0.022,0.229,0.120,-0.070,0.06,-1.16,146.39,1.03,-0.33,0.106,0.087,0.230,1531,1470,1551,1538,10.00,10.06,29.39,29.44
1787304219.159,32.052,True,1,2.835,3.016,-0.009,0.687,10.496,10.493,0.335,3.060,-0.043,3.040,-0.023,0.229,0.120,-0.070,0.06,-1.16,146.39,1.03,-0.34,0.106,0.086,0.230,1531,1470,1551,1538,10.00,10.06,39.40,39.44
1787304219.169,32.062,True,1,2.835,3.016,-0.009,0.689,10.497,10.495,0.335,3.060,-0.043,3.041,-0.023,0.229,0.120,-0.070,0.06,-1.16,146.39,1.03,-0.35,0.106,0.085,0.230,1531,1470,1551,1538,10.00,10.06,49.40,49.44
1787304219.179,32.072,True,1,2.835,3.016,-0.009,0.691,10.499,10.497,0.335,3.060,-0.043,3.042,-0.024,0.229,0.120,-0.070,0.06,-1.16,146.39,1.03,-0.36,0.105,0.084,0.230,1531,1470,1551,1538,10.00,10.06,59.40,59.44
1787304219.189,32.083,True,1,2.830,3.016,0.006,0.672,10.480,10.478,0.334,3.067,-0.050,3.042,-0.025,0.238,0.115,-0.074,0.63,-1.33,146.30,0.97,-0.35,0.041,0.106,0.233,1524,1468,1552,1538,10.00,10.06,-0.42,-0.47
1787304219.199,32.092,True,1,2.829,3.016,0.010,0.664,10.472,10.471,0.334,3.068,-0.051,3.043,-0.026,0.239,0.115,-0.067,0.83,-1.28,146.32,1.02,-0.31,0.026,0.105,0.231,1522,1468,1552,1538,10.00,10.06,-0.05,-0.11
1787304219.209,32.102,True,1,2.829,3.016,0.010,0.666,10.474,10.473,0.334,3.068,-0.051,3.044,-0.027,0.239,0.115,-0.067,0.87,-1.29,146.34,1.02,-0.32,0.021,0.106,0.230,1522,1468,1551,1538,10.00,10.06,-0.06,9.89
1787304219.219,32.112,True,1,2.829,3.016,0.010,0.668,10.476,10.475,0.334,3.068,-0.051,3.045,-0.027,0.239,0.115,-0.067,0.87,-1.29,146.34,1.02,-0.33,0.021,0.105,0.230,1522,1468,1551,1538,10.00,10.06,9.94,19.89
1787304219.229,32.122,True,1,2.829,3.016,0.010,0.670,10.478,10.477,0.334,3.068,-0.051,3.046,-0.028,0.239,0.115,-0.067,0.87,-1.29,146.34,1.02,-0.34,0.021,0.104,0.230,1522,1468,1551,1538,10.00,10.06,19.94,29.89
1787304219.239,32.132,True,1,2.829,3.016,0.010,0.671,10.480,10.478,0.334,3.068,-0.051,3.046,-0.029,0.239,0.115,-0.067,0.87,-1.29,146.34,1.02,-0.35,0.021,0.103,0.230,1522,1468,1551,1538,10.00,10.06,29.94,39.89
1787304219.249,32.142,True,1,2.829,3.016,0.010,0.673,10.482,10.480,0.335,3.068,-0.051,3.047,-0.030,0.239,0.115,-0.067,0.87,-1.29,146.34,1.01,-0.36,0.020,0.102,0.230,1522,1468,1551,1538,10.00,10.06,39.94,49.89
1787304219.259,32.152,True,1,2.829,3.016,0.010,0.675,10.484,10.482,0.335,3.068,-0.051,3.048,-0.030,0.239,0.115,-0.067,0.87,-1.29,146.34,1.01,-0.37,0.020,0.101,0.230,1522,1468,1551,1538,10.00,10.06,49.94,59.89
1787304219.269,32.162,True,1,2.829,3.016,0.010,0.677,10.486,10.484,0.335,3.068,-0.051,3.048,-0.031,0.239,0.115,-0.067,0.87,-1.29,146.34,1.01,-0.37,0.020,0.100,0.230,1522,1468,1551,1538,10.00,10.06,59.94,69.89
1787304219.279,32.173,True,1,2.825,3.016,0.032,0.629,10.438,10.437,0.333,3.073,-0.056,3.049,-0.032,0.247,0.107,-0.062,1.14,-1.14,146.64,1.01,-0.31,-0.009,0.092,0.217,1478,1469,1550,1536,10.00,10.06,-0.40,-0.52
1787304219.289,32.182,True,1,2.825,3.016,0.032,0.631,10.440,10.439,0.333,3.073,-0.056,3.050,-0.033,0.247,0.107,-0.062,1.14,-1.14,146.64,1.01,-0.31,-0.009,0.091,0.217,1478,1469,1550,1536,10.00,10.06,9.60,9.48
1787304219.299,32.192,True,1,2.825,3.016,0.032,0.633,10.442,10.441,0.333,3.073,-0.056,3.051,-0.033,0.247,0.107,-0.062,1.14,-1.14,146.64,1.01,-0.32,-0.010,0.090,0.217,1478,1470,1550,1537,10.00,10.06,19.60,19.48
1787304219.309,32.202,True,1,2.825,3.016,0.032,0.635,10.444,10.443,0.333,3.073,-0.056,3.052,-0.034,0.247,0.107,-0.062,1.14,-1.14,146.64,1.01,-0.33,-0.010,0.089,0.217,1478,1470,1550,1537,10.00,10.06,29.60,29.48
1787304219.319,32.212,True,1,2.825,3.016,0.032,0.637,10.445,10.444,0.333,3.073,-0.056,3.052,-0.035,0.247,0.107,-0.062,1.14,-1.14,146.64,1.01,-0.34,-0.010,0.088,0.217,1478,1470,1550,1537,10.00,10.06,39.60,39.48
1787304219.329,32.222,True,1,2.825,3.016,0.032,0.639,10.447,10.446,0.333,3.073,-0.056,3.053,-0.036,0.247,0.107,-0.062,1.14,-1.14,146.64,1.00,-0.35,-0.010,0.087,0.217,1478,1470,1550,1537,10.00,10.06,49.60,49.48
1787304219.339,32.232,True,1,2.825,3.016,0.032,0.641,10.449,10.448,0.333,3.073,-0.056,3.054,-0.036,0.247,0.107,-0.062,1.14,-1.14,146.64,1.00,-0.36,-0.010,0.086,0.217,1478,1470,1550,1537,10.00,10.06,59.60,59.48
1787304219.350,32.243,True,1,2.823,3.016,0.029,0.658,10.466,10.465,0.334,3.077,-0.061,3.054,-0.037,0.253,0.098,-0.083,1.46,-0.63,147.63,0.77,-0.42,-0.071,0.027,0.175,1472,1477,1544,1537,10.00,10.06,-0.55,-0.51
1787304219.359,32.252,True,1,2.823,3.016,0.029,0.660,10.468,10.467,0.334,3.077,-0.061,3.055,-0.038,0.253,0.098,-0.083,1.46,-0.63,147.63,0.76,-0.42,-0.071,0.026,0.175,1472,1477,1544,1537,10.00,10.06,9.45,9.50
1787304219.369,32.262,True,1,2.823,3.016,0.029,0.662,10.469,10.469,0.334,3.077,-0.061,3.056,-0.039,0.253,0.098,-0.083,1.46,-0.63,147.63,0.76,-0.43,-0.071,0.025,0.175,1472,1477,1544,1537,9.99,10.06,19.45,19.49
1787304219.379,32.272,True,1,2.823,3.016,0.029,0.663,10.471,10.471,0.334,3.077,-0.061,3.057,-0.040,0.253,0.098,-0.083,1.46,-0.63,147.63,0.76,-0.44,-0.072,0.024,0.175,1472,1477,1544,1538,10.00,10.06,29.45,29.49
1787304219.389,32.283,True,1,2.822,3.016,0.045,0.621,10.429,10.428,0.333,3.078,-0.063,3.057,-0.040,0.255,0.090,-0.084,1.51,-0.40,148.06,0.70,-0.40,-0.084,0.004,0.157,1470,1479,1541,1536,10.00,10.06,-0.22,-0.17
1787304219.399,32.292,True,1,2.822,3.016,0.045,0.623,10.431,10.430,0.333,3.078,-0.063,3.058,-0.041,0.255,0.090,-0.084,1.51,-0.40,148.06,0.70,-0.41,-0.084,0.004,0.157,1470,1479,1541,1536,10.00,10.06,9.78,9.83
1787304219.409,32.302,True,1,2.822,3.016,0.045,0.625,10.433,10.432,0.333,3.078,-0.063,3.059,-0.042,0.255,0.090,-0.084,1.51,-0.40,148.06,0.70,-0.42,-0.084,0.003,0.157,1470,1479,1541,1536,10.00,10.06,19.78,19.83
1787304219.419,32.312,True,1,2.822,3.016,0.045,0.627,10.435,10.434,0.333,3.078,-0.063,3.059,-0.043,0.255,0.090,-0.084,1.51,-0.40,148.06,0.70,-0.43,-0.084,0.002,0.157,1470,1479,1541,1536,10.00,10.06,29.78,29.83
1787304219.429,32.323,True,1,2.822,3.016,0.068,0.562,10.370,10.369,0.331,3.081,-0.067,3.060,-0.043,0.260,0.087,-0.084,1.38,-0.12,148.82,0.68,-0.42,-0.073,-0.029,0.124,1471,1523,1537,1534,10.00,10.06,-0.31,-0.35
1787304219.439,32.332,True,1,2.822,3.016,0.068,0.564,10.371,10.371,0.331,3.081,-0.067,3.061,-0.044,0.260,0.087,-0.084,1.38,-0.12,148.82,0.68,-0.43,-0.073,-0.030,0.124,1471,1523,1537,1534,10.00,10.06,9.70,9.65
1787304219.449,32.342,True,1,2.822,3.016,0.068,0.566,10.373,10.372,0.331,3.081,-0.067,3.061,-0.045,0.260,0.087,-0.084,1.38,-0.12,148.82,0.68,-0.44,-0.073,-0.031,0.124,1471,1523,1537,1534,9.99,10.06,19.69,19.65
1787304219.459,32.352,True,1,2.822,3.016,0.068,0.568,10.375,10.374,0.331,3.081,-0.067,3.062,-0.046,0.260,0.087,-0.084,1.38,-0.12,148.82,0.68,-0.45,-0.074,-0.032,0.125,1471,1523,1537,1534,10.00,10.06,29.70,29.65
1787304219.469,32.362,True,1,2.822,3.016,0.068,0.570,10.377,10.376,0.331,3.081,-0.067,3.063,-0.046,0.260,0.087,-0.084,1.38,-0.12,148.82,0.67,-0.46,-0.074,-0.033,0.125,1471,1523,1537,1534,10.00,10.06,39.69,39.65
1787304219.479,32.372,True,1,2.822,3.016,0.068,0.572,10.379,10.378,0.331,3.081,-0.067,3.063,-0.047,0.260,0.087,-0.084,1.38,-0.12,148.82,0.67,-0.47,-0.074,-0.034,0.125,1471,1523,1537,1534,10.00,10.06,49.70,49.65
1787304219.489,32.382,True,1,2.822,3.016,0.068,0.574,10.381,10.380,0.331,3.081,-0.067,3.064,-0.048,0.260,0.087,-0.084,1.38,-0.12,148.82,0.67,-0.48,-0.074,-0.035,0.125,1471,1523,1537,1534,10.00,10.06,59.69,59.65
1787304219.499,32.393,True,1,2.822,3.016,0.089,0.510,10.318,10.317,0.329,3.083,-0.071,3.064,-0.049,0.264,0.088,-0.076,1.11,0.12,150.13,0.73,-0.46,-0.039,-0.060,0.068,1475,1526,1529,1532,10.00,10.06,-0.46,-0.41
1787304219.509,32.402,True,1,2.822,3.016,0.089,0.512,10.320,10.319,0.329,3.083,-0.071,3.065,-0.049,0.264,0.088,-0.076,1.11,0.12,150.13,0.73,-0.47,-0.040,-0.061,0.068,1475,1526,1529,1532,10.00,10.06,9.55,9.60
1787304219.519,32.412,True,1,2.823,3.016,0.082,0.531,10.339,10.338,0.330,3.084,-0.073,3.066,-0.050,0.266,0.083,-0.089,1.02,0.13,150.53,0.59,-0.51,-0.046,-0.066,0.050,1474,1527,1526,1533,9.99,10.06,-0.10,-0.15
1787304219.529,32.422,True,1,2.823,3.016,0.082,0.533,10.341,10.340,0.330,3.084,-0.073,3.066,-0.051,0.266,0.083,-0.089,1.02,0.13,150.53,0.58,-0.52,-0.046,-0.067,0.050,1474,1527,1526,1533,10.00,10.06,9.90,9.85
1787304219.539,32.432,True,1,2.823,3.016,0.082,0.535,10.343,10.342,0.330,3.084,-0.073,3.067,-0.052,0.266,0.083,-0.089,1.02,0.13,150.53,0.58,-0.53,-0.046,-0.068,0.050,1474,1527,1526,1533,10.00,10.06,19.90,19.85
1787304219.549,32.442,True,1,2.823,3.016,0.082,0.537,10.345,10.344,0.330,3.084,-0.073,3.067,-0.052,0.266,0.083,-0.089,1.02,0.13,150.53,0.58,-0.54,-0.046,-0.068,0.050,1474,1527,1526,1533,10.00,10.06,29.90,29.85
1787304219.559,32.452,True,1,2.823,3.016,0.082,0.539,10.346,10.345,0.330,3.084,-0.073,3.068,-0.053,0.266,0.083,-0.089,1.02,0.13,150.53,0.57,-0.54,-0.047,-0.069,0.050,1474,1527,1526,1533,10.00,10.06,39.90,39.85
1787304219.569,32.462,True,1,2.823,3.016,0.082,0.541,10.348,10.347,0.330,3.084,-0.073,3.069,-0.054,0.266,0.083,-0.089,1.02,0.13,150.53,0.57,-0.55,-0.047,-0.070,0.050,1474,1527,1527,1533,10.00,10.06,49.90,49.85
1787304219.579,32.472,True,1,2.823,3.016,0.082,0.543,10.350,10.349,0.330,3.084,-0.073,3.069,-0.054,0.266,0.083,-0.089,1.02,0.13,150.53,0.57,-0.56,-0.047,-0.071,0.050,1474,1527,1527,1533,10.00,10.06,59.90,59.85
1787304219.589,32.482,True,1,2.823,3.016,0.082,0.545,10.352,10.351,0.330,3.084,-0.073,3.070,-0.055,0.266,0.083,-0.089,1.02,0.13,150.53,0.57,-0.57,-0.048,-0.072,0.050,1474,1527,1527,1533,10.00,10.06,69.90,69.85
1787304219.600,32.493,True,1,2.824,3.016,0.119,0.433,10.241,10.240,0.327,3.087,-0.078,3.070,-0.056,0.271,0.082,-0.074,0.43,0.02,152.14,0.68,-0.52,0.027,-0.056,-0.021,1522,1526,1477,1529,10.00,10.06,-0.55,-0.50
1787304219.609,32.502,True,1,2.824,3.016,0.119,0.435,10.243,10.242,0.327,3.087,-0.078,3.071,-0.057,0.271,0.082,-0.074,0.43,0.02,152.14,0.68,-0.53,0.026,-0.057,-0.021,1522,1526,1477,1530,10.00,10.06,9.45,9.49
1787304219.619,32.512,True,1,2.825,3.016,0.093,0.510,10.317,10.317,0.329,3.088,-0.080,3.071,-0.057,0.274,0.080,-0.101,0.32,-0.07,152.51,0.42,-0.64,0.010,-0.060,-0.037,1521,1526,1474,1532,10.00,10.06,-0.12,-0.17
1787304219.629,32.522,True,1,2.825,3.016,0.093,0.511,10.319,10.318,0.329,3.088,-0.080,3.072,-0.058,0.274,0.080,-0.101,0.32,-0.07,152.51,0.41,-0.65,0.010,-0.061,-0.037,1521,1526,1474,1532,10.00,10.06,9.88,9.83
1787304219.639,32.532,True,1,2.825,3.016,0.093,0.513,10.321,10.320,0.329,3.088,-0.080,3.072,-0.059,0.274,0.080,-0.101,0.32,-0.07,152.51,0.41,-0.65,0.010,-0.062,-0.037,1521,1526,1474,1532,10.00,10.06,19.88,19.83
1787304219.649,32.542,True,1,2.825,3.016,0.093,0.515,10.323,10.322,0.329,3.088,-0.080,3.073,-0.060,0.274,0.080,-0.101,0.32,-0.07,152.51,0.41,-0.66,0.009,-0.062,-0.037,1521,1526,1474,1532,10.00,10.06,29.88,29.83
1787304219.659,32.552,True,1,2.825,3.016,0.093,0.517,10.325,10.324,0.330,3.088,-0.080,3.073,-0.060,0.274,0.080,-0.101,0.32,-0.07,152.51,0.40,-0.67,0.009,-0.063,-0.037,1520,1527,1474,1532,10.00,10.06,39.88,39.83
1787304219.669,32.562,True,1,2.825,3.016,0.093,0.519,10.327,10.326,0.330,3.088,-0.080,3.074,-0.061,0.274,0.080,-0.101,0.32,-0.07,152.51,0.40,-0.68,0.009,-0.064,-0.037,1520,1527,1474,1533,10.00,10.06,49.88,49.83
1787304219.679,32.573,True,1,2.827,3.016,0.112,0.460,10.268,10.267,0.328,3.090,-0.084,3.074,-0.062,0.278,0.081,-0.087,-0.00,-0.23,153.72,0.52,-0.65,0.054,-0.043,-0.090,1526,1524,1467,1530,10.00,10.07,-0.47,-0.43
1787304219.689,32.582,True,1,2.827,3.016,0.112,0.462,10.270,10.269,0.328,3.090,-0.084,3.075,-0.062,0.278,0.081,-0.087,-0.00,-0.23,153.72,0.51,-0.66,0.054,-0.044,-0.090,1525,1524,1467,1530,10.00,10.06,9.52,9.57
1787304219.699,32.592,True,1,2.827,3.016,0.112,0.464,10.271,10.271,0.328,3.090,-0.084,3.075,-0.063,0.278,0.081,-0.087,-0.00,-0.23,153.72,0.51,-0.66,0.053,-0.045,-0.090,1525,1525,1467,1531,10.00,10.06,19.52,19.57
1787304219.709,32.602,True,1,2.827,3.016,0.112,0.466,10.273,10.273,0.328,3.090,-0.084,3.076,-0.064,0.278,0.081,-0.087,-0.00,-0.23,153.72,0.50,-0.67,0.053,-0.046,-0.090,1525,1525,1467,1531,10.00,10.06,29.52,29.57
1787304219.719,32.612,True,1,2.827,3.016,0.112,0.468,10.275,10.275,0.328,3.090,-0.084,3.076,-0.065,0.278,0.081,-0.087,-0.00,-0.23,153.72,0.50,-0.68,0.053,-0.047,-0.090,1525,1525,1467,1531,10.00,10.06,39.52,39.57
1787304219.729,32.622,True,1,2.827,3.016,0.112,0.469,10.277,10.277,0.328,3.090,-0.084,3.077,-0.065,0.278,0.081,-0.087,-0.00,-0.23,153.72,0.50,-0.69,0.052,-0.047,-0.090,1525,1525,1467,1531,10.00,10.06,49.52,49.57
1787304219.739,32.632,True,1,2.827,3.016,0.112,0.471,10.279,10.278,0.328,3.090,-0.084,3.077,-0.066,0.278,0.081,-0.087,-0.00,-0.23,153.72,0.49,-0.69,0.052,-0.048,-0.090,1525,1525,1467,1531,10.00,10.06,59.52,59.57
1787304219.749,32.643,True,1,2.831,3.016,0.126,0.414,10.222,10.221,0.326,3.093,-0.089,3.078,-0.067,0.284,0.082,-0.079,-0.19,-0.44,154.71,0.56,-0.69,0.077,-0.026,-0.134,1528,1522,1461,1529,10.00,10.06,-0.42,-0.47
1787304219.759,32.652,True,1,2.831,3.016,0.127,0.412,10.220,10.219,0.326,3.093,-0.090,3.078,-0.067,0.284,0.085,-0.076,-0.21,-0.43,155.05,0.59,-0.71,0.082,-0.029,-0.149,1529,1523,1459,1529,10.00,10.06,-0.05,-0.10
1787304219.769,32.662,True,1,2.831,3.016,0.127,0.414,10.222,10.221,0.326,3.093,-0.090,3.079,-0.068,0.284,0.085,-0.076,-0.21,-0.43,155.05,0.59,-0.72,0.082,-0.030,-0.149,1529,1523,1459,1529,10.00,10.06,9.95,9.90
1787304219.779,32.672,True,1,2.831,3.016,0.127,0.416,10.224,10.222,0.326,3.093,-0.090,3.079,-0.069,0.284,0.085,-0.076,-0.22,-0.46,155.20,0.58,-0.73,0.083,-0.027,-0.155,1529,1523,1458,1529,10.00,10.06,-0.06,19.90
1787304219.789,32.682,True,1,2.831,3.016,0.127,0.417,10.225,10.224,0.326,3.093,-0.090,3.080,-0.069,0.284,0.085,-0.076,-0.22,-0.46,155.20,0.58,-0.74,0.082,-0.028,-0.155,1529,1523,1458,1529,10.00,10.06,9.94,29.90
1787304219.799,32.692,True,1,2.831,3.016,0.127,0.419,10.227,10.226,0.326,3.093,-0.090,3.080,-0.070,0.284,0.085,-0.076,-0.22,-0.46,155.20,0.57,-0.75,0.082,-0.029,-0.155,1529,1523,1458,1529,10.00,10.06,19.93,39.90
1787304219.809,32.702,True,1,2.831,3.016,0.127,0.421,10.229,10.228,0.326,3.093,-0.090,3.081,-0.071,0.284,0.085,-0.076,-0.22,-0.46,155.20,0.57,-0.75,0.081,-0.030,-0.155,1529,1523,1458,1529,10.00,10.06,29.93,49.90
1787304219.819,32.712,True,1,2.831,3.016,0.127,0.423,10.231,10.230,0.327,3.093,-0.090,3.081,-0.071,0.284,0.085,-0.076,-0.22,-0.46,155.20,0.57,-0.76,0.081,-0.030,-0.155,1528,1523,1458,1529,10.00,10.06,39.94,59.90
1787304219.829,32.722,True,1,2.831,3.016,0.127,0.425,10.233,10.232,0.327,3.093,-0.090,3.082,-0.072,0.284,0.085,-0.076,-0.22,-0.46,155.20,0.56,-0.77,0.081,-0.031,-0.155,1528,1523,1458,1529,10.00,10.06,49.94,69.90
1787304219.839,32.732,True,1,2.831,3.016,0.127,0.427,10.235,10.234,0.327,3.093,-0.090,3.082,-0.073,0.284,0.085,-0.076,-0.22,-0.46,155.20,0.56,-0.77,0.080,-0.032,-0.155,1528,1523,1458,1529,10.00,10.06,59.93,79.90
1787304219.850,32.743,True,1,2.835,3.016,0.126,0.415,10.223,10.222,0.326,3.096,-0.094,3.082,-0.073,0.289,0.080,-0.065,-0.06,-0.54,156.02,0.62,-0.70,0.070,-0.017,-0.191,1527,1521,1453,1529,10.00,10.06,-0.50,-0.54
1787304219.859,32.752,True,1,2.835,3.016,0.126,0.416,10.224,10.224,0.326,3.096,-0.094,3.083,-0.074,0.289,0.080,-0.065,-0.06,-0.54,156.02,0.62,-0.71,0.070,-0.018,-0.191,1527,1521,1453,1529,10.00,10.06,9.51,9.46
1787304219.869,32.762,True,1,2.835,3.016,0.126,0.418,10.226,10.225,0.326,3.096,-0.094,3.083,-0.075,0.289,0.080,-0.065,-0.06,-0.54,156.02,0.62,-0.72,0.069,-0.019,-0.191,1527,1522,1453,1529,9.99,10.06,19.50,19.45
1787304219.879,32.772,True,1,2.835,3.016,0.126,0.420,10.228,10.227,0.326,3.096,-0.094,3.084,-0.075,0.289,0.080,-0.065,-0.06,-0.54,156.02,0.61,-0.73,0.069,-0.019,-0.191,1527,1522,1453,1529,10.00,10.06,29.50,29.46
1787304219.889,32.782,True,1,2.835,3.016,0.126,0.422,10.230,10.229,0.326,3.096,-0.094,3.084,-0.076,0.289,0.080,-0.065,-0.06,-0.54,156.02,0.61,-0.73,0.069,-0.020,-0.191,1527,1522,1453,1529,10.00,10.06,39.51,39.46
1787304219.899,32.792,True,1,2.835,3.016,0.126,0.424,10.232,10.231,0.327,3.096,-0.094,3.084,-0.077,0.289,0.080,-0.065,-0.06,-0.54,156.02,0.61,-0.74,0.068,-0.021,-0.191,1527,1522,1453,1529,10.00,10.06,49.51,49.46
1787304219.909,32.803,True,1,2.838,3.016,0.136,0.383,10.191,10.190,0.325,3.098,-0.097,3.085,-0.077,0.292,0.076,-0.060,0.03,-0.69,156.41,0.63,-0.69,0.060,-0.001,-0.207,1526,1520,1451,1528,10.00,10.06,-0.37,-0.42
1787304219.919,32.812,True,1,2.838,3.016,0.136,0.385,10.193,10.192,0.325,3.098,-0.097,3.085,-0.078,0.292,0.076,-0.060,0.03,-0.69,156.41,0.62,-0.70,0.060,-0.002,-0.207,1526,1520,1451,1528,10.00,10.06,9.63,9.59
1787304219.929,32.822,True,1,2.839,3.016,0.119,0.437,10.245,10.245,0.327,3.098,-0.097,3.086,-0.078,0.292,0.075,-0.076,0.23,-0.70,156.50,0.46,-0.76,0.022,-0.007,-0.211,1522,1520,1450,1530,10.00,10.06,-0.17,-0.12
1787304219.939,32.832,True,1,2.839,3.016,0.119,0.439,10.247,10.247,0.327,3.098,-0.097,3.086,-0.079,0.292,0.075,-0.076,0.23,-0.70,156.50,0.46,-0.77,0.021,-0.008,-0.211,1522,1520,1450,1530,10.00,10.06,9.84,9.88
1787304219.949,32.842,True,1,2.839,3.016,0.100,0.495,10.303,10.303,0.329,3.098,-0.098,3.087,-0.080,0.293,0.068,-0.085,0.33,-0.71,156.53,0.34,-0.75,-0.001,-0.005,-0.213,1479,1520,1450,1532,10.00,10.06,-0.11,-0.16
1787304219.959,32.852,True,1,2.839,3.016,0.100,0.497,10.304,10.304,0.329,3.098,-0.098,3.087,-0.080,0.293,0.068,-0.085,0.33,-0.71,156.53,0.34,-0.75,-0.002,-0.005,-0.213,1479,1520,1450,1532,10.00,10.06,9.89,9.84
1787304219.969,32.862,True,1,2.839,3.016,0.100,0.498,10.306,10.306,0.329,3.098,-0.098,3.087,-0.081,0.293,0.068,-0.085,0.33,-0.71,156.53,0.34,-0.76,-0.002,-0.006,-0.213,1479,1520,1450,1532,10.00,10.06,19.88,19.83
1787304219.979,32.872,True,1,2.839,3.016,0.100,0.500,10.308,10.308,0.329,3.098,-0.098,3.088,-0.081,0.293,0.068,-0.085,0.33,-0.71,156.53,0.33,-0.77,-0.003,-0.007,-0.213,1479,1520,1450,1532,10.00,10.06,29.88,29.83
1787304219.989,32.882,True,1,2.839,3.016,0.100,0.502,10.310,10.310,0.329,3.098,-0.098,3.088,-0.082,0.293,0.068,-0.085,0.33,-0.71,156.53,0.33,-0.77,-0.003,-0.007,-0.213,1479,1520,1450,1532,10.00,10.06,39.88,39.84
1787304219.999,32.892,True,1,2.839,3.016,0.100,0.504,10.312,10.312,0.329,3.098,-0.098,3.088,-0.083,0.293,0.068,-0.085,0.33,-0.71,156.53,0.33,-0.78,-0.003,-0.008,-0.213,1479,1520,1450,1532,10.00,10.06,49.88,49.84
1787304220.009,32.902,True,1,2.839,3.016,0.100,0.506,10.313,10.313,0.329,3.098,-0.098,3.089,-0.083,0.293,0.068,-0.085,0.33,-0.71,156.53,0.32,-0.78,-0.004,-0.009,-0.213,1479,1520,1450,1532,10.00,10.06,59.88,59.83
1787304220.019,32.913,True,1,2.841,3.016,0.108,0.476,10.284,10.284,0.328,3.099,-0.100,3.089,-0.084,0.295,0.065,-0.067,0.59,-0.87,156.44,0.47,-0.69,-0.015,0.017,-0.209,1478,1478,1450,1531,10.00,10.06,-0.45,-0.40
1787304220.029,32.922,True,1,2.841,3.016,0.108,0.478,10.285,10.285,0.328,3.099,-0.100,3.089,-0.084,0.295,0.065,-0.067,0.59,-0.87,156.44,0.47,-0.70,-0.016,0.016,-0.209,1478,1478,1450,1531,10.00,10.06,9.55,9.60
1787304220.039,32.932,True,1,2.841,3.016,0.108,0.479,10.287,10.287,0.328,3.099,-0.100,3.090,-0.085,0.295,0.065,-0.067,0.59,-0.87,156.44,0.47,-0.70,-0.016,0.015,-0.209,1478,1478,1450,1531,10.00,10.06,19.55,19.60
1787304220.049,32.943,True,1,2.842,3.016,0.098,0.505,10.313,10.312,0.329,3.099,-0.102,3.090,-0.085,0.297,0.054,-0.077,0.72,-0.90,156.20,0.33,-0.65,-0.044,0.024,-0.199,1475,1477,1452,1532,10.00,10.06,-0.22,-0.17
1787304220.059,32.952,True,1,2.842,3.016,0.098,0.507,10.315,10.314,0.329,3.099,-0.102,3.090,-0.086,0.297,0.054,-0.077,0.72,-0.90,156.20,0.33,-0.65,-0.044,0.023,-0.199,1475,1477,1452,1532,10.00,10.06,9.78,9.83
1787304220.069,32.962,True,1,2.842,3.016,0.098,0.509,10.316,10.316,0.329,3.099,-0.102,3.091,-0.086,0.297,0.054,-0.077,0.72,-0.90,156.20,0.32,-0.66,-0.044,0.022,-0.199,1475,1477,1452,1532,10.00,10.06,19.78,19.83
1787304220.079,32.972,True,1,2.842,3.016,0.098,0.511,10.318,10.318,0.329,3.099,-0.102,3.091,-0.087,0.297,0.054,-0.077,0.72,-0.90,156.20,0.32,-0.67,-0.045,0.022,-0.199,1475,1477,1452,1532,10.00,10.06,29.78,29.83
1787304220.089,32.982,True,1,2.842,3.016,0.098,0.512,10.320,10.319,0.329,3.099,-0.102,3.091,-0.087,0.297,0.054,-0.077,0.72,-0.90,156.20,0.32,-0.67,-0.045,0.021,-0.199,1474,1477,1452,1532,10.00,10.06,39.78,39.83
1787304220.099,32.993,True,1,2.845,3.016,0.092,0.524,10.331,10.331,0.330,3.100,-0.104,3.091,-0.088,0.298,0.050,-0.067,0.61,-0.93,155.84,0.40,-0.59,-0.026,0.034,-0.183,1477,1476,1454,1533,10.00,10.06,-0.30,-0.35
1787304220.109,33.002,True,1,2.845,3.016,0.092,0.526,10.333,10.333,0.330,3.100,-0.104,3.092,-0.089,0.298,0.050,-0.067,0.61,-0.93,155.84,0.39,-0.60,-0.026,0.034,-0.183,1477,1476,1454,1533,10.00,10.06,9.70,9.65
1787304220.119,33.012,True,1,2.845,3.016,0.092,0.527,10.335,10.335,0.330,3.100,-0.104,3.092,-0.089,0.298,0.050,-0.067,0.61,-0.93,155.84,0.39,-0.60,-0.026,0.033,-0.183,1477,1476,1454,1533,10.00,10.06,19.70,19.65
1787304220.129,33.022,True,1,2.845,3.016,0.092,0.529,10.337,10.336,0.330,3.100,-0.104,3.092,-0.090,0.298,0.050,-0.067,0.61,-0.93,155.84,0.39,-0.61,-0.027,0.032,-0.183,1477,1476,1454,1533,10.00,10.06,29.70,29.65
1787304220.139,33.033,True,1,2.846,3.016,0.083,0.552,10.360,10.359,0.331,3.099,-0.106,3.093,-0.090,0.299,0.040,-0.075,0.57,-0.93,155.31,0.27,-0.56,-0.033,0.037,-0.160,1476,1475,1457,1534,10.00,10.06,-0.26,-0.31
1787304220.149,33.042,True,1,2.846,3.016,0.087,0.543,10.350,10.350,0.330,3.099,-0.106,3.093,-0.091,0.299,0.038,-0.055,0.57,-0.93,155.17,0.43,-0.46,-0.017,0.048,-0.154,1478,1474,1458,1533,10.00,10.06,-0.05,-0.10
1787304220.159,33.052,True,1,2.846,3.016,0.087,0.545,10.352,10.352,0.330,3.099,-0.106,3.093,-0.091,0.299,0.038,-0.055,0.57,-0.93,155.17,0.43,-0.47,-0.017,0.047,-0.154,1478,1474,1458,1533,10.00,10.06,9.96,9.90
1787304220.169,33.062,True,1,2.846,3.016,0.087,0.546,10.354,10.353,0.330,3.099,-0.106,3.093,-0.092,0.299,0.038,-0.055,0.57,-0.93,155.17,0.43,-0.47,-0.017,0.046,-0.154,1478,1474,1458,1533,10.00,10.06,19.95,19.90
1787304220.179,33.073,True,1,2.846,3.016,0.076,0.579,10.386,10.385,0.331,3.099,-0.107,3.093,-0.092,0.300,0.032,-0.058,0.60,-0.93,154.72,0.38,-0.43,-0.025,0.052,-0.134,1477,1474,1461,1535,10.00,10.06,-0.18,-0.23
1787304220.189,33.082,True,1,2.846,3.016,0.076,0.580,10.387,10.387,0.332,3.099,-0.107,3.094,-0.093,0.300,0.032,-0.058,0.60,-0.93,154.72,0.38,-0.43,-0.026,0.051,-0.134,1477,1474,1461,1535,10.00,10.06,9.82,9.78
1787304220.199,33.092,True,1,2.846,3.016,0.076,0.582,10.389,10.389,0.332,3.099,-0.107,3.094,-0.093,0.300,0.032,-0.058,0.60,-0.93,154.72,0.37,-0.44,-0.026,0.051,-0.134,1477,1474,1461,1535,10.00,10.06,19.82,19.77
1787304220.209,33.102,True,1,2.846,3.016,0.076,0.584,10.391,10.390,0.332,3.099,-0.107,3.094,-0.094,0.300,0.032,-0.058,0.60,-0.93,154.72,0.37,-0.44,-0.026,0.050,-0.134,1477,1474,1461,1535,10.00,10.06,29.82,29.77
1787304220.219,33.112,True,1,2.846,3.016,0.076,0.585,10.393,10.392,0.332,3.099,-0.107,3.094,-0.094,0.300,0.032,-0.058,0.60,-0.93,154.72,0.37,-0.45,-0.027,0.050,-0.134,1477,1474,1461,1535,10.00,10.06,39.82,39.77
1787304220.229,33.122,True,1,2.846,3.016,0.076,0.587,10.394,10.394,0.332,3.099,-0.107,3.094,-0.094,0.300,0.032,-0.058,0.60,-0.93,154.72,0.36,-0.45,-0.027,0.049,-0.134,1476,1474,1461,1535,10.00,10.06,49.82,49.78
1787304220.239,33.132,True,1,2.846,3.016,0.076,0.589,10.396,10.395,0.332,3.099,-0.107,3.094,-0.095,0.300,0.032,-0.058,0.60,-0.93,154.72,0.36,-0.46,-0.027,0.048,-0.134,1476,1474,1461,1535,10.00,10.06,59.82,59.78
1787304220.249,33.143,True,1,2.845,3.016,0.086,0.563,10.370,10.369,0.331,3.097,-0.109,3.094,-0.095,0.300,0.023,-0.043,0.50,-0.90,153.70,0.46,-0.31,-0.005,0.061,-0.090,1479,1473,1467,1534,10.00,10.06,-0.45,-0.41
1787304220.259,33.152,True,1,2.845,3.016,0.086,0.564,10.372,10.371,0.331,3.097,-0.109,3.095,-0.096,0.300,0.023,-0.043,0.50,-0.90,153.70,0.46,-0.32,-0.005,0.061,-0.090,1479,1473,1467,1534,10.00,10.06,9.55,9.60
1787304220.269,33.162,True,1,2.845,3.016,0.079,0.589,10.396,10.395,0.332,3.097,-0.109,3.095,-0.096,0.300,0.026,-0.043,0.52,-0.93,153.50,0.47,-0.35,-0.007,0.060,-0.081,1479,1473,1468,1535,10.00,10.06,-0.19,-0.05
1787304220.279,33.172,True,1,2.845,3.016,0.079,0.590,10.398,10.397,0.332,3.097,-0.109,3.095,-0.097,0.300,0.026,-0.043,0.52,-0.93,153.50,0.46,-0.35,-0.007,0.059,-0.081,1479,1473,1468,1535,10.00,10.07,9.82,9.95
1787304220.289,33.182,True,1,2.845,3.016,0.079,0.592,10.399,10.399,0.332,3.097,-0.109,3.095,-0.097,0.300,0.026,-0.043,0.52,-0.93,153.50,0.46,-0.36,-0.008,0.059,-0.081,1479,1473,1468,1535,10.00,10.06,19.81,19.94
1787304220.299,33.192,True,1,2.845,3.016,0.079,0.594,10.401,10.401,0.332,3.097,-0.109,3.095,-0.097,0.300,0.026,-0.043,0.52,-0.93,153.50,0.46,-0.36,-0.008,0.058,-0.081,1479,1473,1468,1535,10.00,10.06,29.82,29.95
1787304220.309,33.203,True,1,2.845,3.016,0.077,0.605,10.412,10.411,0.332,3.095,-0.110,3.095,-0.098,0.299,0.016,-0.049,0.55,-0.85,152.74,0.36,-0.30,-0.021,0.058,-0.048,1477,1473,1473,1535,10.00,10.06,-0.31,-0.26
1787304220.319,33.212,True,1,2.845,3.016,0.077,0.606,10.413,10.413,0.332,3.095,-0.110,3.095,-0.098,0.299,0.016,-0.049,0.55,-0.85,152.74,0.35,-0.30,-0.021,0.057,-0.048,1477,1473,1473,1536,10.00,10.06,9.69,9.74
1787304220.329,33.222,True,1,2.845,3.016,0.077,0.608,10.415,10.414,0.332,3.095,-0.110,3.095,-0.099,0.299,0.016,-0.049,0.55,-0.85,152.74,0.35,-0.31,-0.022,0.057,-0.048,1477,1473,1473,1536,10.00,10.06,19.69,19.74
1787304220.339,33.233,True,1,2.844,3.016,0.071,0.629,10.436,10.435,0.333,3.093,-0.111,3.095,-0.099,0.298,0.006,-0.059,0.60,-0.83,152.29,0.21,-0.27,-0.041,0.059,-0.029,1475,1473,1476,1536,10.00,10.06,-0.20,-0.25
1787304220.349,33.242,True,1,2.844,3.016,0.071,0.631,10.437,10.437,0.333,3.093,-0.111,3.095,-0.100,0.298,0.006,-0.059,0.60,-0.83,152.29,0.21,-0.27,-0.042,0.059,-0.029,1475,1473,1476,1536,10.01,10.06,9.80,9.76
1787304220.359,33.252,True,1,2.844,3.016,0.071,0.632,10.439,10.438,0.333,3.093,-0.111,3.095,-0.100,0.298,0.006,-0.059,0.60,-0.83,152.29,0.21,-0.27,-0.042,0.058,-0.029,1475,1473,1476,1536,10.00,10.06,19.80,19.75
1787304220.369,33.262,True,1,2.844,3.016,0.071,0.634,10.441,10.440,0.333,3.093,-0.111,3.095,-0.100,0.298,0.006,-0.059,0.60,-0.83,152.29,0.20,-0.28,-0.042,0.058,-0.029,1475,1473,1476,1536,10.00,10.06,29.80,29.75
1787304220.379,33.272,True,1,2.844,3.016,0.071,0.636,10.443,10.442,0.333,3.093,-0.111,3.094,-0.101,0.298,0.006,-0.059,0.60,-0.83,152.29,0.20,-0.28,-0.043,0.057,-0.029,1475,1473,1476,1537,10.00,10.06,39.80,39.75
1787304220.389,33.282,True,1,2.844,3.016,0.071,0.637,10.444,10.444,0.333,3.093,-0.111,3.094,-0.101,0.298,0.006,-0.059,0.60,-0.83,152.29,0.20,-0.29,-0.043,0.057,-0.029,1475,1473,1476,1537,10.00,10.06,49.80,49.75
1787304220.399,33.293,True,1,2.845,3.016,0.068,0.647,10.453,10.452,0.334,3.090,-0.113,3.094,-0.101,0.298,-0.007,-0.062,0.66,-0.74,151.29,0.12,-0.19,-0.057,0.058,0.015,1473,1473,1522,1537,10.00,10.06,-0.36,-0.41
1787304220.409,33.302,True,1,2.845,3.016,0.068,0.648,10.455,10.454,0.334,3.090,-0.113,3.094,-0.102,0.298,-0.007,-0.062,0.66,-0.74,151.29,0.11,-0.19,-0.057,0.057,0.015,1473,1473,1522,1537,10.00,10.06,9.64,9.59
1787304220.419,33.312,True,1,2.845,3.016,0.084,0.603,10.410,10.409,0.332,3.089,-0.113,3.094,-0.102,0.297,-0.003,-0.036,0.69,-0.69,151.12,0.35,-0.10,-0.035,0.062,0.023,1476,1473,1523,1535,10.00,10.06,-0.07,-0.12
1787304220.429,33.322,True,1,2.845,3.016,0.084,0.605,10.412,10.411,0.332,3.089,-0.113,3.094,-0.103,0.297,-0.003,-0.036,0.69,-0.69,151.12,0.35,-0.10,-0.035,0.061,0.023,1476,1473,1523,1535,10.00,10.06,9.93,9.88
1787304220.439,33.332,True,1,2.845,3.016,0.084,0.606,10.413,10.412,0.332,3.089,-0.113,3.094,-0.103,0.297,-0.003,-0.036,0.69,-0.69,151.12,0.35,-0.11,-0.035,0.061,0.023,1476,1473,1523,1536,10.00,10.06,19.93,19.87
1787304220.449,33.343,True,1,2.846,3.016,0.070,0.646,10.452,10.451,0.334,3.088,-0.114,3.093,-0.103,0.297,-0.010,-0.053,0.75,-0.57,150.54,0.16,-0.14,-0.061,0.046,0.048,1473,1474,1526,1537,10.00,10.06,-0.17,-0.21
1787304220.459,33.352,True,1,2.846,3.016,0.070,0.647,10.454,10.453,0.334,3.088,-0.114,3.093,-0.104,0.297,-0.010,-0.053,0.75,-0.57,150.54,0.16,-0.14,-0.061,0.046,0.048,1473,1474,1526,1537,10.00,10.06,9.84,9.79
1787304220.469,33.362,True,1,2.845,3.016,0.066,0.664,10.471,10.470,0.334,3.086,-0.115,3.093,-0.104,0.296,-0.017,-0.061,0.72,-0.50,150.05,0.05,-0.12,-0.069,0.041,0.069,1472,1475,1529,1538,10.00,10.06,-0.15,-0.20
1787304220.479,33.372,True,1,2.845,3.016,0.066,0.666,10.473,10.472,0.334,3.086,-0.115,3.093,-0.104,0.296,-0.017,-0.061,0.72,-0.50,150.05,0.05,-0.12,-0.069,0.040,0.069,1472,1475,1529,1538,10.01,10.07,9.86,9.81
1787304220.489,33.382,True,1,2.845,3.016,0.066,0.668,10.474,10.473,0.334,3.086,-0.115,3.093,-0.105,0.296,-0.017,-0.061,0.72,-0.50,150.05,0.05,-0.13,-0.070,0.040,0.069,1472,1475,1529,1538,10.00,10.06,19.85,19.80
1787304220.499,33.393,True,1,2.845,3.016,0.097,0.577,10.384,10.383,0.331,3.084,-0.116,3.092,-0.105,0.296,-0.014,-0.034,0.67,-0.43,149.69,0.29,-0.02,-0.039,0.044,0.085,1475,1475,1531,1535,10.00,10.06,-0.16,-0.21
1787304220.509,33.402,True,1,2.845,3.016,0.097,0.579,10.385,10.385,0.331,3.084,-0.116,3.092,-0.105,0.296,-0.014,-0.034,0.67,-0.43,149.69,0.29,-0.02,-0.040,0.044,0.085,1475,1475,1531,1535,10.00,10.06,9.84,9.79
1787304220.519,33.412,True,1,2.845,3.016,0.097,0.580,10.387,10.387,0.332,3.084,-0.116,3.092,-0.106,0.296,-0.014,-0.034,0.67,-0.43,149.69,0.28,-0.03,-0.040,0.043,0.085,1475,1475,1531,1535,10.00,10.06,19.83,19.79
1787304220.529,33.422,True,1,2.845,3.016,0.097,0.582,10.389,10.388,0.332,3.084,-0.116,3.091,-0.106,0.296,-0.014,-0.034,0.67,-0.43,149.69,0.28,-0.03,-0.040,0.043,0.085,1475,1475,1531,1535,10.00,10.06,29.83,29.79
1787304220.539,33.432,True,1,2.845,3.016,0.097,0.584,10.390,10.390,0.332,3.084,-0.116,3.091,-0.106,0.296,-0.014,-0.034,0.67,-0.43,149.69,0.28,-0.03,-0.041,0.043,0.085,1475,1475,1531,1535,10.00,10.06,39.83,39.79
1787304220.549,33.442,True,1,2.845,3.016,0.097,0.585,10.392,10.392,0.332,3.084,-0.116,3.091,-0.107,0.296,-0.014,-0.034,0.67,-0.43,149.69,0.27,-0.03,-0.041,0.042,0.085,1475,1475,1531,1535,10.02,10.08,49.85,49.80
1787304220.559,33.452,True,1,2.845,3.016,0.097,0.587,10.394,10.393,0.332,3.084,-0.116,3.091,-0.107,0.296,-0.014,-0.034,0.67,-0.43,149.69,0.27,-0.04,-0.041,0.042,0.085,1475,1475,1531,1535,10.00,10.08,59.85,59.81
1787304220.569,33.462,True,1,2.845,3.016,0.097,0.589,10.396,10.395,0.332,3.084,-0.116,3.091,-0.107,0.296,-0.014,-0.034,0.67,-0.43,149.69,0.27,-0.04,-0.042,0.042,0.085,1475,1475,1531,1535,9.98,10.06,69.83,69.79
1787304220.580,33.473,True,1,2.844,3.016,0.088,0.623,10.430,10.429,0.333,3.079,-0.119,3.090,-0.108,0.294,-0.024,-0.050,0.65,-0.11,148.53,0.07,-0.03,-0.061,0.009,0.136,1473,1478,1538,1536,10.00,10.06,-0.61,-0.57
1787304220.589,33.482,True,1,2.844,3.016,0.088,0.625,10.431,10.431,0.333,3.079,-0.119,3.090,-0.108,0.294,-0.024,-0.050,0.65,-0.11,148.53,0.07,-0.04,-0.061,0.009,0.136,1473,1478,1538,1536,10.00,10.07,9.39,9.44
1787304220.599,33.492,True,1,2.844,3.016,0.088,0.626,10.433,10.432,0.333,3.079,-0.119,3.089,-0.108,0.294,-0.024,-0.050,0.65,-0.11,148.53,0.06,-0.04,-0.061,0.009,0.136,1473,1479,1538,1536,10.02,10.08,19.41,19.46
1787304220.609,33.502,True,1,2.844,3.016,0.088,0.628,10.435,10.434,0.333,3.079,-0.119,3.089,-0.109,0.294,-0.024,-0.050,0.65,-0.11,148.53,0.06,-0.04,-0.062,0.009,0.136,1473,1479,1538,1536,9.98,10.06,29.39,29.43
1787304220.619,33.512,True,1,2.844,3.016,0.088,0.630,10.437,10.436,0.333,3.079,-0.119,3.089,-0.109,0.294,-0.024,-0.050,0.65,-0.11,148.53,0.06,-0.04,-0.062,0.008,0.136,1473,1479,1538,1536,10.01,10.07,39.39,39.44
1787304220.629,33.522,True,1,2.844,3.016,0.088,0.632,10.438,10.438,0.333,3.079,-0.119,3.088,-0.109,0.294,-0.024,-0.050,0.65,-0.11,148.53,0.05,-0.05,-0.063,0.008,0.136,1473,1479,1538,1536,10.00,10.07,49.40,49.44
1787304220.639,33.532,True,1,2.844,3.016,0.088,0.633,10.440,10.439,0.333,3.079,-0.119,3.088,-0.110,0.294,-0.024,-0.050,0.65,-0.11,148.53,0.05,-0.05,-0.063,0.008,0.136,1472,1479,1538,1536,10.00,10.07,59.40,59.44
1787304220.649,33.543,True,1,2.842,3.016,0.086,0.645,10.451,10.451,0.334,3.072,-0.122,3.087,-0.110,0.293,-0.030,-0.056,0.48,-0.01,147.90,-0.04,-0.03,-0.054,-0.000,0.164,1473,1520,1542,1537,9.99,10.06,-0.44,-0.49
1787304220.659,33.552,True,1,2.843,3.016,0.088,0.637,10.443,10.443,0.333,3.072,-0.123,3.087,-0.111,0.293,-0.032,-0.052,0.50,0.10,147.79,-0.02,0.01,-0.054,-0.008,0.169,1473,1520,1543,1537,10.00,10.07,-0.07,-0.13
1787304220.669,33.562,True,1,2.843,3.016,0.088,0.638,10.445,10.445,0.333,3.072,-0.123,3.086,-0.111,0.293,-0.032,-0.052,0.50,0.10,147.79,-0.02,0.00,-0.055,-0.009,0.169,1473,1520,1543,1537,10.00,10.07,9.93,9.87
1787304220.679,33.572,True,1,2.843,3.016,0.088,0.640,10.447,10.446,0.333,3.072,-0.123,3.086,-0.111,0.293,-0.032,-0.052,0.50,0.10,147.79,-0.03,0.00,-0.055,-0.009,0.169,1473,1520,1543,1537,9.99,10.06,19.92,19.87
1787304220.689,33.582,True,1,2.842,3.016,0.090,0.640,10.446,10.446,0.333,3.070,-0.124,3.085,-0.112,0.292,-0.026,-0.053,0.39,0.16,147.56,-0.01,-0.06,-0.042,-0.021,0.179,1475,1522,1544,1537,10.00,10.06,-0.18,-0.13
1787304220.699,33.592,True,1,2.842,3.016,0.090,0.641,10.448,10.448,0.333,3.070,-0.124,3.085,-0.112,0.292,-0.026,-0.053,0.39,0.16,147.56,-0.01,-0.06,-0.043,-0.022,0.179,1475,1522,1544,1537,10.00,10.06,9.82,9.87
1787304220.709,33.602,True,1,2.842,3.016,0.090,0.643,10.450,10.449,0.334,3.070,-0.124,3.084,-0.113,0.292,-0.026,-0.053,0.39,0.16,147.56,-0.02,-0.06,-0.043,-0.022,0.179,1475,1522,1544,1537,10.01,10.07,19.83,19.88
1787304220.719,33.612,True,1,2.842,3.016,0.090,0.645,10.451,10.451,0.334,3.070,-0.124,3.084,-0.113,0.292,-0.026,-0.053,0.39,0.16,147.56,-0.02,-0.06,-0.044,-0.022,0.179,1475,1522,1544,1537,10.01,10.07,29.83,29.88
1787304220.729,33.622,True,1,2.842,3.016,0.090,0.646,10.453,10.453,0.334,3.070,-0.124,3.083,-0.113,0.292,-0.026,-0.053,0.39,0.16,147.56,-0.03,-0.06,-0.044,-0.022,0.179,1475,1522,1544,1537,9.99,10.06,39.82,39.87
1787304220.739,33.632,True,1,2.842,3.016,0.090,0.648,10.455,10.455,0.334,3.070,-0.124,3.083,-0.114,0.292,-0.026,-0.053,0.39,0.16,147.56,-0.03,-0.07,-0.044,-0.022,0.179,1475,1522,1544,1537,10.00,10.07,49.83,49.88
1787304220.749,33.643,True,1,2.841,3.016,0.096,0.637,10.444,10.444,0.333,3.064,-0.128,3.082,-0.114,0.291,-0.029,-0.046,0.24,0.36,147.22,0.01,0.00,-0.025,-0.037,0.194,1477,1524,1546,1537,10.00,10.06,-0.41,-0.46
1787304220.759,33.652,True,1,2.841,3.016,0.096,0.639,10.446,10.445,0.333,3.064,-0.128,3.082,-0.115,0.291,-0.029,-0.046,0.24,0.36,147.22,0.00,-0.00,-0.026,-0.037,0.194,1477,1524,1546,1537,10.00,10.07,9.59,9.54
1787304220.769,33.663,True,1,2.841,3.016,0.096,0.640,10.447,10.447,0.333,3.063,-0.129,3.081,-0.115,0.291,-0.027,-0.041,0.02,0.28,147.15,0.05,0.01,0.003,-0.029,0.197,1520,1523,1547,1537,10.00,10.07,-0.18,-0.13
1787304220.779,33.672,True,1,2.841,3.016,0.096,0.642,10.449,10.449,0.333,3.063,-0.129,3.081,-0.116,0.291,-0.027,-0.041,0.02,0.28,147.15,0.05,0.00,0.002,-0.029,0.197,1520,1523,1547,1537,10.00,10.06,9.81,9.86
1787304220.789,33.682,True,1,2.841,3.016,0.085,0.676,10.483,10.483,0.335,3.061,-0.130,3.080,-0.116,0.291,-0.033,-0.052,0.02,0.28,147.15,-0.09,-0.01,-0.012,-0.030,0.197,1478,1523,1547,1538,10.00,10.06,19.81,-0.05
1787304220.799,33.692,True,1,2.841,3.016,0.085,0.678,10.485,10.484,0.335,3.061,-0.130,3.079,-0.116,0.291,-0.033,-0.052,0.02,0.28,147.15,-0.10,-0.01,-0.013,-0.030,0.197,1478,1523,1547,1538,10.00,10.06,29.81,9.95
1787304220.809,33.702,True,1,2.841,3.016,0.085,0.680,10.486,10.486,0.335,3.061,-0.130,3.079,-0.117,0.291,-0.033,-0.052,0.02,0.28,147.15,-0.10,-0.01,-0.014,-0.030,0.197,1478,1523,1547,1538,10.00,10.06,39.81,19.95
1787304220.819,33.712,True,1,2.841,3.016,0.085,0.681,10.488,10.488,0.335,3.061,-0.130,3.078,-0.117,0.291,-0.033,-0.052,0.02,0.28,147.15,-0.11,-0.01,-0.014,-0.031,0.197,1478,1523,1547,1538,10.00,10.07,49.82,29.96
1787304220.829,33.722,True,1,2.841,3.016,0.085,0.683,10.490,10.490,0.335,3.061,-0.130,3.077,-0.118,0.291,-0.033,-0.052,0.02,0.28,147.15,-0.11,-0.01,-0.015,-0.031,0.197,1478,1523,1547,1538,10.00,10.07,59.82,39.95
1787304220.839,33.733,True,1,2.843,3.016,0.097,0.641,10.448,10.447,0.333,3.057,-0.133,3.077,-0.118,0.291,-0.030,-0.046,-0.36,0.18,147.05,-0.05,-0.00,0.032,-0.020,0.201,1523,1522,1547,1537,10.00,10.06,-0.36,-0.41
1787304220.849,33.742,True,1,2.843,3.016,0.097,0.643,10.449,10.449,0.334,3.057,-0.133,3.076,-0.119,0.291,-0.030,-0.046,-0.45,0.17,147.04,-0.05,-0.00,0.041,-0.019,0.201,1524,1522,1547,1537,10.00,10.07,-0.09,9.59
1787304220.859,33.752,True,1,2.843,3.016,0.097,0.644,10.451,10.451,0.334,3.057,-0.133,3.075,-0.119,0.291,-0.030,-0.046,-0.45,0.17,147.04,-0.06,-0.01,0.040,-0.019,0.201,1524,1522,1547,1537,10.00,10.07,9.92,19.60
1787304220.869,33.762,True,1,2.843,3.016,0.097,0.646,10.453,10.453,0.334,3.057,-0.133,3.075,-0.120,0.291,-0.030,-0.046,-0.45,0.17,147.04,-0.06,-0.01,0.040,-0.020,0.201,1524,1522,1547,1537,9.99,10.06,19.91,29.59
1787304220.879,33.772,True,1,2.843,3.016,0.097,0.648,10.455,10.454,0.334,3.057,-0.133,3.074,-0.120,0.291,-0.030,-0.046,-0.45,0.17,147.04,-0.07,-0.01,0.039,-0.020,0.201,1524,1522,1547,1537,10.00,10.06,29.91,39.59
1787304220.889,33.782,True,1,2.843,3.016,0.097,0.650,10.456,10.456,0.334,3.057,-0.133,3.074,-0.121,0.291,-0.030,-0.046,-0.45,0.17,147.04,-0.07,-0.01,0.038,-0.020,0.201,1524,1522,1547,1537,10.01,10.07,39.91,49.59
1787304220.899,33.792,True,1,2.843,3.016,0.097,0.651,10.458,10.458,0.334,3.057,-0.133,3.073,-0.121,0.291,-0.030,-0.046,-0.45,0.17,147.04,-0.08,-0.01,0.038,-0.020,0.201,1524,1522,1547,1537,10.00,10.07,49.92,59.60
1787304220.909,33.802,True,1,2.843,3.016,0.097,0.653,10.460,10.459,0.334,3.057,-0.133,3.073,-0.121,0.291,-0.030,-0.046,-0.45,0.17,147.04,-0.08,-0.01,0.037,-0.020,0.201,1524,1522,1547,1537,9.99,10.06,59.91,69.59
1787304220.919,33.813,True,1,2.846,3.016,0.120,0.575,10.382,10.381,0.331,3.052,-0.136,3.072,-0.122,0.291,-0.027,-0.032,-0.64,-0.15,147.14,0.04,0.03,0.072,0.017,0.197,1527,1478,1547,1534,10.00,10.06,-0.51,-0.46
1787304220.929,33.822,True,1,2.846,3.016,0.120,0.577,10.384,10.383,0.331,3.052,-0.136,3.071,-0.122,0.291,-0.027,-0.032,-0.64,-0.15,147.14,0.03,0.03,0.071,0.017,0.197,1527,1478,1547,1534,10.01,10.07,9.50,9.55
1787304220.939,33.832,True,1,2.846,3.016,0.120,0.579,10.385,10.385,0.331,3.052,-0.136,3.071,-0.123,0.291,-0.027,-0.032,-0.64,-0.15,147.14,0.02,0.03,0.070,0.017,0.197,1527,1478,1547,1535,10.00,10.07,19.50,19.54
1787304220.949,33.842,True,1,2.846,3.016,0.120,0.580,10.387,10.386,0.332,3.052,-0.136,3.070,-0.123,0.291,-0.027,-0.032,-0.64,-0.15,147.14,0.02,0.03,0.070,0.017,0.197,1527,1478,1547,1535,9.99,10.06,29.49,29.54
1787304220.959,33.852,True,1,2.846,3.016,0.120,0.582,10.389,10.388,0.332,3.052,-0.136,3.069,-0.124,0.291,-0.027,-0.032,-0.64,-0.15,147.14,0.01,0.03,0.069,0.016,0.197,1527,1478,1547,1535,10.00,10.06,39.50,39.54
1787304220.969,33.863,True,1,2.849,3.016,0.135,0.527,10.333,10.332,0.330,3.048,-0.139,3.069,-0.124,0.291,-0.024,-0.011,-0.80,-0.24,147.37,0.20,0.12,0.105,0.035,0.187,1531,1476,1546,1533,10.00,10.07,-0.43,-0.39
1787304220.979,33.872,True,1,2.849,3.016,0.135,0.528,10.335,10.333,0.330,3.048,-0.139,3.068,-0.125,0.291,-0.024,-0.011,-0.80,-0.24,147.37,0.19,0.12,0.105,0.035,0.187,1531,1476,1546,1533,9.99,10.06,9.56,9.61
1787304220.989,33.882,True,1,2.849,3.016,0.135,0.530,10.337,10.335,0.330,3.048,-0.139,3.067,-0.125,0.291,-0.024,-0.011,-0.80,-0.24,147.37,0.19,0.12,0.104,0.035,0.187,1531,1476,1546,1533,10.00,10.06,19.56,19.61
1787304220.999,33.892,True,1,2.851,3.016,0.129,0.543,10.350,10.348,0.330,3.047,-0.140,3.067,-0.126,0.291,-0.025,-0.024,-0.82,-0.32,147.43,0.07,0.05,0.095,0.036,0.185,1530,1475,1545,1533,10.00,10.06,-0.12,-0.17
1787304221.009,33.902,True,1,2.851,3.016,0.129,0.545,10.351,10.350,0.330,3.047,-0.140,3.066,-0.126,0.291,-0.025,-0.024,-0.85,-0.31,147.49,0.06,0.05,0.096,0.035,0.182,1530,1476,1545,1533,10.00,10.06,-0.06,9.83
1787304221.019,33.912,True,1,2.851,3.016,0.129,0.546,10.353,10.351,0.330,3.047,-0.140,3.065,-0.127,0.291,-0.025,-0.024,-0.85,-0.31,147.49,0.06,0.05,0.095,0.035,0.182,1530,1476,1545,1533,10.00,10.06,9.94,19.83
1787304221.029,33.922,True,1,2.851,3.016,0.129,0.548,10.355,10.353,0.330,3.047,-0.140,3.065,-0.127,0.291,-0.025,-0.024,-0.85,-0.31,147.49,0.05,0.05,0.095,0.035,0.182,1530,1476,1545,1533,10.00,10.06,19.94,29.83
1787304221.039,33.932,True,1,2.851,3.016,0.129,0.550,10.356,10.355,0.330,3.047,-0.140,3.064,-0.127,0.291,-0.025,-0.024,-0.85,-0.31,147.49,0.05,0.05,0.094,0.035,0.182,1530,1476,1545,1534,10.00,10.06,29.94,39.83
1787304221.049,33.942,True,1,2.851,3.016,0.129,0.551,10.358,10.356,0.331,3.047,-0.140,3.063,-0.128,0.291,-0.025,-0.024,-0.85,-0.31,147.49,0.04,0.05,0.094,0.035,0.182,1530,1476,1545,1534,10.00,10.06,39.94,49.83
1787304221.059,33.952,True,1,2.851,3.016,0.129,0.553,10.360,10.358,0.331,3.047,-0.140,3.063,-0.128,0.291,-0.025,-0.024,-0.85,-0.31,147.49,0.04,0.05,0.093,0.035,0.182,1530,1476,1545,1534,10.00,10.06,49.94,59.83
1787304221.069,33.963,True,1,2.855,3.016,0.147,0.483,10.290,10.288,0.328,3.042,-0.142,3.062,-0.129,0.290,-0.028,0.005,-0.60,-0.37,147.86,0.26,0.22,0.091,0.060,0.166,1530,1473,1543,1531,10.00,10.06,-0.40,-0.45
1787304221.079,33.972,True,1,2.855,3.016,0.147,0.485,10.291,10.290,0.328,3.042,-0.142,3.062,-0.129,0.290,-0.028,0.005,-0.60,-0.37,147.86,0.26,0.22,0.091,0.060,0.166,1530,1473,1543,1531,10.00,10.07,9.60,9.55
1787304221.089,33.982,True,1,2.855,3.016,0.147,0.486,10.293,10.291,0.328,3.042,-0.142,3.061,-0.130,0.290,-0.028,0.005,-0.60,-0.37,147.86,0.25,0.22,0.090,0.060,0.166,1530,1473,1543,1531,10.00,10.06,19.60,19.55
1787304221.099,33.992,True,1,2.855,3.016,0.147,0.488,10.295,10.293,0.329,3.042,-0.142,3.060,-0.130,0.290,-0.028,0.005,-0.60,-0.37,147.86,0.24,0.22,0.090,0.060,0.166,1529,1473,1543,1531,10.00,10.06,29.60,29.55
1787304221.109,34.002,True,1,2.855,3.016,0.147,0.489,10.296,10.295,0.329,3.042,-0.142,3.060,-0.130,0.290,-0.028,0.005,-0.60,-0.37,147.86,0.24,0.22,0.089,0.060,0.166,1529,1473,1543,1531,10.00,10.06,39.60,39.55
1787304221.119,34.012,True,1,2.855,3.016,0.147,0.491,10.298,10.296,0.329,3.042,-0.142,3.059,-0.131,0.290,-0.028,0.005,-0.60,-0.37,147.86,0.23,0.22,0.088,0.060,0.166,1529,1473,1543,1531,10.00,10.06,49.60,49.55
1787304221.129,34.022,True,1,2.855,3.016,0.147,0.493,10.299,10.298,0.329,3.042,-0.142,3.059,-0.131,0.290,-0.028,0.005,-0.60,-0.37,147.86,0.23,0.21,0.088,0.060,0.166,1529,1473,1543,1532,10.00,10.06,59.60,59.55
1787304221.139,34.032,True,1,2.855,3.016,0.147,0.494,10.301,10.299,0.329,3.042,-0.142,3.058,-0.131,0.290,-0.028,0.005,-0.60,-0.37,147.86,0.22,0.21,0.087,0.060,0.166,1529,1473,1543,1532,10.00,10.06,69.60,69.55
1787304221.150,34.043,True,1,2.860,3.016,0.129,0.528,10.335,10.335,0.330,3.038,-0.142,3.057,-0.132,0.288,-0.031,-0.011,-0.05,-0.33,148.69,0.07,0.15,0.013,0.050,0.129,1521,1474,1537,1533,10.00,10.06,-0.55,-0.60
1787304221.159,34.052,True,1,2.860,3.016,0.129,0.530,10.337,10.336,0.330,3.038,-0.142,3.057,-0.132,0.288,-0.031,-0.011,-0.05,-0.33,148.69,0.06,0.15,0.013,0.050,0.129,1521,1474,1537,1533,10.00,10.06,9.45,9.40
1787304221.169,34.062,True,1,2.860,3.016,0.129,0.531,10.338,10.338,0.330,3.038,-0.142,3.056,-0.132,0.288,-0.031,-0.011,-0.05,-0.33,148.69,0.06,0.15,0.012,0.050,0.129,1521,1474,1537,1533,10.00,10.06,19.45,19.40
1787304221.179,34.072,True,1,2.860,3.016,0.129,0.533,10.340,10.339,0.330,3.038,-0.142,3.056,-0.133,0.288,-0.031,-0.011,-0.05,-0.33,148.69,0.05,0.15,0.012,0.050,0.129,1521,1474,1537,1533,10.00,10.06,29.45,29.40
1787304221.189,34.082,True,1,2.860,3.016,0.129,0.535,10.341,10.341,0.330,3.038,-0.142,3.055,-0.133,0.288,-0.031,-0.011,-0.05,-0.33,148.69,0.05,0.15,0.011,0.050,0.129,1521,1474,1537,1533,10.00,10.06,39.45,39.40
1787304221.199,34.092,True,1,2.860,3.016,0.129,0.536,10.343,10.342,0.330,3.038,-0.142,3.054,-0.133,0.288,-0.031,-0.011,-0.05,-0.33,148.69,0.04,0.15,0.011,0.050,0.129,1521,1474,1537,1533,10.00,10.06,49.45,49.40
1787304221.209,34.102,True,1,2.860,3.016,0.129,0.538,10.344,10.344,0.330,3.038,-0.142,3.054,-0.134,0.288,-0.031,-0.011,-0.05,-0.33,148.69,0.04,0.15,0.010,0.050,0.129,1521,1474,1537,1533,10.00,10.06,59.45,59.40
1787304221.221,34.114,True,1,2.860,3.016,0.129,0.539,10.346,10.346,0.330,3.038,-0.142,3.053,-0.134,0.288,-0.031,-0.011,-0.05,-0.33,148.69,0.03,0.15,0.010,0.050,0.129,1521,1474,1537,1533,10.00,10.06,69.45,69.40
1787304221.229,34.122,True,1,2.860,3.016,0.129,0.541,10.348,10.347,0.330,3.038,-0.142,3.053,-0.134,0.288,-0.031,-0.011,-0.05,-0.33,148.69,0.03,0.15,0.009,0.050,0.129,1521,1474,1537,1533,10.00,10.06,79.45,79.40
1787304221.240,34.133,True,1,2.864,3.016,0.145,0.480,10.287,10.286,0.328,3.034,-0.141,3.052,-0.134,0.284,-0.035,0.010,0.48,-0.12,149.62,0.18,0.29,-0.031,0.043,0.088,1476,1475,1532,1531,10.00,10.06,-0.60,-0.64
1787304221.249,34.142,True,1,2.864,3.016,0.145,0.482,10.288,10.288,0.328,3.034,-0.141,3.052,-0.135,0.284,-0.035,0.010,0.48,-0.12,149.62,0.18,0.29,-0.032,0.043,0.088,1476,1475,1532,1531,10.00,10.06,9.41,9.36
1787304221.259,34.152,True,1,2.864,3.016,0.145,0.483,10.290,10.290,0.328,3.034,-0.141,3.051,-0.135,0.284,-0.035,0.010,0.48,-0.12,149.62,0.17,0.29,-0.032,0.043,0.088,1476,1475,1532,1531,10.00,10.06,19.41,19.36
1787304221.269,34.162,True,1,2.864,3.016,0.145,0.485,10.291,10.291,0.328,3.034,-0.141,3.050,-0.135,0.284,-0.035,0.010,0.48,-0.12,149.62,0.17,0.29,-0.033,0.043,0.088,1476,1475,1532,1531,10.00,10.06,29.40,29.36
1787304221.279,34.172,True,1,2.864,3.016,0.145,0.486,10.293,10.293,0.329,3.034,-0.141,3.050,-0.135,0.284,-0.035,0.010,0.48,-0.12,149.62,0.16,0.29,-0.033,0.043,0.088,1476,1475,1532,1531,10.00,10.06,39.41,39.36
1787304221.289,34.182,True,1,2.864,3.016,0.145,0.488,10.294,10.294,0.329,3.034,-0.141,3.049,-0.135,0.284,-0.035,0.010,0.48,-0.12,149.62,0.16,0.29,-0.033,0.043,0.088,1476,1475,1532,1531,10.00,10.06,49.41,49.36
1787304221.299,34.192,True,1,2.864,3.016,0.145,0.489,10.296,10.296,0.329,3.034,-0.141,3.049,-0.136,0.284,-0.035,0.010,0.48,-0.12,149.62,0.16,0.29,-0.034,0.043,0.088,1476,1475,1532,1531,10.00,10.06,59.41,59.36
1787304221.310,34.203,True,1,2.867,3.016,0.146,0.475,10.282,10.281,0.328,3.028,-0.140,3.048,-0.136,0.281,-0.047,0.008,0.72,-0.05,150.48,0.08,0.38,-0.067,0.046,0.051,1472,1474,1527,1531,10.00,10.06,-0.55,-0.59
1787304221.319,34.212,True,1,2.867,3.016,0.146,0.477,10.284,10.283,0.328,3.028,-0.140,3.047,-0.136,0.281,-0.047,0.008,0.72,-0.05,150.48,0.08,0.38,-0.067,0.046,0.051,1472,1474,1527,1531,10.00,10.07,9.46,9.41
1787304221.329,34.222,True,1,2.867,3.016,0.144,0.482,10.289,10.287,0.328,3.027,-0.140,3.047,-0.136,0.280,-0.050,0.006,0.85,-0.12,150.84,0.05,0.40,-0.084,0.055,0.035,1470,1473,1524,1531,9.99,10.06,-0.16,-0.12
1787304221.339,34.232,True,1,2.867,3.016,0.144,0.483,10.290,10.289,0.328,3.027,-0.140,3.046,-0.136,0.280,-0.050,0.006,0.85,-0.12,150.84,0.04,0.41,-0.084,0.055,0.035,1470,1473,1524,1531,10.00,10.06,9.84,9.88
1787304221.349,34.242,True,1,2.867,3.016,0.144,0.485,10.292,10.290,0.328,3.027,-0.140,3.045,-0.136,0.280,-0.050,0.006,0.85,-0.12,150.84,0.04,0.41,-0.085,0.056,0.035,1470,1473,1524,1531,10.00,10.06,19.84,19.89
1787304221.359,34.252,True,1,2.867,3.016,0.144,0.486,10.293,10.292,0.328,3.027,-0.140,3.045,-0.136,0.280,-0.050,0.006,0.85,-0.12,150.84,0.03,0.41,-0.085,0.056,0.035,1470,1473,1524,1531,10.00,10.06,29.84,29.88
1787304221.369,34.262,True,1,2.867,3.016,0.144,0.488,10.295,10.293,0.329,3.027,-0.140,3.044,-0.136,0.280,-0.050,0.006,0.85,-0.12,150.84,0.03,0.41,-0.086,0.056,0.035,1470,1473,1524,1531,10.00,10.06,39.84,39.89
1787304221.379,34.272,True,1,2.867,3.016,0.144,0.489,10.296,10.295,0.329,3.027,-0.140,3.044,-0.137,0.280,-0.050,0.006,0.85,-0.12,150.84,0.03,0.41,-0.086,0.056,0.035,1470,1473,1524,1531,10.00,10.06,49.84,49.89
1787304221.389,34.283,True,1,2.869,3.016,0.136,0.511,10.318,10.316,0.329,3.022,-0.139,3.043,-0.137,0.276,-0.060,0.003,0.98,-0.19,151.30,-0.05,0.48,-0.108,0.070,0.014,1467,1472,1521,1532,10.00,10.06,-0.36,-0.41
1787304221.399,34.292,True,1,2.869,3.016,0.136,0.513,10.320,10.317,0.329,3.022,-0.139,3.042,-0.137,0.276,-0.060,0.003,0.98,-0.19,151.30,-0.06,0.48,-0.109,0.070,0.014,1467,1472,1521,1532,10.00,10.06,9.64,9.59
1787304221.409,34.302,True,1,2.869,3.016,0.136,0.514,10.321,10.319,0.329,3.022,-0.139,3.042,-0.137,0.276,-0.060,0.003,0.98,-0.19,151.30,-0.06,0.48,-0.109,0.070,0.014,1467,1472,1521,1532,10.00,10.06,19.64,19.59
1787304221.419,34.313,True,1,2.868,3.016,0.121,0.562,10.369,10.366,0.331,3.019,-0.138,3.041,-0.137,0.274,-0.070,-0.005,0.99,-0.28,151.68,-0.17,0.52,-0.121,0.084,-0.002,1466,1470,1479,1534,10.00,10.06,-0.17,-0.21
1787304221.429,34.322,True,1,2.868,3.016,0.121,0.563,10.371,10.367,0.331,3.019,-0.138,3.040,-0.137,0.274,-0.070,-0.005,0.99,-0.28,151.68,-0.18,0.53,-0.122,0.084,-0.002,1466,1470,1479,1534,10.00,10.06,9.84,9.79
1787304221.439,34.332,True,1,2.868,3.016,0.121,0.565,10.372,10.369,0.331,3.019,-0.138,3.039,-0.137,0.274,-0.070,-0.005,0.99,-0.28,151.68,-0.18,0.53,-0.122,0.084,-0.002,1466,1470,1479,1534,10.00,10.06,19.84,19.79
1787304221.449,34.342,True,1,2.868,3.016,0.121,0.566,10.374,10.370,0.331,3.019,-0.138,3.039,-0.137,0.274,-0.070,-0.005,0.99,-0.28,151.68,-0.19,0.53,-0.123,0.084,-0.002,1466,1470,1479,1534,10.00,10.06,29.83,29.79
1787304221.459,34.352,True,1,2.868,3.016,0.121,0.568,10.375,10.372,0.331,3.019,-0.138,3.038,-0.137,0.274,-0.070,-0.005,0.99,-0.28,151.68,-0.19,0.53,-0.123,0.084,-0.002,1466,1470,1479,1534,10.00,10.06,39.83,39.78
1787304221.469,34.363,True,1,2.869,3.016,0.139,0.510,10.317,10.314,0.329,3.016,-0.138,3.037,-0.137,0.273,-0.078,0.014,0.78,-0.47,152.28,-0.06,0.70,-0.088,0.122,-0.029,1470,1466,1475,1532,10.00,10.06,-0.36,-0.31
1787304221.479,34.372,True,1,2.869,3.016,0.139,0.511,10.319,10.315,0.329,3.016,-0.138,3.037,-0.137,0.273,-0.078,0.014,0.78,-0.47,152.28,-0.06,0.70,-0.088,0.122,-0.029,1470,1466,1475,1532,10.00,10.06,9.64,9.69
1787304221.489,34.382,True,1,2.869,3.016,0.139,0.513,10.320,10.317,0.329,3.016,-0.138,3.036,-0.137,0.273,-0.078,0.014,0.78,-0.47,152.28,-0.07,0.70,-0.089,0.122,-0.029,1470,1466,1475,1532,10.00,10.06,19.64,19.69
1787304221.499,34.392,True,1,2.869,3.016,0.139,0.514,10.321,10.318,0.329,3.016,-0.138,3.035,-0.137,0.273,-0.078,0.014,0.78,-0.47,152.28,-0.07,0.70,-0.089,0.122,-0.029,1470,1466,1475,1532,10.00,10.06,29.64,29.69
1787304221.509,34.402,True,1,2.869,3.016,0.139,0.516,10.323,10.320,0.329,3.016,-0.138,3.035,-0.137,0.273,-0.078,0.014,0.78,-0.47,152.28,-0.07,0.70,-0.089,0.122,-0.029,1470,1466,1475,1532,10.00,10.06,39.64,39.69
1787304221.519,34.412,True,1,2.869,3.016,0.139,0.517,10.324,10.321,0.329,3.016,-0.138,3.034,-0.137,0.273,-0.078,0.014,0.78,-0.47,152.28,-0.08,0.70,-0.090,0.122,-0.029,1470,1466,1475,1532,10.00,10.06,49.64,49.69
1787304221.529,34.423,True,1,2.866,3.016,0.132,0.553,10.360,10.357,0.331,3.007,-0.136,3.033,-0.137,0.267,-0.091,0.018,0.38,-0.56,152.90,-0.10,0.83,-0.051,0.145,-0.055,1474,1463,1472,1534,10.00,10.06,-0.41,-0.45
1787304221.539,34.432,True,1,2.866,3.016,0.132,0.554,10.362,10.359,0.331,3.007,-0.136,3.032,-0.137,0.267,-0.091,0.018,0.38,-0.56,152.90,-0.11,0.83,-0.051,0.146,-0.055,1474,1463,1472,1534,10.00,10.06,9.60,9.55
1787304221.549,34.442,True,1,2.867,3.016,0.130,0.557,10.365,10.362,0.331,3.006,-0.136,3.031,-0.137,0.267,-0.091,0.009,0.24,-0.42,153.09,-0.18,0.79,-0.045,0.127,-0.063,1475,1465,1471,1534,9.99,10.06,-0.15,-0.10
1787304221.559,34.452,True,1,2.867,3.016,0.130,0.558,10.366,10.364,0.331,3.006,-0.136,3.030,-0.137,0.267,-0.091,0.009,0.24,-0.42,153.09,-0.19,0.80,-0.045,0.127,-0.063,1474,1465,1471,1534,10.00,10.06,9.85,9.90
1787304221.569,34.462,True,1,2.867,3.016,0.130,0.560,10.368,10.365,0.331,3.006,-0.136,3.030,-0.137,0.267,-0.091,0.009,0.24,-0.42,153.09,-0.19,0.80,-0.045,0.127,-0.063,1474,1465,1471,1534,10.00,10.06,19.85,19.90
1787304221.579,34.472,True,1,2.867,3.016,0.130,0.561,10.369,10.367,0.331,3.006,-0.136,3.029,-0.137,0.267,-0.091,0.009,0.24,-0.42,153.09,-0.19,0.80,-0.046,0.127,-0.063,1474,1465,1471,1534,10.00,10.06,29.85,29.90
1787304221.589,34.482,True,1,2.867,3.016,0.130,0.563,10.371,10.368,0.331,3.006,-0.136,3.028,-0.137,0.267,-0.091,0.009,0.24,-0.42,153.09,-0.20,0.80,-0.046,0.127,-0.063,1474,1465,1471,1534,10.00,10.06,39.85,39.90
1787304221.599,34.492,True,1,2.867,3.016,0.130,0.564,10.372,10.370,0.331,3.006,-0.136,3.027,-0.137,0.267,-0.091,0.009,0.24,-0.42,153.09,-0.20,0.80,-0.047,0.128,-0.063,1474,1465,1471,1534,10.00,10.06,49.85,49.90
1787304221.609,34.502,True,1,2.867,3.016,0.130,0.566,10.374,10.371,0.331,3.006,-0.136,3.027,-0.137,0.267,-0.091,0.009,0.24,-0.42,153.09,-0.21,0.81,-0.047,0.128,-0.063,1474,1465,1471,1534,10.00,10.06,59.85,59.90
1787304221.619,34.512,True,1,2.867,3.016,0.130,0.567,10.375,10.373,0.331,3.006,-0.136,3.026,-0.137,0.267,-0.091,0.009,0.24,-0.42,153.09,-0.21,0.81,-0.047,0.128,-0.063,1474,1465,1471,1534,10.00,10.06,69.85,69.90
1787304221.630,34.523,True,1,2.862,3.016,0.121,0.619,10.427,10.426,0.333,2.995,-0.133,3.025,-0.137,0.259,-0.097,0.015,-0.60,0.25,153.78,-0.18,0.89,0.045,0.068,-0.092,1525,1472,1467,1536,10.00,10.06,-0.51,-0.55
1787304221.639,34.532,True,1,2.862,3.016,0.121,0.621,10.428,10.428,0.333,2.995,-0.133,3.024,-0.137,0.259,-0.097,0.015,-0.60,0.25,153.78,-0.18,0.89,0.045,0.068,-0.092,1524,1472,1467,1536,10.00,10.06,9.49,9.44
1787304221.649,34.542,True,1,2.862,3.016,0.121,0.622,10.430,10.429,0.333,2.995,-0.133,3.023,-0.136,0.259,-0.097,0.015,-0.60,0.25,153.78,-0.19,0.90,0.044,0.069,-0.092,1524,1472,1467,1536,10.00,10.06,19.49,19.44
1787304221.659,34.552,True,1,2.862,3.016,0.121,0.624,10.432,10.431,0.333,2.995,-0.133,3.022,-0.136,0.259,-0.097,0.015,-0.60,0.25,153.78,-0.19,0.90,0.044,0.069,-0.092,1524,1472,1467,1536,10.00,10.06,29.49,29.44
1787304221.669,34.562,True,1,2.862,3.016,0.121,0.625,10.433,10.432,0.333,2.995,-0.133,3.021,-0.136,0.259,-0.097,0.015,-0.60,0.25,153.78,-0.19,0.90,0.043,0.069,-0.092,1524,1472,1467,1536,10.00,10.06,39.50,39.45
1787304221.679,34.572,True,1,2.862,3.016,0.121,0.627,10.435,10.434,0.333,2.995,-0.133,3.020,-0.136,0.259,-0.097,0.015,-0.60,0.25,153.78,-0.20,0.91,0.043,0.070,-0.092,1524,1472,1467,1536,10.00,10.06,49.49,49.45
1787304221.689,34.582,True,1,2.862,3.016,0.121,0.628,10.436,10.435,0.333,2.995,-0.133,3.020,-0.136,0.259,-0.097,0.015,-0.60,0.25,153.78,-0.20,0.91,0.043,0.070,-0.092,1524,1472,1467,1536,10.00,10.06,59.49,59.45
1787304221.699,34.592,True,1,2.862,3.016,0.121,0.630,10.438,10.437,0.333,2.995,-0.133,3.019,-0.136,0.259,-0.097,0.015,-0.60,0.25,153.78,-0.20,0.91,0.042,0.070,-0.092,1524,1472,1467,1536,10.00,10.06,69.50,69.45
1787304221.709,34.602,True,1,2.862,3.016,0.121,0.631,10.439,10.438,0.333,2.995,-0.133,3.018,-0.136,0.259,-0.097,0.015,-0.60,0.25,153.78,-0.21,0.91,0.042,0.070,-0.092,1524,1472,1467,1536,10.00,10.06,79.50,79.45
1787304221.720,34.613,True,1,2.859,3.016,0.117,0.658,10.466,10.465,0.334,2.986,-0.131,3.017,-0.136,0.253,-0.099,0.004,-0.84,1.06,154.30,-0.30,0.89,0.059,-0.016,-0.116,1526,1521,1463,1537,10.00,10.06,-0.56,-0.61
1787304221.729,34.622,True,1,2.859,3.016,0.117,0.659,10.467,10.467,0.334,2.986,-0.131,3.016,-0.135,0.253,-0.099,0.004,-0.84,1.06,154.30,-0.31,0.90,0.058,-0.016,-0.116,1526,1521,1463,1537,10.00,10.06,9.44,9.39
1787304221.739,34.632,True,1,2.859,3.016,0.117,0.661,10.469,10.469,0.334,2.986,-0.131,3.015,-0.135,0.253,-0.099,0.004,-0.84,1.06,154.30,-0.31,0.90,0.058,-0.015,-0.116,1526,1521,1463,1537,10.00,10.06,19.44,19.39
1787304221.749,34.642,True,1,2.859,3.016,0.117,0.662,10.471,10.470,0.334,2.986,-0.131,3.014,-0.135,0.253,-0.099,0.004,-0.84,1.06,154.30,-0.32,0.90,0.058,-0.015,-0.116,1526,1521,1463,1538,10.00,10.06,29.44,29.39
1787304221.759,34.652,True,1,2.859,3.016,0.117,0.664,10.472,10.472,0.334,2.986,-0.131,3.013,-0.135,0.253,-0.099,0.004,-0.84,1.06,154.30,-0.32,0.91,0.057,-0.014,-0.116,1526,1521,1463,1538,10.00,10.06,39.44,39.39
1787304221.769,34.662,True,1,2.859,3.016,0.117,0.666,10.474,10.473,0.334,2.986,-0.131,3.012,-0.135,0.253,-0.099,0.004,-0.84,1.06,154.30,-0.32,0.91,0.057,-0.014,-0.116,1526,1521,1463,1538,10.00,10.06,49.44,49.39
1787304221.779,34.672,True,1,2.859,3.016,0.117,0.667,10.475,10.475,0.334,2.986,-0.131,3.011,-0.135,0.253,-0.099,0.004,-0.84,1.06,154.30,-0.33,0.91,0.056,-0.014,-0.116,1526,1521,1463,1538,10.00,10.06,59.44,59.39
1787304221.789,34.682,True,1,2.859,3.016,0.117,0.669,10.477,10.476,0.334,2.986,-0.131,3.010,-0.135,0.253,-0.099,0.004,-0.84,1.06,154.30,-0.33,0.92,0.056,-0.014,-0.116,1526,1521,1463,1538,10.00,10.06,69.44,69.39
1787304221.800,34.693,True,1,2.854,3.016,0.136,0.630,10.439,10.437,0.333,2.976,-0.128,3.009,-0.134,0.246,-0.092,0.029,-0.95,1.56,154.73,-0.08,0.97,0.095,-0.060,-0.135,1530,1526,1461,1536,10.00,10.06,-0.56,-0.60
1787304221.809,34.702,True,1,2.854,3.016,0.136,0.632,10.440,10.438,0.333,2.976,-0.128,3.008,-0.134,0.246,-0.092,0.029,-0.95,1.56,154.73,-0.08,0.97,0.095,-0.059,-0.135,1530,1526,1461,1536,10.00,10.07,9.45,9.40
1787304221.819,34.712,True,1,2.854,3.016,0.136,0.634,10.442,10.440,0.333,2.976,-0.128,3.007,-0.134,0.246,-0.092,0.029,-0.95,1.56,154.73,-0.08,0.98,0.094,-0.059,-0.135,1530,1526,1461,1536,9.99,10.06,19.44,19.39
1787304221.829,34.722,True,1,2.854,3.016,0.136,0.635,10.444,10.442,0.333,2.976,-0.128,3.006,-0.134,0.246,-0.092,0.029,-0.95,1.56,154.73,-0.09,0.98,0.094,-0.058,-0.135,1530,1526,1461,1537,10.00,10.06,29.45,29.40
1787304221.839,34.732,True,1,2.854,3.016,0.136,0.637,10.445,10.443,0.333,2.976,-0.128,3.005,-0.134,0.246,-0.092,0.029,-0.95,1.56,154.73,-0.09,0.98,0.094,-0.058,-0.135,1530,1526,1461,1537,10.00,10.06,39.44,39.39
1787304221.849,34.743,True,1,2.853,3.016,0.154,0.590,10.398,10.396,0.332,2.971,-0.126,3.004,-0.133,0.242,-0.087,0.041,-0.91,1.80,154.99,0.04,1.00,0.104,-0.081,-0.147,1531,1529,1459,1535,10.00,10.06,-0.27,-0.32
1787304221.859,34.752,True,1,2.853,3.016,0.154,0.592,10.400,10.398,0.332,2.971,-0.126,3.003,-0.133,0.242,-0.087,0.041,-0.91,1.80,154.99,0.04,1.01,0.104,-0.081,-0.147,1531,1528,1459,1535,10.00,10.06,9.73,9.68
1787304221.869,34.762,True,1,2.852,3.016,0.159,0.582,10.390,10.387,0.332,2.970,-0.125,3.002,-0.133,0.242,-0.078,0.039,-0.84,1.89,155.11,0.06,0.93,0.099,-0.099,-0.152,1531,1530,1458,1535,10.00,10.06,-0.16,-0.11
1787304221.879,34.772,True,1,2.852,3.016,0.156,0.594,10.402,10.400,0.332,2.968,-0.125,3.000,-0.132,0.241,-0.081,0.034,-0.77,1.94,155.13,-0.00,0.94,0.085,-0.102,-0.153,1529,1531,1458,1535,10.00,10.06,-0.10,-0.05
1787304221.889,34.782,True,1,2.852,3.016,0.156,0.596,10.404,10.402,0.332,2.968,-0.125,2.999,-0.132,0.241,-0.081,0.034,-0.77,1.94,155.13,-0.00,0.94,0.085,-0.102,-0.153,1529,1531,1458,1535,10.00,10.06,9.90,9.95
1787304221.899,34.792,True,1,2.852,3.016,0.156,0.598,10.406,10.403,0.332,2.968,-0.125,2.998,-0.132,0.241,-0.081,0.034,-0.77,1.94,155.13,-0.01,0.95,0.085,-0.101,-0.153,1529,1531,1458,1535,10.00,10.06,19.90,19.95
1787304221.909,34.802,True,1,2.852,3.016,0.156,0.599,10.407,10.405,0.332,2.968,-0.125,2.997,-0.132,0.241,-0.081,0.034,-0.77,1.94,155.13,-0.01,0.95,0.084,-0.101,-0.153,1529,1531,1458,1535,10.00,10.06,29.90,29.95
1787304221.919,34.812,True,1,2.852,3.016,0.156,0.601,10.409,10.407,0.332,2.968,-0.125,2.996,-0.132,0.241,-0.081,0.034,-0.77,1.94,155.13,-0.01,0.96,0.084,-0.101,-0.153,1529,1531,1458,1535,10.00,10.06,39.90,39.95
1787304221.929,34.822,True,1,2.852,3.016,0.156,0.603,10.411,10.408,0.332,2.968,-0.125,2.995,-0.131,0.241,-0.081,0.034,-0.77,1.94,155.13,-0.02,0.96,0.084,-0.100,-0.153,1529,1531,1458,1535,10.00,10.06,49.90,49.95
1787304221.939,34.832,True,1,2.852,3.016,0.156,0.604,10.412,10.410,0.332,2.968,-0.125,2.995,-0.131,0.241,-0.081,0.034,-0.77,1.94,155.13,-0.02,0.96,0.083,-0.100,-0.153,1529,1531,1458,1535,10.00,10.06,59.90,59.95
1787304221.949,34.842,True,1,2.852,3.016,0.156,0.606,10.414,10.412,0.332,2.968,-0.125,2.994,-0.131,0.241,-0.081,0.034,-0.77,1.94,155.13,-0.02,0.97,0.083,-0.099,-0.153,1529,1531,1458,1535,10.00,10.06,69.90,69.95
1787304221.960,34.853,True,1,2.853,3.016,0.191,0.495,10.303,10.301,0.329,2.958,-0.121,2.992,-0.131,0.234,-0.075,0.039,-0.58,1.79,155.31,0.04,0.94,0.070,-0.087,-0.160,1527,1529,1457,1532,10.00,10.06,-0.51,-0.55
1787304221.969,34.862,True,1,2.853,3.016,0.191,0.497,10.305,10.303,0.329,2.958,-0.121,2.991,-0.130,0.234,-0.075,0.039,-0.58,1.79,155.31,0.04,0.95,0.070,-0.087,-0.160,1527,1529,1457,1532,10.00,10.06,9.49,9.44
1787304221.979,34.872,True,1,2.854,3.016,0.208,0.444,10.252,10.251,0.327,2.956,-0.120,2.990,-0.130,0.232,-0.073,0.045,-0.49,1.62,155.37,0.10,0.97,0.066,-0.067,-0.162,1527,1527,1457,1530,10.00,10.06,-0.17,-0.12
1787304221.989,34.882,True,1,2.854,3.016,0.208,0.446,10.254,10.253,0.327,2.956,-0.120,2.989,-0.130,0.232,-0.073,0.045,-0.49,1.62,155.37,0.10,0.98,0.066,-0.066,-0.162,1527,1527,1457,1530,10.00,10.06,9.84,9.88
1787304221.999,34.892,True,1,2.854,3.016,0.208,0.447,10.256,10.254,0.327,2.956,-0.120,2.988,-0.129,0.232,-0.073,0.045,-0.49,1.62,155.37,0.10,0.98,0.066,-0.066,-0.162,1527,1527,1457,1530,10.00,10.06,19.83,19.88
1787304222.009,34.902,True,1,2.854,3.016,0.208,0.449,10.257,10.256,0.327,2.956,-0.120,2.987,-0.129,0.232,-0.073,0.045,-0.49,1.62,155.37,0.10,0.99,0.065,-0.065,-0.162,1527,1527,1457,1530,10.00,10.06,29.83,29.88
1787304222.019,34.912,True,1,2.854,3.016,0.208,0.451,10.259,10.258,0.327,2.956,-0.120,2.986,-0.129,0.232,-0.073,0.045,-0.49,1.62,155.37,0.09,0.99,0.065,-0.065,-0.162,1527,1527,1457,1530,10.00,10.06,39.83,39.88
1787304222.029,34.922,True,1,2.854,3.016,0.208,0.452,10.261,10.259,0.327,2.956,-0.120,2.985,-0.128,0.232,-0.073,0.045,-0.49,1.62,155.37,0.09,1.00,0.065,-0.064,-0.162,1527,1527,1457,1530,10.00,10.06,49.83,49.88
1787304222.039,34.933,True,1,2.859,3.016,0.256,0.289,10.097,10.096,0.322,2.949,-0.117,2.984,-0.128,0.227,-0.063,0.068,-0.19,1.36,155.29,0.34,1.02,0.059,-0.035,-0.159,1526,1523,1457,1524,10.00,10.06,-0.40,-0.45
1787304222.049,34.942,True,1,2.859,3.016,0.256,0.290,10.099,10.098,0.322,2.949,-0.117,2.982,-0.128,0.227,-0.063,0.068,-0.19,1.36,155.29,0.33,1.03,0.059,-0.035,-0.159,1526,1523,1457,1524,10.00,10.06,9.60,9.55
1787304222.059,34.952,True,1,2.859,3.016,0.256,0.292,10.100,10.100,0.322,2.949,-0.117,2.981,-0.127,0.227,-0.063,0.068,-0.19,1.36,155.29,0.33,1.03,0.059,-0.034,-0.159,1526,1523,1457,1525,10.00,10.06,19.60,19.55
1787304222.069,34.962,True,1,2.859,3.016,0.256,0.293,10.102,10.101,0.322,2.949,-0.117,2.980,-0.127,0.227,-0.063,0.068,-0.19,1.36,155.29,0.33,1.04,0.058,-0.034,-0.159,1526,1523,1457,1525,10.00,10.06,29.60,29.55
1787304222.079,34.972,True,1,2.859,3.016,0.256,0.295,10.103,10.103,0.322,2.949,-0.117,2.979,-0.127,0.227,-0.063,0.068,-0.19,1.36,155.29,0.32,1.04,0.058,-0.033,-0.159,1526,1523,1457,1525,10.00,10.06,39.60,39.55
1787304222.089,34.982,True,1,2.859,3.016,0.256,0.296,10.105,10.104,0.323,2.949,-0.117,2.978,-0.126,0.227,-0.063,0.068,-0.19,1.36,155.29,0.32,1.05,0.058,-0.032,-0.159,1526,1523,1457,1525,10.01,10.07,49.61,49.56
1787304222.099,34.992,True,1,2.859,3.016,0.256,0.298,10.106,10.106,0.323,2.949,-0.117,2.977,-0.126,0.227,-0.063,0.068,-0.19,1.36,155.29,0.32,1.05,0.057,-0.032,-0.159,1526,1523,1457,1525,10.00,10.07,59.61,59.56
1787304222.109,35.002,True,1,2.859,3.016,0.256,0.300,10.108,10.108,0.323,2.949,-0.117,2.976,-0.126,0.227,-0.063,0.068,-0.19,1.36,155.29,0.32,1.06,0.057,-0.032,-0.159,1526,1523,1457,1525,9.99,10.06,69.60,69.55
1787304222.120,35.013,True,1,2.869,3.016,0.283,0.184,9.992,9.992,0.319,2.941,-0.114,2.975,-0.125,0.222,-0.067,0.051,0.13,0.98,154.94,0.14,1.04,0.004,0.006,-0.143,1520,1479,1460,1521,10.00,10.06,-0.56,-0.51
1787304222.129,35.022,True,1,2.869,3.016,0.283,0.185,9.994,9.994,0.319,2.941,-0.114,2.974,-0.125,0.222,-0.067,0.051,0.13,0.98,154.94,0.14,1.05,0.004,0.007,-0.143,1520,1479,1460,1521,10.01,10.07,9.45,9.49
1787304222.139,35.032,True,1,2.869,3.016,0.283,0.187,9.995,9.995,0.319,2.941,-0.114,2.973,-0.125,0.222,-0.067,0.051,0.13,0.98,154.94,0.14,1.05,0.004,0.007,-0.143,1520,1479,1460,1521,9.99,10.06,19.44,19.48
1787304222.149,35.042,True,1,2.869,3.016,0.283,0.188,9.997,9.997,0.319,2.941,-0.114,2.972,-0.124,0.222,-0.067,0.051,0.13,0.98,154.94,0.14,1.06,0.004,0.008,-0.143,1520,1479,1460,1521,10.00,10.06,29.44,29.48
1787304222.159,35.052,True,1,2.869,3.016,0.283,0.190,9.998,9.998,0.319,2.941,-0.114,2.971,-0.124,0.222,-0.067,0.051,0.13,0.98,154.94,0.13,1.06,0.003,0.009,-0.143,1520,1479,1460,1521,10.00,10.06,39.44,39.49
1787304222.169,35.063,True,1,2.876,3.016,0.293,0.132,9.941,9.941,0.317,2.935,-0.111,2.970,-0.123,0.218,-0.071,0.041,0.35,1.04,154.46,0.00,1.07,-0.034,0.003,-0.123,1476,1479,1462,1519,10.00,10.07,-0.34,-0.29
1787304222.179,35.072,True,1,2.878,3.016,0.304,0.091,9.900,9.900,0.316,2.934,-0.111,2.968,-0.123,0.217,-0.070,0.048,0.42,1.00,154.38,0.07,1.10,-0.035,0.010,-0.119,1476,1478,1463,1517,10.00,10.07,-0.16,-0.10
1787304222.189,35.082,True,1,2.878,3.016,0.304,0.093,9.901,9.901,0.316,2.934,-0.111,2.967,-0.123,0.217,-0.070,0.048,0.42,1.00,154.38,0.06,1.11,-0.035,0.011,-0.119,1476,1478,1463,1517,9.99,10.06,9.84,9.90
1787304222.199,35.092,True,1,2.878,3.016,0.304,0.094,9.903,9.902,0.316,2.934,-0.111,2.966,-0.122,0.217,-0.070,0.048,0.42,1.00,154.38,0.06,1.12,-0.035,0.011,-0.119,1476,1478,1463,1517,10.00,10.06,19.84,19.90
1787304222.209,35.103,True,1,2.882,3.016,0.302,0.085,9.894,9.893,0.316,2.932,-0.110,2.965,-0.122,0.215,-0.079,0.043,0.60,1.04,154.18,-0.03,1.19,-0.064,0.015,-0.110,1472,1478,1464,1517,10.00,10.06,-0.23,-0.18
1787304222.219,35.112,True,1,2.882,3.016,0.302,0.086,9.895,9.895,0.316,2.932,-0.110,2.964,-0.121,0.215,-0.079,0.043,0.60,1.04,154.18,-0.03,1.19,-0.064,0.015,-0.110,1472,1478,1464,1517,10.00,10.06,9.78,9.82
1787304222.229,35.122,True,1,2.882,3.016,0.302,0.088,9.897,9.896,0.316,2.932,-0.110,2.963,-0.121,0.215,-0.079,0.043,0.60,1.04,154.18,-0.04,1.20,-0.064,0.016,-0.110,1472,1478,1464,1517,10.00,10.06,19.78,19.82
1787304222.239,35.133,True,1,2.889,3.016,0.300,0.066,9.875,9.873,0.315,2.928,-0.108,2.962,-0.121,0.213,-0.082,0.031,0.79,1.09,153.80,-0.17,1.17,-0.099,0.008,-0.094,1468,1479,1466,1516,10.00,10.06,-0.22,-0.17
1787304222.249,35.142,True,1,2.889,3.016,0.300,0.067,9.876,9.875,0.315,2.928,-0.108,2.961,-0.120,0.213,-0.082,0.031,0.79,1.09,153.80,-0.18,1.18,-0.100,0.008,-0.094,1468,1479,1466,1516,10.00,10.06,9.78,9.83
1787304222.259,35.152,True,1,2.889,3.016,0.300,0.069,9.877,9.876,0.315,2.928,-0.108,2.960,-0.120,0.213,-0.082,0.031,0.79,1.09,153.80,-0.18,1.19,-0.100,0.009,-0.094,1468,1479,1466,1517,10.00,10.06,19.78,19.83
1787304222.269,35.163,True,1,2.894,3.016,0.335,-0.051,9.758,9.757,0.311,2.925,-0.108,2.958,-0.119,0.212,-0.078,0.050,0.75,1.05,153.69,0.01,1.26,-0.075,0.021,-0.089,1471,1477,1467,1512,10.00,10.06,-0.10,-0.15
1787304222.279,35.172,True,1,2.898,3.016,0.319,-0.019,9.791,9.789,0.312,2.922,-0.107,2.957,-0.119,0.211,-0.088,0.043,0.80,1.07,153.53,-0.11,1.32,-0.093,0.025,-0.082,1469,1477,1468,1513,10.00,10.06,-0.05,-0.10
1787304222.289,35.182,True,1,2.898,3.016,0.319,-0.017,9.792,9.791,0.312,2.922,-0.107,2.956,-0.119,0.211,-0.088,0.043,0.80,1.07,153.53,-0.11,1.33,-0.094,0.026,-0.082,1469,1477,1468,1513,10.00,10.06,9.95,9.90
1787304222.299,35.192,True,1,2.900,3.016,0.328,-0.055,9.754,9.753,0.311,2.921,-0.106,2.955,-0.118,0.210,-0.083,0.044,0.79,1.13,153.27,-0.08,1.31,-0.089,0.017,-0.071,1470,1478,1470,1512,10.00,10.06,-0.05,-0.10
1787304222.309,35.202,True,1,2.900,3.016,0.328,-0.054,9.755,9.754,0.311,2.921,-0.106,2.954,-0.118,0.210,-0.083,0.044,0.79,1.13,153.27,-0.08,1.31,-0.090,0.018,-0.071,1470,1477,1470,1512,10.00,10.06,9.95,9.90
1787304222.319,35.212,True,1,2.905,3.016,0.328,-0.069,9.741,9.740,0.311,2.919,-0.106,2.953,-0.117,0.209,-0.088,0.047,0.70,1.19,152.93,-0.09,1.38,-0.081,0.019,-0.056,1470,1477,1472,1512,10.00,10.06,-0.10,-0.07
1787304222.329,35.222,True,1,2.905,3.016,0.328,-0.068,9.742,9.741,0.311,2.919,-0.106,2.951,-0.117,0.209,-0.088,0.047,0.70,1.19,152.93,-0.09,1.38,-0.082,0.020,-0.056,1470,1477,1472,1512,10.00,10.06,9.90,9.93
1787304222.339,35.232,True,1,2.905,3.016,0.328,-0.067,9.743,9.742,0.311,2.919,-0.106,2.950,-0.117,0.209,-0.088,0.047,0.70,1.19,152.93,-0.09,1.39,-0.082,0.020,-0.056,1470,1477,1472,1512,10.00,10.06,19.90,19.93
1787304222.349,35.242,True,1,2.905,3.016,0.328,-0.065,9.744,9.743,0.311,2.919,-0.106,2.949,-0.116,0.209,-0.088,0.047,0.70,1.19,152.93,-0.10,1.39,-0.082,0.021,-0.056,1470,1477,1472,1512,10.00,10.06,29.90,29.93
1787304222.359,35.252,True,1,2.905,3.016,0.328,-0.064,9.745,9.744,0.311,2.919,-0.106,2.948,-0.116,0.209,-0.088,0.047,0.70,1.19,152.93,-0.10,1.40,-0.083,0.022,-0.056,1470,1477,1472,1512,10.00,10.06,39.90,39.93
1787304222.369,35.262,True,1,2.905,3.016,0.328,-0.063,9.746,9.745,0.311,2.919,-0.106,2.947,-0.116,0.209,-0.088,0.047,0.70,1.19,152.93,-0.10,1.41,-0.083,0.022,-0.056,1470,1477,1472,1512,10.01,10.07,49.91,49.94
1787304222.379,35.273,True,1,2.919,3.016,0.328,-0.122,9.687,9.686,0.309,2.909,-0.104,2.946,-0.115,0.206,-0.090,0.030,0.39,1.45,152.16,-0.30,1.36,-0.072,-0.009,-0.022,1471,1521,1476,1510,10.00,10.07,-0.41,-0.46
1787304222.389,35.282,True,1,2.919,3.016,0.328,-0.121,9.688,9.687,0.309,2.909,-0.104,2.945,-0.115,0.206,-0.090,0.030,0.39,1.45,152.16,-0.30,1.37,-0.073,-0.009,-0.022,1471,1520,1476,1510,9.99,10.06,9.58,9.53
1787304222.399,35.292,True,1,2.919,3.016,0.328,-0.120,9.689,9.688,0.309,2.909,-0.104,2.944,-0.114,0.206,-0.090,0.030,0.39,1.45,152.16,-0.31,1.37,-0.073,-0.008,-0.022,1471,1520,1476,1510,10.00,10.06,19.58,19.53
1787304222.409,35.302,True,1,2.923,3.016,0.344,-0.179,9.631,9.631,0.307,2.907,-0.104,2.942,-0.114,0.205,-0.087,0.056,0.19,1.54,151.79,-0.06,1.48,-0.026,-0.006,-0.006,1477,1520,1479,1508,10.00,10.06,-0.17,-0.12
1787304222.419,35.312,True,1,2.923,3.016,0.344,-0.178,9.632,9.632,0.307,2.907,-0.104,2.941,-0.114,0.205,-0.087,0.056,0.19,1.54,151.79,-0.07,1.49,-0.027,-0.005,-0.006,1477,1520,1479,1508,10.01,10.06,9.83,9.88
1787304222.429,35.322,True,1,2.923,3.016,0.344,-0.177,9.633,9.633,0.307,2.907,-0.104,2.940,-0.113,0.205,-0.087,0.056,0.19,1.54,151.79,-0.07,1.50,-0.027,-0.004,-0.006,1476,1520,1479,1508,10.00,10.06,19.83,19.88
1787304222.439,35.332,True,1,2.923,3.016,0.344,-0.176,9.634,9.634,0.307,2.907,-0.104,2.939,-0.113,0.205,-0.087,0.056,0.19,1.54,151.79,-0.08,1.50,-0.028,-0.004,-0.006,1476,1520,1479,1508,10.00,10.06,29.83,29.88
1787304222.449,35.342,True,1,2.923,3.016,0.344,-0.175,9.635,9.635,0.308,2.907,-0.104,2.938,-0.113,0.205,-0.087,0.056,0.19,1.54,151.79,-0.08,1.51,-0.028,-0.003,-0.006,1476,1520,1479,1508,10.00,10.06,39.83,39.88
1787304222.459,35.352,True,1,2.923,3.016,0.344,-0.174,9.636,9.636,0.308,2.907,-0.104,2.937,-0.113,0.205,-0.087,0.056,0.19,1.54,151.79,-0.08,1.51,-0.028,-0.003,-0.006,1476,1520,1479,1508,10.00,10.06,49.83,49.88
1787304222.469,35.363,True,1,2.939,3.016,0.312,-0.145,9.665,9.665,0.308,2.897,-0.102,2.936,-0.112,0.202,-0.097,0.023,-0.15,1.72,151.06,-0.47,1.43,-0.034,-0.030,0.026,1476,1523,1523,1509,10.00,10.06,-0.41,-0.46
1787304222.479,35.372,True,1,2.939,3.016,0.312,-0.144,9.666,9.666,0.309,2.897,-0.102,2.934,-0.112,0.202,-0.097,0.023,-0.15,1.72,151.06,-0.47,1.44,-0.034,-0.029,0.026,1476,1523,1523,1509,10.00,10.06,9.60,9.55
1787304222.489,35.382,True,1,2.939,3.016,0.312,-0.143,9.667,9.667,0.309,2.897,-0.102,2.933,-0.111,0.202,-0.097,0.023,-0.15,1.72,151.06,-0.47,1.45,-0.035,-0.028,0.026,1476,1523,1523,1509,10.00,10.06,19.59,19.54
1787304222.499,35.392,True,1,2.939,3.016,0.312,-0.142,9.668,9.668,0.309,2.897,-0.102,2.932,-0.111,0.202,-0.097,0.023,-0.15,1.72,151.06,-0.48,1.46,-0.035,-0.027,0.026,1476,1523,1523,1509,10.00,10.06,29.60,29.55
1787304222.509,35.402,True,1,2.939,3.016,0.312,-0.141,9.669,9.668,0.309,2.897,-0.102,2.931,-0.111,0.202,-0.097,0.023,-0.15,1.72,151.06,-0.48,1.46,-0.036,-0.027,0.026,1476,1522,1523,1509,10.00,10.06,39.59,39.55
1787304222.519,35.412,True,1,2.939,3.016,0.312,-0.141,9.669,9.669,0.309,2.897,-0.102,2.930,-0.111,0.202,-0.097,0.023,-0.15,1.72,151.06,-0.49,1.47,-0.036,-0.026,0.026,1475,1522,1523,1509,10.00,10.06,49.60,49.55
1787304222.529,35.422,True,1,2.939,3.016,0.312,-0.140,9.670,9.670,0.309,2.897,-0.102,2.929,-0.110,0.202,-0.097,0.023,-0.15,1.72,151.06,-0.49,1.47,-0.036,-0.026,0.026,1475,1522,1523,1509,10.00,10.06,59.59,59.54
1787304222.539,35.432,True,1,2.939,3.016,0.312,-0.139,9.671,9.671,0.309,2.897,-0.102,2.927,-0.110,0.202,-0.097,0.023,-0.15,1.72,151.06,-0.49,1.48,-0.037,-0.025,0.026,1475,1522,1523,1509,10.00,10.06,69.60,69.55
1787304222.550,35.443,True,1,2.956,3.016,0.315,-0.216,9.594,9.594,0.306,2.885,-0.099,2.926,-0.110,0.199,-0.086,0.041,-0.79,1.85,150.15,-0.29,1.49,0.050,-0.039,0.065,1525,1524,1529,1506,10.00,10.06,-0.55,-0.60
1787304222.559,35.452,True,1,2.956,3.016,0.315,-0.215,9.595,9.594,0.306,2.885,-0.099,2.925,-0.109,0.199,-0.086,0.041,-0.79,1.85,150.15,-0.30,1.50,0.049,-0.038,0.065,1525,1524,1529,1506,10.00,10.06,9.44,9.40
1787304222.569,35.462,True,1,2.956,3.016,0.315,-0.215,9.595,9.595,0.306,2.885,-0.099,2.923,-0.109,0.199,-0.086,0.041,-0.79,1.85,150.15,-0.30,1.50,0.049,-0.038,0.065,1525,1524,1529,1506,10.00,10.06,19.45,19.40
1787304222.579,35.472,True,1,2.956,3.016,0.315,-0.214,9.596,9.596,0.306,2.885,-0.099,2.922,-0.109,0.199,-0.086,0.041,-0.79,1.85,150.15,-0.31,1.51,0.048,-0.037,0.065,1525,1524,1529,1506,10.00,10.06,29.44,29.40
1787304222.589,35.482,True,1,2.956,3.016,0.315,-0.213,9.597,9.596,0.306,2.885,-0.099,2.921,-0.108,0.199,-0.086,0.041,-0.79,1.85,150.15,-0.31,1.52,0.048,-0.036,0.065,1525,1524,1529,1506,10.00,10.06,39.44,39.40
1787304222.599,35.492,True,1,2.956,3.016,0.315,-0.213,9.597,9.597,0.306,2.885,-0.099,2.920,-0.108,0.199,-0.086,0.041,-0.79,1.85,150.15,-0.32,1.53,0.047,-0.035,0.065,1525,1523,1529,1506,10.00,10.06,49.45,49.40
1787304222.609,35.502,True,1,2.956,3.016,0.315,-0.212,9.598,9.598,0.306,2.885,-0.099,2.919,-0.108,0.199,-0.086,0.041,-0.79,1.85,150.15,-0.32,1.53,0.047,-0.035,0.065,1525,1523,1529,1506,10.00,10.06,59.45,59.40
1787304222.619,35.512,True,1,2.956,3.016,0.315,-0.212,9.599,9.598,0.306,2.885,-0.099,2.917,-0.107,0.199,-0.086,0.041,-0.79,1.85,150.15,-0.32,1.54,0.047,-0.034,0.065,1525,1523,1529,1506,10.00,10.06,69.45,69.40
1787304222.629,35.522,True,1,2.956,3.016,0.315,-0.211,9.599,9.599,0.306,2.885,-0.099,2.916,-0.107,0.199,-0.086,0.041,-0.79,1.85,150.15,-0.33,1.54,0.046,-0.033,0.065,1525,1523,1529,1506,10.00,10.06,79.45,79.40
1787304222.640,35.533,True,1,2.972,3.016,0.291,-0.202,9.608,9.606,0.307,2.875,-0.095,2.915,-0.107,0.194,-0.073,0.052,-1.03,1.90,149.64,-0.17,1.49,0.088,-0.045,0.087,1529,1524,1532,1507,10.00,10.06,-0.56,-0.60
1787304222.649,35.542,True,1,2.972,3.016,0.291,-0.202,9.608,9.607,0.307,2.875,-0.095,2.914,-0.106,0.194,-0.073,0.052,-1.03,1.90,149.64,-0.17,1.50,0.087,-0.044,0.087,1529,1524,1532,1507,10.00,10.06,9.45,9.40
1787304222.659,35.552,True,1,2.972,3.016,0.291,-0.201,9.609,9.607,0.307,2.875,-0.095,2.912,-0.106,0.194,-0.073,0.052,-1.03,1.90,149.64,-0.18,1.50,0.087,-0.043,0.087,1529,1524,1532,1507,10.00,10.06,19.45,19.40
1787304222.669,35.562,True,1,2.972,3.016,0.291,-0.201,9.609,9.608,0.307,2.875,-0.095,2.911,-0.106,0.194,-0.073,0.052,-1.03,1.90,149.64,-0.18,1.51,0.086,-0.042,0.087,1529,1524,1532,1507,10.00,10.06,29.44,29.39
1787304222.679,35.572,True,1,2.972,3.016,0.291,-0.201,9.610,9.608,0.307,2.875,-0.095,2.910,-0.105,0.194,-0.073,0.052,-1.03,1.90,149.64,-0.19,1.52,0.086,-0.042,0.087,1529,1524,1532,1507,10.00,10.06,39.44,39.40
1787304222.689,35.582,True,1,2.972,3.016,0.291,-0.200,9.610,9.609,0.307,2.875,-0.095,2.909,-0.105,0.194,-0.073,0.052,-1.03,1.90,149.64,-0.19,1.53,0.085,-0.041,0.087,1529,1524,1532,1507,10.00,10.06,49.45,49.40
1787304222.699,35.592,True,1,2.972,3.016,0.291,-0.200,9.611,9.609,0.307,2.875,-0.095,2.908,-0.104,0.194,-0.073,0.052,-1.03,1.90,149.64,-0.19,1.53,0.085,-0.040,0.087,1529,1524,1532,1507,10.00,10.06,59.45,59.40
1787304222.709,35.603,True,1,2.980,3.016,0.247,-0.097,9.713,9.711,0.310,2.869,-0.091,2.906,-0.104,0.192,-0.066,0.049,-1.27,1.85,149.60,-0.20,1.45,0.110,-0.044,0.088,1532,1524,1532,1511,10.00,10.06,-0.46,-0.42
1787304222.719,35.612,True,1,2.984,3.016,0.227,-0.053,9.757,9.755,0.311,2.866,-0.090,2.905,-0.104,0.190,-0.062,0.055,-1.30,1.82,149.64,-0.12,1.44,0.120,-0.042,0.087,1533,1524,1532,1512,10.00,10.06,-0.10,-0.15
1787304222.729,35.622,True,1,2.984,3.016,0.227,-0.052,9.757,9.755,0.311,2.866,-0.090,2.904,-0.103,0.190,-0.062,0.055,-1.30,1.82,149.64,-0.13,1.45,0.120,-0.041,0.087,1533,1524,1532,1512,10.00,10.06,9.90,9.85
1787304222.739,35.632,True,1,2.984,3.016,0.227,-0.052,9.758,9.756,0.311,2.866,-0.090,2.903,-0.103,0.190,-0.062,0.055,-1.30,1.82,149.64,-0.13,1.46,0.119,-0.040,0.087,1533,1524,1532,1512,10.00,10.06,19.89,19.85
1787304222.749,35.642,True,1,2.984,3.016,0.227,-0.052,9.758,9.756,0.311,2.866,-0.090,2.901,-0.102,0.190,-0.062,0.055,-1.30,1.82,149.64,-0.13,1.47,0.119,-0.039,0.087,1533,1524,1532,1512,10.00,10.06,29.90,29.85
1787304222.759,35.653,True,1,2.988,3.016,0.217,-0.038,9.772,9.769,0.312,2.863,-0.087,2.900,-0.102,0.188,-0.057,0.063,-1.25,1.74,149.76,-0.03,1.47,0.126,-0.030,0.082,1533,1523,1531,1513,10.00,10.06,-0.17,-0.22
1787304222.769,35.662,True,1,2.988,3.016,0.217,-0.038,9.772,9.770,0.312,2.863,-0.087,2.899,-0.101,0.188,-0.057,0.063,-1.25,1.74,149.76,-0.03,1.47,0.125,-0.029,0.082,1533,1523,1531,1513,10.00,10.06,9.84,9.79
1787304222.779,35.672,True,1,2.988,3.016,0.217,-0.038,9.772,9.770,0.312,2.863,-0.087,2.898,-0.101,0.188,-0.057,0.063,-1.25,1.74,149.76,-0.04,1.48,0.125,-0.029,0.082,1533,1523,1531,1513,10.00,10.06,19.83,19.79
1787304222.789,35.682,True,1,2.988,3.016,0.217,-0.037,9.773,9.770,0.312,2.863,-0.087,2.897,-0.100,0.188,-0.057,0.063,-1.25,1.74,149.76,-0.04,1.49,0.125,-0.028,0.082,1533,1523,1531,1513,10.00,10.06,29.84,29.79
1787304222.799,35.693,True,1,2.990,3.016,0.206,-0.015,9.796,9.793,0.313,2.860,-0.085,2.895,-0.100,0.185,-0.049,0.081,-1.09,1.68,150.09,0.17,1.51,0.130,-0.018,0.068,1534,1522,1529,1514,10.00,10.06,-0.35,-0.30
1787304222.809,35.702,True,1,2.990,3.016,0.206,-0.014,9.796,9.793,0.313,2.860,-0.085,2.894,-0.099,0.185,-0.049,0.081,-1.09,1.68,150.09,0.17,1.52,0.130,-0.018,0.068,1534,1521,1529,1514,10.00,10.06,9.65,9.70
1787304222.819,35.712,True,1,2.990,3.016,0.206,-0.014,9.796,9.794,0.313,2.860,-0.085,2.893,-0.099,0.185,-0.049,0.081,-1.09,1.68,150.09,0.17,1.53,0.130,-0.017,0.068,1534,1521,1529,1514,10.00,10.06,19.65,19.70
1787304222.829,35.722,True,1,2.990,3.016,0.206,-0.014,9.796,9.794,0.313,2.860,-0.085,2.892,-0.098,0.185,-0.049,0.081,-1.09,1.68,150.09,0.16,1.53,0.129,-0.016,0.068,1534,1521,1529,1514,10.00,10.06,29.65,29.70
1787304222.839,35.732,True,1,2.990,3.016,0.206,-0.013,9.797,9.794,0.313,2.860,-0.085,2.891,-0.098,0.185,-0.049,0.081,-1.09,1.68,150.09,0.16,1.54,0.129,-0.015,0.068,1534,1521,1529,1514,10.00,10.06,39.65,39.70
1787304222.849,35.742,True,1,2.990,3.016,0.206,-0.013,9.797,9.795,0.313,2.860,-0.085,2.890,-0.097,0.185,-0.049,0.081,-1.09,1.68,150.09,0.16,1.55,0.129,-0.015,0.068,1534,1521,1529,1514,10.00,10.06,49.65,49.70
1787304222.859,35.752,True,1,2.990,3.016,0.206,-0.013,9.797,9.795,0.313,2.860,-0.085,2.889,-0.097,0.185,-0.049,0.081,-1.09,1.68,150.09,0.16,1.55,0.129,-0.014,0.068,1534,1521,1529,1514,10.00,10.06,59.65,59.70
1787304222.869,35.762,True,1,2.990,3.016,0.206,-0.013,9.798,9.795,0.313,2.860,-0.085,2.888,-0.097,0.185,-0.049,0.081,-1.09,1.68,150.09,0.15,1.56,0.128,-0.013,0.068,1534,1521,1529,1514,10.00,10.06,69.65,69.70
1787304222.879,35.772,True,1,2.990,3.016,0.206,-0.012,9.798,9.796,0.313,2.860,-0.085,2.887,-0.096,0.185,-0.049,0.081,-1.09,1.68,150.09,0.15,1.57,0.128,-0.013,0.068,1534,1521,1529,1514,10.00,10.06,79.65,79.70
1787304222.890,35.783,True,1,2.997,3.016,0.146,0.142,9.953,9.951,0.318,2.854,-0.077,2.886,-0.096,0.178,-0.041,0.100,-0.61,1.53,150.88,0.38,1.58,0.103,0.004,0.034,1531,1479,1524,1519,10.00,10.06,-0.59,-0.55
1787304222.899,35.792,True,1,2.997,3.016,0.146,0.142,9.953,9.951,0.318,2.854,-0.077,2.885,-0.095,0.178,-0.041,0.100,-0.61,1.53,150.88,0.38,1.58,0.103,0.005,0.034,1531,1479,1524,1519,10.00,10.06,9.40,9.45
1787304222.909,35.802,True,1,2.997,3.016,0.146,0.142,9.953,9.952,0.318,2.854,-0.077,2.884,-0.094,0.178,-0.041,0.100,-0.61,1.53,150.88,0.38,1.59,0.103,0.006,0.034,1531,1479,1524,1519,10.00,10.06,19.41,19.45
1787304222.919,35.812,True,1,2.997,3.016,0.146,0.143,9.953,9.952,0.318,2.854,-0.077,2.883,-0.094,0.178,-0.041,0.100,-0.61,1.53,150.88,0.38,1.60,0.103,0.007,0.034,1531,1479,1524,1519,10.00,10.06,29.40,29.45
1787304222.929,35.822,True,1,2.997,3.016,0.146,0.143,9.954,9.952,0.318,2.854,-0.077,2.882,-0.093,0.178,-0.041,0.100,-0.61,1.53,150.88,0.38,1.60,0.103,0.007,0.034,1531,1479,1524,1519,10.00,10.06,39.41,39.45
1787304222.939,35.832,True,1,2.997,3.016,0.146,0.143,9.954,9.952,0.318,2.854,-0.077,2.881,-0.093,0.178,-0.041,0.100,-0.61,1.53,150.88,0.37,1.61,0.103,0.008,0.034,1531,1479,1524,1519,10.00,10.06,49.41,49.45
1787304222.950,35.843,True,1,2.999,3.016,0.084,0.320,10.132,10.130,0.323,2.849,-0.068,2.880,-0.092,0.171,-0.042,0.118,-0.44,1.29,151.56,0.54,1.68,0.103,0.041,0.005,1531,1475,1520,1526,10.00,10.06,-0.52,-0.57
1787304222.959,35.852,True,1,2.999,3.016,0.084,0.320,10.132,10.130,0.323,2.849,-0.068,2.879,-0.091,0.171,-0.042,0.118,-0.44,1.29,151.56,0.54,1.69,0.103,0.042,0.005,1531,1475,1520,1526,10.02,10.08,9.50,9.45
1787304222.969,35.862,True,1,2.999,3.016,0.085,0.321,10.132,10.130,0.323,2.848,-0.066,2.878,-0.090,0.169,-0.034,0.129,-0.36,1.21,151.78,0.69,1.67,0.110,0.048,-0.005,1532,1474,1479,1526,9.98,10.06,-0.06,-0.11
1787304222.979,35.872,True,1,2.999,3.016,0.085,0.321,10.133,10.131,0.323,2.848,-0.066,2.877,-0.089,0.169,-0.034,0.129,-0.36,1.21,151.78,0.69,1.68,0.110,0.049,-0.005,1532,1474,1479,1526,10.00,10.06,9.95,9.89
1787304222.989,35.882,True,1,2.999,3.016,0.085,0.321,10.133,10.131,0.323,2.848,-0.066,2.876,-0.089,0.169,-0.034,0.129,-0.36,1.21,151.78,0.69,1.69,0.110,0.050,-0.005,1532,1474,1479,1526,10.00,10.06,19.94,19.89
1787304222.999,35.892,True,1,2.999,3.016,0.085,0.321,10.133,10.131,0.323,2.848,-0.066,2.875,-0.088,0.169,-0.034,0.129,-0.36,1.21,151.78,0.68,1.70,0.110,0.051,-0.005,1532,1474,1479,1526,10.00,10.06,29.95,29.89
1787304223.009,35.902,True,1,2.999,3.016,0.085,0.321,10.133,10.131,0.323,2.848,-0.066,2.874,-0.087,0.169,-0.034,0.129,-0.36,1.21,151.78,0.68,1.70,0.110,0.051,-0.005,1532,1474,1479,1526,10.00,10.06,39.94,39.89
1787304223.019,35.913,True,1,2.997,3.016,0.053,0.424,10.236,10.233,0.327,2.846,-0.060,2.873,-0.086,0.163,-0.022,0.141,-0.42,1.12,152.33,0.85,1.64,0.134,0.054,-0.029,1534,1473,1475,1529,10.00,10.06,-0.38,-0.43
1787304223.029,35.922,True,1,2.997,3.016,0.053,0.424,10.236,10.233,0.327,2.846,-0.060,2.872,-0.085,0.163,-0.022,0.141,-0.42,1.12,152.33,0.85,1.64,0.134,0.055,-0.029,1534,1473,1475,1529,10.00,10.06,9.62,9.57
1787304223.039,35.932,True,1,2.995,3.016,0.038,0.476,10.287,10.285,0.328,2.845,-0.057,2.871,-0.084,0.161,-0.028,0.131,-0.48,1.11,152.44,0.74,1.65,0.128,0.056,-0.034,1534,1473,1475,1531,10.00,10.06,-0.07,-0.12
1787304223.049,35.942,True,1,2.995,3.016,0.038,0.476,10.288,10.285,0.328,2.845,-0.057,2.870,-0.083,0.161,-0.028,0.131,-0.48,1.11,152.44,0.74,1.65,0.128,0.057,-0.034,1534,1473,1475,1531,10.00,10.06,9.93,9.88
1787304223.059,35.952,True,1,2.995,3.016,0.038,0.476,10.288,10.285,0.328,2.845,-0.057,2.870,-0.083,0.161,-0.028,0.131,-0.48,1.11,152.44,0.74,1.66,0.128,0.058,-0.034,1534,1473,1475,1531,10.00,10.06,19.93,19.87
1787304223.069,35.962,True,1,2.995,3.016,0.038,0.476,10.288,10.285,0.328,2.845,-0.057,2.869,-0.082,0.161,-0.028,0.131,-0.48,1.11,152.44,0.74,1.67,0.128,0.059,-0.034,1534,1473,1475,1531,10.00,10.06,29.93,29.87
1787304223.079,35.973,True,1,2.990,3.016,0.021,0.549,10.362,10.357,0.331,2.842,-0.050,2.868,-0.081,0.155,-0.019,0.155,-0.60,1.34,152.84,0.99,1.69,0.169,0.037,-0.052,1538,1475,1472,1534,10.00,10.06,-0.27,-0.32
1787304223.089,35.982,True,1,2.990,3.016,0.021,0.549,10.362,10.358,0.331,2.842,-0.050,2.867,-0.080,0.155,-0.019,0.155,-0.60,1.34,152.84,1.00,1.70,0.169,0.038,-0.052,1538,1475,1472,1534,10.00,10.06,9.74,9.69
1787304223.099,35.992,True,1,2.990,3.016,0.021,0.549,10.362,10.358,0.331,2.842,-0.050,2.866,-0.079,0.155,-0.019,0.155,-0.60,1.34,152.84,1.00,1.71,0.169,0.038,-0.052,1538,1475,1472,1534,10.00,10.06,19.73,19.68
1787304223.109,36.002,True,1,2.990,3.016,0.021,0.550,10.362,10.358,0.331,2.842,-0.050,2.865,-0.078,0.155,-0.019,0.155,-0.60,1.34,152.84,1.00,1.71,0.169,0.039,-0.051,1538,1475,1472,1534,10.00,10.06,29.73,29.69
1787304223.119,36.013,True,1,2.985,3.016,-0.000,0.634,10.447,10.443,0.333,2.840,-0.045,2.865,-0.077,0.150,-0.024,0.152,-0.57,1.57,153.17,0.96,1.72,0.162,0.017,-0.066,1537,1478,1470,1537,10.00,10.06,-0.26,-0.31
1787304223.129,36.022,True,1,2.985,3.016,-0.000,0.634,10.447,10.443,0.333,2.840,-0.045,2.864,-0.075,0.150,-0.024,0.152,-0.57,1.57,153.17,0.96,1.73,0.162,0.018,-0.066,1537,1478,1470,1537,10.00,10.06,9.74,9.69
1787304223.139,36.032,True,1,2.985,3.016,-0.000,0.634,10.447,10.444,0.333,2.840,-0.045,2.863,-0.074,0.150,-0.024,0.152,-0.57,1.57,153.17,0.96,1.74,0.163,0.018,-0.066,1537,1477,1470,1537,10.00,10.06,19.74,19.69
1787304223.149,36.042,True,1,2.985,3.016,-0.000,0.635,10.448,10.444,0.333,2.840,-0.045,2.862,-0.073,0.150,-0.024,0.152,-0.57,1.57,153.17,0.96,1.75,0.163,0.019,-0.066,1537,1477,1470,1537,10.00,10.06,29.74,29.69
1787304223.159,36.052,True,1,2.985,3.016,-0.000,0.635,10.448,10.444,0.333,2.840,-0.045,2.861,-0.072,0.150,-0.024,0.152,-0.57,1.57,153.17,0.97,1.75,0.163,0.020,-0.066,1537,1477,1470,1537,10.00,10.06,39.74,39.69
1787304223.169,36.063,True,1,2.978,3.016,-0.025,0.736,10.549,10.545,0.337,2.837,-0.036,2.861,-0.071,0.143,-0.018,0.162,-0.49,1.67,153.53,1.08,1.73,0.167,0.007,-0.082,1538,1479,1468,1540,10.00,10.06,-0.27,-0.32
1787304223.179,36.072,True,1,2.976,3.016,-0.015,0.714,10.528,10.523,0.336,2.837,-0.034,2.860,-0.070,0.141,-0.013,0.177,-0.42,1.70,153.59,1.25,1.77,0.177,0.007,-0.084,1539,1479,1468,1539,10.00,10.07,-0.09,-0.15
1787304223.189,36.082,True,1,2.976,3.016,-0.015,0.714,10.528,10.524,0.336,2.837,-0.034,2.859,-0.069,0.141,-0.013,0.177,-0.42,1.70,153.59,1.25,1.78,0.177,0.008,-0.084,1539,1479,1468,1539,10.00,10.06,9.91,9.85
1787304223.199,36.092,True,1,2.975,3.016,0.002,0.669,10.484,10.480,0.334,2.836,-0.032,2.858,-0.068,0.139,-0.016,0.181,-0.29,1.74,153.74,1.29,1.83,0.168,0.010,-0.091,1538,1478,1467,1538,10.00,10.06,-0.17,-0.12
1787304223.209,36.102,True,1,2.973,3.016,-0.006,0.702,10.517,10.512,0.336,2.835,-0.029,2.857,-0.066,0.137,-0.008,0.192,-0.29,1.74,153.74,1.42,1.81,0.182,0.008,-0.091,1540,1479,1467,1539,10.00,10.06,9.83,-0.05
1787304223.219,36.112,True,1,2.973,3.016,-0.006,0.702,10.517,10.513,0.336,2.835,-0.029,2.857,-0.065,0.137,-0.008,0.192,-0.29,1.74,153.74,1.42,1.82,0.182,0.009,-0.091,1540,1478,1467,1539,10.00,10.06,19.83,9.95
1787304223.229,36.122,True,1,2.973,3.016,-0.006,0.703,10.518,10.513,0.336,2.835,-0.029,2.856,-0.064,0.137,-0.008,0.192,-0.29,1.74,153.74,1.42,1.82,0.183,0.010,-0.091,1540,1478,1467,1539,10.00,10.06,29.83,19.95
1787304223.239,36.132,True,1,2.973,3.016,-0.006,0.703,10.518,10.514,0.336,2.835,-0.029,2.855,-0.063,0.137,-0.008,0.192,-0.29,1.74,153.74,1.43,1.83,0.183,0.010,-0.091,1540,1478,1467,1539,10.00,10.06,39.83,29.95
1787304223.249,36.142,True,1,2.973,3.016,-0.006,0.704,10.519,10.514,0.336,2.835,-0.029,2.855,-0.062,0.137,-0.008,0.192,-0.29,1.74,153.74,1.43,1.84,0.183,0.011,-0.091,1540,1478,1467,1539,10.00,10.06,49.83,39.95
1787304223.259,36.152,True,1,2.973,3.016,-0.006,0.704,10.519,10.515,0.336,2.835,-0.029,2.854,-0.060,0.137,-0.008,0.192,-0.29,1.74,153.74,1.43,1.84,0.184,0.012,-0.091,1540,1478,1467,1539,10.00,10.06,59.83,49.95
1787304223.269,36.162,True,1,2.973,3.016,-0.006,0.704,10.520,10.515,0.336,2.835,-0.029,2.853,-0.059,0.137,-0.008,0.192,-0.29,1.74,153.74,1.44,1.85,0.184,0.012,-0.091,1540,1478,1467,1539,10.00,10.06,69.83,59.95
1787304223.280,36.173,True,1,2.964,3.016,-0.012,0.758,10.575,10.572,0.337,2.832,-0.012,2.853,-0.058,0.122,0.002,0.217,0.20,1.81,154.02,1.70,1.86,0.160,0.004,-0.103,1537,1479,1465,1541,10.00,10.06,-0.54,-0.59
1787304223.289,36.182,True,1,2.964,3.016,-0.012,0.759,10.576,10.572,0.337,2.832,-0.012,2.852,-0.056,0.122,0.002,0.217,0.20,1.81,154.02,1.71,1.87,0.161,0.005,-0.103,1537,1479,1465,1541,10.00,10.06,9.46,9.42
1787304223.299,36.192,True,1,2.964,3.016,-0.012,0.759,10.576,10.573,0.337,2.832,-0.012,2.851,-0.055,0.122,0.002,0.217,0.20,1.81,154.02,1.71,1.87,0.161,0.006,-0.103,1537,1479,1465,1541,10.00,10.06,19.46,19.41
1787304223.309,36.202,True,1,2.964,3.016,-0.012,0.760,10.577,10.573,0.337,2.832,-0.012,2.851,-0.053,0.122,0.002,0.217,0.20,1.81,154.02,1.72,1.88,0.162,0.007,-0.103,1537,1479,1465,1541,10.00,10.06,29.46,29.42
1787304223.319,36.212,True,1,2.964,3.016,-0.012,0.760,10.578,10.574,0.337,2.832,-0.012,2.850,-0.052,0.122,0.002,0.217,0.20,1.81,154.02,1.72,1.89,0.162,0.008,-0.103,1537,1479,1465,1541,10.00,10.06,39.47,39.42
1787304223.329,36.222,True,1,2.964,3.016,-0.012,0.761,10.578,10.574,0.338,2.832,-0.012,2.849,-0.051,0.122,0.002,0.217,0.20,1.81,154.02,1.73,1.90,0.163,0.008,-0.103,1537,1479,1465,1541,10.00,10.07,49.47,49.42
1787304223.339,36.233,True,1,2.960,3.016,-0.008,0.767,10.584,10.582,0.338,2.830,0.000,2.849,-0.049,0.112,-0.006,0.213,0.58,1.69,154.09,1.67,1.95,0.117,0.026,-0.106,1532,1477,1465,1541,10.00,10.06,-0.39,-0.44
1787304223.349,36.242,True,1,2.960,3.016,-0.008,0.768,10.585,10.584,0.338,2.830,0.000,2.848,-0.047,0.112,-0.006,0.213,0.78,1.60,154.02,1.67,1.96,0.096,0.036,-0.104,1530,1476,1465,1541,10.00,10.06,-0.09,9.56
1787304223.359,36.252,True,1,2.959,3.016,-0.000,0.747,10.565,10.563,0.337,2.830,0.002,2.848,-0.046,0.110,0.003,0.224,0.92,1.51,153.99,1.81,1.95,0.096,0.044,-0.103,1530,1475,1465,1541,10.00,10.06,-0.11,-0.05
1787304223.369,36.262,True,1,2.959,3.016,-0.000,0.747,10.565,10.564,0.337,2.830,0.002,2.847,-0.044,0.110,0.003,0.224,0.92,1.51,153.99,1.81,1.95,0.097,0.045,-0.103,1530,1475,1465,1541,10.00,10.07,9.89,9.95
1787304223.379,36.272,True,1,2.959,3.016,-0.000,0.748,10.566,10.564,0.337,2.830,0.002,2.846,-0.043,0.110,0.003,0.224,0.92,1.51,153.99,1.82,1.96,0.097,0.045,-0.103,1530,1474,1465,1541,10.00,10.06,19.89,19.94
1787304223.389,36.282,True,1,2.959,3.016,-0.000,0.748,10.567,10.565,0.337,2.830,0.002,2.846,-0.041,0.110,0.003,0.224,0.92,1.51,153.99,1.83,1.97,0.098,0.046,-0.103,1530,1474,1465,1541,10.00,10.06,29.89,29.94
1787304223.399,36.292,True,1,2.959,3.016,-0.000,0.749,10.567,10.566,0.337,2.830,0.002,2.845,-0.040,0.110,0.003,0.224,0.92,1.51,153.99,1.83,1.97,0.099,0.047,-0.103,1530,1474,1465,1541,10.00,10.06,39.89,39.95
1787304223.409,36.302,True,1,2.959,3.016,-0.000,0.750,10.568,10.566,0.337,2.830,0.002,2.845,-0.038,0.110,0.003,0.224,0.92,1.51,153.99,1.84,1.98,0.099,0.047,-0.103,1530,1474,1465,1541,10.01,10.07,49.90,49.95
1787304223.419,36.312,True,1,2.959,3.016,-0.000,0.750,10.569,10.567,0.337,2.830,0.002,2.844,-0.037,0.110,0.003,0.224,0.92,1.51,153.99,1.84,1.99,0.100,0.048,-0.103,1531,1474,1465,1541,10.00,10.07,59.89,59.95
1787304223.429,36.322,True,1,2.959,3.016,-0.000,0.751,10.569,10.567,0.337,2.830,0.002,2.844,-0.036,0.110,0.003,0.224,0.92,1.51,153.99,1.85,1.99,0.100,0.049,-0.103,1531,1474,1465,1541,10.00,10.07,69.89,69.95
1787304223.440,36.333,True,1,2.956,3.016,0.018,0.709,10.529,10.527,0.336,2.830,0.023,2.843,-0.034,0.092,-0.000,0.234,1.68,1.07,153.47,1.92,2.09,0.026,0.105,-0.082,1522,1468,1468,1540,10.00,10.06,-0.53,-0.58
1787304223.449,36.342,True,1,2.956,3.016,0.018,0.710,10.530,10.528,0.336,2.830,0.023,2.843,-0.032,0.092,-0.000,0.234,1.68,1.07,153.47,1.92,2.10,0.027,0.106,-0.082,1523,1468,1468,1540,10.00,10.07,9.47,9.42
1787304223.459,36.352,True,1,2.956,3.016,0.018,0.711,10.530,10.529,0.336,2.830,0.023,2.843,-0.030,0.092,-0.000,0.234,1.68,1.07,153.47,1.93,2.11,0.028,0.107,-0.082,1523,1468,1468,1540,10.00,10.07,19.47,19.43
1787304223.469,36.362,True,1,2.956,3.016,0.018,0.711,10.531,10.529,0.336,2.830,0.023,2.842,-0.028,0.092,-0.000,0.234,1.68,1.07,153.47,1.94,2.12,0.029,0.108,-0.082,1523,1468,1468,1540,9.99,10.06,29.47,29.42
1787304223.479,36.373,True,1,2.955,3.016,0.049,0.623,10.444,10.441,0.333,2.829,0.031,2.842,-0.026,0.086,-0.002,0.244,1.90,0.96,153.15,2.03,2.22,0.015,0.130,-0.070,1521,1465,1470,1537,10.00,10.06,-0.18,-0.23
1787304223.489,36.382,True,1,2.955,3.016,0.049,0.624,10.445,10.442,0.333,2.829,0.031,2.841,-0.024,0.086,-0.002,0.244,1.90,0.96,153.15,2.04,2.22,0.016,0.130,-0.070,1521,1465,1470,1537,10.00,10.06,9.82,9.77
1787304223.499,36.392,True,1,2.955,3.016,0.049,0.624,10.445,10.443,0.333,2.829,0.031,2.841,-0.022,0.086,-0.002,0.244,1.90,0.96,153.15,2.05,2.23,0.016,0.131,-0.070,1521,1465,1470,1537,10.00,10.06,19.82,19.77
1787304223.509,36.402,True,1,2.955,3.016,0.049,0.625,10.446,10.444,0.333,2.829,0.031,2.841,-0.021,0.086,-0.002,0.244,1.90,0.96,153.15,2.06,2.24,0.017,0.132,-0.070,1521,1465,1470,1537,10.00,10.06,29.82,29.77
1787304223.519,36.413,True,1,2.954,3.016,0.049,0.630,10.452,10.449,0.333,2.829,0.042,2.840,-0.018,0.078,-0.022,0.244,2.33,0.98,152.42,1.95,2.44,-0.040,0.152,-0.040,1475,1463,1474,1537,10.00,10.06,-0.36,-0.31
1787304223.529,36.422,True,1,2.954,3.016,0.049,0.631,10.453,10.449,0.334,2.829,0.042,2.840,-0.016,0.078,-0.022,0.244,2.33,0.98,152.42,1.96,2.45,-0.039,0.153,-0.040,1475,1463,1474,1537,10.00,10.06,9.64,9.69
1787304223.539,36.432,True,1,2.954,3.016,0.049,0.631,10.454,10.450,0.334,2.829,0.042,2.839,-0.015,0.078,-0.022,0.244,2.33,0.98,152.42,1.97,2.46,-0.038,0.154,-0.040,1475,1462,1474,1537,10.00,10.06,19.64,19.69
1787304223.549,36.442,True,1,2.954,3.016,0.073,0.558,10.381,10.377,0.331,2.828,0.048,2.839,-0.012,0.075,-0.025,0.245,2.46,0.93,152.18,1.98,2.53,-0.050,0.167,-0.030,1474,1461,1475,1534,10.00,10.06,-0.12,-0.17
1787304223.559,36.452,True,1,2.954,3.016,0.073,0.559,10.382,10.377,0.331,2.828,0.048,2.839,-0.010,0.075,-0.025,0.245,2.46,0.93,152.18,1.98,2.54,-0.049,0.167,-0.030,1474,1461,1475,1534,10.00,10.06,9.88,9.83
1787304223.569,36.462,True,1,2.954,3.016,0.073,0.559,10.383,10.378,0.331,2.828,0.048,2.838,-0.008,0.075,-0.025,0.245,2.46,0.93,152.18,1.99,2.55,-0.048,0.168,-0.030,1474,1461,1475,1534,10.00,10.06,19.88,19.83
1787304223.579,36.472,True,1,2.954,3.016,0.073,0.560,10.383,10.379,0.331,2.828,0.048,2.838,-0.007,0.075,-0.025,0.245,2.46,0.93,152.18,2.00,2.55,-0.048,0.169,-0.030,1474,1461,1475,1534,10.00,10.06,29.88,29.83
1787304223.589,36.483,True,1,2.955,3.016,0.069,0.572,10.394,10.387,0.332,2.827,0.059,2.838,-0.004,0.069,-0.053,0.219,2.82,0.88,151.51,1.62,2.71,-0.125,0.191,-0.003,1466,1458,1479,1535,10.00,10.06,-0.25,-0.30
1787304223.599,36.492,True,1,2.955,3.016,0.069,0.572,10.395,10.387,0.332,2.827,0.059,2.837,-0.002,0.069,-0.053,0.219,2.82,0.88,151.51,1.63,2.72,-0.124,0.192,-0.003,1466,1458,1479,1535,10.00,10.06,9.75,9.70
1787304223.609,36.502,True,1,2.956,3.016,0.076,0.548,10.371,10.364,0.331,2.826,0.061,2.837,-0.000,0.068,-0.046,0.225,3.02,1.00,151.11,1.71,2.70,-0.137,0.179,0.014,1464,1460,1522,1534,10.00,10.06,-0.15,-0.10
1787304223.619,36.512,True,1,2.956,3.016,0.076,0.549,10.372,10.364,0.331,2.826,0.061,2.836,0.002,0.068,-0.046,0.225,3.02,1.00,151.11,1.72,2.71,-0.136,0.180,0.014,1464,1460,1522,1534,10.00,10.06,9.85,9.90
1787304223.629,36.522,True,1,2.956,3.016,0.076,0.549,10.372,10.365,0.331,2.826,0.061,2.836,0.004,0.068,-0.046,0.225,3.02,1.00,151.11,1.73,2.72,-0.135,0.181,0.014,1465,1460,1521,1534,10.00,10.06,19.85,19.90
1787304223.639,36.533,True,1,2.957,3.016,0.101,0.470,10.294,10.287,0.328,2.825,0.069,2.836,0.006,0.065,-0.042,0.236,3.22,1.30,150.57,1.85,2.78,-0.145,0.157,0.038,1463,1462,1525,1531,10.00,10.06,-0.21,-0.16
1787304223.649,36.542,True,1,2.957,3.016,0.101,0.470,10.294,10.288,0.328,2.825,0.069,2.835,0.008,0.065,-0.042,0.236,3.22,1.30,150.57,1.85,2.79,-0.144,0.158,0.038,1464,1462,1525,1531,10.00,10.06,9.79,9.84
1787304223.659,36.552,True,1,2.957,3.016,0.101,0.471,10.295,10.289,0.328,2.825,0.069,2.835,0.010,0.065,-0.042,0.236,3.22,1.30,150.57,1.86,2.80,-0.143,0.159,0.038,1464,1462,1525,1531,10.00,10.06,19.79,19.84
1787304223.669,36.562,True,1,2.959,3.016,0.105,0.453,10.277,10.270,0.328,2.824,0.074,2.835,0.012,0.063,-0.060,0.221,3.35,1.69,150.21,1.64,2.91,-0.181,0.132,0.056,1459,1465,1527,1531,10.00,10.06,-0.20,-0.15
1787304223.679,36.572,True,1,2.960,3.016,0.100,0.459,10.281,10.274,0.328,2.823,0.078,2.834,0.014,0.062,-0.059,0.197,3.35,1.69,150.21,1.44,2.79,-0.202,0.119,0.056,1457,1466,1527,1531,10.00,10.06,9.80,-0.06
1787304223.689,36.582,True,1,2.961,3.016,0.124,0.385,10.209,10.202,0.326,2.823,0.080,2.834,0.017,0.062,-0.057,0.208,3.43,2.02,149.88,1.55,2.87,-0.199,0.094,0.072,1457,1469,1529,1528,10.00,10.06,-0.05,-0.10
1787304223.699,36.592,True,1,2.961,3.016,0.124,0.386,10.209,10.203,0.326,2.823,0.080,2.834,0.019,0.062,-0.057,0.208,3.43,2.02,149.88,1.56,2.88,-0.198,0.095,0.072,1458,1469,1529,1528,10.00,10.06,9.96,9.90
1787304223.709,36.602,True,1,2.961,3.016,0.124,0.387,10.210,10.203,0.326,2.823,0.080,2.833,0.021,0.062,-0.057,0.208,3.43,2.02,149.88,1.57,2.89,-0.197,0.096,0.072,1458,1469,1529,1528,10.00,10.06,19.96,19.90
1787304223.719,36.612,True,1,2.961,3.016,0.124,0.387,10.211,10.204,0.326,2.823,0.080,2.833,0.023,0.062,-0.057,0.208,3.43,2.02,149.88,1.58,2.90,-0.196,0.096,0.072,1458,1469,1529,1528,10.00,10.06,29.95,29.90
1787304223.729,36.622,True,1,2.961,3.016,0.124,0.388,10.211,10.205,0.326,2.823,0.080,2.832,0.025,0.062,-0.057,0.208,3.43,2.02,149.88,1.59,2.90,-0.196,0.097,0.072,1458,1469,1529,1528,10.00,10.06,39.96,39.90
1787304223.739,36.632,True,1,2.961,3.016,0.124,0.388,10.212,10.206,0.326,2.823,0.080,2.832,0.027,0.062,-0.057,0.208,3.43,2.02,149.88,1.60,2.91,-0.195,0.098,0.072,1458,1469,1529,1528,10.01,10.07,49.96,49.91
1787304223.749,36.642,True,1,2.961,3.016,0.124,0.389,10.213,10.206,0.326,2.823,0.080,2.832,0.028,0.062,-0.057,0.208,3.43,2.02,149.88,1.60,2.92,-0.194,0.099,0.072,1458,1469,1529,1528,10.00,10.07,59.96,59.91
1787304223.759,36.653,True,1,2.971,3.016,0.172,0.210,10.033,10.030,0.320,2.818,0.096,2.831,0.031,0.064,-0.067,0.195,2.92,2.90,149.10,1.44,3.02,-0.161,0.018,0.111,1462,1478,1535,1522,10.00,10.06,-0.47,-0.52
1787304223.769,36.662,True,1,2.971,3.016,0.172,0.210,10.034,10.031,0.320,2.818,0.096,2.831,0.033,0.064,-0.067,0.195,2.92,2.90,149.10,1.45,3.03,-0.160,0.019,0.111,1462,1477,1535,1522,10.00,10.06,9.53,9.48
1787304223.779,36.672,True,1,2.971,3.016,0.172,0.211,10.035,10.031,0.320,2.818,0.096,2.831,0.035,0.064,-0.067,0.195,2.92,2.90,149.10,1.46,3.04,-0.159,0.020,0.110,1462,1477,1535,1522,10.00,10.07,19.53,19.49
1787304223.789,36.682,True,1,2.971,3.016,0.172,0.211,10.035,10.032,0.320,2.818,0.096,2.830,0.037,0.064,-0.067,0.195,2.92,2.90,149.10,1.47,3.05,-0.158,0.021,0.110,1462,1477,1535,1522,9.99,10.06,29.53,29.48
1787304223.799,36.692,True,1,2.971,3.016,0.172,0.212,10.036,10.033,0.320,2.818,0.096,2.830,0.039,0.064,-0.067,0.195,2.92,2.90,149.10,1.48,3.06,-0.157,0.022,0.110,1462,1477,1535,1522,10.00,10.06,39.53,39.48
1787304223.809,36.702,True,1,2.971,3.016,0.172,0.212,10.036,10.033,0.320,2.818,0.096,2.829,0.041,0.064,-0.067,0.195,2.92,2.90,149.10,1.48,3.06,-0.156,0.023,0.110,1462,1477,1535,1522,10.00,10.07,49.54,49.49
1787304223.819,36.712,True,1,2.971,3.016,0.172,0.212,10.037,10.034,0.320,2.818,0.096,2.829,0.043,0.064,-0.067,0.195,2.92,2.90,149.10,1.49,3.07,-0.156,0.024,0.110,1462,1477,1535,1522,10.00,10.07,59.53,59.49
1787304223.829,36.722,True,1,2.971,3.016,0.172,0.213,10.038,10.034,0.320,2.818,0.096,2.829,0.044,0.064,-0.067,0.195,2.92,2.90,149.10,1.50,3.08,-0.155,0.025,0.110,1462,1477,1535,1522,10.00,10.06,69.53,69.48
1787304223.840,36.733,True,1,2.982,3.016,0.185,0.126,9.948,9.946,0.317,2.813,0.110,2.828,0.047,0.070,-0.062,0.166,2.18,3.82,148.12,1.25,2.95,-0.108,-0.085,0.157,1467,1529,1541,1519,10.00,10.06,-0.56,-0.61
1787304223.849,36.742,True,1,2.982,3.016,0.185,0.127,9.949,9.947,0.317,2.813,0.110,2.828,0.049,0.070,-0.062,0.166,2.18,3.82,148.12,1.26,2.96,-0.107,-0.084,0.157,1468,1529,1541,1519,10.01,10.07,9.44,9.39
1787304223.859,36.752,True,1,2.982,3.016,0.185,0.127,9.949,9.947,0.317,2.813,0.110,2.827,0.051,0.070,-0.062,0.166,2.18,3.82,148.12,1.27,2.97,-0.106,-0.083,0.157,1468,1529,1541,1519,9.99,10.06,19.44,19.39
1787304223.869,36.762,True,1,2.982,3.016,0.185,0.127,9.950,9.948,0.318,2.813,0.110,2.827,0.053,0.070,-0.062,0.166,2.18,3.82,148.12,1.28,2.98,-0.106,-0.082,0.157,1468,1529,1541,1519,10.00,10.06,29.44,29.39
1787304223.879,36.772,True,1,2.982,3.016,0.185,0.128,9.950,9.948,0.318,2.813,0.110,2.826,0.055,0.070,-0.062,0.166,2.18,3.82,148.12,1.28,2.99,-0.105,-0.080,0.157,1468,1528,1541,1519,10.00,10.06,39.44,39.39
1787304223.889,36.783,True,1,2.989,3.016,0.187,0.096,9.916,9.913,0.316,2.809,0.118,2.826,0.057,0.075,-0.065,0.138,1.94,3.93,147.69,1.01,2.89,-0.110,-0.103,0.176,1467,1531,1544,1518,10.01,10.07,-0.29,-0.34
1787304223.899,36.792,True,1,2.989,3.016,0.187,0.096,9.917,9.914,0.316,2.809,0.118,2.825,0.059,0.075,-0.065,0.138,1.94,3.93,147.69,1.01,2.90,-0.109,-0.102,0.176,1467,1531,1544,1518,9.99,10.06,9.70,9.65
1787304223.909,36.802,True,1,2.989,3.016,0.187,0.096,9.917,9.914,0.316,2.809,0.118,2.824,0.061,0.075,-0.065,0.138,1.94,3.93,147.69,1.02,2.91,-0.108,-0.101,0.176,1468,1531,1544,1518,10.00,10.06,19.70,19.65
1787304223.919,36.812,True,1,2.989,3.016,0.187,0.096,9.918,9.915,0.316,2.809,0.118,2.824,0.063,0.075,-0.065,0.138,1.94,3.93,147.69,1.03,2.92,-0.107,-0.100,0.176,1468,1531,1544,1518,10.00,10.06,29.70,29.65
1787304223.929,36.823,True,1,2.995,3.016,0.207,0.012,9.834,9.832,0.314,2.806,0.124,2.823,0.065,0.080,-0.053,0.158,1.72,4.06,147.44,1.29,2.97,-0.059,-0.108,0.187,1473,1531,1545,1515,10.00,10.06,-0.26,-0.31
1787304223.939,36.832,True,1,2.995,3.016,0.207,0.012,9.835,9.833,0.314,2.806,0.124,2.823,0.067,0.080,-0.053,0.158,1.60,4.11,147.33,1.29,2.98,-0.046,-0.113,0.192,1474,1532,1546,1515,10.00,10.06,-0.06,9.69
1787304223.949,36.842,True,1,2.995,3.016,0.207,0.012,9.835,9.833,0.314,2.806,0.124,2.822,0.069,0.080,-0.053,0.158,1.60,4.11,147.33,1.30,3.00,-0.045,-0.112,0.192,1474,1532,1546,1515,10.00,10.06,9.94,19.69
1787304223.959,36.852,True,1,3.000,3.016,0.223,-0.057,9.765,9.762,0.312,2.803,0.129,2.822,0.071,0.084,-0.045,0.146,1.55,4.13,147.26,1.26,2.89,-0.045,-0.124,0.194,1475,1533,1547,1512,10.00,10.06,-0.10,-0.15
1787304223.969,36.862,True,1,3.000,3.016,0.223,-0.057,9.765,9.763,0.312,2.803,0.129,2.821,0.073,0.084,-0.045,0.146,1.55,4.13,147.26,1.27,2.90,-0.044,-0.123,0.194,1475,1533,1547,1512,10.00,10.06,9.90,9.85
1787304223.979,36.872,True,1,3.000,3.016,0.223,-0.056,9.765,9.763,0.312,2.803,0.129,2.820,0.074,0.084,-0.045,0.146,1.55,4.13,147.26,1.27,2.91,-0.043,-0.122,0.194,1475,1533,1547,1512,10.00,10.06,19.90,19.85
1787304223.989,36.882,True,1,3.000,3.016,0.223,-0.056,9.766,9.763,0.312,2.803,0.129,2.820,0.076,0.084,-0.045,0.146,1.55,4.13,147.26,1.28,2.92,-0.042,-0.121,0.194,1475,1533,1546,1512,10.00,10.06,29.90,29.85
1787304223.999,36.892,True,1,3.000,3.016,0.223,-0.056,9.766,9.764,0.312,2.803,0.129,2.819,0.078,0.084,-0.045,0.146,1.55,4.13,147.26,1.29,2.93,-0.041,-0.120,0.194,1475,1533,1546,1512,10.00,10.06,39.90,39.85
1787304224.009,36.903,True,1,3.006,3.016,0.220,-0.069,9.752,9.748,0.311,2.801,0.134,2.819,0.080,0.088,-0.036,0.133,0.87,4.23,147.10,1.22,2.80,0.022,-0.147,0.201,1522,1536,1547,1512,10.00,10.06,-0.36,-0.31
1787304224.019,36.912,True,1,3.006,3.016,0.220,-0.069,9.752,9.749,0.311,2.801,0.134,2.818,0.082,0.088,-0.036,0.133,0.87,4.23,147.10,1.23,2.81,0.022,-0.146,0.201,1522,1536,1547,1512,10.00,10.06,9.64,9.69
1787304224.029,36.922,True,1,3.006,3.016,0.220,-0.069,9.752,9.749,0.311,2.801,0.134,2.817,0.083,0.088,-0.036,0.133,0.87,4.23,147.10,1.23,2.82,0.023,-0.145,0.201,1522,1536,1547,1512,10.00,10.06,19.64,19.69
1787304224.039,36.932,True,1,3.006,3.016,0.220,-0.069,9.752,9.749,0.311,2.801,0.134,2.817,0.085,0.088,-0.036,0.133,0.87,4.23,147.10,1.24,2.83,0.024,-0.144,0.201,1522,1535,1547,1512,10.00,10.06,29.64,29.69
1787304224.049,36.942,True,1,3.006,3.016,0.220,-0.068,9.752,9.749,0.311,2.801,0.134,2.816,0.087,0.088,-0.036,0.133,0.87,4.23,147.10,1.25,2.84,0.025,-0.143,0.201,1522,1535,1547,1512,10.00,10.06,39.64,39.69
1787304224.059,36.952,True,1,3.006,3.016,0.220,-0.068,9.753,9.750,0.311,2.801,0.134,2.816,0.088,0.088,-0.036,0.133,0.87,4.23,147.10,1.26,2.85,0.025,-0.142,0.201,1522,1535,1547,1512,10.00,10.06,49.64,49.69
1787304224.069,36.962,True,1,3.006,3.016,0.220,-0.068,9.753,9.750,0.311,2.801,0.134,2.815,0.090,0.088,-0.036,0.133,0.87,4.23,147.10,1.26,2.86,0.026,-0.141,0.200,1522,1535,1547,1512,10.00,10.06,59.64,59.69
1787304224.079,36.973,True,1,3.019,3.016,0.235,-0.165,9.657,9.653,0.308,2.796,0.146,2.815,0.092,0.097,-0.024,0.148,0.11,3.81,147.09,1.49,2.88,0.132,-0.097,0.199,1534,1530,1547,1508,10.00,10.06,-0.41,-0.46
1787304224.089,36.982,True,1,3.021,3.016,0.240,-0.190,9.633,9.627,0.307,2.796,0.147,2.814,0.094,0.098,-0.016,0.152,-0.12,3.59,147.13,1.59,2.85,0.167,-0.078,0.197,1538,1528,1547,1507,10.00,10.06,-0.16,-0.11
1787304224.099,36.992,True,1,3.021,3.016,0.240,-0.190,9.633,9.628,0.307,2.796,0.147,2.813,0.095,0.098,-0.016,0.152,-0.12,3.59,147.13,1.60,2.86,0.168,-0.077,0.197,1538,1528,1547,1507,10.00,10.06,9.84,9.89
1787304224.109,37.002,True,1,3.021,3.016,0.240,-0.190,9.633,9.628,0.307,2.796,0.147,2.813,0.097,0.098,-0.016,0.152,-0.12,3.59,147.13,1.61,2.87,0.169,-0.076,0.197,1538,1528,1547,1507,10.00,10.06,19.84,19.89
1787304224.119,37.012,True,1,3.021,3.016,0.240,-0.190,9.633,9.628,0.307,2.796,0.147,2.812,0.099,0.098,-0.016,0.152,-0.12,3.59,147.13,1.61,2.88,0.169,-0.075,0.197,1538,1528,1547,1507,10.00,10.06,29.84,29.89
1787304224.129,37.022,True,1,3.021,3.016,0.240,-0.190,9.633,9.628,0.307,2.796,0.147,2.812,0.100,0.098,-0.016,0.152,-0.12,3.59,147.13,1.62,2.89,0.170,-0.074,0.197,1538,1528,1547,1507,10.00,10.06,39.84,39.89
1787304224.139,37.033,True,1,3.029,3.016,0.243,-0.231,9.592,9.585,0.306,2.794,0.154,2.811,0.102,0.103,0.000,0.162,-0.26,3.14,147.32,1.83,2.82,0.209,-0.034,0.188,1542,1523,1546,1506,10.00,10.06,-0.31,-0.27
1787304224.149,37.042,True,1,3.029,3.016,0.243,-0.232,9.592,9.585,0.306,2.794,0.154,2.811,0.104,0.103,0.000,0.162,-0.26,3.14,147.32,1.84,2.83,0.210,-0.033,0.188,1543,1523,1546,1506,10.00,10.06,9.69,9.73
1787304224.159,37.052,True,1,3.029,3.016,0.243,-0.232,9.592,9.585,0.306,2.794,0.154,2.810,0.106,0.103,0.000,0.162,-0.26,3.14,147.32,1.84,2.85,0.210,-0.032,0.188,1543,1523,1546,1506,10.00,10.06,19.69,19.73
1787304224.169,37.063,True,1,3.037,3.016,0.235,-0.241,9.582,9.577,0.306,2.792,0.161,2.809,0.107,0.109,-0.002,0.152,-0.11,2.83,147.51,1.75,2.81,0.186,-0.002,0.181,1540,1520,1545,1506,10.00,10.06,-0.21,-0.25
1787304224.179,37.072,True,1,3.037,3.016,0.235,-0.241,9.582,9.576,0.306,2.792,0.161,2.809,0.109,0.109,-0.002,0.152,-0.11,2.83,147.51,1.76,2.82,0.187,-0.001,0.181,1540,1520,1545,1506,10.00,10.06,9.80,9.75
1787304224.189,37.082,True,1,3.037,3.016,0.235,-0.242,9.581,9.576,0.306,2.792,0.161,2.808,0.111,0.109,-0.002,0.152,-0.11,2.83,147.51,1.77,2.84,0.188,0.000,0.181,1540,1479,1545,1506,10.00,10.07,19.80,19.75
1787304224.199,37.092,True,1,3.037,3.016,0.235,-0.242,9.581,9.576,0.306,2.792,0.161,2.808,0.113,0.109,-0.002,0.152,-0.11,2.83,147.51,1.78,2.85,0.189,0.001,0.181,1540,1479,1545,1506,9.99,10.06,29.79,29.75
1787304224.209,37.102,True,1,3.037,3.016,0.235,-0.242,9.581,9.576,0.306,2.792,0.161,2.807,0.114,0.109,-0.002,0.152,-0.11,2.83,147.51,1.79,2.86,0.189,0.002,0.181,1540,1479,1545,1506,10.00,10.06,39.79,39.75
1787304224.219,37.113,True,1,3.045,3.016,0.243,-0.297,9.527,9.522,0.304,2.791,0.168,2.807,0.116,0.113,0.003,0.159,0.08,2.37,147.82,1.91,2.87,0.184,0.052,0.167,1540,1474,1543,1504,10.00,10.06,-0.29,-0.34
1787304224.229,37.122,True,1,3.045,3.016,0.243,-0.297,9.527,9.522,0.304,2.791,0.168,2.806,0.118,0.113,0.003,0.159,0.08,2.37,147.82,1.92,2.88,0.185,0.053,0.167,1540,1474,1543,1504,10.00,10.06,9.71,9.67
1787304224.239,37.132,True,1,3.045,3.016,0.243,-0.297,9.527,9.521,0.304,2.791,0.168,2.806,0.119,0.113,0.003,0.159,0.08,2.37,147.82,1.93,2.89,0.186,0.054,0.167,1540,1473,1543,1504,10.00,10.06,19.71,19.67
1787304224.249,37.143,True,1,3.053,3.016,0.239,-0.316,9.509,9.504,0.303,2.790,0.173,2.805,0.121,0.117,0.012,0.169,0.32,2.17,148.01,2.10,2.87,0.180,0.075,0.158,1539,1471,1541,1503,10.00,10.06,-0.17,-0.22
1787304224.259,37.152,True,1,3.053,3.016,0.239,-0.316,9.509,9.503,0.303,2.790,0.173,2.805,0.123,0.117,0.012,0.169,0.32,2.17,148.01,2.10,2.88,0.181,0.076,0.158,1539,1471,1541,1503,10.00,10.06,9.83,9.78
1787304224.269,37.162,True,1,3.053,3.016,0.239,-0.317,9.509,9.503,0.303,2.790,0.173,2.804,0.125,0.117,0.012,0.169,0.32,2.17,148.01,2.11,2.89,0.182,0.077,0.158,1540,1471,1541,1503,10.00,10.06,19.83,19.78
1787304224.279,37.172,True,1,3.053,3.016,0.239,-0.317,9.508,9.503,0.303,2.790,0.173,2.804,0.126,0.117,0.012,0.169,0.32,2.17,148.01,2.12,2.90,0.183,0.078,0.158,1540,1471,1541,1503,10.00,10.06,29.83,29.78
1787304224.289,37.182,True,1,3.053,3.016,0.239,-0.317,9.508,9.503,0.303,2.790,0.173,2.803,0.128,0.117,0.012,0.169,0.32,2.17,148.01,2.13,2.91,0.184,0.079,0.158,1540,1471,1541,1503,10.00,10.06,39.83,39.78
1787304224.299,37.192,True,1,3.053,3.016,0.239,-0.318,9.508,9.502,0.303,2.790,0.173,2.803,0.129,0.117,0.012,0.169,0.32,2.17,148.01,2.14,2.92,0.185,0.080,0.158,1540,1471,1541,1503,10.00,10.06,49.83,49.78
1787304224.309,37.202,True,1,3.053,3.016,0.239,-0.318,9.508,9.502,0.303,2.790,0.173,2.802,0.131,0.117,0.012,0.169,0.32,2.17,148.01,2.14,2.93,0.185,0.081,0.158,1540,1471,1541,1503,10.00,10.06,59.83,59.78
1787304224.319,37.212,True,1,3.053,3.016,0.239,-0.318,9.507,9.502,0.303,2.790,0.173,2.802,0.132,0.117,0.012,0.169,0.32,2.17,148.01,2.15,2.94,0.186,0.082,0.158,1540,1470,1541,1503,10.00,10.06,69.83,69.78
1787304224.330,37.223,True,1,3.071,3.016,0.225,-0.350,9.475,9.473,0.302,2.788,0.188,2.802,0.134,0.129,-0.009,0.153,1.68,1.84,148.89,1.95,3.04,0.023,0.129,0.117,1522,1465,1536,1502,10.00,10.06,-0.56,-0.61
1787304224.339,37.232,True,1,3.071,3.016,0.225,-0.351,9.475,9.473,0.302,2.788,0.188,2.801,0.136,0.129,-0.009,0.153,1.68,1.84,148.89,1.95,3.05,0.024,0.130,0.117,1522,1465,1536,1502,10.00,10.06,9.44,9.39
1787304224.349,37.242,True,1,3.071,3.016,0.225,-0.351,9.475,9.472,0.302,2.788,0.188,2.801,0.138,0.129,-0.009,0.153,1.68,1.84,148.89,1.96,3.06,0.025,0.131,0.117,1522,1465,1536,1502,10.00,10.06,19.44,19.39
1787304224.359,37.252,True,1,3.071,3.016,0.225,-0.352,9.474,9.472,0.302,2.788,0.188,2.800,0.139,0.129,-0.009,0.153,1.68,1.84,148.89,1.97,3.07,0.026,0.132,0.117,1522,1465,1536,1502,10.00,10.06,29.44,29.39
1787304224.369,37.262,True,1,3.071,3.016,0.225,-0.352,9.474,9.471,0.302,2.788,0.188,2.800,0.141,0.129,-0.009,0.153,1.68,1.84,148.89,1.98,3.08,0.027,0.133,0.117,1523,1465,1536,1502,10.00,10.06,39.44,39.40
1787304224.379,37.273,True,1,3.082,3.016,0.237,-0.434,9.393,9.391,0.300,2.785,0.197,2.799,0.143,0.137,-0.012,0.158,2.24,1.84,149.41,2.07,3.15,-0.022,0.141,0.093,1477,1464,1532,1499,10.00,10.06,-0.27,-0.32
1787304224.389,37.282,True,1,3.082,3.016,0.237,-0.434,9.393,9.390,0.300,2.785,0.197,2.799,0.145,0.137,-0.012,0.158,2.24,1.84,149.41,2.08,3.16,-0.021,0.142,0.092,1477,1464,1532,1499,10.00,10.06,9.73,9.68
1787304224.399,37.292,True,1,3.082,3.016,0.237,-0.435,9.392,9.390,0.300,2.785,0.197,2.798,0.146,0.137,-0.012,0.158,2.24,1.84,149.41,2.08,3.17,-0.020,0.143,0.092,1477,1464,1532,1499,10.00,10.06,19.73,19.68
1787304224.409,37.302,True,1,3.082,3.016,0.237,-0.436,9.392,9.389,0.300,2.785,0.197,2.798,0.148,0.137,-0.012,0.158,2.24,1.84,149.41,2.09,3.18,-0.019,0.144,0.092,1477,1463,1532,1499,10.00,10.06,29.73,29.68
1787304224.419,37.313,True,1,3.091,3.016,0.256,-0.527,9.302,9.300,0.297,2.783,0.203,2.797,0.150,0.143,-0.017,0.172,2.52,2.08,149.77,2.26,3.34,-0.031,0.135,0.076,1476,1465,1530,1495,10.00,10.06,-0.26,-0.30
1787304224.429,37.322,True,1,3.091,3.016,0.256,-0.528,9.302,9.299,0.297,2.783,0.203,2.797,0.152,0.143,-0.017,0.172,2.52,2.08,149.77,2.27,3.35,-0.030,0.136,0.076,1476,1464,1530,1495,10.00,10.06,9.75,9.70
1787304224.439,37.332,True,1,3.091,3.016,0.256,-0.529,9.301,9.299,0.297,2.783,0.203,2.797,0.153,0.143,-0.017,0.172,2.52,2.08,149.77,2.28,3.36,-0.029,0.138,0.076,1476,1464,1530,1495,10.00,10.06,19.74,19.70
1787304224.449,37.342,True,1,3.091,3.016,0.256,-0.529,9.301,9.298,0.297,2.783,0.203,2.796,0.155,0.143,-0.017,0.172,2.52,2.08,149.77,2.28,3.37,-0.028,0.139,0.076,1476,1464,1530,1495,10.00,10.06,29.75,29.70
1787304224.459,37.353,True,1,3.102,3.016,0.220,-0.468,9.362,9.359,0.299,2.779,0.212,2.796,0.157,0.152,-0.027,0.166,3.18,2.46,150.37,2.20,3.41,-0.106,0.102,0.051,1468,1468,1527,1498,10.00,10.06,-0.27,-0.31
1787304224.469,37.362,True,1,3.102,3.016,0.220,-0.469,9.361,9.359,0.299,2.779,0.212,2.795,0.159,0.152,-0.027,0.166,3.18,2.46,150.37,2.21,3.42,-0.105,0.103,0.051,1468,1468,1527,1498,10.00,10.06,9.74,9.69
1787304224.479,37.372,True,1,3.104,3.016,0.251,-0.570,9.262,9.259,0.296,2.778,0.213,2.794,0.161,0.154,-0.026,0.176,3.29,2.54,150.50,2.35,3.51,-0.101,0.104,0.044,1468,1468,1526,1494,10.00,10.06,-0.05,-0.10
1787304224.489,37.382,True,1,3.104,3.016,0.251,-0.571,9.261,9.258,0.296,2.778,0.213,2.794,0.162,0.154,-0.026,0.176,3.29,2.54,150.50,2.36,3.52,-0.100,0.105,0.044,1468,1468,1526,1494,10.00,10.06,9.95,9.90
1787304224.499,37.393,True,1,3.110,3.016,0.225,-0.520,9.310,9.307,0.297,2.776,0.218,2.793,0.164,0.159,-0.025,0.159,3.46,2.73,150.78,2.22,3.39,-0.133,0.072,0.034,1465,1471,1524,1496,10.00,10.06,-0.16,-0.21
1787304224.509,37.402,True,1,3.110,3.016,0.225,-0.521,9.309,9.306,0.297,2.776,0.218,2.793,0.166,0.159,-0.025,0.159,3.46,2.73,150.78,2.23,3.40,-0.131,0.073,0.034,1465,1471,1524,1496,10.00,10.06,9.84,9.79
1787304224.519,37.412,True,1,3.110,3.016,0.225,-0.522,9.308,9.306,0.297,2.776,0.218,2.792,0.168,0.159,-0.025,0.159,3.46,2.73,150.78,2.24,3.42,-0.130,0.074,0.033,1465,1471,1524,1496,10.00,10.06,19.84,19.79
1787304224.529,37.422,True,1,3.110,3.016,0.225,-0.523,9.308,9.305,0.297,2.776,0.218,2.792,0.169,0.159,-0.025,0.159,3.46,2.73,150.78,2.25,3.43,-0.130,0.076,0.033,1465,1471,1524,1496,10.00,10.06,29.84,29.79
1787304224.539,37.433,True,1,3.118,3.016,0.222,-0.544,9.287,9.284,0.296,2.773,0.224,2.791,0.171,0.165,-0.032,0.155,3.47,3.08,151.15,2.20,3.48,-0.134,0.043,0.020,1465,1475,1522,1495,10.00,10.06,-0.17,-0.22
1787304224.549,37.442,True,1,3.120,3.016,0.190,-0.460,9.369,9.366,0.299,2.772,0.226,2.790,0.173,0.167,-0.033,0.140,3.42,3.30,151.39,2.07,3.38,-0.142,0.009,0.011,1464,1478,1521,1498,10.00,10.06,-0.05,-0.10
1787304224.559,37.452,True,1,3.120,3.016,0.190,-0.461,9.368,9.365,0.299,2.772,0.226,2.790,0.175,0.167,-0.033,0.140,3.42,3.30,151.39,2.08,3.39,-0.141,0.010,0.011,1464,1478,1521,1498,10.00,10.06,9.95,9.90
1787304224.569,37.462,True,1,3.120,3.016,0.190,-0.462,9.367,9.364,0.299,2.772,0.226,2.789,0.176,0.167,-0.033,0.140,3.42,3.30,151.39,2.08,3.40,-0.140,0.012,0.011,1464,1478,1521,1498,10.00,10.06,19.95,19.90
1787304224.579,37.473,True,1,3.125,3.016,0.173,-0.428,9.400,9.398,0.300,2.770,0.229,2.789,0.178,0.171,-0.028,0.133,3.18,3.78,151.85,2.07,3.30,-0.116,-0.050,-0.006,1467,1525,1479,1499,10.00,10.06,-0.25,-0.20
1787304224.589,37.482,True,1,3.125,3.016,0.173,-0.429,9.399,9.397,0.300,2.770,0.229,2.788,0.180,0.171,-0.028,0.133,3.18,3.78,151.85,2.08,3.31,-0.115,-0.049,-0.006,1467,1525,1479,1499,10.00,10.06,9.75,9.80
1787304224.599,37.492,True,1,3.125,3.016,0.173,-0.430,9.398,9.396,0.300,2.770,0.229,2.787,0.182,0.171,-0.028,0.133,3.18,3.78,151.85,2.09,3.32,-0.114,-0.048,-0.006,1467,1525,1479,1499,10.00,10.06,19.75,19.80
1787304224.609,37.502,True,1,3.125,3.016,0.173,-0.431,9.397,9.396,0.300,2.770,0.229,2.787,0.183,0.171,-0.028,0.133,3.18,3.78,151.85,2.10,3.34,-0.113,-0.046,-0.006,1467,1525,1479,1499,10.00,10.06,29.75,29.80
1787304224.619,37.513,True,1,3.130,3.016,0.147,-0.374,9.456,9.455,0.302,2.768,0.234,2.786,0.185,0.176,-0.031,0.144,3.04,4.15,152.16,2.20,3.41,-0.086,-0.079,-0.018,1470,1528,1477,1501,10.00,10.06,-0.22,-0.17
1787304224.629,37.522,True,1,3.130,3.016,0.147,-0.375,9.455,9.454,0.302,2.768,0.234,2.786,0.186,0.176,-0.031,0.144,3.04,4.15,152.16,2.21,3.42,-0.085,-0.078,-0.018,1470,1528,1477,1501,10.00,10.06,9.79,9.83
1787304224.639,37.532,True,1,3.130,3.016,0.147,-0.376,9.454,9.453,0.302,2.768,0.234,2.785,0.188,0.176,-0.031,0.144,3.04,4.15,152.16,2.22,3.43,-0.084,-0.077,-0.018,1470,1528,1477,1501,10.00,10.06,19.78,19.83
1787304224.649,37.542,True,1,3.130,3.016,0.147,-0.377,9.453,9.452,0.302,2.768,0.234,2.784,0.190,0.176,-0.031,0.144,3.04,4.15,152.16,2.23,3.44,-0.084,-0.076,-0.018,1470,1528,1477,1501,10.00,10.06,29.78,29.83
1787304224.659,37.553,True,1,3.138,3.016,0.130,-0.362,9.466,9.462,0.302,2.763,0.241,2.784,0.191,0.185,-0.024,0.117,2.66,4.73,152.64,2.04,3.22,-0.062,-0.160,-0.036,1473,1537,1475,1501,10.00,10.06,-0.31,-0.36
1787304224.669,37.562,True,1,3.138,3.016,0.130,-0.363,9.465,9.461,0.302,2.763,0.241,2.783,0.193,0.185,-0.024,0.117,2.66,4.73,152.64,2.05,3.23,-0.061,-0.159,-0.036,1473,1537,1475,1501,10.00,10.06,9.69,9.65
1787304224.679,37.572,True,1,3.138,3.016,0.130,-0.364,9.464,9.460,0.302,2.763,0.241,2.782,0.195,0.185,-0.024,0.117,2.66,4.73,152.64,2.06,3.24,-0.060,-0.158,-0.036,1473,1537,1475,1501,10.00,10.07,19.70,19.65
1787304224.689,37.582,True,1,3.138,3.016,0.130,-0.365,9.463,9.459,0.302,2.763,0.241,2.782,0.196,0.185,-0.024,0.117,2.66,4.73,152.64,2.06,3.25,-0.059,-0.157,-0.036,1473,1537,1475,1501,9.99,10.06,29.69,29.64
1787304224.699,37.592,True,1,3.138,3.016,0.130,-0.366,9.462,9.458,0.302,2.763,0.241,2.781,0.198,0.185,-0.024,0.117,2.66,4.73,152.64,2.07,3.26,-0.058,-0.156,-0.036,1473,1537,1475,1501,10.00,10.06,39.69,39.64
1787304224.709,37.602,True,1,3.138,3.016,0.130,-0.368,9.461,9.457,0.302,2.763,0.241,2.780,0.199,0.185,-0.024,0.117,2.66,4.73,152.64,2.08,3.27,-0.057,-0.154,-0.036,1473,1537,1475,1501,10.00,10.06,49.69,49.65
1787304224.719,37.612,True,1,3.138,3.016,0.130,-0.369,9.460,9.456,0.302,2.763,0.241,2.780,0.200,0.185,-0.024,0.117,2.66,4.73,152.64,2.09,3.29,-0.056,-0.153,-0.036,1473,1536,1475,1501,10.00,10.06,59.69,59.64
1787304224.729,37.623,True,1,3.144,3.016,0.063,-0.191,9.635,9.627,0.307,2.758,0.250,2.779,0.202,0.194,-0.028,0.092,2.31,5.32,153.20,1.83,3.13,-0.044,-0.232,-0.058,1475,1545,1471,1507,10.00,10.06,-0.48,-0.53
1787304224.739,37.632,True,1,3.144,3.016,0.063,-0.192,9.634,9.626,0.307,2.758,0.250,2.778,0.204,0.194,-0.028,0.092,2.31,5.32,153.20,1.84,3.15,-0.043,-0.231,-0.058,1475,1545,1471,1507,10.00,10.06,9.52,9.47
1787304224.749,37.642,True,1,3.144,3.016,0.063,-0.194,9.633,9.625,0.307,2.758,0.250,2.778,0.205,0.194,-0.028,0.092,2.31,5.32,153.20,1.85,3.16,-0.042,-0.229,-0.058,1475,1545,1471,1507,10.00,10.06,19.52,19.48
1787304224.759,37.652,True,1,3.144,3.016,0.063,-0.195,9.631,9.624,0.307,2.758,0.250,2.777,0.207,0.194,-0.028,0.092,2.31,5.32,153.20,1.86,3.17,-0.041,-0.228,-0.058,1475,1545,1471,1507,10.00,10.06,29.52,29.47
1787304224.769,37.662,True,1,3.144,3.016,0.063,-0.196,9.630,9.623,0.307,2.758,0.250,2.776,0.208,0.194,-0.028,0.092,2.31,5.32,153.20,1.87,3.18,-0.040,-0.227,-0.058,1475,1544,1471,1507,10.00,10.06,39.52,39.47
1787304224.779,37.672,True,1,3.144,3.016,0.063,-0.198,9.629,9.622,0.307,2.758,0.250,2.776,0.210,0.194,-0.028,0.092,2.31,5.32,153.20,1.87,3.19,-0.039,-0.226,-0.058,1475,1544,1471,1507,10.00,10.06,49.52,49.48
1787304224.789,37.682,True,1,3.144,3.016,0.063,-0.199,9.628,9.621,0.307,2.758,0.250,2.775,0.211,0.194,-0.028,0.092,2.31,5.32,153.20,1.88,3.20,-0.039,-0.225,-0.058,1475,1544,1471,1507,10.00,10.06,59.52,59.47
1787304224.799,37.692,True,1,3.144,3.016,0.063,-0.200,9.627,9.620,0.307,2.758,0.250,2.775,0.212,0.194,-0.028,0.092,2.31,5.32,153.20,1.89,3.21,-0.038,-0.224,-0.058,1475,1544,1471,1507,10.00,10.06,69.52,69.47
1787304224.809,37.702,True,1,3.144,3.016,0.063,-0.201,9.626,9.619,0.307,2.758,0.250,2.774,0.213,0.194,-0.028,0.092,2.31,5.32,153.20,1.89,3.22,-0.037,-0.223,-0.058,1475,1544,1471,1507,10.00,10.06,79.52,79.47
1787304224.820,37.713,True,1,3.144,3.016,-0.007,0.006,9.830,9.824,0.314,2.753,0.256,2.773,0.215,0.202,-0.008,0.071,2.16,4.89,153.74,1.79,2.87,-0.031,-0.215,-0.083,1476,1543,1468,1515,10.00,10.06,-0.56,-0.61
1787304224.829,37.722,True,1,3.144,3.016,-0.007,0.005,9.829,9.822,0.314,2.753,0.256,2.773,0.216,0.202,-0.008,0.071,2.16,4.89,153.74,1.79,2.88,-0.030,-0.214,-0.083,1476,1543,1468,1515,10.00,10.06,9.44,9.39
1787304224.839,37.732,True,1,3.144,3.016,-0.007,0.004,9.828,9.821,0.313,2.753,0.256,2.772,0.218,0.202,-0.008,0.071,2.16,4.89,153.74,1.80,2.89,-0.030,-0.213,-0.083,1476,1543,1468,1515,10.00,10.06,19.44,19.39
1787304224.849,37.742,True,1,3.144,3.016,-0.007,0.002,9.826,9.820,0.313,2.753,0.256,2.772,0.219,0.202,-0.008,0.071,2.16,4.89,153.74,1.81,2.90,-0.029,-0.212,-0.083,1476,1543,1468,1514,10.00,10.06,29.44,29.39
1787304224.859,37.752,True,1,3.144,3.016,-0.007,0.001,9.825,9.819,0.313,2.753,0.256,2.771,0.220,0.202,-0.008,0.071,2.16,4.89,153.74,1.82,2.91,-0.028,-0.211,-0.083,1476,1543,1468,1514,10.00,10.06,39.44,39.39
1787304224.869,37.763,True,1,3.139,3.016,-0.044,0.128,9.952,9.948,0.318,2.751,0.261,2.770,0.221,0.207,0.005,0.075,2.21,4.26,153.92,1.90,2.77,-0.025,-0.160,-0.092,1477,1537,1467,1519,10.00,10.06,-0.37,-0.42
1787304224.879,37.772,True,1,3.139,3.016,-0.044,0.127,9.950,9.947,0.317,2.751,0.261,2.770,0.223,0.207,0.005,0.075,2.21,4.26,153.92,1.91,2.78,-0.024,-0.159,-0.092,1477,1537,1467,1519,10.00,10.06,9.63,9.59
1787304224.889,37.782,True,1,3.139,3.016,-0.044,0.125,9.949,9.946,0.317,2.751,0.261,2.769,0.224,0.207,0.005,0.075,2.21,4.26,153.92,1.91,2.79,-0.023,-0.158,-0.092,1477,1537,1467,1519,10.00,10.06,19.64,19.59
1787304224.899,37.792,True,1,3.138,3.016,-0.054,0.160,9.983,9.981,0.319,2.751,0.262,2.768,0.225,0.208,-0.000,0.061,2.05,3.84,153.97,1.77,2.77,-0.023,-0.116,-0.097,1477,1532,1466,1520,10.00,10.06,-0.17,-0.12
1787304224.909,37.802,True,1,3.138,3.016,-0.054,0.159,9.982,9.980,0.319,2.751,0.262,2.768,0.226,0.208,-0.000,0.061,2.05,3.84,153.97,1.77,2.78,-0.022,-0.115,-0.097,1477,1532,1466,1520,10.00,10.06,9.83,9.88
1787304224.919,37.812,True,1,3.138,3.016,-0.054,0.158,9.981,9.979,0.319,2.751,0.262,2.767,0.228,0.208,-0.000,0.061,2.05,3.84,153.97,1.78,2.79,-0.022,-0.114,-0.097,1477,1532,1466,1520,10.00,10.06,19.83,19.88
1787304224.929,37.822,True,1,3.138,3.016,-0.054,0.156,9.980,9.978,0.318,2.751,0.262,2.767,0.229,0.208,-0.000,0.061,2.05,3.84,153.97,1.79,2.80,-0.021,-0.113,-0.097,1477,1532,1466,1520,10.00,10.06,29.83,29.88
1787304224.939,37.833,True,1,3.131,3.016,-0.092,0.297,10.120,10.119,0.323,2.750,0.266,2.766,0.230,0.212,0.010,0.060,1.92,3.16,154.00,1.81,2.67,-0.006,-0.055,-0.100,1479,1526,1466,1525,10.00,10.06,-0.31,-0.26
1787304224.949,37.842,True,1,3.131,3.016,-0.092,0.296,10.119,10.118,0.323,2.750,0.266,2.766,0.231,0.212,0.010,0.060,1.92,3.16,154.00,1.82,2.68,-0.005,-0.054,-0.100,1479,1525,1466,1525,10.00,10.06,9.69,9.74
1787304224.959,37.852,True,1,3.131,3.016,-0.092,0.295,10.118,10.117,0.323,2.750,0.266,2.765,0.232,0.212,0.010,0.060,1.92,3.16,154.00,1.82,2.69,-0.005,-0.053,-0.100,1479,1525,1466,1525,10.00,10.06,19.69,19.74
1787304224.969,37.862,True,1,3.131,3.016,-0.092,0.294,10.117,10.116,0.323,2.750,0.266,2.765,0.233,0.212,0.010,0.060,1.92,3.16,154.00,1.83,2.69,-0.004,-0.052,-0.100,1479,1525,1466,1525,10.00,10.06,29.69,29.74
1787304224.979,37.873,True,1,3.126,3.016,-0.110,0.368,10.192,10.191,0.325,2.749,0.268,2.764,0.235,0.215,0.027,0.076,1.78,2.83,153.99,2.04,2.60,0.032,-0.027,-0.101,1523,1522,1465,1528,10.00,10.06,-0.30,-0.25
1787304224.989,37.882,True,1,3.126,3.016,-0.110,0.367,10.191,10.190,0.325,2.749,0.268,2.764,0.236,0.215,0.027,0.076,1.78,2.83,153.99,2.04,2.61,0.033,-0.026,-0.101,1523,1522,1465,1528,10.00,10.06,9.70,9.75
1787304224.999,37.892,True,1,3.126,3.016,-0.110,0.366,10.190,10.189,0.325,2.749,0.268,2.763,0.237,0.215,0.027,0.076,1.78,2.83,153.99,2.05,2.62,0.033,-0.025,-0.101,1523,1522,1465,1528,10.00,10.06,19.70,19.75
1787304225.009,37.902,True,1,3.126,3.016,-0.110,0.365,10.189,10.188,0.325,2.749,0.268,2.763,0.238,0.215,0.027,0.076,1.78,2.83,153.99,2.05,2.63,0.034,-0.024,-0.101,1523,1522,1465,1528,10.00,10.06,29.70,29.75
1787304225.019,37.912,True,1,3.126,3.016,-0.110,0.364,10.188,10.187,0.325,2.749,0.268,2.762,0.239,0.215,0.027,0.076,1.78,2.83,153.99,2.06,2.63,0.034,-0.023,-0.101,1523,1522,1465,1528,10.00,10.06,39.70,39.75
1787304225.029,37.922,True,1,3.126,3.016,-0.110,0.363,10.187,10.186,0.325,2.749,0.268,2.762,0.240,0.215,0.027,0.076,1.78,2.83,153.99,2.07,2.64,0.035,-0.022,-0.101,1523,1522,1465,1528,10.00,10.06,49.70,49.75
1787304225.039,37.932,True,1,3.126,3.016,-0.110,0.361,10.186,10.185,0.325,2.749,0.268,2.761,0.241,0.215,0.027,0.076,1.78,2.83,153.99,2.07,2.65,0.036,-0.022,-0.101,1523,1522,1465,1528,10.00,10.06,59.70,59.75
1787304225.049,37.942,True,1,3.126,3.016,-0.110,0.360,10.185,10.184,0.325,2.749,0.268,2.761,0.242,0.215,0.027,0.076,1.78,2.83,153.99,2.08,2.66,0.036,-0.021,-0.101,1524,1522,1465,1528,10.00,10.06,69.70,69.75
1787304225.060,37.953,True,1,3.108,3.016,-0.198,0.696,10.517,10.517,0.336,2.749,0.275,2.760,0.243,0.220,0.040,0.048,1.64,2.41,153.93,1.83,2.34,0.025,-0.010,-0.099,1522,1521,1466,1539,10.00,10.06,-0.51,-0.56
1787304225.069,37.962,True,1,3.108,3.016,-0.198,0.695,10.516,10.516,0.336,2.749,0.275,2.760,0.244,0.220,0.040,0.048,1.64,2.41,153.93,1.84,2.35,0.025,-0.009,-0.099,1522,1521,1466,1539,10.00,10.07,9.50,9.45
1787304225.079,37.972,True,1,3.108,3.016,-0.198,0.694,10.515,10.515,0.336,2.749,0.275,2.760,0.245,0.220,0.040,0.048,1.64,2.41,153.93,1.84,2.36,0.026,-0.009,-0.099,1522,1520,1466,1539,10.00,10.06,19.49,19.45
1787304225.089,37.982,True,1,3.108,3.016,-0.198,0.693,10.514,10.514,0.336,2.749,0.275,2.759,0.246,0.220,0.040,0.048,1.64,2.41,153.93,1.85,2.36,0.027,-0.008,-0.099,1522,1520,1466,1539,10.00,10.06,29.49,29.44
1787304225.099,37.992,True,1,3.108,3.016,-0.198,0.692,10.513,10.513,0.336,2.749,0.275,2.759,0.247,0.220,0.040,0.048,1.64,2.41,153.93,1.86,2.37,0.027,-0.007,-0.099,1523,1520,1466,1539,10.00,10.06,39.49,39.44
1787304225.109,38.002,True,1,3.108,3.016,-0.198,0.691,10.512,10.512,0.336,2.749,0.275,2.759,0.248,0.220,0.040,0.048,1.64,2.41,153.93,1.86,2.38,0.028,-0.007,-0.099,1523,1520,1466,1539,10.00,10.06,49.49,49.45
1787304225.119,38.012,True,1,3.108,3.016,-0.198,0.690,10.512,10.512,0.336,2.749,0.275,2.758,0.249,0.220,0.040,0.048,1.64,2.41,153.93,1.87,2.38,0.028,-0.006,-0.099,1523,1520,1466,1539,10.00,10.06,59.49,59.44
1787304225.129,38.023,True,1,3.089,3.016,-0.189,0.736,10.560,10.559,0.337,2.750,0.281,2.758,0.250,0.224,0.045,0.079,1.86,2.40,153.82,2.15,2.48,0.034,0.005,-0.095,1523,1479,1466,1541,10.00,10.06,-0.46,-0.50
1787304225.139,38.032,True,1,3.089,3.016,-0.189,0.735,10.559,10.559,0.337,2.750,0.281,2.758,0.251,0.224,0.045,0.079,1.86,2.40,153.82,2.16,2.48,0.035,0.006,-0.095,1523,1479,1466,1541,10.00,10.06,9.55,9.50
1787304225.149,38.042,True,1,3.089,3.016,-0.189,0.734,10.558,10.558,0.337,2.750,0.281,2.758,0.252,0.224,0.045,0.079,1.86,2.40,153.82,2.17,2.49,0.036,0.006,-0.095,1523,1479,1466,1541,10.00,10.06,19.54,19.50
1787304225.159,38.052,True,1,3.089,3.016,-0.189,0.733,10.558,10.557,0.337,2.750,0.281,2.757,0.253,0.224,0.045,0.079,1.86,2.40,153.82,2.17,2.50,0.036,0.007,-0.095,1524,1479,1466,1541,10.00,10.06,29.54,29.50
1787304225.169,38.062,True,1,3.089,3.016,-0.189,0.733,10.557,10.557,0.337,2.750,0.281,2.757,0.254,0.224,0.045,0.079,1.86,2.40,153.82,2.18,2.50,0.037,0.008,-0.095,1524,1479,1466,1541,10.00,10.06,39.54,39.50
1787304225.179,38.072,True,1,3.089,3.016,-0.189,0.732,10.556,10.556,0.337,2.750,0.281,2.757,0.255,0.224,0.045,0.079,1.86,2.40,153.82,2.18,2.51,0.038,0.008,-0.095,1524,1479,1466,1541,10.01,10.07,49.55,49.50
1787304225.189,38.082,True,1,3.089,3.016,-0.189,0.731,10.556,10.555,0.337,2.750,0.281,2.757,0.256,0.224,0.045,0.079,1.86,2.40,153.82,2.19,2.51,0.038,0.009,-0.095,1524,1478,1466,1540,10.01,10.07,59.56,59.51
1787304225.199,38.092,True,1,3.089,3.016,-0.189,0.730,10.555,10.555,0.337,2.750,0.281,2.756,0.257,0.224,0.045,0.079,1.86,2.40,153.82,2.19,2.52,0.039,0.010,-0.095,1524,1478,1466,1540,9.99,10.06,69.55,69.50
1787304225.209,38.102,True,1,3.089,3.016,-0.189,0.730,10.554,10.554,0.337,2.750,0.281,2.756,0.257,0.224,0.045,0.079,1.86,2.40,153.82,2.20,2.53,0.039,0.010,-0.095,1524,1478,1466,1540,10.00,10.06,79.54,79.50
1787304225.220,38.113,True,1,3.067,3.016,-0.202,0.858,10.684,10.684,0.341,2.750,0.288,2.756,0.258,0.230,0.053,0.092,2.03,2.34,153.69,2.32,2.49,0.034,0.013,-0.089,1523,1478,1467,1545,10.00,10.06,-0.58,-0.63
1787304225.229,38.122,True,1,3.067,3.016,-0.202,0.858,10.683,10.683,0.341,2.750,0.288,2.756,0.259,0.230,0.053,0.092,2.03,2.34,153.69,2.33,2.50,0.035,0.013,-0.089,1523,1478,1467,1545,10.00,10.06,9.42,9.37
1787304225.239,38.132,True,1,3.067,3.016,-0.202,0.857,10.683,10.683,0.341,2.750,0.288,2.756,0.260,0.230,0.053,0.092,2.03,2.34,153.69,2.33,2.51,0.035,0.014,-0.089,1523,1478,1467,1545,10.00,10.06,19.42,19.37
1787304225.249,38.142,True,1,3.067,3.016,-0.202,0.857,10.683,10.682,0.341,2.750,0.288,2.755,0.261,0.230,0.053,0.092,2.03,2.34,153.69,2.34,2.51,0.036,0.015,-0.089,1523,1478,1467,1545,10.00,10.06,29.42,29.37
1787304225.259,38.152,True,1,3.067,3.016,-0.202,0.856,10.682,10.682,0.341,2.750,0.288,2.755,0.262,0.230,0.053,0.092,2.03,2.34,153.69,2.34,2.52,0.036,0.015,-0.089,1524,1478,1467,1545,10.00,10.06,39.42,39.37
1787304225.269,38.163,True,1,3.051,3.016,-0.216,0.961,10.786,10.786,0.344,2.750,0.293,2.755,0.263,0.234,0.055,0.088,1.76,2.20,153.69,2.29,2.46,0.059,0.025,-0.089,1526,1477,1467,1548,10.00,10.06,-0.44,-0.39
1787304225.279,38.172,True,1,3.051,3.016,-0.216,0.961,10.786,10.785,0.344,2.750,0.293,2.755,0.264,0.234,0.055,0.088,1.76,2.20,153.69,2.30,2.47,0.060,0.025,-0.089,1526,1477,1467,1548,10.00,10.06,9.56,9.60
1787304225.289,38.182,True,1,3.040,3.016,-0.217,1.007,10.832,10.832,0.346,2.750,0.296,2.755,0.265,0.236,0.059,0.086,1.79,2.28,153.69,2.30,2.42,0.057,0.012,-0.089,1526,1478,1467,1550,10.00,10.06,-0.11,-0.16
1787304225.299,38.192,True,1,3.040,3.016,-0.217,1.007,10.832,10.832,0.346,2.750,0.296,2.755,0.266,0.236,0.059,0.086,1.79,2.28,153.69,2.31,2.42,0.058,0.012,-0.089,1526,1478,1467,1550,10.00,10.06,9.89,9.84
1787304225.309,38.202,True,1,3.040,3.016,-0.217,1.007,10.832,10.831,0.346,2.750,0.296,2.754,0.267,0.236,0.059,0.086,1.79,2.28,153.69,2.31,2.43,0.058,0.013,-0.089,1526,1478,1467,1550,10.00,10.06,19.89,19.84
1787304225.319,38.212,True,1,3.040,3.016,-0.217,1.006,10.832,10.831,0.346,2.750,0.296,2.754,0.268,0.236,0.059,0.086,1.79,2.28,153.69,2.32,2.44,0.059,0.014,-0.089,1526,1478,1467,1550,10.00,10.06,29.89,29.84
1787304225.329,38.222,True,1,3.040,3.016,-0.217,1.006,10.832,10.831,0.346,2.750,0.296,2.754,0.269,0.236,0.059,0.086,1.79,2.28,153.69,2.32,2.44,0.060,0.014,-0.089,1526,1478,1467,1550,10.00,10.06,39.89,39.84
1787304225.339,38.232,True,1,3.040,3.016,-0.217,1.006,10.831,10.831,0.346,2.750,0.296,2.754,0.270,0.236,0.059,0.086,1.79,2.28,153.69,2.33,2.45,0.060,0.015,-0.089,1526,1478,1467,1550,10.00,10.06,49.89,49.84
1787304225.349,38.243,True,1,3.025,3.016,-0.195,1.000,10.825,10.823,0.345,2.752,0.301,2.754,0.271,0.239,0.061,0.077,1.28,2.27,153.76,2.28,2.40,0.108,0.012,-0.092,1531,1478,1467,1550,10.00,10.06,-0.36,-0.41
1787304225.359,38.252,True,1,3.025,3.016,-0.195,1.000,10.825,10.823,0.345,2.752,0.301,2.754,0.272,0.239,0.061,0.077,1.28,2.27,153.76,2.28,2.41,0.109,0.012,-0.092,1532,1478,1467,1550,10.01,10.06,9.64,9.59
1787304225.369,38.262,True,1,3.022,3.016,-0.188,0.992,10.818,10.816,0.345,2.752,0.302,2.754,0.273,0.240,0.067,0.097,1.23,2.35,153.80,2.48,2.44,0.135,0.008,-0.094,1534,1479,1466,1549,10.00,10.06,-0.17,-0.12
1787304225.379,38.272,True,1,3.022,3.016,-0.188,0.992,10.818,10.816,0.345,2.752,0.302,2.754,0.274,0.240,0.067,0.097,1.23,2.35,153.80,2.49,2.45,0.136,0.008,-0.094,1535,1479,1466,1549,10.00,10.06,9.83,9.88
1787304225.389,38.282,True,1,3.022,3.016,-0.188,0.992,10.819,10.816,0.345,2.752,0.302,2.754,0.275,0.240,0.067,0.097,1.23,2.35,153.80,2.49,2.45,0.136,0.009,-0.094,1535,1478,1466,1549,10.00,10.06,19.83,19.88
1787304225.399,38.292,True,1,3.022,3.016,-0.188,0.992,10.819,10.816,0.345,2.752,0.302,2.754,0.276,0.240,0.067,0.097,1.23,2.35,153.80,2.50,2.46,0.137,0.009,-0.094,1535,1478,1466,1549,10.00,10.06,29.83,29.88
1787304225.409,38.302,True,1,3.022,3.016,-0.188,0.992,10.819,10.816,0.345,2.752,0.302,2.754,0.277,0.240,0.067,0.097,1.23,2.35,153.80,2.51,2.46,0.138,0.010,-0.094,1535,1478,1466,1549,10.00,10.06,39.83,39.88
1787304225.419,38.312,True,1,3.022,3.016,-0.188,0.992,10.819,10.816,0.345,2.752,0.302,2.754,0.278,0.240,0.067,0.097,1.23,2.35,153.80,2.51,2.47,0.138,0.010,-0.094,1535,1478,1466,1549,10.00,10.06,49.83,49.88
1787304225.429,38.322,True,1,3.022,3.016,-0.188,0.992,10.819,10.816,0.345,2.752,0.302,2.754,0.278,0.240,0.067,0.097,1.23,2.35,153.80,2.52,2.47,0.139,0.011,-0.094,1535,1478,1466,1549,10.00,10.06,59.83,59.88
1787304225.439,38.332,True,1,3.022,3.016,-0.188,0.991,10.819,10.816,0.345,2.752,0.302,2.754,0.279,0.240,0.067,0.097,1.23,2.35,153.80,2.52,2.48,0.139,0.011,-0.094,1535,1478,1466,1549,10.00,10.06,69.83,69.88
1787304225.450,38.343,True,1,3.002,3.016,-0.167,1.007,10.834,10.831,0.346,2.758,0.311,2.754,0.280,0.245,0.080,0.102,1.18,2.51,153.86,2.63,2.38,0.156,-0.016,-0.096,1537,1521,1466,1550,10.00,10.06,-0.60,-0.56
1787304225.459,38.352,True,1,3.002,3.016,-0.167,1.007,10.834,10.831,0.346,2.758,0.311,2.754,0.281,0.245,0.080,0.102,1.18,2.51,153.86,2.64,2.39,0.157,-0.015,-0.096,1537,1521,1466,1550,10.00,10.07,9.40,9.45
1787304225.469,38.362,True,1,3.002,3.016,-0.167,1.007,10.835,10.831,0.346,2.758,0.311,2.754,0.282,0.245,0.080,0.102,1.18,2.51,153.86,2.65,2.39,0.158,-0.015,-0.096,1537,1521,1466,1550,9.99,10.06,19.39,19.44
1787304225.479,38.372,True,1,3.002,3.016,-0.167,1.007,10.835,10.831,0.346,2.758,0.311,2.754,0.283,0.245,0.080,0.102,1.18,2.51,153.86,2.66,2.40,0.158,-0.014,-0.096,1537,1521,1466,1550,10.00,10.06,29.39,29.44
1787304225.489,38.382,True,1,3.002,3.016,-0.167,1.007,10.835,10.831,0.346,2.758,0.311,2.754,0.284,0.245,0.080,0.102,1.18,2.51,153.86,2.66,2.40,0.159,-0.014,-0.096,1537,1521,1466,1550,10.00,10.06,39.40,39.45
1787304225.499,38.392,True,1,3.002,3.016,-0.167,1.007,10.835,10.832,0.346,2.758,0.311,2.754,0.285,0.245,0.080,0.102,1.18,2.51,153.86,2.67,2.40,0.160,-0.013,-0.096,1537,1521,1466,1550,10.00,10.06,49.39,49.44
1787304225.509,38.402,True,1,3.002,3.016,-0.167,1.007,10.836,10.832,0.346,2.758,0.311,2.754,0.286,0.245,0.080,0.102,1.18,2.51,153.86,2.68,2.41,0.161,-0.013,-0.096,1537,1521,1466,1550,10.00,10.06,59.39,59.44
1787304225.519,38.413,True,1,2.989,3.016,-0.106,0.879,10.711,10.705,0.342,2.763,0.322,2.755,0.287,0.252,0.085,0.130,1.13,2.38,153.77,2.97,2.52,0.197,0.012,-0.093,1541,1478,1467,1546,10.00,10.06,-0.41,-0.46
1787304225.529,38.422,True,1,2.987,3.016,-0.096,0.855,10.686,10.682,0.341,2.764,0.324,2.755,0.288,0.253,0.073,0.124,1.31,2.26,153.73,2.88,2.61,0.168,0.034,-0.091,1538,1476,1467,1545,10.00,10.06,-0.05,-0.10
1787304225.539,38.432,True,1,2.987,3.016,-0.096,0.855,10.687,10.682,0.341,2.764,0.324,2.755,0.290,0.253,0.073,0.124,1.31,2.26,153.73,2.89,2.62,0.169,0.035,-0.091,1538,1476,1467,1545,10.00,10.06,9.95,9.90
1787304225.549,38.442,True,1,2.987,3.016,-0.096,0.856,10.687,10.683,0.341,2.764,0.324,2.756,0.291,0.253,0.073,0.124,1.31,2.26,153.73,2.90,2.62,0.170,0.035,-0.091,1538,1476,1467,1545,10.00,10.06,19.95,19.90
1787304225.559,38.452,True,1,2.987,3.016,-0.096,0.856,10.687,10.683,0.341,2.764,0.324,2.756,0.292,0.253,0.073,0.124,1.31,2.26,153.73,2.91,2.62,0.171,0.035,-0.091,1538,1476,1467,1545,10.00,10.06,29.95,29.90
1787304225.569,38.462,True,1,2.987,3.016,-0.096,0.856,10.688,10.683,0.341,2.764,0.324,2.756,0.293,0.253,0.073,0.124,1.31,2.26,153.73,2.91,2.63,0.171,0.036,-0.091,1538,1475,1467,1545,10.00,10.06,39.95,39.90
1787304225.579,38.472,True,1,2.987,3.016,-0.096,0.856,10.688,10.684,0.341,2.764,0.324,2.756,0.294,0.253,0.073,0.124,1.31,2.26,153.73,2.92,2.63,0.172,0.036,-0.091,1539,1475,1467,1545,10.00,10.06,49.95,49.90
1787304225.589,38.482,True,1,2.987,3.016,-0.096,0.857,10.689,10.684,0.341,2.764,0.324,2.757,0.295,0.253,0.073,0.124,1.31,2.26,153.73,2.93,2.63,0.173,0.037,-0.091,1539,1475,1467,1545,10.00,10.06,59.95,59.90
1787304225.599,38.493,True,1,2.975,3.016,-0.047,0.757,10.592,10.589,0.338,2.768,0.336,2.757,0.296,0.262,0.085,0.148,1.89,2.15,153.40,3.22,2.68,0.142,0.053,-0.078,1535,1474,1469,1542,10.00,10.06,-0.45,-0.50
1787304225.609,38.502,True,1,2.975,3.016,-0.047,0.758,10.593,10.589,0.338,2.768,0.336,2.757,0.298,0.262,0.085,0.148,1.89,2.15,153.40,3.23,2.68,0.143,0.053,-0.078,1535,1474,1469,1542,10.00,10.06,9.55,9.50
1787304225.619,38.512,True,1,2.975,3.016,-0.047,0.758,10.593,10.590,0.338,2.768,0.336,2.758,0.299,0.262,0.085,0.148,1.89,2.15,153.40,3.24,2.69,0.144,0.054,-0.078,1535,1474,1469,1542,9.99,10.06,19.54,19.50
1787304225.629,38.522,True,1,2.975,3.016,-0.047,0.758,10.594,10.590,0.338,2.768,0.336,2.758,0.300,0.262,0.085,0.148,1.89,2.15,153.40,3.25,2.69,0.145,0.054,-0.078,1536,1473,1469,1542,10.00,10.06,29.55,29.50
1787304225.639,38.532,True,1,2.975,3.016,-0.047,0.759,10.594,10.591,0.338,2.768,0.336,2.758,0.301,0.262,0.085,0.148,1.89,2.15,153.40,3.26,2.69,0.146,0.054,-0.078,1536,1473,1469,1542,10.00,10.06,39.55,39.50
1787304225.649,38.543,True,1,2.971,3.016,-0.013,0.673,10.509,10.507,0.335,2.771,0.344,2.759,0.303,0.268,0.071,0.149,2.40,2.17,153.02,3.22,2.87,0.088,0.071,-0.063,1529,1472,1471,1539,10.01,10.07,-0.29,-0.33
1787304225.659,38.552,True,1,2.971,3.016,-0.013,0.673,10.510,10.508,0.335,2.771,0.344,2.759,0.304,0.268,0.071,0.149,2.40,2.17,153.02,3.23,2.87,0.089,0.072,-0.063,1529,1472,1471,1539,10.00,10.07,9.71,9.66
1787304225.669,38.562,True,1,2.971,3.016,-0.013,0.674,10.510,10.509,0.335,2.771,0.344,2.760,0.305,0.268,0.071,0.149,2.40,2.17,153.02,3.24,2.88,0.090,0.072,-0.063,1530,1471,1471,1539,10.00,10.06,19.71,19.66
1787304225.679,38.572,True,1,2.971,3.016,-0.013,0.674,10.511,10.509,0.335,2.771,0.344,2.760,0.307,0.268,0.071,0.149,2.40,2.17,153.02,3.25,2.88,0.091,0.072,-0.063,1530,1471,1471,1539,10.00,10.07,29.71,29.66
1787304225.689,38.583,True,1,2.968,3.016,-0.012,0.687,10.523,10.522,0.336,2.772,0.349,2.760,0.308,0.272,0.062,0.146,3.07,2.11,152.57,3.16,2.96,0.012,0.087,-0.045,1521,1470,1473,1539,10.00,10.06,-0.27,-0.32
1787304225.699,38.592,True,1,2.968,3.016,-0.012,0.687,10.524,10.523,0.336,2.772,0.349,2.761,0.309,0.272,0.062,0.146,3.07,2.11,152.57,3.18,2.97,0.013,0.087,-0.045,1521,1470,1473,1539,10.00,10.07,9.73,9.68
1787304225.709,38.602,True,1,2.968,3.016,-0.012,0.688,10.525,10.523,0.336,2.772,0.349,2.761,0.311,0.272,0.062,0.146,3.07,2.11,152.57,3.19,2.97,0.014,0.088,-0.045,1521,1470,1473,1539,10.00,10.06,19.73,19.68
1787304225.719,38.612,True,1,2.968,3.016,-0.012,0.688,10.525,10.524,0.336,2.772,0.349,2.762,0.312,0.272,0.062,0.146,3.07,2.11,152.57,3.19,2.98,0.015,0.088,-0.045,1521,1470,1473,1539,10.00,10.06,29.73,29.68
1787304225.729,38.622,True,1,2.968,3.016,-0.012,0.689,10.526,10.525,0.336,2.772,0.349,2.762,0.313,0.272,0.062,0.146,3.07,2.11,152.57,3.20,2.98,0.016,0.089,-0.045,1521,1470,1473,1539,10.00,10.06,39.73,39.68
1787304225.739,38.632,True,1,2.968,3.016,-0.012,0.689,10.526,10.525,0.336,2.772,0.349,2.762,0.314,0.272,0.062,0.146,3.07,2.11,152.57,3.21,2.98,0.017,0.089,-0.045,1521,1470,1473,1539,10.01,10.07,49.73,49.69
1787304225.749,38.643,True,1,2.966,3.016,0.026,0.583,10.424,10.422,0.333,2.774,0.358,2.763,0.316,0.280,0.063,0.165,3.62,2.13,151.95,3.40,3.14,-0.022,0.105,-0.020,1477,1468,1477,1536,10.00,10.07,-0.37,-0.42
1787304225.759,38.652,True,1,2.966,3.016,0.026,0.584,10.425,10.423,0.333,2.774,0.358,2.763,0.317,0.280,0.063,0.165,3.62,2.13,151.95,3.41,3.15,-0.021,0.105,-0.020,1477,1468,1477,1536,9.99,10.06,9.62,9.57
1787304225.769,38.662,True,1,2.966,3.016,0.048,0.517,10.355,10.352,0.330,2.775,0.360,2.763,0.319,0.282,0.038,0.137,3.83,2.14,151.68,3.06,3.27,-0.080,0.117,-0.009,1471,1466,1478,1533,10.00,10.06,-0.17,-0.12
1787304225.779,38.672,True,1,2.966,3.016,0.048,0.517,10.356,10.353,0.330,2.775,0.360,2.764,0.320,0.282,0.038,0.137,3.83,2.14,151.68,3.07,3.27,-0.079,0.118,-0.009,1471,1466,1478,1533,10.00,10.06,9.83,9.88
1787304225.789,38.682,True,1,2.966,3.016,0.048,0.518,10.356,10.354,0.330,2.775,0.360,2.764,0.321,0.282,0.038,0.137,3.83,2.14,151.68,3.08,3.27,-0.078,0.118,-0.009,1471,1466,1478,1533,10.00,10.06,19.83,19.88
1787304225.799,38.692,True,1,2.966,3.016,0.048,0.518,10.357,10.354,0.330,2.775,0.360,2.764,0.323,0.282,0.038,0.137,3.83,2.14,151.68,3.09,3.28,-0.077,0.119,-0.009,1471,1466,1478,1533,10.00,10.06,29.83,29.88
1787304225.809,38.702,True,1,2.966,3.016,0.048,0.519,10.358,10.355,0.331,2.775,0.360,2.765,0.324,0.282,0.038,0.137,3.83,2.14,151.68,3.10,3.28,-0.076,0.119,-0.009,1471,1466,1478,1534,10.00,10.06,39.83,39.88
1787304225.819,38.712,True,1,2.966,3.016,0.048,0.519,10.358,10.356,0.331,2.775,0.360,2.765,0.325,0.282,0.038,0.137,3.83,2.14,151.68,3.11,3.29,-0.075,0.120,-0.009,1471,1466,1478,1534,10.00,10.06,49.83,49.88
1787304225.829,38.722,True,1,2.966,3.016,0.048,0.520,10.359,10.356,0.331,2.775,0.360,2.765,0.326,0.282,0.038,0.137,3.83,2.14,151.68,3.12,3.29,-0.074,0.120,-0.009,1471,1466,1478,1534,10.00,10.06,59.83,59.88
1787304225.839,38.732,True,1,2.966,3.016,0.048,0.520,10.360,10.357,0.331,2.775,0.360,2.766,0.328,0.282,0.038,0.137,3.83,2.14,151.68,3.13,3.29,-0.073,0.120,-0.009,1471,1466,1478,1534,10.00,10.06,69.83,69.88
1787304225.850,38.743,True,1,2.971,3.016,0.074,0.424,10.263,10.260,0.327,2.776,0.374,2.766,0.329,0.294,0.033,0.134,4.18,2.42,150.70,3.07,3.42,-0.118,0.107,0.034,1466,1468,1524,1530,10.00,10.06,-0.60,-0.55
1787304225.859,38.752,True,1,2.971,3.016,0.074,0.424,10.264,10.260,0.327,2.776,0.374,2.766,0.331,0.294,0.033,0.134,4.18,2.42,150.70,3.08,3.42,-0.117,0.108,0.034,1467,1468,1524,1530,10.00,10.06,9.40,9.45
1787304225.869,38.762,True,1,2.971,3.016,0.074,0.425,10.264,10.261,0.328,2.776,0.374,2.767,0.332,0.294,0.033,0.134,4.18,2.42,150.70,3.09,3.43,-0.116,0.108,0.034,1467,1467,1524,1530,9.99,10.06,19.40,19.45
1787304225.879,38.772,True,1,2.971,3.016,0.074,0.425,10.265,10.262,0.328,2.776,0.374,2.767,0.333,0.294,0.033,0.134,4.18,2.42,150.70,3.10,3.43,-0.115,0.109,0.034,1467,1467,1524,1530,10.00,10.06,29.40,29.45
1787304225.889,38.782,True,1,2.971,3.016,0.074,0.426,10.266,10.262,0.328,2.776,0.374,2.767,0.335,0.294,0.033,0.134,4.18,2.42,150.70,3.11,3.44,-0.114,0.109,0.033,1467,1467,1524,1530,10.00,10.06,39.40,39.45
1787304225.899,38.792,True,1,2.971,3.016,0.074,0.426,10.266,10.263,0.328,2.776,0.374,2.768,0.336,0.294,0.033,0.134,4.18,2.42,150.70,3.12,3.44,-0.112,0.110,0.033,1467,1467,1524,1530,10.00,10.06,49.40,49.45
1787304225.909,38.802,True,1,2.971,3.016,0.074,0.426,10.267,10.264,0.328,2.776,0.374,2.768,0.337,0.294,0.033,0.134,4.18,2.42,150.70,3.13,3.45,-0.111,0.110,0.033,1467,1467,1524,1530,10.00,10.06,59.40,59.45
1787304225.919,38.813,True,1,2.977,3.016,0.092,0.352,10.191,10.187,0.325,2.775,0.385,2.768,0.339,0.305,0.009,0.112,4.25,2.85,149.98,2.80,3.62,-0.155,0.085,0.067,1462,1470,1529,1528,10.00,10.06,-0.41,-0.46
1787304225.929,38.822,True,1,2.978,3.016,0.109,0.296,10.137,10.133,0.323,2.774,0.387,2.768,0.341,0.306,0.009,0.121,4.35,3.08,149.67,2.88,3.71,-0.159,0.072,0.081,1462,1471,1531,1526,10.00,10.06,-0.05,-0.10
1787304225.939,38.832,True,1,2.978,3.016,0.109,0.297,10.137,10.133,0.323,2.774,0.387,2.769,0.342,0.306,0.009,0.121,4.35,3.08,149.67,2.89,3.71,-0.157,0.073,0.081,1462,1471,1531,1526,10.00,10.06,9.95,9.90
1787304225.949,38.842,True,1,2.978,3.016,0.109,0.297,10.138,10.134,0.323,2.774,0.387,2.769,0.344,0.306,0.009,0.121,4.35,3.08,149.67,2.91,3.72,-0.156,0.074,0.081,1462,1471,1531,1526,10.00,10.06,19.95,19.90
1787304225.959,38.852,True,1,2.978,3.016,0.109,0.297,10.138,10.135,0.323,2.774,0.387,2.769,0.345,0.306,0.009,0.121,4.35,3.08,149.67,2.92,3.73,-0.155,0.074,0.081,1462,1471,1531,1526,10.00,10.06,29.95,29.90
1787304225.969,38.862,True,1,2.978,3.016,0.109,0.298,10.139,10.135,0.323,2.774,0.387,2.769,0.346,0.306,0.009,0.121,4.35,3.08,149.67,2.93,3.73,-0.154,0.075,0.081,1462,1471,1531,1526,10.00,10.06,39.95,39.90
1787304225.979,38.872,True,1,2.978,3.016,0.109,0.298,10.140,10.136,0.324,2.774,0.387,2.769,0.348,0.306,0.009,0.121,4.35,3.08,149.67,2.94,3.74,-0.153,0.076,0.081,1463,1471,1531,1526,10.00,10.06,49.95,49.90
1787304225.989,38.882,True,1,2.978,3.016,0.109,0.298,10.140,10.136,0.324,2.774,0.387,2.769,0.349,0.306,0.009,0.121,4.35,3.08,149.67,2.95,3.74,-0.152,0.076,0.081,1463,1471,1531,1526,10.00,10.06,59.95,59.90
1787304225.999,38.893,True,1,2.983,3.016,0.100,0.305,10.145,10.138,0.324,2.771,0.395,2.770,0.351,0.315,-0.026,0.092,4.52,3.53,148.88,2.48,3.94,-0.222,0.052,0.117,1455,1474,1536,1526,10.00,10.06,-0.46,-0.51
1787304226.009,38.902,True,1,2.983,3.016,0.100,0.305,10.146,10.139,0.324,2.771,0.395,2.770,0.352,0.315,-0.026,0.092,4.52,3.53,148.88,2.49,3.95,-0.221,0.053,0.117,1455,1474,1536,1526,10.00,10.06,9.54,9.49
1787304226.019,38.912,True,1,2.983,3.016,0.100,0.306,10.146,10.140,0.324,2.771,0.395,2.770,0.353,0.315,-0.026,0.092,4.52,3.53,148.88,2.50,3.95,-0.220,0.054,0.117,1455,1474,1536,1526,10.00,10.06,19.54,19.49
1787304226.029,38.922,True,1,2.984,3.016,0.106,0.285,10.126,10.119,0.323,2.770,0.396,2.770,0.355,0.317,-0.031,0.096,4.59,3.77,148.47,2.49,4.05,-0.229,0.041,0.136,1454,1475,1538,1525,10.00,10.06,-0.17,-0.12
1787304226.039,38.932,True,1,2.984,3.016,0.106,0.285,10.127,10.120,0.323,2.770,0.396,2.770,0.356,0.317,-0.031,0.096,4.59,3.77,148.47,2.49,4.06,-0.228,0.041,0.136,1454,1475,1538,1525,10.00,10.06,9.83,9.88
1787304226.049,38.942,True,1,2.984,3.016,0.106,0.285,10.127,10.120,0.323,2.770,0.396,2.770,0.358,0.317,-0.031,0.096,4.59,3.77,148.47,2.50,4.07,-0.227,0.042,0.136,1454,1475,1538,1525,10.00,10.06,19.83,19.88
1787304226.059,38.952,True,1,2.984,3.016,0.106,0.286,10.128,10.121,0.323,2.770,0.396,2.770,0.359,0.317,-0.031,0.096,4.59,3.77,148.47,2.51,4.07,-0.226,0.043,0.136,1455,1475,1538,1525,10.00,10.06,29.83,29.88
1787304226.069,38.963,True,1,2.988,3.016,0.106,0.269,10.109,10.102,0.322,2.767,0.400,2.770,0.360,0.321,-0.035,0.079,4.45,3.81,148.04,2.33,4.05,-0.233,0.037,0.155,1454,1475,1541,1525,10.00,10.06,-0.30,-0.25
1787304226.079,38.972,True,1,2.988,3.016,0.106,0.269,10.109,10.102,0.322,2.767,0.400,2.769,0.362,0.321,-0.035,0.079,4.45,3.81,148.04,2.34,4.05,-0.232,0.038,0.155,1454,1475,1541,1525,10.01,10.07,9.70,9.75
1787304226.089,38.982,True,1,2.990,3.016,0.101,0.276,10.115,10.106,0.323,2.765,0.401,2.769,0.363,0.323,-0.055,0.053,4.35,3.84,147.90,2.00,4.10,-0.256,0.039,0.161,1451,1475,1542,1525,10.00,10.07,-0.12,-0.17
1787304226.099,38.992,True,1,2.990,3.016,0.101,0.276,10.115,10.107,0.323,2.765,0.401,2.769,0.364,0.323,-0.055,0.053,4.35,3.84,147.90,2.01,4.10,-0.256,0.040,0.161,1451,1475,1542,1525,10.00,10.06,9.88,9.83
1787304226.109,39.002,True,1,2.990,3.016,0.101,0.277,10.115,10.107,0.323,2.765,0.401,2.769,0.365,0.323,-0.055,0.053,4.35,3.84,147.90,2.02,4.11,-0.255,0.040,0.161,1451,1475,1542,1525,10.00,10.06,19.88,19.83
1787304226.119,39.012,True,1,2.990,3.016,0.101,0.277,10.116,10.107,0.323,2.765,0.401,2.769,0.367,0.323,-0.055,0.053,4.35,3.84,147.90,2.03,4.12,-0.254,0.041,0.161,1452,1475,1542,1525,10.00,10.06,29.88,29.83
1787304226.129,39.022,True,1,2.990,3.016,0.101,0.277,10.116,10.108,0.323,2.765,0.401,2.769,0.368,0.323,-0.055,0.053,4.35,3.84,147.90,2.04,4.13,-0.253,0.042,0.160,1452,1475,1542,1525,10.00,10.06,39.88,39.82
1787304226.139,39.032,True,1,2.990,3.016,0.101,0.277,10.117,10.108,0.323,2.765,0.401,2.769,0.369,0.323,-0.055,0.053,4.35,3.84,147.90,2.05,4.13,-0.252,0.043,0.160,1452,1475,1542,1525,10.00,10.06,49.88,49.83
1787304226.149,39.043,True,1,2.996,3.016,0.112,0.221,10.060,10.054,0.321,2.760,0.405,2.768,0.370,0.329,-0.063,0.035,3.68,3.96,147.51,1.84,4.16,-0.204,0.032,0.179,1457,1476,1544,1523,10.00,10.06,-0.37,-0.41
1787304226.159,39.052,True,1,2.996,3.016,0.112,0.221,10.060,10.055,0.321,2.760,0.405,2.768,0.371,0.329,-0.063,0.035,3.68,3.96,147.51,1.85,4.16,-0.204,0.033,0.178,1457,1476,1544,1523,10.00,10.06,9.64,9.59
1787304226.169,39.062,True,1,2.997,3.016,0.113,0.215,10.054,10.051,0.321,2.758,0.406,2.768,0.372,0.330,-0.063,0.043,3.38,4.03,147.35,1.91,4.23,-0.168,0.032,0.186,1461,1476,1545,1523,10.00,10.06,-0.17,-0.12
1787304226.179,39.072,True,1,2.997,3.016,0.113,0.215,10.055,10.051,0.321,2.758,0.406,2.767,0.373,0.330,-0.063,0.043,3.38,4.03,147.35,1.91,4.24,-0.167,0.033,0.186,1461,1476,1545,1523,10.01,10.07,9.84,9.89
1787304226.189,39.082,True,1,2.997,3.016,0.113,0.215,10.055,10.052,0.321,2.758,0.406,2.767,0.375,0.330,-0.063,0.043,3.38,4.03,147.35,1.92,4.25,-0.167,0.034,0.186,1461,1476,1545,1523,10.00,10.06,19.84,19.88
1787304226.199,39.092,True,1,2.997,3.016,0.113,0.215,10.055,10.052,0.321,2.758,0.406,2.767,0.376,0.330,-0.063,0.043,3.38,4.03,147.35,1.93,4.25,-0.166,0.035,0.186,1461,1476,1545,1523,10.00,10.06,29.84,29.88
1787304226.209,39.102,True,1,2.997,3.016,0.113,0.216,10.056,10.052,0.321,2.758,0.406,2.766,0.377,0.330,-0.063,0.043,3.38,4.03,147.35,1.93,4.26,-0.165,0.036,0.186,1461,1476,1545,1523,10.00,10.06,39.83,39.88
1787304226.219,39.112,True,1,2.997,3.016,0.113,0.216,10.056,10.053,0.321,2.758,0.406,2.766,0.378,0.330,-0.063,0.043,3.38,4.03,147.35,1.94,4.27,-0.164,0.036,0.186,1461,1475,1545,1523,10.00,10.06,49.83,49.88
1787304226.229,39.122,True,1,2.997,3.016,0.113,0.216,10.056,10.053,0.321,2.758,0.406,2.766,0.378,0.330,-0.063,0.043,3.38,4.03,147.35,1.95,4.28,-0.164,0.037,0.186,1461,1475,1545,1523,10.00,10.06,59.84,59.89
1787304226.239,39.132,True,1,2.997,3.016,0.113,0.216,10.057,10.054,0.321,2.758,0.406,2.766,0.379,0.330,-0.063,0.043,3.38,4.03,147.35,1.95,4.29,-0.163,0.038,0.186,1461,1475,1545,1523,10.00,10.06,69.83,69.88
1787304226.249,39.142,True,1,2.997,3.016,0.113,0.216,10.057,10.054,0.321,2.758,0.406,2.765,0.380,0.330,-0.063,0.043,3.38,4.03,147.35,1.96,4.29,-0.163,0.039,0.186,1462,1475,1545,1523,10.00,10.06,79.83,79.88
1787304226.260,39.153,True,1,3.006,3.016,0.146,0.081,9.920,9.920,0.317,2.749,0.410,2.765,0.381,0.337,-0.057,0.032,2.41,4.24,147.17,1.92,4.25,-0.067,0.009,0.195,1472,1479,1547,1518,10.00,10.06,-0.71,-0.58
1787304226.269,39.162,True,1,3.006,3.016,0.146,0.081,9.920,9.920,0.317,2.749,0.410,2.764,0.382,0.337,-0.057,0.032,2.41,4.24,147.17,1.92,4.26,-0.066,0.010,0.195,1472,1478,1547,1518,10.01,10.07,9.30,9.42
1787304226.279,39.172,True,1,3.006,3.016,0.146,0.081,9.921,9.920,0.317,2.749,0.410,2.764,0.383,0.337,-0.057,0.032,2.41,4.24,147.17,1.93,4.27,-0.066,0.011,0.195,1472,1478,1547,1518,9.99,10.06,19.29,19.41
1787304226.289,39.182,True,1,3.006,3.016,0.146,0.081,9.921,9.921,0.317,2.749,0.410,2.763,0.384,0.337,-0.057,0.032,2.41,4.24,147.17,1.93,4.28,-0.065,0.012,0.195,1472,1478,1547,1518,10.00,10.06,29.30,29.42
1787304226.299,39.192,True,1,3.006,3.016,0.146,0.081,9.921,9.921,0.317,2.749,0.410,2.763,0.385,0.337,-0.057,0.032,2.41,4.24,147.17,1.94,4.28,-0.064,0.013,0.195,1472,1478,1547,1518,10.00,10.06,39.29,39.41
1787304226.309,39.202,True,1,3.006,3.016,0.146,0.081,9.921,9.921,0.317,2.749,0.410,2.763,0.386,0.337,-0.057,0.032,2.41,4.24,147.17,1.94,4.29,-0.064,0.014,0.195,1472,1478,1547,1518,10.01,10.07,49.30,49.42
1787304226.319,39.212,True,1,3.006,3.016,0.146,0.081,9.922,9.921,0.317,2.749,0.410,2.762,0.386,0.337,-0.057,0.032,2.41,4.24,147.17,1.95,4.30,-0.063,0.014,0.195,1472,1478,1547,1518,10.00,10.06,59.29,59.42
1787304226.330,39.223,True,1,3.016,3.016,0.118,0.129,9.969,9.969,0.318,2.739,0.414,2.761,0.387,0.345,-0.066,0.029,1.31,4.32,147.38,1.88,4.34,0.046,0.006,0.186,1525,1479,1545,1520,10.00,10.06,-0.53,-0.58
1787304226.339,39.232,True,1,3.016,3.016,0.118,0.129,9.969,9.969,0.318,2.739,0.414,2.761,0.388,0.345,-0.066,0.029,1.31,4.32,147.38,1.89,4.35,0.046,0.007,0.186,1525,1479,1545,1520,10.01,10.07,9.48,9.43
1787304226.349,39.242,True,1,3.016,3.016,0.118,0.129,9.970,9.969,0.318,2.739,0.414,2.760,0.389,0.345,-0.066,0.029,1.31,4.32,147.38,1.89,4.36,0.047,0.009,0.186,1525,1479,1545,1520,9.99,10.06,19.47,19.42
1787304226.359,39.252,True,1,3.016,3.016,0.118,0.129,9.970,9.969,0.318,2.739,0.414,2.759,0.390,0.345,-0.066,0.029,1.31,4.32,147.38,1.89,4.38,0.047,0.010,0.186,1525,1478,1545,1520,10.00,10.06,29.47,29.43
1787304226.369,39.263,True,1,3.019,3.016,0.082,0.222,10.062,10.061,0.321,2.735,0.415,2.758,0.391,0.348,-0.058,0.026,1.10,4.32,147.58,1.92,4.26,0.072,-0.003,0.177,1528,1520,1544,1523,10.00,10.06,-0.18,-0.23
1787304226.379,39.272,True,1,3.019,3.016,0.082,0.222,10.062,10.061,0.321,2.735,0.415,2.758,0.392,0.348,-0.058,0.026,1.10,4.32,147.58,1.92,4.27,0.072,-0.002,0.177,1528,1520,1544,1523,10.00,10.06,9.83,9.78
1787304226.389,39.282,True,1,3.019,3.016,0.082,0.222,10.063,10.061,0.321,2.735,0.415,2.757,0.392,0.348,-0.058,0.026,1.10,4.32,147.58,1.92,4.28,0.073,-0.000,0.177,1528,1520,1544,1523,10.00,10.06,19.82,19.77
1787304226.399,39.292,True,1,3.019,3.016,0.082,0.222,10.063,10.062,0.321,2.735,0.415,2.756,0.393,0.348,-0.058,0.026,1.10,4.32,147.58,1.93,4.29,0.073,0.001,0.177,1528,1479,1544,1523,10.00,10.06,29.82,29.77
1787304226.409,39.303,True,1,3.022,3.016,0.077,0.223,10.065,10.062,0.321,2.730,0.418,2.755,0.394,0.352,-0.053,0.045,0.59,4.22,148.12,2.16,4.34,0.154,0.014,0.154,1536,1478,1541,1523,10.00,10.06,-0.35,-0.30
1787304226.419,39.312,True,1,3.022,3.016,0.077,0.223,10.066,10.062,0.321,2.730,0.418,2.754,0.395,0.352,-0.053,0.045,0.59,4.22,148.12,2.17,4.35,0.154,0.015,0.154,1537,1478,1541,1523,10.00,10.06,9.66,9.70
1787304226.429,39.322,True,1,3.022,3.016,0.077,0.223,10.066,10.062,0.321,2.730,0.418,2.754,0.395,0.352,-0.053,0.045,0.59,4.22,148.12,2.17,4.36,0.154,0.016,0.153,1537,1478,1541,1523,9.99,10.06,19.65,19.70
1787304226.439,39.332,True,1,3.022,3.016,0.077,0.223,10.066,10.062,0.321,2.730,0.418,2.753,0.396,0.352,-0.053,0.045,0.59,4.22,148.12,2.17,4.37,0.155,0.017,0.153,1537,1478,1541,1523,10.00,10.06,29.65,29.70
1787304226.449,39.342,True,1,3.022,3.016,0.077,0.223,10.066,10.062,0.321,2.730,0.418,2.752,0.397,0.352,-0.053,0.045,0.59,4.22,148.12,2.18,4.38,0.155,0.018,0.153,1537,1477,1541,1523,10.00,10.07,39.66,39.70
1787304226.459,39.352,True,1,3.022,3.016,0.077,0.222,10.066,10.062,0.321,2.730,0.418,2.751,0.398,0.352,-0.053,0.045,0.59,4.22,148.12,2.18,4.39,0.156,0.019,0.153,1537,1477,1541,1523,10.00,10.07,49.66,49.71
1787304226.469,39.362,True,1,3.022,3.016,0.077,0.222,10.066,10.062,0.321,2.730,0.418,2.751,0.398,0.352,-0.053,0.045,0.59,4.22,148.12,2.18,4.40,0.156,0.020,0.153,1537,1477,1541,1523,10.00,10.07,59.66,59.70
1787304226.479,39.373,True,1,3.026,3.016,0.050,0.289,10.132,10.127,0.323,2.722,0.423,2.750,0.399,0.360,-0.064,0.034,0.36,4.28,148.86,2.08,4.39,0.171,0.012,0.122,1538,1478,1536,1525,10.00,10.06,-0.42,-0.47
1787304226.489,39.382,True,1,3.026,3.016,0.050,0.289,10.132,10.127,0.323,2.722,0.423,2.749,0.400,0.360,-0.064,0.034,0.36,4.28,148.86,2.08,4.40,0.171,0.013,0.122,1538,1478,1536,1525,10.00,10.06,9.58,9.53
1787304226.499,39.392,True,1,3.027,3.016,0.059,0.258,10.101,10.097,0.322,2.721,0.423,2.748,0.401,0.361,-0.055,0.040,0.52,4.33,149.16,2.22,4.37,0.170,0.006,0.109,1538,1479,1535,1524,10.00,10.06,-0.17,-0.12
1787304226.509,39.402,True,1,3.028,3.016,0.089,0.165,10.013,10.007,0.319,2.719,0.425,2.747,0.401,0.364,-0.050,0.072,0.52,4.33,149.16,2.55,4.54,0.204,0.024,0.108,1542,1477,1535,1521,10.00,10.06,9.83,-0.06
1787304226.519,39.412,True,1,3.028,3.016,0.089,0.165,10.013,10.007,0.319,2.719,0.425,2.746,0.402,0.364,-0.050,0.072,0.52,4.33,149.16,2.55,4.55,0.205,0.025,0.108,1542,1477,1535,1521,10.00,10.06,19.83,9.94
1787304226.529,39.422,True,1,3.028,3.016,0.089,0.165,10.013,10.007,0.319,2.719,0.425,2.745,0.403,0.364,-0.050,0.072,0.52,4.33,149.16,2.55,4.56,0.205,0.026,0.108,1542,1477,1535,1521,10.00,10.06,29.83,19.94
1787304226.539,39.432,True,1,3.028,3.016,0.089,0.165,10.013,10.007,0.319,2.719,0.425,2.744,0.404,0.364,-0.050,0.072,0.52,4.33,149.16,2.56,4.58,0.206,0.027,0.108,1542,1476,1535,1521,10.00,10.06,39.83,29.94
1787304226.549,39.442,True,1,3.028,3.016,0.089,0.165,10.013,10.007,0.319,2.719,0.425,2.743,0.404,0.364,-0.050,0.072,0.52,4.33,149.16,2.56,4.59,0.206,0.028,0.108,1542,1476,1535,1521,10.03,10.09,49.86,39.96
1787304226.559,39.453,True,1,3.029,3.016,0.077,0.192,10.041,10.038,0.320,2.715,0.428,2.742,0.405,0.368,-0.049,0.069,1.15,4.33,149.98,2.60,4.53,0.147,0.023,0.072,1536,1477,1530,1522,9.98,10.06,-0.42,-0.38
1787304226.569,39.462,True,1,3.030,3.016,0.039,0.304,10.149,10.147,0.324,2.712,0.431,2.741,0.406,0.372,-0.057,0.045,1.15,4.33,149.98,2.33,4.44,0.118,0.013,0.073,1533,1478,1530,1526,10.00,10.06,9.58,-0.08
1787304226.579,39.472,True,1,3.030,3.016,0.085,0.164,10.013,10.011,0.320,2.711,0.432,2.740,0.407,0.373,-0.052,0.066,1.49,4.31,150.27,2.60,4.56,0.112,0.028,0.059,1532,1476,1528,1521,10.00,10.06,-0.05,-0.11
1787304226.589,39.482,True,1,3.030,3.016,0.085,0.164,10.013,10.012,0.320,2.711,0.432,2.739,0.408,0.373,-0.052,0.066,1.60,4.25,150.45,2.62,4.57,0.102,0.035,0.051,1531,1476,1527,1521,10.00,10.06,-0.06,9.89
1787304226.599,39.492,True,1,3.030,3.016,0.085,0.164,10.013,10.012,0.320,2.711,0.432,2.738,0.409,0.373,-0.052,0.066,1.60,4.25,150.45,2.62,4.58,0.103,0.036,0.051,1531,1476,1527,1521,10.00,10.06,9.94,19.90
1787304226.609,39.502,True,1,3.030,3.016,0.085,0.164,10.013,10.012,0.320,2.711,0.432,2.738,0.409,0.373,-0.052,0.066,1.60,4.25,150.45,2.62,4.59,0.103,0.037,0.051,1531,1475,1527,1521,10.00,10.06,19.94,29.89
1787304226.619,39.512,True,1,3.030,3.016,0.085,0.164,10.013,10.012,0.320,2.711,0.432,2.737,0.410,0.373,-0.052,0.066,1.60,4.25,150.45,2.63,4.60,0.103,0.038,0.051,1531,1475,1527,1521,10.00,10.06,29.94,39.89
1787304226.629,39.522,True,1,3.030,3.016,0.085,0.164,10.013,10.012,0.320,2.711,0.432,2.736,0.411,0.373,-0.052,0.066,1.60,4.25,150.45,2.63,4.61,0.104,0.039,0.051,1531,1475,1527,1521,10.00,10.06,39.94,49.89
1787304226.639,39.532,True,1,3.030,3.016,0.085,0.164,10.013,10.012,0.320,2.711,0.432,2.735,0.411,0.373,-0.052,0.066,1.60,4.25,150.45,2.64,4.62,0.104,0.040,0.051,1531,1475,1527,1521,10.00,10.06,49.94,59.89
1787304226.649,39.543,True,1,3.036,3.016,0.070,0.186,10.033,10.033,0.320,2.704,0.440,2.734,0.412,0.384,-0.037,0.054,2.08,4.12,151.26,2.67,4.39,0.061,0.029,0.016,1526,1476,1522,1522,10.00,10.06,-0.40,-0.45
1787304226.659,39.552,True,1,3.036,3.016,0.070,0.186,10.033,10.033,0.320,2.704,0.440,2.733,0.413,0.384,-0.037,0.054,2.08,4.12,151.26,2.67,4.40,0.061,0.030,0.016,1526,1476,1522,1522,10.00,10.06,9.60,9.55
1787304226.669,39.562,True,1,3.036,3.016,0.070,0.186,10.033,10.033,0.320,2.704,0.440,2.732,0.414,0.384,-0.037,0.054,2.08,4.12,151.26,2.68,4.42,0.062,0.031,0.016,1526,1476,1522,1522,10.00,10.06,19.60,19.55
1787304226.679,39.572,True,1,3.036,3.016,0.070,0.186,10.033,10.033,0.320,2.704,0.440,2.731,0.415,0.384,-0.037,0.054,2.08,4.12,151.26,2.68,4.43,0.062,0.032,0.016,1526,1476,1522,1522,10.00,10.06,29.60,29.55
1787304226.689,39.582,True,1,3.036,3.016,0.070,0.186,10.033,10.033,0.320,2.704,0.440,2.730,0.416,0.384,-0.037,0.054,2.08,4.12,151.26,2.68,4.44,0.063,0.034,0.016,1526,1476,1522,1522,10.00,10.06,39.60,39.55
1787304226.699,39.592,True,1,3.036,3.016,0.070,0.185,10.033,10.033,0.320,2.704,0.440,2.729,0.417,0.384,-0.037,0.054,2.08,4.12,151.26,2.69,4.45,0.063,0.035,0.016,1527,1476,1522,1522,10.00,10.06,49.60,49.55
1787304226.709,39.602,True,1,3.036,3.016,0.070,0.185,10.033,10.033,0.320,2.704,0.440,2.729,0.417,0.384,-0.037,0.054,2.08,4.12,151.26,2.69,4.46,0.064,0.036,0.016,1527,1475,1522,1522,10.00,10.06,59.60,59.55
1787304226.719,39.612,True,1,3.036,3.016,0.070,0.185,10.033,10.032,0.320,2.704,0.440,2.728,0.418,0.384,-0.037,0.054,2.08,4.12,151.26,2.70,4.47,0.064,0.037,0.016,1527,1475,1522,1522,10.00,10.06,69.60,69.55
1787304226.729,39.622,True,1,3.036,3.016,0.070,0.185,10.033,10.032,0.320,2.704,0.440,2.727,0.419,0.384,-0.037,0.054,2.08,4.12,151.26,2.70,4.48,0.064,0.038,0.016,1527,1475,1522,1522,10.00,10.06,79.60,79.55
1787304226.740,39.633,True,1,3.046,3.016,0.103,0.043,9.891,9.891,0.316,2.697,0.448,2.726,0.420,0.394,-0.042,0.047,3.12,4.34,152.39,2.75,4.51,-0.037,0.017,-0.033,1475,1478,1475,1517,10.00,10.06,-0.56,-0.61
1787304226.749,39.642,True,1,3.046,3.016,0.103,0.042,9.891,9.891,0.316,2.697,0.448,2.725,0.421,0.394,-0.042,0.047,3.12,4.34,152.39,2.75,4.53,-0.037,0.018,-0.033,1475,1477,1475,1517,10.00,10.06,9.44,9.39
1787304226.759,39.652,True,1,3.046,3.016,0.103,0.042,9.891,9.891,0.316,2.697,0.448,2.724,0.422,0.394,-0.042,0.047,3.12,4.34,152.39,2.76,4.54,-0.036,0.020,-0.033,1475,1477,1475,1517,10.00,10.06,19.44,19.40
1787304226.769,39.662,True,1,3.046,3.016,0.103,0.042,9.891,9.891,0.316,2.697,0.448,2.723,0.423,0.394,-0.042,0.047,3.12,4.34,152.39,2.76,4.55,-0.036,0.021,-0.033,1476,1477,1475,1517,10.00,10.06,29.44,29.39
1787304226.779,39.672,True,1,3.046,3.016,0.103,0.041,9.891,9.891,0.316,2.697,0.448,2.722,0.423,0.394,-0.042,0.047,3.12,4.34,152.39,2.77,4.56,-0.035,0.022,-0.033,1476,1477,1475,1517,10.00,10.06,39.44,39.40
1787304226.789,39.682,True,1,3.046,3.016,0.103,0.041,9.891,9.891,0.316,2.697,0.448,2.721,0.424,0.394,-0.042,0.047,3.12,4.34,152.39,2.77,4.57,-0.035,0.023,-0.033,1476,1477,1475,1517,10.00,10.06,49.44,49.40
1787304226.799,39.692,True,1,3.046,3.016,0.103,0.041,9.891,9.890,0.316,2.697,0.448,2.721,0.425,0.394,-0.042,0.047,3.12,4.34,152.39,2.78,4.59,-0.034,0.024,-0.033,1476,1477,1475,1517,10.00,10.06,59.44,59.39
1787304226.809,39.702,True,1,3.046,3.016,0.103,0.041,9.891,9.890,0.316,2.697,0.448,2.720,0.426,0.394,-0.042,0.047,3.12,4.34,152.39,2.78,4.60,-0.034,0.026,-0.034,1476,1477,1475,1517,10.00,10.06,69.44,69.40
1787304226.820,39.713,True,1,3.060,3.016,0.132,-0.102,9.749,9.746,0.311,2.688,0.457,2.719,0.427,0.407,-0.045,0.043,4.12,4.91,152.92,2.82,4.66,-0.132,-0.029,-0.053,1465,1523,1472,1512,10.00,10.06,-0.55,-0.60
1787304226.829,39.722,True,1,3.060,3.016,0.132,-0.102,9.748,9.746,0.311,2.688,0.457,2.718,0.428,0.407,-0.045,0.043,4.12,4.91,152.92,2.82,4.68,-0.131,-0.028,-0.053,1465,1523,1472,1512,10.00,10.06,9.45,9.40
1787304226.839,39.732,True,1,3.060,3.016,0.132,-0.103,9.748,9.746,0.311,2.688,0.457,2.717,0.429,0.407,-0.045,0.043,4.12,4.91,152.92,2.83,4.69,-0.131,-0.027,-0.053,1465,1522,1472,1512,10.00,10.06,19.45,19.40
1787304226.849,39.742,True,1,3.060,3.016,0.132,-0.103,9.748,9.745,0.311,2.688,0.457,2.716,0.430,0.407,-0.045,0.043,4.12,4.91,152.92,2.83,4.70,-0.130,-0.025,-0.053,1465,1522,1472,1512,10.00,10.06,29.45,29.40
1787304226.859,39.752,True,1,3.060,3.016,0.132,-0.104,9.748,9.745,0.311,2.688,0.457,2.715,0.431,0.407,-0.045,0.043,4.12,4.91,152.92,2.84,4.72,-0.130,-0.024,-0.053,1465,1522,1472,1512,10.00,10.06,39.45,39.40
1787304226.869,39.762,True,1,3.060,3.016,0.132,-0.104,9.748,9.745,0.311,2.688,0.457,2.714,0.432,0.407,-0.045,0.043,4.12,4.91,152.92,2.84,4.73,-0.129,-0.023,-0.053,1465,1522,1472,1512,10.00,10.06,49.45,49.40
1787304226.879,39.772,True,1,3.060,3.016,0.132,-0.105,9.747,9.745,0.311,2.688,0.457,2.713,0.433,0.407,-0.045,0.043,4.12,4.91,152.92,2.85,4.74,-0.128,-0.021,-0.053,1465,1522,1472,1512,10.00,10.06,59.45,59.40
1787304226.889,39.782,True,1,3.060,3.016,0.132,-0.105,9.747,9.745,0.311,2.688,0.457,2.712,0.433,0.407,-0.045,0.043,4.12,4.91,152.92,2.85,4.75,-0.128,-0.020,-0.054,1465,1522,1472,1512,10.00,10.06,69.45,69.40
1787304226.899,39.792,True,1,3.060,3.016,0.132,-0.106,9.747,9.744,0.311,2.688,0.457,2.712,0.434,0.407,-0.045,0.043,4.12,4.91,152.92,2.86,4.76,-0.127,-0.019,-0.054,1465,1522,1472,1512,10.00,10.06,79.45,79.40
1787304226.910,39.803,True,1,3.076,3.016,0.122,-0.136,9.714,9.710,0.310,2.677,0.465,2.710,0.435,0.419,-0.048,0.023,4.03,5.58,153.27,2.70,4.70,-0.132,-0.097,-0.063,1465,1530,1471,1510,10.00,10.06,-0.55,-0.60
1787304226.919,39.812,True,1,3.076,3.016,0.122,-0.137,9.713,9.710,0.310,2.677,0.465,2.709,0.436,0.419,-0.048,0.023,4.03,5.58,153.27,2.71,4.72,-0.131,-0.095,-0.063,1465,1530,1471,1510,10.00,10.06,9.45,9.40
1787304226.929,39.822,True,1,3.076,3.016,0.122,-0.138,9.713,9.709,0.310,2.677,0.465,2.708,0.437,0.419,-0.048,0.023,4.03,5.58,153.27,2.71,4.73,-0.131,-0.094,-0.064,1465,1530,1471,1510,10.00,10.06,19.45,19.40
1787304226.939,39.832,True,1,3.076,3.016,0.122,-0.138,9.713,9.709,0.310,2.677,0.465,2.707,0.438,0.419,-0.048,0.023,4.03,5.58,153.27,2.72,4.74,-0.130,-0.093,-0.064,1465,1530,1471,1510,10.00,10.06,29.44,29.40
1787304226.949,39.843,True,1,3.084,3.016,0.110,-0.134,9.715,9.712,0.310,2.671,0.469,2.706,0.439,0.425,-0.028,0.026,3.11,5.92,153.54,2.86,4.57,-0.017,-0.145,-0.074,1478,1536,1469,1511,10.00,10.06,-0.26,-0.31
1787304226.959,39.852,True,1,3.084,3.016,0.110,-0.135,9.715,9.712,0.310,2.671,0.469,2.705,0.440,0.425,-0.028,0.026,3.11,5.92,153.54,2.87,4.59,-0.017,-0.144,-0.074,1478,1535,1469,1511,10.00,10.06,9.74,9.69
1787304226.969,39.862,True,1,3.084,3.016,0.110,-0.136,9.714,9.712,0.310,2.671,0.469,2.704,0.441,0.425,-0.028,0.026,3.11,5.92,153.54,2.87,4.60,-0.016,-0.142,-0.074,1478,1535,1469,1511,10.00,10.06,19.74,19.69
1787304226.979,39.872,True,1,3.084,3.016,0.110,-0.136,9.714,9.711,0.310,2.671,0.469,2.703,0.442,0.425,-0.028,0.026,3.11,5.92,153.54,2.88,4.61,-0.016,-0.141,-0.074,1478,1535,1469,1511,10.00,10.06,29.74,29.69
1787304226.989,39.883,True,1,3.089,3.016,0.062,-0.016,9.833,9.830,0.314,2.667,0.472,2.701,0.443,0.430,-0.029,0.016,2.46,6.03,153.73,2.76,4.52,0.041,-0.161,-0.083,1524,1537,1468,1515,10.00,10.06,-0.25,-0.30
1787304226.999,39.892,True,1,3.089,3.016,0.062,-0.016,9.833,9.829,0.314,2.667,0.472,2.700,0.444,0.430,-0.029,0.016,2.46,6.03,153.73,2.77,4.54,0.042,-0.160,-0.083,1524,1537,1468,1515,10.00,10.06,9.75,9.71
1787304227.009,39.902,True,1,3.089,3.016,0.062,-0.017,9.832,9.829,0.314,2.667,0.472,2.699,0.445,0.430,-0.029,0.016,2.46,6.03,153.73,2.77,4.55,0.043,-0.158,-0.084,1524,1537,1468,1515,10.00,10.06,19.75,19.70
1787304227.019,39.912,True,1,3.089,3.016,0.062,-0.018,9.832,9.828,0.314,2.667,0.472,2.698,0.446,0.430,-0.029,0.016,2.46,6.03,153.73,2.78,4.56,0.043,-0.157,-0.084,1524,1537,1468,1515,10.00,10.06,29.75,29.70
1787304227.029,39.922,True,1,3.089,3.016,0.062,-0.018,9.831,9.828,0.314,2.667,0.472,2.697,0.447,0.430,-0.029,0.016,2.46,6.03,153.73,2.78,4.58,0.044,-0.155,-0.084,1524,1537,1468,1515,10.00,10.06,39.75,39.71
1787304227.039,39.932,True,1,3.089,3.016,0.062,-0.019,9.831,9.827,0.314,2.667,0.472,2.696,0.447,0.430,-0.029,0.016,2.46,6.03,153.73,2.79,4.59,0.044,-0.154,-0.084,1524,1537,1468,1515,10.00,10.06,49.75,49.71
1787304227.049,39.942,True,1,3.089,3.016,0.062,-0.020,9.830,9.827,0.314,2.667,0.472,2.695,0.448,0.430,-0.029,0.016,2.46,6.03,153.73,2.79,4.60,0.045,-0.153,-0.084,1524,1536,1468,1515,10.00,10.06,59.75,59.70
1787304227.059,39.952,True,1,3.089,3.016,0.062,-0.021,9.830,9.826,0.314,2.667,0.472,2.694,0.449,0.430,-0.029,0.016,2.46,6.03,153.73,2.80,4.62,0.045,-0.152,-0.084,1525,1536,1468,1515,10.00,10.06,69.75,69.70
1787304227.070,39.963,True,1,3.098,3.016,0.076,-0.099,9.752,9.746,0.311,2.660,0.476,2.693,0.450,0.437,-0.018,0.029,1.35,5.77,154.02,3.03,4.60,0.186,-0.125,-0.100,1540,1533,1466,1512,10.00,10.06,-0.55,-0.51
1787304227.079,39.972,True,1,3.098,3.016,0.076,-0.100,9.752,9.746,0.311,2.660,0.476,2.692,0.451,0.437,-0.018,0.029,1.35,5.77,154.02,3.03,4.62,0.187,-0.123,-0.100,1540,1533,1466,1512,10.00,10.06,9.44,9.49
1787304227.089,39.982,True,1,3.098,3.016,0.076,-0.101,9.751,9.745,0.311,2.660,0.476,2.691,0.452,0.437,-0.018,0.029,1.35,5.77,154.02,3.04,4.63,0.187,-0.122,-0.100,1540,1533,1466,1512,10.00,10.06,19.44,19.49
1787304227.099,39.992,True,1,3.098,3.016,0.076,-0.102,9.751,9.744,0.311,2.660,0.476,2.690,0.452,0.437,-0.018,0.029,1.35,5.77,154.02,3.04,4.64,0.188,-0.121,-0.100,1540,1533,1466,1512,10.00,10.06,29.44,29.49
1787304227.109,40.002,True,1,3.098,3.016,0.076,-0.103,9.750,9.744,0.311,2.660,0.476,2.689,0.453,0.437,-0.018,0.029,1.35,5.77,154.02,3.05,4.66,0.188,-0.119,-0.100,1540,1533,1466,1512,10.00,10.06,39.45,39.49
1787304227.119,40.012,True,1,3.098,3.016,0.076,-0.103,9.749,9.743,0.311,2.660,0.476,2.688,0.454,0.437,-0.018,0.029,1.35,5.77,154.02,3.05,4.67,0.189,-0.118,-0.100,1540,1533,1466,1512,10.00,10.06,49.45,49.49
1787304227.129,40.022,True,1,3.098,3.016,0.076,-0.104,9.749,9.743,0.311,2.660,0.476,2.687,0.455,0.437,-0.018,0.029,1.35,5.77,154.02,3.06,4.68,0.189,-0.117,-0.100,1540,1532,1466,1512,10.00,10.06,59.44,59.49
1787304227.139,40.032,True,1,3.098,3.016,0.076,-0.105,9.748,9.742,0.311,2.660,0.476,2.686,0.455,0.437,-0.018,0.029,1.35,5.77,154.02,3.06,4.69,0.190,-0.115,-0.100,1540,1532,1466,1512,10.00,10.06,69.44,69.49
1787304227.150,40.043,True,1,3.108,3.016,0.049,-0.066,9.785,9.779,0.312,2.653,0.482,2.685,0.456,0.445,-0.009,0.022,1.13,5.13,153.90,3.03,4.58,0.207,-0.060,-0.096,1542,1526,1466,1513,10.00,10.06,-0.51,-0.55
1787304227.159,40.052,True,1,3.108,3.016,0.049,-0.067,9.785,9.779,0.312,2.653,0.482,2.684,0.457,0.445,-0.009,0.022,1.13,5.13,153.90,3.03,4.59,0.208,-0.058,-0.096,1542,1526,1466,1513,10.00,10.06,9.50,9.45
1787304227.169,40.062,True,1,3.108,3.016,0.049,-0.068,9.784,9.778,0.312,2.653,0.482,2.683,0.458,0.445,-0.009,0.022,1.13,5.13,153.90,3.04,4.61,0.208,-0.057,-0.096,1542,1526,1466,1513,10.00,10.06,19.50,19.45
1787304227.179,40.072,True,1,3.108,3.016,0.049,-0.069,9.783,9.777,0.312,2.653,0.482,2.682,0.459,0.445,-0.009,0.022,1.13,5.13,153.90,3.04,4.62,0.209,-0.055,-0.096,1542,1526,1466,1513,10.01,10.07,29.50,29.46
1787304227.189,40.082,True,1,3.108,3.016,0.049,-0.070,9.782,9.777,0.312,2.653,0.482,2.681,0.460,0.445,-0.009,0.022,1.13,5.13,153.90,3.05,4.63,0.209,-0.054,-0.097,1543,1526,1466,1513,9.99,10.06,39.50,39.45
1787304227.199,40.092,True,1,3.108,3.016,0.049,-0.071,9.782,9.776,0.312,2.653,0.482,2.680,0.460,0.445,-0.009,0.022,1.13,5.13,153.90,3.05,4.65,0.210,-0.053,-0.097,1543,1525,1466,1513,10.00,10.07,49.50,49.45
1787304227.209,40.102,True,1,3.108,3.016,0.049,-0.072,9.781,9.775,0.312,2.653,0.482,2.679,0.461,0.445,-0.009,0.022,1.13,5.13,153.90,3.05,4.66,0.210,-0.051,-0.097,1543,1525,1466,1513,9.99,10.06,59.49,59.45
1787304227.220,40.113,True,1,3.116,3.016,0.040,-0.075,9.779,9.775,0.312,2.647,0.488,2.678,0.462,0.454,-0.005,0.030,1.52,4.39,153.56,3.13,4.69,0.175,0.029,-0.084,1539,1476,1468,1513,10.00,10.06,-0.49,-0.54
1787304227.229,40.122,True,1,3.116,3.016,0.040,-0.076,9.778,9.774,0.312,2.647,0.488,2.677,0.463,0.454,-0.005,0.030,1.52,4.39,153.56,3.13,4.71,0.175,0.030,-0.084,1539,1476,1468,1513,10.00,10.06,9.51,9.46
1787304227.239,40.133,True,1,3.117,3.016,0.065,-0.158,9.699,9.695,0.309,2.647,0.489,2.676,0.464,0.455,-0.001,0.049,1.86,4.24,153.38,3.34,4.82,0.160,0.058,-0.077,1537,1473,1469,1510,10.00,10.06,-0.07,-0.13
1787304227.249,40.142,True,1,3.120,3.016,0.045,-0.109,9.748,9.744,0.311,2.644,0.491,2.675,0.465,0.458,-0.010,0.040,1.95,4.08,153.26,3.20,4.86,0.136,0.080,-0.073,1534,1471,1469,1512,10.00,10.06,-0.05,-0.10
1787304227.259,40.152,True,1,3.120,3.016,0.045,-0.110,9.747,9.744,0.311,2.644,0.491,2.674,0.465,0.458,-0.010,0.040,1.95,4.08,153.26,3.20,4.87,0.136,0.081,-0.073,1535,1470,1469,1512,10.01,10.07,9.96,9.91
1787304227.269,40.162,True,1,3.120,3.016,0.045,-0.111,9.746,9.743,0.311,2.644,0.491,2.673,0.466,0.458,-0.010,0.040,1.95,4.08,153.26,3.21,4.89,0.137,0.082,-0.073,1535,1470,1469,1512,9.99,10.06,19.95,19.90
1787304227.279,40.172,True,1,3.120,3.016,0.045,-0.112,9.745,9.742,0.311,2.644,0.491,2.672,0.467,0.458,-0.010,0.040,1.95,4.08,153.26,3.21,4.90,0.137,0.084,-0.073,1535,1470,1469,1512,10.00,10.06,29.95,29.90
1787304227.289,40.182,True,1,3.120,3.016,0.045,-0.113,9.744,9.741,0.311,2.644,0.491,2.671,0.468,0.458,-0.010,0.040,1.95,4.08,153.26,3.22,4.91,0.138,0.085,-0.073,1535,1470,1469,1512,10.00,10.06,39.95,39.90
1787304227.299,40.192,True,1,3.120,3.016,0.045,-0.114,9.744,9.740,0.311,2.644,0.491,2.670,0.469,0.458,-0.010,0.040,1.95,4.08,153.26,3.22,4.93,0.138,0.087,-0.073,1535,1470,1469,1512,10.01,10.06,49.96,49.90
1787304227.309,40.203,True,1,3.125,3.016,0.070,-0.213,9.646,9.643,0.308,2.640,0.496,2.669,0.470,0.464,-0.001,0.046,2.88,3.58,152.63,3.30,4.97,0.047,0.143,-0.050,1525,1464,1473,1508,10.00,10.06,-0.35,-0.40
1787304227.319,40.212,True,1,3.125,3.016,0.070,-0.214,9.645,9.642,0.308,2.640,0.496,2.668,0.471,0.464,-0.001,0.046,2.88,3.58,152.63,3.31,4.98,0.047,0.144,-0.050,1525,1464,1473,1508,10.00,10.06,9.65,9.60
