t_wall,t_rel,armed,mode,alt,alt_sp,climb_rate,a_up,a_total,a_cmd,thrust,x,y,x_filt,y_filt,dxy,vx,vy,roll_deg,pitch_deg,yaw_deg,roll_ref_deg,pitch_ref_deg,roll_rate,pitch_rate,yaw_rate,pwm_roll,pwm_pitch,pwm_yaw,pwm_thr,dt_ms,sched_slip_ms,att_age_ms,pos_age_ms
1787304085.705,16.439,True,1,-0.231,-0.231,-0.308,0.925,10.732,10.726,0.342,2.320,0.079,2.317,0.104,0.025,0.003,-0.006,-1.25,1.36,152.31,-0.03,-0.05,0.127,-0.148,-0.003,1534,1536,1479,1546,0.00,10.00,10.16,10.12
1787304085.715,16.449,True,1,-0.231,-0.228,-0.308,0.937,10.744,10.738,0.343,2.320,0.079,2.317,0.103,0.025,0.003,-0.006,-1.25,1.36,152.31,-0.04,-0.05,0.127,-0.148,-0.003,1534,1536,1479,1547,10.06,10.06,20.23,20.18
1787304085.725,16.459,True,1,-0.231,-0.225,-0.308,0.949,10.756,10.750,0.343,2.320,0.079,2.317,0.102,0.025,0.003,-0.006,-1.25,1.36,152.31,-0.04,-0.06,0.126,-0.149,-0.003,1533,1536,1479,1547,10.00,10.06,30.23,30.18
1787304085.735,16.469,True,1,-0.231,-0.222,-0.308,0.961,10.768,10.762,0.344,2.320,0.079,2.317,0.102,0.025,0.003,-0.006,-1.25,1.36,152.31,-0.05,-0.06,0.126,-0.149,-0.003,1533,1536,1479,1548,10.00,10.06,40.23,40.18
1787304085.745,16.479,True,1,-0.231,-0.219,-0.308,0.974,10.780,10.775,0.344,2.320,0.079,2.317,0.101,0.025,0.003,-0.006,-1.25,1.36,152.31,-0.05,-0.06,0.125,-0.149,-0.003,1533,1536,1479,1548,10.00,10.06,50.22,50.18
1787304085.755,16.489,True,1,-0.231,-0.216,-0.308,0.986,10.792,10.787,0.344,2.320,0.079,2.317,0.100,0.025,0.003,-0.006,-1.25,1.36,152.31,-0.06,-0.06,0.125,-0.149,-0.003,1533,1536,1479,1548,10.00,10.06,60.23,60.18
1787304085.766,16.500,True,1,-0.240,-0.213,-0.313,1.047,10.854,10.848,0.346,2.320,0.077,2.317,0.099,0.027,0.002,-0.006,-1.25,1.36,152.31,-0.06,-0.06,0.124,-0.149,-0.003,1533,1536,1479,1551,10.00,10.06,-0.47,-0.52
1787304085.775,16.509,True,1,-0.240,-0.210,-0.313,1.060,10.866,10.860,0.347,2.320,0.077,2.317,0.099,0.027,0.002,-0.006,-1.25,1.36,152.31,-0.07,-0.07,0.124,-0.149,-0.003,1533,1536,1479,1551,10.00,10.06,9.53,9.48
1787304085.785,16.519,True,1,-0.240,-0.207,-0.313,1.072,10.879,10.873,0.347,2.320,0.077,2.317,0.098,0.027,0.002,-0.006,-1.25,1.36,152.31,-0.07,-0.07,0.123,-0.150,-0.003,1533,1536,1479,1551,10.00,10.06,19.53,19.48
1787304085.795,16.529,True,1,-0.240,-0.204,-0.313,1.084,10.891,10.885,0.347,2.320,0.077,2.317,0.097,0.027,0.002,-0.006,-1.25,1.36,152.31,-0.08,-0.07,0.123,-0.150,-0.003,1533,1536,1479,1552,10.00,10.06,29.53,29.48
1787304085.805,16.539,True,1,-0.240,-0.201,-0.313,1.097,10.903,10.898,0.348,2.320,0.077,2.318,0.097,0.027,0.002,-0.006,-1.25,1.36,152.31,-0.08,-0.07,0.123,-0.150,-0.003,1533,1536,1479,1552,10.00,10.06,39.53,39.48
1787304085.815,16.549,True,1,-0.240,-0.198,-0.313,1.109,10.916,10.910,0.348,2.320,0.077,2.318,0.096,0.027,0.002,-0.006,-1.25,1.36,152.31,-0.08,-0.08,0.122,-0.150,-0.003,1533,1536,1479,1553,10.00,10.06,49.53,49.48
1787304085.825,16.559,True,1,-0.240,-0.195,-0.313,1.121,10.928,10.922,0.349,2.320,0.077,2.318,0.095,0.027,0.002,-0.006,-1.25,1.36,152.31,-0.08,-0.08,0.122,-0.151,-0.003,1533,1536,1479,1553,10.00,10.06,59.53,59.48
1787304085.836,16.570,True,1,-0.247,-0.192,-0.316,1.175,10.981,10.976,0.350,2.320,0.077,2.318,0.095,0.028,0.002,-0.006,-1.25,1.36,152.31,-0.09,-0.08,0.121,-0.150,-0.003,1533,1536,1479,1555,10.00,10.06,-0.47,-0.42
1787304085.845,16.579,True,1,-0.249,-0.189,-0.317,1.198,11.004,10.999,0.351,2.320,0.076,2.318,0.094,0.028,0.002,-0.006,-1.25,1.35,152.31,-0.09,-0.08,0.121,-0.150,-0.003,1533,1536,1479,1556,10.00,10.06,-0.11,-0.16
1787304085.855,16.589,True,1,-0.249,-0.186,-0.317,1.210,11.017,11.011,0.351,2.320,0.076,2.318,0.094,0.028,0.002,-0.006,-1.25,1.35,152.31,-0.10,-0.08,0.120,-0.150,-0.003,1533,1536,1479,1556,10.00,10.06,9.89,9.84
1787304085.865,16.599,True,1,-0.249,-0.183,-0.317,1.223,11.030,11.024,0.352,2.320,0.076,2.318,0.093,0.028,0.002,-0.006,-1.25,1.35,152.31,-0.10,-0.08,0.120,-0.150,-0.003,1533,1536,1479,1556,10.00,10.06,19.89,19.84
1787304085.875,16.609,True,1,-0.249,-0.180,-0.317,1.236,11.042,11.037,0.352,2.320,0.076,2.318,0.092,0.028,0.002,-0.006,-1.25,1.35,152.31,-0.10,-0.08,0.120,-0.151,-0.003,1533,1536,1479,1557,10.00,10.06,29.89,29.84
1787304085.885,16.619,True,1,-0.249,-0.177,-0.317,1.248,11.055,11.049,0.353,2.320,0.076,2.318,0.092,0.028,0.002,-0.006,-1.25,1.35,152.31,-0.10,-0.09,0.119,-0.151,-0.003,1533,1536,1479,1557,10.00,10.06,39.89,39.84
1787304085.895,16.629,True,1,-0.249,-0.174,-0.317,1.261,11.068,11.062,0.353,2.320,0.076,2.318,0.091,0.028,0.002,-0.006,-1.25,1.35,152.31,-0.11,-0.09,0.119,-0.151,-0.003,1533,1536,1479,1558,10.00,10.06,49.89,49.84
1787304085.905,16.639,True,1,-0.249,-0.171,-0.317,1.274,11.081,11.075,0.353,2.320,0.076,2.318,0.091,0.028,0.002,-0.006,-1.25,1.35,152.31,-0.11,-0.09,0.119,-0.151,-0.003,1533,1536,1479,1558,10.00,10.06,59.89,59.84
1787304085.915,16.649,True,1,-0.249,-0.168,-0.317,1.287,11.093,11.088,0.354,2.320,0.076,2.318,0.090,0.028,0.002,-0.006,-1.25,1.35,152.31,-0.11,-0.09,0.119,-0.151,-0.003,1533,1536,1479,1559,10.00,10.06,69.89,69.84
1787304085.926,16.660,True,1,-0.258,-0.165,-0.319,1.340,11.147,11.141,0.356,2.319,0.075,2.318,0.090,0.030,0.001,-0.006,-1.24,1.35,152.31,-0.12,-0.08,0.118,-0.150,-0.003,1533,1536,1479,1560,10.00,10.06,-0.57,-0.51
1787304085.935,16.669,True,1,-0.258,-0.162,-0.319,1.353,11.160,11.154,0.356,2.319,0.075,2.318,0.089,0.030,0.001,-0.006,-1.24,1.35,152.31,-0.12,-0.08,0.117,-0.150,-0.003,1533,1536,1479,1561,10.00,10.06,9.42,9.49
1787304085.945,16.679,True,1,-0.258,-0.159,-0.319,1.366,11.173,11.167,0.356,2.319,0.075,2.318,0.089,0.030,0.001,-0.006,-1.24,1.35,152.31,-0.12,-0.09,0.117,-0.150,-0.003,1532,1536,1479,1561,10.00,10.06,19.43,19.49
1787304085.955,16.689,True,1,-0.262,-0.156,-0.320,1.398,11.204,11.199,0.357,2.319,0.074,2.318,0.088,0.030,0.000,-0.006,-1.25,1.36,152.31,-0.13,-0.09,0.117,-0.151,-0.003,1532,1536,1479,1562,10.00,10.06,-0.12,-0.17
1787304085.965,16.699,True,1,-0.262,-0.153,-0.320,1.411,11.217,11.212,0.358,2.319,0.074,2.319,0.088,0.030,0.000,-0.006,-1.25,1.36,152.31,-0.13,-0.09,0.117,-0.151,-0.003,1532,1536,1479,1563,10.00,10.06,9.88,9.83
1787304085.975,16.709,True,1,-0.262,-0.150,-0.320,1.424,11.231,11.225,0.358,2.319,0.074,2.319,0.087,0.030,0.000,-0.006,-1.25,1.36,152.31,-0.13,-0.09,0.117,-0.151,-0.003,1532,1536,1479,1563,10.00,10.06,19.88,19.83
1787304085.985,16.719,True,1,-0.262,-0.147,-0.320,1.437,11.244,11.238,0.359,2.319,0.074,2.319,0.087,0.030,0.000,-0.006,-1.25,1.36,152.31,-0.14,-0.09,0.116,-0.151,-0.003,1532,1536,1479,1564,10.00,10.06,29.88,29.83
1787304085.995,16.729,True,1,-0.262,-0.144,-0.320,1.450,11.257,11.251,0.359,2.319,0.074,2.319,0.087,0.030,0.000,-0.006,-1.25,1.36,152.31,-0.14,-0.09,0.116,-0.151,-0.003,1532,1536,1479,1564,10.00,10.06,39.88,39.83
1787304086.005,16.739,True,1,-0.262,-0.141,-0.320,1.463,11.270,11.264,0.360,2.319,0.074,2.319,0.086,0.030,0.000,-0.006,-1.25,1.36,152.31,-0.14,-0.09,0.116,-0.152,-0.003,1532,1536,1479,1565,10.00,10.06,49.88,49.83
1787304086.016,16.750,True,1,-0.266,-0.138,-0.319,1.489,11.295,11.290,0.360,2.319,0.073,2.319,0.086,0.031,0.001,-0.006,-1.25,1.36,152.30,-0.14,-0.10,0.116,-0.152,-0.003,1532,1536,1479,1565,10.00,10.06,-0.45,-0.41
1787304086.025,16.759,True,1,-0.266,-0.135,-0.319,1.502,11.309,11.303,0.361,2.319,0.073,2.319,0.085,0.031,0.001,-0.006,-1.25,1.36,152.30,-0.14,-0.10,0.115,-0.152,-0.003,1532,1536,1479,1566,10.00,10.06,9.54,9.59
1787304086.035,16.769,True,1,-0.266,-0.132,-0.319,1.515,11.322,11.316,0.361,2.319,0.073,2.319,0.085,0.031,0.001,-0.006,-1.25,1.36,152.30,-0.15,-0.10,0.115,-0.153,-0.003,1532,1536,1479,1566,10.00,10.06,19.55,19.59
1787304086.045,16.779,True,1,-0.266,-0.129,-0.319,1.529,11.335,11.330,0.362,2.319,0.073,2.319,0.084,0.031,0.001,-0.006,-1.25,1.36,152.30,-0.15,-0.10,0.115,-0.153,-0.003,1532,1536,1479,1567,10.00,10.06,29.55,29.59
1787304086.055,16.789,True,1,-0.266,-0.126,-0.319,1.542,11.349,11.343,0.362,2.319,0.073,2.319,0.084,0.031,0.001,-0.006,-1.25,1.36,152.30,-0.15,-0.10,0.115,-0.153,-0.003,1532,1536,1479,1567,10.00,10.06,39.55,39.60
1787304086.065,16.799,True,1,-0.266,-0.123,-0.319,1.556,11.362,11.357,0.362,2.319,0.073,2.319,0.084,0.031,0.001,-0.006,-1.25,1.36,152.30,-0.15,-0.10,0.115,-0.153,-0.003,1532,1536,1479,1568,10.00,10.06,49.55,49.60
1787304086.075,16.809,True,1,-0.266,-0.120,-0.319,1.569,11.376,11.370,0.363,2.319,0.073,2.319,0.083,0.031,0.001,-0.006,-1.25,1.36,152.30,-0.15,-0.11,0.114,-0.153,-0.003,1532,1536,1479,1568,10.00,10.06,59.55,59.60
1787304086.085,16.819,True,1,-0.266,-0.117,-0.319,1.583,11.389,11.383,0.363,2.319,0.073,2.319,0.083,0.031,0.001,-0.006,-1.25,1.36,152.30,-0.16,-0.11,0.114,-0.153,-0.003,1532,1536,1479,1568,10.00,10.06,69.55,69.60
1787304086.096,16.830,True,1,-0.275,-0.114,-0.318,1.630,11.437,11.431,0.365,2.319,0.071,2.319,0.083,0.033,0.001,-0.006,-1.25,1.36,152.31,-0.16,-0.11,0.114,-0.153,-0.003,1532,1536,1479,1570,10.00,10.06,-0.51,-0.58
1787304086.105,16.839,True,1,-0.275,-0.111,-0.318,1.644,11.451,11.445,0.365,2.319,0.071,2.319,0.082,0.033,0.001,-0.006,-1.25,1.36,152.31,-0.16,-0.11,0.114,-0.153,-0.003,1532,1536,1479,1570,10.00,10.06,9.49,9.42
1787304086.115,16.849,True,1,-0.275,-0.108,-0.318,1.658,11.464,11.459,0.366,2.319,0.071,2.319,0.082,0.033,0.001,-0.006,-1.25,1.36,152.31,-0.16,-0.11,0.114,-0.153,-0.003,1532,1536,1479,1571,10.00,10.06,19.49,19.42
1787304086.125,16.859,True,1,-0.275,-0.105,-0.318,1.671,11.478,11.472,0.366,2.319,0.071,2.319,0.082,0.033,0.001,-0.006,-1.25,1.36,152.31,-0.16,-0.11,0.113,-0.153,-0.003,1532,1536,1479,1571,10.00,10.06,29.49,29.42
1787304086.135,16.869,True,1,-0.275,-0.102,-0.318,1.685,11.492,11.486,0.367,2.319,0.071,2.319,0.081,0.033,0.001,-0.006,-1.25,1.36,152.31,-0.17,-0.11,0.113,-0.153,-0.003,1532,1536,1479,1572,10.00,10.06,39.49,39.42
1787304086.146,16.880,True,1,-0.281,-0.099,-0.318,1.724,11.531,11.525,0.368,2.319,0.071,2.319,0.081,0.034,0.000,-0.006,-1.25,1.36,152.31,-0.17,-0.11,0.113,-0.153,-0.003,1532,1536,1479,1573,10.00,10.06,-0.37,-0.42
1787304086.155,16.889,True,1,-0.281,-0.096,-0.318,1.738,11.545,11.539,0.368,2.319,0.071,2.319,0.081,0.034,0.000,-0.006,-1.25,1.36,152.31,-0.17,-0.11,0.113,-0.153,-0.003,1532,1536,1479,1574,10.00,10.06,9.63,9.58
1787304086.165,16.899,True,1,-0.283,-0.093,-0.317,1.757,11.564,11.558,0.369,2.319,0.070,2.319,0.080,0.034,0.000,-0.006,-1.25,1.36,152.31,-0.17,-0.11,0.112,-0.153,-0.003,1532,1536,1479,1574,10.00,10.06,-0.07,-0.12
1787304086.175,16.909,True,1,-0.283,-0.090,-0.317,1.771,11.578,11.572,0.369,2.319,0.070,2.319,0.080,0.034,0.000,-0.006,-1.25,1.36,152.31,-0.17,-0.11,0.112,-0.153,-0.003,1532,1536,1479,1575,10.00,10.06,9.94,9.88
1787304086.185,16.919,True,1,-0.283,-0.087,-0.317,1.785,11.592,11.586,0.370,2.319,0.070,2.319,0.080,0.034,0.000,-0.006,-1.25,1.36,152.31,-0.18,-0.11,0.112,-0.154,-0.003,1532,1536,1479,1575,10.01,10.07,19.94,19.89
1787304086.195,16.929,True,1,-0.283,-0.084,-0.317,1.799,11.606,11.600,0.370,2.319,0.070,2.319,0.079,0.034,0.000,-0.006,-1.25,1.36,152.31,-0.18,-0.11,0.112,-0.154,-0.003,1532,1536,1479,1576,10.00,10.07,29.94,29.89
1787304086.206,16.940,True,1,-0.290,-0.081,-0.318,1.843,11.650,11.644,0.372,2.318,0.070,2.319,0.079,0.035,-0.001,-0.006,-1.24,1.36,152.31,-0.18,-0.11,0.111,-0.153,-0.003,1532,1536,1479,1577,9.99,10.06,-0.30,-0.34
1787304086.215,16.949,True,1,-0.290,-0.078,-0.318,1.857,11.664,11.658,0.372,2.318,0.070,2.319,0.079,0.035,-0.001,-0.006,-1.24,1.36,152.31,-0.18,-0.11,0.111,-0.153,-0.003,1532,1536,1479,1577,10.00,10.06,9.71,9.66
1787304086.225,16.959,True,1,-0.290,-0.075,-0.318,1.871,11.678,11.672,0.373,2.318,0.070,2.319,0.078,0.035,-0.001,-0.006,-1.24,1.36,152.31,-0.18,-0.11,0.111,-0.153,-0.003,1532,1536,1479,1578,10.00,10.06,19.71,19.66
1787304086.235,16.969,True,1,-0.290,-0.072,-0.318,1.885,11.692,11.686,0.373,2.318,0.070,2.319,0.078,0.035,-0.001,-0.006,-1.24,1.36,152.31,-0.19,-0.11,0.111,-0.153,-0.003,1532,1536,1479,1578,10.00,10.06,29.71,29.66
1787304086.246,16.979,True,1,-0.293,-0.069,-0.317,1.906,11.713,11.707,0.374,2.318,0.069,2.319,0.078,0.035,-0.001,-0.006,-1.24,1.36,152.30,-0.19,-0.11,0.111,-0.153,-0.003,1532,1536,1479,1579,10.00,10.06,-0.26,-0.31
1787304086.255,16.989,True,1,-0.293,-0.066,-0.317,1.921,11.727,11.721,0.374,2.318,0.069,2.319,0.077,0.035,-0.001,-0.006,-1.24,1.36,152.30,-0.19,-0.11,0.110,-0.153,-0.003,1532,1536,1479,1579,10.00,10.06,9.74,9.69
1787304086.265,16.999,True,1,-0.293,-0.063,-0.317,1.935,11.742,11.736,0.375,2.318,0.069,2.319,0.077,0.035,-0.001,-0.006,-1.24,1.36,152.30,-0.19,-0.11,0.110,-0.153,-0.003,1532,1536,1479,1580,10.00,10.06,19.74,19.69
1787304086.275,17.009,True,1,-0.293,-0.060,-0.317,1.949,11.756,11.750,0.375,2.318,0.069,2.319,0.077,0.035,-0.001,-0.006,-1.24,1.36,152.30,-0.19,-0.11,0.110,-0.153,-0.003,1532,1536,1479,1580,10.00,10.06,29.74,29.69
1787304086.285,17.019,True,1,-0.293,-0.057,-0.317,1.964,11.770,11.764,0.375,2.318,0.069,2.319,0.077,0.035,-0.001,-0.006,-1.24,1.36,152.30,-0.19,-0.11,0.110,-0.153,-0.003,1532,1536,1479,1581,10.00,10.06,39.74,39.69
1787304086.295,17.029,True,1,-0.293,-0.054,-0.317,1.978,11.785,11.779,0.376,2.318,0.069,2.319,0.076,0.035,-0.001,-0.006,-1.24,1.36,152.30,-0.19,-0.11,0.110,-0.153,-0.003,1532,1536,1479,1581,10.00,10.06,49.74,49.69
1787304086.306,17.040,True,1,-0.297,-0.051,-0.314,2.000,11.807,11.801,0.377,2.318,0.068,2.319,0.076,0.036,-0.001,-0.006,-1.25,1.37,152.30,-0.20,-0.11,0.110,-0.155,-0.003,1532,1537,1479,1582,10.00,10.06,-0.37,-0.42
1787304086.315,17.049,True,1,-0.297,-0.048,-0.314,2.015,11.822,11.816,0.377,2.318,0.068,2.319,0.076,0.036,-0.001,-0.006,-1.25,1.37,152.30,-0.20,-0.11,0.110,-0.155,-0.003,1532,1537,1479,1583,10.01,10.07,9.64,9.59
1787304086.325,17.059,True,1,-0.298,-0.045,-0.313,2.033,11.839,11.833,0.378,2.318,0.068,2.319,0.076,0.036,-0.001,-0.006,-1.25,1.37,152.30,-0.20,-0.11,0.110,-0.155,-0.003,1532,1537,1479,1583,10.00,10.06,-0.18,-0.13
1787304086.335,17.069,True,1,-0.298,-0.042,-0.313,2.047,11.854,11.848,0.378,2.318,0.068,2.319,0.075,0.036,-0.001,-0.006,-1.25,1.37,152.30,-0.20,-0.11,0.110,-0.155,-0.003,1532,1537,1479,1584,10.00,10.06,9.81,9.86
1787304086.345,17.079,True,1,-0.298,-0.039,-0.313,2.062,11.869,11.863,0.379,2.318,0.068,2.319,0.075,0.036,-0.001,-0.006,-1.25,1.37,152.30,-0.20,-0.11,0.109,-0.155,-0.003,1532,1537,1479,1584,10.00,10.06,19.82,19.87
1787304086.355,17.089,True,1,-0.298,-0.036,-0.313,2.076,11.883,11.877,0.379,2.318,0.068,2.319,0.075,0.036,-0.001,-0.006,-1.25,1.37,152.30,-0.20,-0.11,0.109,-0.155,-0.003,1532,1537,1479,1584,10.00,10.06,29.81,29.86
1787304086.365,17.099,True,1,-0.298,-0.033,-0.313,2.091,11.898,11.892,0.380,2.318,0.068,2.319,0.075,0.036,-0.001,-0.006,-1.25,1.37,152.30,-0.20,-0.11,0.109,-0.155,-0.003,1532,1537,1479,1585,10.00,10.06,39.81,39.86
1787304086.375,17.109,True,1,-0.298,-0.030,-0.313,2.106,11.913,11.907,0.380,2.318,0.068,2.319,0.074,0.036,-0.001,-0.006,-1.25,1.37,152.30,-0.20,-0.11,0.109,-0.155,-0.003,1532,1537,1479,1585,10.01,10.07,49.82,49.87
1787304086.385,17.119,True,1,-0.298,-0.027,-0.313,2.120,11.927,11.921,0.380,2.318,0.068,2.318,0.074,0.036,-0.001,-0.006,-1.25,1.37,152.30,-0.21,-0.11,0.109,-0.155,-0.003,1532,1537,1479,1586,9.99,10.06,59.81,59.86
1787304086.395,17.129,True,1,-0.298,-0.024,-0.313,2.135,11.942,11.936,0.381,2.318,0.068,2.318,0.074,0.036,-0.001,-0.006,-1.25,1.37,152.30,-0.21,-0.11,0.109,-0.155,-0.003,1532,1537,1479,1586,10.00,10.06,69.82,69.87
1787304086.405,17.139,True,1,-0.298,-0.021,-0.313,2.150,11.957,11.951,0.381,2.318,0.068,2.318,0.074,0.036,-0.001,-0.006,-1.25,1.37,152.30,-0.21,-0.12,0.109,-0.155,-0.003,1532,1537,1479,1587,10.00,10.06,79.81,79.86
1787304086.416,17.150,True,1,-0.304,-0.018,-0.310,2.180,11.987,11.981,0.382,2.318,0.066,2.318,0.073,0.038,-0.001,-0.006,-1.24,1.36,152.30,-0.21,-0.12,0.108,-0.155,-0.003,1531,1537,1479,1588,10.00,10.06,-0.63,-0.58
1787304086.425,17.159,True,1,-0.304,-0.015,-0.310,2.195,12.001,11.996,0.383,2.318,0.066,2.318,0.073,0.038,-0.001,-0.006,-1.24,1.36,152.30,-0.21,-0.12,0.108,-0.155,-0.003,1531,1537,1479,1588,10.00,10.06,9.37,9.42
1787304086.435,17.169,True,1,-0.304,-0.012,-0.310,2.210,12.016,12.010,0.383,2.318,0.066,2.318,0.073,0.038,-0.001,-0.006,-1.24,1.36,152.30,-0.21,-0.12,0.108,-0.155,-0.003,1531,1537,1479,1589,10.00,10.06,19.37,19.42
1787304086.445,17.179,True,1,-0.304,-0.009,-0.310,2.225,12.031,12.025,0.384,2.318,0.066,2.318,0.073,0.038,-0.001,-0.006,-1.24,1.36,152.30,-0.21,-0.12,0.108,-0.155,-0.003,1531,1537,1479,1589,10.00,10.06,29.37,29.42
1787304086.455,17.189,True,1,-0.304,-0.006,-0.310,2.240,12.046,12.040,0.384,2.318,0.066,2.318,0.073,0.038,-0.001,-0.006,-1.24,1.36,152.30,-0.22,-0.12,0.108,-0.155,-0.003,1531,1537,1479,1590,10.00,10.06,39.37,39.42
1787304086.465,17.199,True,1,-0.304,-0.003,-0.310,2.255,12.061,12.055,0.385,2.318,0.066,2.318,0.072,0.038,-0.001,-0.006,-1.24,1.36,152.30,-0.22,-0.12,0.108,-0.155,-0.003,1531,1537,1479,1590,10.01,10.07,49.38,49.43
1787304086.476,17.210,True,1,-0.312,0.000,-0.307,2.292,12.099,12.093,0.386,2.317,0.065,2.318,0.072,0.039,-0.001,-0.006,-1.24,1.36,152.30,-0.22,-0.12,0.107,-0.154,-0.003,1531,1537,1479,1591,10.00,10.07,-0.43,-0.48
1787304086.485,17.219,True,1,-0.312,0.003,-0.307,2.307,12.114,12.108,0.386,2.317,0.064,2.318,0.072,0.040,-0.001,-0.006,-1.24,1.36,152.30,-0.22,-0.12,0.107,-0.154,-0.003,1531,1537,1479,1592,9.99,10.06,-0.06,-0.11
1787304086.495,17.229,True,1,-0.312,0.006,-0.307,2.322,12.129,12.123,0.387,2.317,0.064,2.318,0.072,0.040,-0.001,-0.006,-1.24,1.36,152.30,-0.22,-0.12,0.107,-0.154,-0.003,1531,1537,1479,1592,10.00,10.06,9.95,9.90
1787304086.505,17.239,True,1,-0.312,0.009,-0.307,2.337,12.144,12.138,0.387,2.317,0.064,2.318,0.071,0.040,-0.001,-0.006,-1.24,1.36,152.30,-0.22,-0.12,0.107,-0.154,-0.003,1531,1537,1479,1593,10.00,10.06,19.95,19.90
1787304086.515,17.249,True,1,-0.312,0.012,-0.307,2.353,12.160,12.154,0.388,2.317,0.064,2.318,0.071,0.040,-0.001,-0.006,-1.24,1.36,152.30,-0.22,-0.12,0.107,-0.154,-0.003,1531,1537,1479,1593,10.00,10.06,29.95,29.90
1787304086.525,17.259,True,1,-0.312,0.015,-0.307,2.368,12.175,12.169,0.388,2.317,0.064,2.318,0.071,0.040,-0.001,-0.006,-1.24,1.36,152.30,-0.23,-0.12,0.107,-0.155,-0.003,1531,1537,1479,1594,10.00,10.06,39.95,39.90
1787304086.535,17.269,True,1,-0.312,0.018,-0.307,2.383,12.190,12.184,0.389,2.317,0.064,2.318,0.071,0.040,-0.001,-0.006,-1.24,1.36,152.30,-0.23,-0.12,0.107,-0.155,-0.003,1531,1537,1479,1594,10.00,10.06,49.95,49.90
1787304086.545,17.279,True,1,-0.312,0.021,-0.307,2.399,12.205,12.199,0.389,2.317,0.064,2.318,0.070,0.040,-0.001,-0.006,-1.24,1.36,152.30,-0.23,-0.12,0.106,-0.155,-0.003,1531,1537,1479,1595,10.00,10.06,59.95,59.89
1787304086.555,17.289,True,1,-0.312,0.024,-0.307,2.414,12.221,12.215,0.390,2.317,0.064,2.318,0.070,0.040,-0.001,-0.006,-1.24,1.36,152.30,-0.23,-0.12,0.106,-0.155,-0.003,1531,1537,1479,1595,10.00,10.06,69.95,69.89
1787304086.566,17.300,True,1,-0.318,0.027,-0.303,2.441,12.248,12.242,0.391,2.317,0.063,2.318,0.070,0.041,-0.001,-0.006,-1.25,1.36,152.30,-0.23,-0.12,0.107,-0.155,-0.003,1531,1537,1479,1596,10.00,10.06,-0.46,-0.51
1787304086.575,17.309,True,1,-0.318,0.030,-0.303,2.457,12.264,12.258,0.391,2.317,0.063,2.318,0.070,0.041,-0.001,-0.006,-1.25,1.36,152.30,-0.23,-0.12,0.106,-0.155,-0.003,1531,1537,1479,1597,10.00,10.07,9.54,9.50
1787304086.585,17.319,True,1,-0.318,0.033,-0.303,2.472,12.279,12.273,0.392,2.317,0.063,2.318,0.070,0.041,-0.001,-0.006,-1.25,1.36,152.30,-0.23,-0.12,0.106,-0.155,-0.003,1531,1537,1479,1597,10.00,10.07,19.54,19.50
1787304086.595,17.329,True,1,-0.318,0.036,-0.303,2.488,12.295,12.289,0.392,2.317,0.063,2.318,0.069,0.041,-0.001,-0.006,-1.25,1.36,152.30,-0.23,-0.12,0.106,-0.155,-0.003,1531,1537,1479,1598,9.99,10.06,29.54,29.49
1787304086.605,17.339,True,1,-0.318,0.039,-0.303,2.503,12.310,12.304,0.393,2.317,0.063,2.318,0.069,0.041,-0.001,-0.006,-1.25,1.36,152.30,-0.23,-0.12,0.106,-0.155,-0.003,1531,1537,1479,1598,10.00,10.06,39.54,39.49
1787304086.615,17.349,True,1,-0.318,0.042,-0.303,2.519,12.326,12.320,0.393,2.317,0.063,2.318,0.069,0.041,-0.001,-0.006,-1.25,1.36,152.30,-0.23,-0.12,0.106,-0.155,-0.003,1531,1537,1479,1599,10.00,10.06,49.54,49.49
1787304086.626,17.360,True,1,-0.323,0.045,-0.301,2.552,12.358,12.352,0.394,2.317,0.063,2.318,0.069,0.041,-0.000,-0.006,-1.25,1.36,152.30,-0.23,-0.13,0.106,-0.155,-0.003,1531,1537,1479,1600,10.00,10.06,-0.46,-0.42
1787304086.635,17.369,True,1,-0.323,0.048,-0.301,2.567,12.374,12.368,0.395,2.317,0.063,2.318,0.069,0.041,-0.000,-0.006,-1.25,1.36,152.30,-0.23,-0.13,0.106,-0.155,-0.003,1531,1537,1479,1600,10.00,10.06,9.53,9.58
1787304086.646,17.379,True,1,-0.325,0.051,-0.300,2.587,12.393,12.387,0.395,2.317,0.062,2.318,0.068,0.042,-0.001,-0.006,-1.25,1.36,152.30,-0.23,-0.13,0.106,-0.155,-0.003,1531,1537,1479,1601,10.00,10.06,-0.19,-0.24
1787304086.655,17.389,True,1,-0.325,0.054,-0.300,2.602,12.409,12.403,0.396,2.317,0.062,2.318,0.068,0.042,-0.001,-0.006,-1.25,1.36,152.30,-0.24,-0.13,0.106,-0.156,-0.003,1531,1537,1479,1601,10.00,10.06,9.81,9.76
1787304086.665,17.399,True,1,-0.325,0.057,-0.300,2.618,12.425,12.419,0.396,2.317,0.062,2.318,0.068,0.042,-0.001,-0.006,-1.25,1.36,152.30,-0.24,-0.13,0.106,-0.156,-0.003,1531,1537,1479,1602,10.00,10.06,19.82,19.76
1787304086.675,17.409,True,1,-0.325,0.060,-0.300,2.634,12.441,12.435,0.397,2.317,0.062,2.318,0.068,0.042,-0.001,-0.006,-1.25,1.36,152.30,-0.24,-0.13,0.106,-0.156,-0.003,1531,1537,1479,1602,10.00,10.06,29.81,29.76
1787304086.685,17.419,True,1,-0.325,0.063,-0.300,2.650,12.457,12.451,0.397,2.317,0.062,2.318,0.068,0.042,-0.001,-0.006,-1.25,1.36,152.30,-0.24,-0.13,0.106,-0.156,-0.003,1531,1537,1479,1603,10.00,10.06,39.82,39.76
1787304086.695,17.429,True,1,-0.325,0.066,-0.300,2.666,12.473,12.467,0.398,2.317,0.062,2.318,0.067,0.042,-0.001,-0.006,-1.25,1.36,152.30,-0.24,-0.13,0.106,-0.156,-0.003,1531,1537,1479,1603,10.00,10.06,49.82,49.76
1787304086.705,17.439,True,1,-0.325,0.069,-0.300,2.682,12.489,12.482,0.398,2.317,0.062,2.318,0.067,0.042,-0.001,-0.006,-1.25,1.36,152.30,-0.24,-0.13,0.105,-0.156,-0.003,1531,1537,1479,1604,10.00,10.06,59.81,59.76
1787304086.716,17.450,True,1,-0.328,0.072,-0.298,2.700,12.507,12.501,0.399,2.317,0.061,2.318,0.067,0.044,-0.000,-0.006,-1.25,1.35,152.30,-0.24,-0.13,0.105,-0.156,-0.003,1531,1537,1479,1604,10.00,10.06,-0.48,-0.54
1787304086.725,17.459,True,1,-0.328,0.075,-0.298,2.716,12.523,12.517,0.400,2.317,0.061,2.318,0.067,0.044,-0.000,-0.006,-1.25,1.35,152.30,-0.24,-0.13,0.105,-0.156,-0.003,1531,1537,1479,1605,10.00,10.07,9.52,9.46
1787304086.735,17.469,True,1,-0.328,0.078,-0.298,2.732,12.539,12.533,0.400,2.317,0.061,2.318,0.067,0.044,-0.000,-0.006,-1.25,1.35,152.30,-0.25,-0.13,0.105,-0.156,-0.003,1531,1537,1479,1605,9.99,10.06,19.52,19.45
1787304086.745,17.479,True,1,-0.328,0.081,-0.298,2.748,12.555,12.549,0.401,2.317,0.061,2.318,0.066,0.044,-0.000,-0.006,-1.25,1.35,152.30,-0.25,-0.13,0.105,-0.156,-0.003,1531,1537,1479,1606,10.00,10.06,29.52,29.46
1787304086.755,17.489,True,1,-0.328,0.084,-0.298,2.765,12.571,12.565,0.401,2.317,0.061,2.318,0.066,0.044,-0.000,-0.006,-1.25,1.35,152.30,-0.25,-0.13,0.105,-0.156,-0.003,1531,1537,1479,1606,10.00,10.06,39.52,39.46
1787304086.766,17.500,True,1,-0.333,0.087,-0.298,2.804,12.611,12.605,0.402,2.317,0.060,2.318,0.066,0.044,-0.001,-0.006,-1.25,1.36,152.30,-0.25,-0.13,0.105,-0.156,-0.003,1531,1537,1479,1607,10.00,10.06,-0.28,-0.32
1787304086.775,17.509,True,1,-0.333,0.090,-0.298,2.820,12.627,12.621,0.403,2.317,0.060,2.318,0.066,0.044,-0.001,-0.006,-1.25,1.36,152.30,-0.25,-0.13,0.105,-0.156,-0.003,1531,1537,1479,1608,10.00,10.06,9.73,9.68
1787304086.785,17.519,True,1,-0.333,0.093,-0.298,2.836,12.643,12.637,0.403,2.317,0.060,2.318,0.066,0.044,-0.001,-0.006,-1.25,1.36,152.30,-0.25,-0.13,0.105,-0.156,-0.003,1531,1537,1479,1608,10.00,10.06,19.72,19.68
1787304086.795,17.529,True,1,-0.333,0.096,-0.298,2.853,12.659,12.653,0.404,2.317,0.060,2.318,0.065,0.044,-0.001,-0.006,-1.25,1.36,152.30,-0.25,-0.13,0.104,-0.156,-0.003,1531,1537,1479,1609,10.00,10.06,29.72,29.67
1787304086.806,17.539,True,1,-0.334,0.099,-0.298,2.872,12.679,12.672,0.404,2.317,0.059,2.318,0.065,0.045,-0.001,-0.006,-1.25,1.36,152.30,-0.26,-0.13,0.104,-0.156,-0.003,1531,1537,1479,1609,10.00,10.06,-0.26,-0.31
1787304086.815,17.549,True,1,-0.334,0.102,-0.298,2.888,12.695,12.689,0.405,2.317,0.059,2.317,0.065,0.045,-0.001,-0.006,-1.25,1.36,152.30,-0.26,-0.13,0.104,-0.156,-0.003,1531,1537,1479,1610,10.00,10.06,9.74,9.69
1787304086.825,17.559,True,1,-0.334,0.105,-0.298,2.905,12.711,12.705,0.406,2.317,0.059,2.317,0.065,0.045,-0.001,-0.006,-1.25,1.36,152.30,-0.26,-0.13,0.103,-0.156,-0.003,1531,1537,1479,1610,10.00,10.06,19.74,19.70
1787304086.835,17.569,True,1,-0.334,0.108,-0.298,2.921,12.728,12.722,0.406,2.317,0.059,2.317,0.065,0.045,-0.001,-0.006,-1.25,1.36,152.30,-0.26,-0.13,0.103,-0.156,-0.003,1531,1537,1479,1611,10.00,10.06,29.74,29.69
1787304086.845,17.579,True,1,-0.334,0.111,-0.298,2.937,12.744,12.738,0.407,2.317,0.059,2.317,0.064,0.045,-0.001,-0.006,-1.25,1.36,152.30,-0.26,-0.13,0.103,-0.156,-0.003,1531,1537,1479,1611,10.00,10.06,39.74,39.69
1787304086.855,17.589,True,1,-0.334,0.114,-0.298,2.954,12.761,12.755,0.407,2.317,0.059,2.317,0.064,0.045,-0.001,-0.006,-1.25,1.36,152.30,-0.26,-0.13,0.103,-0.156,-0.003,1531,1537,1479,1612,10.00,10.06,49.74,49.69
1787304086.865,17.599,True,1,-0.334,0.117,-0.298,2.970,12.777,12.771,0.408,2.317,0.059,2.317,0.064,0.045,-0.001,-0.006,-1.25,1.36,152.30,-0.26,-0.13,0.103,-0.156,-0.003,1531,1537,1479,1612,10.00,10.06,59.75,59.70
1787304086.875,17.609,True,1,-0.334,0.120,-0.298,2.987,12.794,12.788,0.408,2.317,0.059,2.317,0.064,0.045,-0.001,-0.006,-1.25,1.36,152.30,-0.26,-0.13,0.103,-0.156,-0.003,1531,1537,1479,1613,10.00,10.06,69.74,69.69
1787304086.886,17.620,True,1,-0.337,0.123,-0.297,3.015,12.822,12.816,0.409,2.316,0.058,2.317,0.064,0.046,-0.002,-0.006,-1.25,1.36,152.30,-0.26,-0.12,0.103,-0.155,-0.003,1531,1537,1479,1614,10.00,10.06,-0.57,-0.51
1787304086.895,17.629,True,1,-0.337,0.126,-0.297,3.032,12.839,12.833,0.410,2.316,0.058,2.317,0.064,0.046,-0.002,-0.006,-1.25,1.36,152.30,-0.26,-0.12,0.103,-0.155,-0.003,1531,1537,1479,1614,10.00,10.06,9.43,9.49
1787304086.905,17.639,True,1,-0.341,0.129,-0.297,3.062,12.869,12.863,0.411,2.316,0.058,2.317,0.063,0.046,-0.002,-0.006,-1.25,1.36,152.30,-0.26,-0.12,0.103,-0.155,-0.003,1531,1537,1479,1615,10.00,10.06,-0.12,-0.17
1787304086.915,17.649,True,1,-0.341,0.132,-0.297,3.079,12.886,12.880,0.411,2.316,0.058,2.317,0.063,0.046,-0.002,-0.006,-1.25,1.36,152.30,-0.27,-0.12,0.103,-0.155,-0.003,1531,1537,1479,1616,10.00,10.06,9.88,9.83
1787304086.925,17.659,True,1,-0.341,0.135,-0.297,3.096,12.903,12.896,0.412,2.316,0.058,2.317,0.063,0.046,-0.002,-0.006,-1.25,1.36,152.30,-0.27,-0.12,0.103,-0.155,-0.003,1531,1537,1479,1616,10.00,10.06,19.88,19.83
1787304086.935,17.669,True,1,-0.341,0.138,-0.297,3.113,12.919,12.913,0.412,2.316,0.058,2.317,0.063,0.046,-0.002,-0.006,-1.25,1.36,152.30,-0.27,-0.12,0.102,-0.155,-0.003,1531,1537,1479,1617,10.00,10.06,29.88,29.83
1787304086.945,17.679,True,1,-0.341,0.141,-0.297,3.129,12.936,12.930,0.413,2.316,0.058,2.317,0.063,0.046,-0.002,-0.006,-1.25,1.36,152.30,-0.27,-0.12,0.102,-0.155,-0.003,1531,1537,1479,1617,10.00,10.06,39.88,39.83
1787304086.955,17.689,True,1,-0.341,0.144,-0.297,3.146,12.953,12.947,0.413,2.316,0.058,2.317,0.062,0.046,-0.002,-0.006,-1.25,1.36,152.30,-0.27,-0.12,0.102,-0.155,-0.003,1531,1537,1479,1618,10.00,10.06,49.88,49.83
1787304086.966,17.700,True,1,-0.344,0.147,-0.297,3.177,12.984,12.978,0.414,2.316,0.057,2.317,0.062,0.047,-0.003,-0.006,-1.24,1.35,152.30,-0.27,-0.12,0.102,-0.154,-0.003,1531,1537,1479,1619,10.00,10.06,-0.44,-0.40
1787304086.975,17.709,True,1,-0.344,0.150,-0.297,3.194,13.001,12.995,0.415,2.316,0.057,2.317,0.062,0.047,-0.003,-0.006,-1.24,1.35,152.30,-0.28,-0.12,0.101,-0.154,-0.003,1531,1537,1479,1619,10.00,10.06,9.56,9.60
1787304086.985,17.719,True,1,-0.344,0.153,-0.297,3.211,13.018,13.012,0.415,2.316,0.057,2.317,0.062,0.047,-0.003,-0.006,-1.24,1.35,152.30,-0.28,-0.12,0.101,-0.154,-0.003,1531,1537,1479,1620,10.00,10.06,19.56,19.61
1787304086.995,17.729,True,1,-0.344,0.156,-0.297,3.228,13.035,13.029,0.416,2.316,0.057,2.317,0.062,0.047,-0.003,-0.006,-1.24,1.35,152.30,-0.28,-0.12,0.101,-0.154,-0.003,1531,1537,1479,1620,10.00,10.06,29.56,29.60
1787304087.005,17.739,True,1,-0.344,0.159,-0.297,3.245,13.052,13.046,0.416,2.316,0.057,2.317,0.062,0.047,-0.003,-0.006,-1.24,1.35,152.30,-0.28,-0.12,0.101,-0.154,-0.003,1531,1537,1479,1621,10.00,10.06,39.56,39.60
1787304087.016,17.750,True,1,-0.345,0.162,-0.296,3.261,13.068,13.061,0.417,2.316,0.056,2.317,0.061,0.048,-0.003,-0.006,-1.25,1.35,152.30,-0.28,-0.12,0.101,-0.155,-0.003,1531,1537,1479,1621,10.00,10.06,-0.32,-0.27
1787304087.025,17.759,True,1,-0.345,0.165,-0.296,3.278,13.085,13.079,0.417,2.316,0.056,2.317,0.061,0.048,-0.003,-0.006,-1.25,1.35,152.30,-0.28,-0.12,0.101,-0.155,-0.003,1531,1537,1479,1622,10.00,10.06,9.68,9.73
1787304087.035,17.769,True,1,-0.345,0.168,-0.296,3.295,13.102,13.096,0.418,2.316,0.056,2.317,0.061,0.048,-0.003,-0.006,-1.25,1.35,152.30,-0.28,-0.12,0.101,-0.155,-0.003,1531,1537,1479,1622,10.00,10.06,19.68,19.73
1787304087.046,17.779,True,1,-0.347,0.171,-0.295,3.320,13.127,13.121,0.419,2.316,0.055,2.317,0.061,0.049,-0.003,-0.006,-1.24,1.36,152.30,-0.28,-0.12,0.101,-0.155,-0.003,1531,1537,1479,1623,10.00,10.06,-0.21,-0.26
1787304087.055,17.789,True,1,-0.347,0.174,-0.295,3.337,13.144,13.138,0.419,2.316,0.055,2.317,0.061,0.049,-0.003,-0.006,-1.24,1.36,152.30,-0.28,-0.12,0.100,-0.155,-0.003,1531,1537,1479,1624,10.00,10.06,9.79,9.75
1787304087.065,17.799,True,1,-0.347,0.177,-0.295,3.355,13.162,13.155,0.420,2.316,0.055,2.317,0.060,0.049,-0.003,-0.006,-1.24,1.36,152.30,-0.28,-0.12,0.100,-0.155,-0.003,1531,1537,1479,1624,10.00,10.06,19.79,19.74
1787304087.075,17.809,True,1,-0.347,0.180,-0.295,3.372,13.179,13.173,0.420,2.316,0.055,2.317,0.060,0.049,-0.003,-0.006,-1.24,1.36,152.30,-0.29,-0.12,0.100,-0.155,-0.003,1531,1537,1479,1625,10.00,10.06,29.79,29.74
1787304087.085,17.819,True,1,-0.347,0.183,-0.295,3.389,13.196,13.190,0.421,2.316,0.055,2.317,0.060,0.049,-0.003,-0.006,-1.24,1.36,152.30,-0.29,-0.13,0.100,-0.155,-0.003,1531,1537,1479,1625,10.00,10.06,39.79,39.74
1787304087.095,17.829,True,1,-0.347,0.186,-0.295,3.407,13.213,13.207,0.422,2.316,0.055,2.316,0.060,0.049,-0.003,-0.006,-1.24,1.36,152.30,-0.29,-0.13,0.100,-0.155,-0.003,1531,1537,1479,1626,10.00,10.06,49.79,49.74
1787304087.105,17.839,True,1,-0.347,0.189,-0.295,3.424,13.231,13.225,0.422,2.316,0.055,2.316,0.060,0.049,-0.003,-0.006,-1.24,1.36,152.30,-0.29,-0.13,0.100,-0.155,-0.003,1531,1537,1479,1626,10.00,10.06,59.79,59.74
1787304087.116,17.850,True,1,-0.352,0.192,-0.294,3.457,13.264,13.258,0.423,2.315,0.054,2.316,0.060,0.050,-0.004,-0.006,-1.24,1.35,152.30,-0.29,-0.12,0.100,-0.154,-0.003,1531,1536,1479,1627,10.00,10.06,-0.47,-0.51
1787304087.125,17.859,True,1,-0.352,0.195,-0.294,3.475,13.282,13.276,0.424,2.315,0.054,2.316,0.059,0.050,-0.004,-0.006,-1.24,1.35,152.30,-0.29,-0.12,0.100,-0.154,-0.003,1531,1536,1479,1628,10.01,10.06,9.54,9.49
1787304087.135,17.869,True,1,-0.352,0.198,-0.294,3.492,13.299,13.293,0.424,2.315,0.054,2.316,0.059,0.050,-0.004,-0.006,-1.24,1.35,152.30,-0.29,-0.12,0.099,-0.154,-0.003,1531,1536,1479,1628,10.00,10.06,19.53,19.49
1787304087.145,17.879,True,1,-0.352,0.201,-0.294,3.510,13.317,13.311,0.425,2.315,0.054,2.316,0.059,0.050,-0.004,-0.006,-1.24,1.35,152.30,-0.29,-0.12,0.099,-0.154,-0.003,1531,1536,1479,1629,10.00,10.06,29.53,29.49
1787304087.155,17.889,True,1,-0.352,0.204,-0.294,3.528,13.334,13.328,0.425,2.315,0.054,2.316,0.059,0.050,-0.004,-0.006,-1.24,1.35,152.30,-0.29,-0.12,0.099,-0.154,-0.003,1531,1536,1479,1629,10.00,10.06,39.54,39.49
1787304087.165,17.899,True,1,-0.352,0.207,-0.294,3.545,13.352,13.346,0.426,2.315,0.054,2.316,0.059,0.050,-0.004,-0.006,-1.24,1.35,152.30,-0.29,-0.12,0.099,-0.154,-0.003,1530,1536,1479,1630,10.00,10.06,49.54,49.49
1787304087.176,17.910,True,1,-0.358,0.210,-0.293,3.585,13.392,13.386,0.427,2.314,0.053,2.316,0.058,0.051,-0.003,-0.006,-1.24,1.35,152.29,-0.29,-0.12,0.100,-0.154,-0.002,1531,1537,1479,1631,10.00,10.06,-0.36,-0.41
1787304087.185,17.919,True,1,-0.358,0.213,-0.293,3.603,13.410,13.403,0.428,2.314,0.053,2.316,0.058,0.051,-0.003,-0.006,-1.24,1.35,152.29,-0.29,-0.12,0.100,-0.154,-0.002,1531,1537,1479,1631,10.00,10.07,9.64,9.59
1787304087.195,17.929,True,1,-0.358,0.216,-0.293,3.621,13.427,13.421,0.428,2.314,0.053,2.316,0.058,0.051,-0.003,-0.006,-1.24,1.35,152.29,-0.29,-0.13,0.099,-0.154,-0.002,1531,1537,1479,1632,10.00,10.06,19.64,19.59
1787304087.206,17.939,True,1,-0.360,0.219,-0.294,3.644,13.451,13.445,0.429,2.314,0.053,2.316,0.058,0.051,-0.006,-0.006,-1.24,1.35,152.28,-0.30,-0.11,0.098,-0.153,-0.002,1530,1536,1479,1633,10.00,10.06,-0.20,-0.24
1787304087.215,17.949,True,1,-0.360,0.222,-0.294,3.662,13.469,13.463,0.430,2.314,0.053,2.316,0.058,0.051,-0.006,-0.006,-1.24,1.35,152.28,-0.30,-0.11,0.098,-0.153,-0.002,1530,1536,1479,1633,10.00,10.06,9.80,9.76
1787304087.225,17.959,True,1,-0.360,0.225,-0.294,3.680,13.487,13.481,0.430,2.314,0.053,2.316,0.058,0.051,-0.006,-0.006,-1.24,1.35,152.28,-0.30,-0.11,0.098,-0.153,-0.002,1530,1536,1479,1634,10.00,10.06,19.80,19.75
1787304087.236,17.969,True,1,-0.362,0.228,-0.292,3.702,13.509,13.503,0.431,2.313,0.052,2.316,0.057,0.052,-0.001,-0.001,-1.23,1.34,152.32,-0.26,-0.12,0.101,-0.153,-0.004,1531,1536,1479,1634,10.00,10.06,-0.17,-0.22
1787304087.245,17.979,True,1,-0.362,0.231,-0.292,3.720,13.527,13.521,0.432,2.313,0.052,2.316,0.057,0.052,-0.001,-0.001,-1.23,1.34,152.32,-0.26,-0.12,0.101,-0.153,-0.004,1531,1536,1479,1635,10.00,10.06,9.83,9.79
1787304087.255,17.989,True,1,-0.362,0.234,-0.292,3.738,13.545,13.539,0.432,2.313,0.052,2.315,0.057,0.052,-0.001,-0.001,-1.23,1.34,152.32,-0.26,-0.12,0.101,-0.153,-0.004,1531,1536,1479,1635,10.00,10.06,19.83,19.79
1787304087.265,17.999,True,1,-0.362,0.237,-0.292,3.756,13.563,13.557,0.433,2.313,0.052,2.315,0.057,0.052,-0.001,-0.001,-1.23,1.34,152.32,-0.26,-0.12,0.101,-0.153,-0.004,1531,1536,1479,1636,10.00,10.06,29.83,29.78
1787304087.275,18.009,True,1,-0.362,0.240,-0.292,3.774,13.581,13.575,0.433,2.313,0.052,2.315,0.057,0.052,-0.001,-0.001,-1.23,1.34,152.32,-0.26,-0.12,0.101,-0.153,-0.004,1531,1536,1479,1636,10.00,10.06,39.83,39.78
1787304087.286,18.020,True,1,-0.362,0.243,-0.296,3.802,13.609,13.603,0.434,2.313,0.052,2.315,0.057,0.053,-0.005,-0.007,-1.24,1.36,152.20,-0.31,-0.11,0.096,-0.154,0.001,1530,1537,1520,1637,10.00,10.06,-0.36,-0.32
1787304087.295,18.029,True,1,-0.362,0.246,-0.296,3.820,13.627,13.621,0.435,2.313,0.052,2.315,0.056,0.053,-0.005,-0.007,-1.24,1.36,152.20,-0.32,-0.11,0.096,-0.154,0.001,1530,1537,1520,1638,10.00,10.06,9.63,9.68
1787304087.305,18.039,True,1,-0.365,0.249,-0.287,3.825,13.632,13.626,0.435,2.313,0.051,2.315,0.056,0.053,-0.009,0.005,-1.24,1.32,152.39,-0.25,-0.05,0.103,-0.143,-0.006,1531,1535,1479,1638,10.00,10.06,-0.13,-0.18
1787304087.315,18.049,True,1,-0.365,0.252,-0.287,3.843,13.650,13.644,0.435,2.313,0.051,2.315,0.056,0.053,-0.009,0.005,-1.24,1.32,152.39,-0.25,-0.05,0.103,-0.143,-0.007,1531,1535,1479,1638,10.00,10.06,9.88,9.83
1787304087.325,18.059,True,1,-0.365,0.255,-0.287,3.861,13.668,13.662,0.436,2.313,0.051,2.315,0.056,0.053,-0.009,0.005,-1.24,1.32,152.39,-0.26,-0.05,0.103,-0.143,-0.007,1531,1535,1479,1639,10.00,10.06,19.87,19.82
1787304087.335,18.069,True,1,-0.365,0.258,-0.287,3.880,13.686,13.680,0.437,2.313,0.051,2.315,0.056,0.053,-0.009,0.005,-1.24,1.32,152.39,-0.26,-0.05,0.103,-0.143,-0.007,1531,1535,1479,1640,10.00,10.06,29.87,29.82
1787304087.345,18.079,True,1,-0.365,0.261,-0.287,3.898,13.705,13.699,0.437,2.313,0.051,2.315,0.056,0.053,-0.009,0.005,-1.24,1.32,152.39,-0.26,-0.05,0.103,-0.143,-0.007,1531,1535,1479,1640,10.00,10.06,39.87,39.82
1787304087.356,18.089,True,1,-0.368,0.264,-0.297,3.958,13.765,13.758,0.439,2.312,0.050,2.315,0.055,0.054,0.000,-0.010,-1.23,1.37,152.21,-0.32,-0.16,0.095,-0.160,0.001,1530,1537,1520,1642,10.00,10.06,-0.26,-0.31
1787304087.365,18.099,True,1,-0.371,0.267,-0.294,3.979,13.785,13.778,0.440,2.312,0.050,2.315,0.055,0.054,0.002,0.009,-1.24,1.37,152.20,-0.19,-0.11,0.110,-0.155,0.002,1532,1537,1520,1642,10.00,10.06,-0.16,-0.11
1787304087.375,18.109,True,1,-0.371,0.270,-0.294,3.997,13.804,13.797,0.440,2.312,0.050,2.314,0.055,0.054,0.002,0.009,-1.24,1.37,152.20,-0.19,-0.11,0.110,-0.155,0.002,1532,1537,1520,1643,10.00,10.06,9.84,9.89
1787304087.385,18.119,True,1,-0.371,0.273,-0.294,4.015,13.822,13.815,0.441,2.312,0.050,2.314,0.055,0.054,0.002,0.009,-1.24,1.37,152.20,-0.19,-0.11,0.110,-0.155,0.002,1532,1537,1520,1643,10.00,10.06,19.84,19.89
1787304087.395,18.129,True,1,-0.371,0.276,-0.294,4.034,13.841,13.834,0.442,2.312,0.050,2.314,0.055,0.054,0.002,0.009,-1.24,1.37,152.20,-0.19,-0.11,0.109,-0.155,0.002,1532,1537,1520,1644,10.00,10.06,29.84,29.89
1787304087.405,18.139,True,1,-0.371,0.279,-0.294,4.052,13.859,13.852,0.442,2.312,0.050,2.314,0.055,0.054,0.002,0.009,-1.24,1.37,152.20,-0.20,-0.11,0.109,-0.155,0.002,1532,1537,1520,1645,10.00,10.06,39.84,39.89
1787304087.415,18.149,True,1,-0.371,0.282,-0.294,4.071,13.878,13.871,0.443,2.312,0.050,2.314,0.054,0.054,0.002,0.009,-1.24,1.37,152.20,-0.20,-0.11,0.109,-0.155,0.002,1532,1537,1520,1645,10.00,10.06,49.84,49.89
1787304087.426,18.160,True,1,-0.372,0.285,-0.315,4.159,13.968,13.965,0.446,2.312,0.049,2.314,0.054,0.055,-0.068,-0.060,-1.09,1.16,152.25,-0.89,0.11,0.021,-0.110,0.000,1522,1532,1520,1648,10.00,10.06,-0.41,-0.36
1787304087.435,18.169,True,1,-0.373,0.288,-0.353,4.295,14.105,14.098,0.450,2.311,0.048,2.314,0.054,0.056,0.019,-0.133,-1.09,1.16,152.25,-1.05,-0.70,0.004,-0.195,-0.001,1520,1541,1479,1652,10.00,10.06,9.59,-0.07
1787304087.445,18.179,True,1,-0.374,0.291,-0.303,4.168,13.979,13.967,0.446,2.311,0.049,2.314,0.054,0.055,-0.046,0.237,-1.24,0.99,151.88,1.12,1.00,0.247,0.000,0.019,1547,1479,1522,1648,10.00,10.06,-0.05,-0.10
1787304087.455,18.189,True,1,-0.374,0.294,-0.303,4.186,13.998,13.986,0.446,2.311,0.049,2.314,0.054,0.055,-0.046,0.237,-1.24,0.99,151.88,1.12,0.99,0.247,0.000,0.019,1547,1479,1522,1648,10.00,10.06,9.95,9.90
1787304087.465,18.199,True,1,-0.374,0.297,-0.303,4.205,14.016,14.005,0.447,2.311,0.049,2.314,0.054,0.055,-0.046,0.237,-1.24,0.99,151.88,1.12,0.99,0.247,0.000,0.019,1547,1479,1522,1649,10.00,10.06,19.95,19.90
1787304087.475,18.209,True,1,-0.374,0.300,-0.303,4.224,14.035,14.023,0.448,2.311,0.049,2.314,0.053,0.055,-0.046,0.237,-1.24,0.99,151.88,1.11,0.99,0.246,-0.000,0.019,1547,1520,1522,1649,10.00,10.06,29.95,29.90
1787304087.485,18.219,True,1,-0.374,0.303,-0.303,4.243,14.054,14.042,0.448,2.311,0.049,2.314,0.053,0.055,-0.046,0.237,-1.24,0.99,151.88,1.11,0.99,0.246,-0.000,0.019,1547,1520,1522,1650,10.00,10.06,39.95,39.90
1787304087.495,18.229,True,1,-0.374,0.306,-0.303,4.261,14.073,14.061,0.449,2.311,0.049,2.313,0.053,0.055,-0.046,0.237,-1.24,0.99,151.88,1.11,0.99,0.246,-0.000,0.019,1546,1520,1522,1651,10.00,10.06,49.95,49.90
1787304087.505,18.239,True,1,-0.374,0.309,-0.303,4.280,14.092,14.080,0.449,2.311,0.049,2.313,0.053,0.055,-0.046,0.237,-1.24,0.99,151.88,1.11,0.99,0.246,-0.000,0.019,1546,1520,1522,1651,10.00,10.06,59.96,59.90
1787304087.516,18.250,True,1,-0.380,0.312,-0.280,4.257,14.064,14.062,0.449,2.307,0.047,2.313,0.053,0.058,-0.029,-0.011,-1.31,0.63,152.36,-0.44,0.02,0.090,-0.063,-0.004,1530,1527,1479,1651,10.00,10.06,-0.46,-0.51
1787304087.525,18.259,True,1,-0.380,0.315,-0.280,4.276,14.083,14.081,0.449,2.307,0.047,2.313,0.053,0.058,-0.029,-0.011,-1.31,0.63,152.36,-0.44,0.02,0.090,-0.063,-0.004,1530,1527,1479,1651,10.00,10.06,9.54,9.49
1787304087.535,18.269,True,1,-0.380,0.318,-0.280,4.295,14.102,14.100,0.450,2.307,0.047,2.313,0.052,0.058,-0.029,-0.011,-1.31,0.63,152.36,-0.45,0.02,0.090,-0.063,-0.004,1529,1527,1479,1652,10.00,10.06,19.54,19.49
1787304087.545,18.279,True,1,-0.380,0.321,-0.280,4.314,14.121,14.119,0.451,2.307,0.047,2.313,0.052,0.058,-0.029,-0.011,-1.31,0.63,152.36,-0.45,0.02,0.090,-0.063,-0.004,1529,1527,1479,1652,10.00,10.06,29.54,29.49
1787304087.555,18.289,True,1,-0.380,0.324,-0.280,4.333,14.140,14.138,0.451,2.307,0.047,2.312,0.052,0.058,-0.029,-0.011,-1.31,0.63,152.36,-0.45,0.02,0.090,-0.063,-0.004,1529,1527,1479,1653,10.00,10.06,39.54,39.49
1787304087.565,18.299,True,1,-0.380,0.327,-0.280,4.352,14.159,14.157,0.452,2.307,0.047,2.312,0.052,0.058,-0.029,-0.011,-1.31,0.63,152.36,-0.45,0.02,0.090,-0.063,-0.004,1529,1527,1479,1653,10.00,10.06,49.55,49.50
1787304087.575,18.309,True,1,-0.380,0.330,-0.280,4.371,14.178,14.176,0.452,2.307,0.047,2.312,0.052,0.058,-0.029,-0.011,-1.31,0.63,152.36,-0.45,0.02,0.090,-0.063,-0.004,1529,1527,1479,1654,10.00,10.06,59.55,59.50
1787304087.585,18.319,True,1,-0.380,0.333,-0.280,4.390,14.197,14.195,0.453,2.307,0.047,2.312,0.052,0.058,-0.029,-0.011,-1.31,0.63,152.36,-0.45,0.02,0.090,-0.063,-0.004,1529,1527,1479,1654,10.00,10.06,69.54,69.50
1787304087.595,18.329,True,1,-0.380,0.336,-0.280,4.409,14.217,14.214,0.454,2.307,0.047,2.312,0.051,0.058,-0.029,-0.011,-1.31,0.63,152.36,-0.45,0.02,0.090,-0.063,-0.004,1529,1527,1479,1655,10.00,10.06,79.54,79.49
1787304087.606,18.340,True,1,-0.386,0.339,-0.274,4.431,14.238,14.235,0.454,2.307,0.047,2.312,0.051,0.058,0.002,-0.019,-0.96,0.81,152.37,-0.40,-0.20,0.059,-0.105,-0.004,1526,1531,1479,1655,10.00,10.06,-0.57,-0.62
1787304087.615,18.349,True,1,-0.386,0.342,-0.274,4.450,14.258,14.255,0.455,2.307,0.047,2.311,0.051,0.058,0.002,-0.019,-0.96,0.81,152.37,-0.40,-0.20,0.058,-0.105,-0.004,1526,1531,1479,1656,10.00,10.06,9.43,9.38
1787304087.625,18.359,True,1,-0.386,0.345,-0.274,4.470,14.277,14.274,0.456,2.307,0.047,2.311,0.051,0.058,0.002,-0.019,-0.96,0.81,152.37,-0.40,-0.19,0.058,-0.105,-0.004,1526,1531,1479,1657,9.99,10.06,19.43,19.38
1787304087.635,18.369,True,1,-0.386,0.348,-0.274,4.489,14.296,14.293,0.456,2.307,0.047,2.311,0.051,0.058,0.002,-0.019,-0.96,0.81,152.37,-0.40,-0.19,0.058,-0.105,-0.004,1526,1531,1479,1657,10.00,10.06,29.43,29.38
1787304087.645,18.379,True,1,-0.386,0.351,-0.274,4.508,14.316,14.313,0.457,2.307,0.047,2.311,0.051,0.058,0.002,-0.019,-0.96,0.81,152.37,-0.40,-0.19,0.058,-0.105,-0.004,1526,1531,1479,1658,10.00,10.06,39.43,39.38
1787304087.655,18.389,True,1,-0.386,0.354,-0.274,4.528,14.335,14.332,0.457,2.307,0.047,2.311,0.050,0.058,0.002,-0.019,-0.96,0.81,152.37,-0.40,-0.19,0.058,-0.105,-0.004,1526,1531,1479,1658,10.00,10.06,49.43,49.38
1787304087.666,18.400,True,1,-0.387,0.357,-0.204,4.343,14.151,14.144,0.451,2.308,0.046,2.311,0.050,0.059,-0.017,-0.065,0.38,1.15,152.29,-0.77,-0.23,-0.120,-0.144,0.002,1466,1535,1520,1653,10.00,10.06,-0.45,-0.40
1787304087.675,18.409,True,1,-0.387,0.360,-0.204,4.362,14.170,14.163,0.452,2.308,0.046,2.311,0.050,0.059,-0.017,-0.065,0.38,1.15,152.29,-0.77,-0.23,-0.120,-0.144,0.002,1466,1535,1520,1653,10.00,10.06,9.55,9.60
1787304087.686,18.419,True,1,-0.383,0.363,-0.112,4.088,13.897,13.887,0.443,2.307,0.044,2.311,0.050,0.061,-0.033,-0.066,0.84,1.15,152.25,-0.85,-0.13,-0.177,-0.134,0.005,1460,1534,1520,1646,10.00,10.06,-0.14,-0.19
1787304087.695,18.429,True,1,-0.383,0.366,-0.112,4.108,13.916,13.906,0.444,2.307,0.044,2.311,0.050,0.061,-0.033,-0.066,0.84,1.15,152.25,-0.85,-0.13,-0.177,-0.134,0.005,1460,1534,1520,1646,10.00,10.06,9.86,9.81
1787304087.705,18.439,True,1,-0.383,0.369,-0.112,4.127,13.936,13.926,0.444,2.307,0.044,2.310,0.050,0.061,-0.033,-0.066,0.84,1.15,152.25,-0.85,-0.13,-0.177,-0.134,0.005,1460,1534,1520,1647,10.00,10.06,19.86,19.81
1787304087.715,18.449,True,1,-0.383,0.372,-0.112,4.147,13.955,13.946,0.445,2.307,0.044,2.310,0.049,0.061,-0.033,-0.066,0.84,1.15,152.25,-0.85,-0.13,-0.177,-0.134,0.005,1460,1534,1520,1647,10.01,10.07,29.87,29.82
1787304087.725,18.459,True,1,-0.383,0.375,-0.112,4.166,13.975,13.965,0.446,2.307,0.044,2.310,0.049,0.061,-0.033,-0.066,0.84,1.15,152.25,-0.85,-0.13,-0.177,-0.134,0.005,1460,1534,1520,1648,10.00,10.07,39.87,39.82
1787304087.736,18.470,True,1,-0.373,0.378,0.098,3.515,13.324,13.291,0.424,2.304,0.040,2.310,0.049,0.065,-0.080,-0.072,2.90,-0.28,151.94,-1.11,0.15,-0.420,0.046,0.014,1434,1474,1521,1628,10.00,10.06,-0.38,-0.43
1787304087.745,18.479,True,1,-0.373,0.381,0.098,3.534,13.344,13.310,0.425,2.304,0.040,2.310,0.049,0.065,-0.080,-0.072,2.90,-0.28,151.94,-1.11,0.15,-0.420,0.046,0.014,1434,1474,1521,1629,9.99,10.06,9.62,9.57
1787304087.755,18.489,True,1,-0.369,0.384,0.134,3.431,13.240,13.203,0.421,2.304,0.040,2.310,0.048,0.066,-0.062,-0.048,3.13,-1.38,151.74,-0.89,0.11,-0.420,0.157,0.016,1434,1462,1522,1625,10.00,10.06,-0.17,-0.12
1787304087.765,18.499,True,1,-0.369,0.387,0.134,3.451,13.259,13.222,0.422,2.304,0.040,2.309,0.048,0.066,-0.062,-0.048,3.13,-1.38,151.74,-0.89,0.11,-0.420,0.157,0.016,1434,1462,1522,1626,10.00,10.06,9.83,9.88
1787304087.775,18.509,True,1,-0.369,0.390,0.134,3.471,13.279,13.242,0.423,2.304,0.040,2.309,0.048,0.066,-0.062,-0.048,3.13,-1.38,151.74,-0.89,0.11,-0.420,0.157,0.016,1434,1462,1522,1627,10.00,10.06,19.83,19.88
1787304087.785,18.519,True,1,-0.369,0.393,0.134,3.490,13.298,13.261,0.423,2.304,0.040,2.309,0.047,0.066,-0.062,-0.048,3.13,-1.38,151.74,-0.89,0.11,-0.420,0.157,0.016,1434,1462,1522,1627,10.00,10.06,29.83,29.88
1787304087.795,18.529,True,1,-0.369,0.396,0.134,3.510,13.318,13.281,0.424,2.304,0.040,2.309,0.047,0.066,-0.062,-0.048,3.13,-1.38,151.74,-0.89,0.11,-0.420,0.157,0.016,1434,1462,1522,1628,10.00,10.06,39.83,39.88
1787304087.805,18.539,True,1,-0.369,0.399,0.134,3.530,13.338,13.301,0.425,2.304,0.040,2.309,0.047,0.066,-0.062,-0.048,3.13,-1.38,151.74,-0.89,0.11,-0.420,0.157,0.016,1434,1462,1522,1628,10.01,10.07,49.84,49.89
1787304087.815,18.549,True,1,-0.369,0.402,0.134,3.549,13.357,13.320,0.425,2.304,0.040,2.308,0.047,0.066,-0.062,-0.048,3.13,-1.38,151.74,-0.89,0.11,-0.420,0.157,0.016,1434,1462,1522,1629,9.99,10.06,59.83,59.88
1787304087.826,18.560,True,1,-0.325,0.405,0.496,2.307,12.116,12.054,0.385,2.296,0.036,2.308,0.046,0.071,-0.117,-0.034,2.57,-3.94,151.11,-1.11,0.58,-0.382,0.475,0.031,1438,1428,1524,1590,10.00,10.06,-0.42,-0.46
1787304087.835,18.569,True,1,-0.325,0.408,0.496,2.326,12.136,12.073,0.385,2.296,0.036,2.308,0.046,0.071,-0.117,-0.034,2.57,-3.94,151.11,-1.11,0.58,-0.382,0.475,0.031,1438,1428,1524,1591,10.01,10.07,9.59,9.54
1787304087.845,18.579,True,1,-0.317,0.411,0.530,2.211,12.022,11.945,0.381,2.295,0.035,2.307,0.046,0.072,-0.146,-0.045,2.17,-4.69,150.92,-1.33,0.75,-0.362,0.572,0.039,1440,1418,1525,1587,9.99,10.06,-0.16,-0.11
1787304087.855,18.589,True,1,-0.317,0.414,0.530,2.230,12.041,11.964,0.382,2.295,0.035,2.307,0.045,0.072,-0.146,-0.045,2.17,-4.69,150.92,-1.33,0.75,-0.362,0.572,0.039,1440,1418,1525,1587,10.00,10.06,9.84,9.89
1787304087.865,18.599,True,1,-0.317,0.417,0.530,2.249,12.060,11.983,0.382,2.295,0.035,2.306,0.045,0.072,-0.146,-0.045,2.17,-4.69,150.92,-1.33,0.75,-0.363,0.572,0.039,1440,1418,1525,1588,10.00,10.06,19.84,19.89
1787304087.875,18.609,True,1,-0.317,0.420,0.530,2.269,12.080,12.003,0.383,2.295,0.035,2.306,0.045,0.072,-0.146,-0.045,2.17,-4.69,150.92,-1.34,0.75,-0.363,0.572,0.039,1440,1418,1525,1589,10.00,10.06,29.84,29.89
1787304087.885,18.619,True,1,-0.317,0.423,0.530,2.288,12.099,12.022,0.384,2.295,0.035,2.306,0.044,0.072,-0.146,-0.045,2.17,-4.69,150.92,-1.34,0.75,-0.363,0.572,0.039,1440,1418,1525,1589,10.00,10.06,39.84,39.89
1787304087.895,18.629,True,1,-0.317,0.426,0.530,2.308,12.119,12.041,0.384,2.295,0.035,2.305,0.044,0.072,-0.146,-0.045,2.17,-4.69,150.92,-1.34,0.75,-0.363,0.572,0.039,1440,1418,1525,1590,10.00,10.07,49.85,49.90
1787304087.905,18.639,True,1,-0.317,0.429,0.530,2.327,12.138,12.061,0.385,2.295,0.035,2.305,0.044,0.072,-0.146,-0.045,2.17,-4.69,150.92,-1.34,0.75,-0.363,0.571,0.039,1440,1418,1525,1590,10.00,10.07,59.85,59.89
1787304087.915,18.649,True,1,-0.317,0.432,0.530,2.347,12.158,12.080,0.386,2.295,0.035,2.305,0.043,0.072,-0.146,-0.045,2.17,-4.69,150.92,-1.34,0.75,-0.363,0.571,0.039,1440,1418,1525,1591,10.00,10.06,69.84,69.89
1787304087.926,18.660,True,1,-0.222,0.435,0.846,1.039,10.853,10.745,0.343,2.280,0.032,2.304,0.043,0.081,-0.214,0.044,-0.01,-6.20,150.43,-1.09,1.82,-0.105,0.840,0.082,1468,1391,1531,1547,10.00,10.06,-0.51,-0.57
1787304087.935,18.669,True,1,-0.222,0.438,0.846,1.058,10.872,10.764,0.344,2.280,0.032,2.303,0.043,0.081,-0.214,0.044,-0.01,-6.20,150.43,-1.10,1.82,-0.105,0.840,0.082,1468,1391,1531,1548,10.01,10.07,9.49,9.43
1787304087.945,18.679,True,1,-0.222,0.441,0.846,1.077,10.891,10.782,0.344,2.280,0.032,2.302,0.042,0.081,-0.214,0.044,-0.01,-6.20,150.43,-1.10,1.82,-0.106,0.840,0.082,1468,1391,1531,1548,10.00,10.06,19.49,19.43
1787304087.955,18.689,True,1,-0.222,0.444,0.846,1.095,10.909,10.801,0.345,2.280,0.032,2.301,0.042,0.081,-0.214,0.044,-0.01,-6.20,150.43,-1.10,1.82,-0.106,0.840,0.082,1468,1391,1531,1549,10.00,10.06,29.49,29.43
1787304087.965,18.699,True,1,-0.222,0.447,0.846,1.114,10.928,10.819,0.345,2.280,0.032,2.301,0.042,0.081,-0.214,0.044,-0.01,-6.20,150.43,-1.11,1.82,-0.106,0.840,0.082,1468,1391,1531,1550,10.00,10.06,39.49,39.43
1787304087.975,18.709,True,1,-0.222,0.450,0.846,1.133,10.947,10.838,0.346,2.280,0.032,2.300,0.041,0.081,-0.214,0.044,-0.01,-6.20,150.43,-1.11,1.82,-0.107,0.840,0.082,1468,1391,1531,1550,10.01,10.07,49.50,49.43
1787304087.985,18.719,True,1,-0.222,0.453,0.846,1.151,10.966,10.856,0.347,2.280,0.032,2.299,0.041,0.081,-0.214,0.044,-0.01,-6.20,150.43,-1.11,1.82,-0.107,0.840,0.082,1468,1391,1531,1551,10.00,10.07,59.49,59.43
1787304087.996,18.730,True,1,-0.122,0.456,1.021,0.243,10.062,9.947,0.317,2.259,0.036,2.298,0.041,0.089,-0.254,0.136,-2.69,-5.62,150.24,-0.60,2.80,0.228,0.877,0.132,1545,1387,1538,1519,10.00,10.06,-0.46,-0.51
1787304088.005,18.739,True,1,-0.122,0.459,1.021,0.261,10.080,9.964,0.318,2.259,0.036,2.297,0.041,0.089,-0.254,0.136,-2.69,-5.62,150.24,-0.61,2.80,0.227,0.877,0.132,1544,1387,1538,1520,10.00,10.06,9.53,9.49
1787304088.015,18.749,True,1,-0.122,0.462,1.021,0.278,10.098,9.982,0.319,2.259,0.036,2.295,0.041,0.089,-0.254,0.136,-2.69,-5.62,150.24,-0.61,2.80,0.227,0.877,0.132,1544,1387,1538,1520,10.00,10.06,19.54,19.49
1787304088.025,18.759,True,1,-0.122,0.465,1.021,0.296,10.116,10.000,0.319,2.259,0.036,2.294,0.040,0.089,-0.254,0.136,-2.69,-5.62,150.24,-0.62,2.80,0.226,0.877,0.132,1544,1387,1538,1521,10.00,10.06,29.54,29.49
1787304088.035,18.769,True,1,-0.122,0.468,1.021,0.314,10.134,10.018,0.320,2.259,0.036,2.293,0.040,0.089,-0.254,0.136,-2.69,-5.62,150.24,-0.62,2.81,0.226,0.878,0.132,1544,1387,1538,1522,10.00,10.06,39.54,39.49
1787304088.045,18.779,True,1,-0.122,0.471,1.021,0.332,10.152,10.035,0.320,2.259,0.036,2.292,0.040,0.089,-0.254,0.136,-2.69,-5.62,150.24,-0.63,2.81,0.225,0.878,0.132,1544,1387,1538,1522,10.00,10.06,49.54,49.49
1787304088.055,18.789,True,1,-0.122,0.474,1.021,0.350,10.170,10.053,0.321,2.259,0.036,2.291,0.040,0.089,-0.254,0.136,-2.69,-5.62,150.24,-0.63,2.81,0.225,0.878,0.132,1544,1387,1538,1523,10.00,10.06,59.54,59.49
1787304088.065,18.799,True,1,-0.122,0.477,1.021,0.368,10.188,10.071,0.321,2.259,0.036,2.290,0.040,0.089,-0.254,0.136,-2.69,-5.62,150.24,-0.64,2.81,0.224,0.878,0.132,1544,1387,1538,1523,10.00,10.06,69.54,69.49
1787304088.075,18.809,True,1,-0.122,0.480,1.021,0.386,10.206,10.089,0.322,2.259,0.036,2.289,0.040,0.089,-0.254,0.136,-2.69,-5.62,150.24,-0.64,2.81,0.224,0.878,0.132,1544,1387,1538,1524,10.00,10.06,79.53,79.49
1787304088.086,18.820,True,1,-0.013,0.483,1.135,-0.376,9.448,9.368,0.299,2.236,0.048,2.287,0.040,0.098,-0.262,0.203,-5.20,-2.01,149.94,-0.13,3.49,0.535,0.564,0.155,1577,1419,1541,1498,10.00,10.06,-0.58,-0.63
1787304088.095,18.829,True,1,-0.013,0.486,1.135,-0.359,9.465,9.385,0.300,2.236,0.048,2.285,0.040,0.098,-0.262,0.203,-5.20,-2.01,149.94,-0.14,3.50,0.534,0.565,0.155,1577,1419,1541,1499,10.00,10.07,9.43,9.38
1787304088.105,18.839,True,1,-0.013,0.489,1.135,-0.342,9.482,9.402,0.300,2.236,0.048,2.284,0.041,0.098,-0.262,0.203,-5.20,-2.01,149.94,-0.14,3.50,0.533,0.565,0.155,1577,1419,1541,1499,9.99,10.06,19.42,19.37
1787304088.115,18.849,True,1,-0.013,0.492,1.135,-0.325,9.500,9.419,0.301,2.236,0.048,2.282,0.041,0.098,-0.262,0.203,-5.20,-2.01,149.94,-0.15,3.50,0.533,0.566,0.155,1577,1419,1541,1500,10.00,10.06,29.42,29.38
1787304088.126,18.859,True,1,0.060,0.495,1.213,-0.834,8.993,8.923,0.285,2.223,0.060,2.280,0.042,0.103,-0.227,0.276,-5.69,0.72,149.80,0.76,3.79,0.674,0.309,0.141,1591,1446,1539,1481,10.00,10.06,-0.27,-0.31
1787304088.135,18.869,True,1,0.060,0.498,1.213,-0.818,9.009,8.939,0.285,2.223,0.060,2.278,0.042,0.103,-0.227,0.276,-5.69,0.72,149.80,0.75,3.80,0.674,0.310,0.141,1591,1446,1539,1482,10.00,10.06,9.73,9.69
1787304088.145,18.879,True,1,0.060,0.501,1.213,-0.802,9.026,8.956,0.286,2.223,0.060,2.276,0.043,0.103,-0.227,0.276,-5.69,0.72,149.80,0.75,3.81,0.673,0.311,0.141,1591,1445,1539,1482,10.00,10.06,19.73,19.69
1787304088.155,18.889,True,1,0.060,0.504,1.213,-0.785,9.042,8.972,0.286,2.223,0.060,2.275,0.043,0.103,-0.227,0.276,-5.69,0.72,149.80,0.74,3.82,0.673,0.312,0.141,1591,1445,1539,1483,10.00,10.06,29.73,29.69
1787304088.166,18.899,True,1,0.114,0.507,1.213,-0.986,8.841,8.784,0.280,2.215,0.070,2.273,0.044,0.107,-0.197,0.292,-5.37,3.04,149.67,1.09,3.71,0.671,0.059,0.121,1591,1473,1536,1476,10.00,10.06,-0.26,-0.31
1787304088.175,18.909,True,1,0.114,0.510,1.213,-0.970,8.857,8.800,0.281,2.215,0.070,2.271,0.045,0.107,-0.197,0.292,-5.37,3.04,149.67,1.09,3.72,0.671,0.060,0.121,1591,1473,1536,1476,10.00,10.06,9.74,9.69
1787304088.185,18.919,True,1,0.114,0.513,1.213,-0.954,8.873,8.816,0.281,2.215,0.070,2.269,0.046,0.107,-0.197,0.292,-5.37,3.04,149.67,1.08,3.73,0.670,0.061,0.121,1591,1473,1536,1477,10.01,10.07,19.75,19.70
1787304088.195,18.929,True,1,0.114,0.516,1.213,-0.938,8.890,8.833,0.282,2.215,0.070,2.267,0.047,0.107,-0.197,0.292,-5.37,3.04,149.67,1.08,3.74,0.670,0.062,0.121,1591,1473,1536,1478,9.99,10.06,29.74,29.69
1787304088.205,18.939,True,1,0.114,0.519,1.213,-0.922,8.906,8.849,0.282,2.215,0.070,2.265,0.047,0.107,-0.197,0.292,-5.37,3.04,149.67,1.08,3.75,0.669,0.063,0.121,1591,1473,1536,1478,10.00,10.06,39.74,39.69
1787304088.216,18.950,True,1,0.182,0.522,1.207,-1.162,8.664,8.601,0.275,2.206,0.083,2.263,0.049,0.112,-0.144,0.318,-4.64,6.34,149.58,1.68,3.48,0.648,-0.308,0.094,1589,1553,1533,1469,10.00,10.06,-0.33,-0.37
1787304088.225,18.959,True,1,0.182,0.525,1.207,-1.147,8.680,8.616,0.275,2.206,0.083,2.261,0.050,0.112,-0.144,0.318,-4.64,6.34,149.58,1.68,3.49,0.648,-0.307,0.094,1589,1553,1533,1469,10.00,10.06,9.67,9.62
1787304088.235,18.969,True,1,0.182,0.528,1.207,-1.131,8.695,8.632,0.276,2.206,0.083,2.260,0.051,0.112,-0.144,0.318,-4.64,6.34,149.58,1.67,3.50,0.648,-0.306,0.094,1589,1553,1533,1470,10.00,10.06,19.67,19.62
1787304088.245,18.979,True,1,0.182,0.531,1.207,-1.116,8.711,8.648,0.276,2.206,0.083,2.258,0.052,0.112,-0.144,0.318,-4.64,6.34,149.58,1.67,3.52,0.647,-0.304,0.094,1589,1553,1533,1470,10.00,10.06,29.67,29.62
1787304088.256,18.989,True,1,0.234,0.534,1.237,-1.396,8.431,8.351,0.267,2.201,0.094,2.256,0.053,0.116,-0.099,0.339,-3.96,8.25,149.62,2.23,3.31,0.632,-0.524,0.080,1587,1576,1531,1459,10.00,10.06,-0.28,-0.33
1787304088.265,18.999,True,1,0.234,0.537,1.237,-1.381,8.446,8.366,0.267,2.201,0.094,2.254,0.055,0.116,-0.099,0.339,-3.96,8.25,149.62,2.23,3.32,0.631,-0.523,0.080,1587,1576,1531,1459,10.00,10.06,9.72,9.67
1787304088.275,19.009,True,1,0.234,0.540,1.237,-1.366,8.461,8.381,0.268,2.201,0.094,2.252,0.056,0.116,-0.099,0.339,-3.96,8.25,149.62,2.23,3.33,0.631,-0.521,0.080,1587,1576,1531,1460,10.00,10.06,19.72,19.67
1787304088.286,19.019,True,1,0.287,0.543,1.216,-1.500,8.325,8.233,0.263,2.198,0.104,2.251,0.058,0.119,-0.051,0.333,-2.90,9.47,149.73,2.51,2.85,0.548,-0.697,0.076,1579,1594,1530,1454,10.00,10.06,-0.18,-0.23
1787304088.295,19.029,True,1,0.287,0.546,1.216,-1.485,8.340,8.247,0.263,2.198,0.104,2.249,0.059,0.119,-0.051,0.333,-2.90,9.47,149.73,2.51,2.87,0.548,-0.696,0.076,1578,1594,1530,1455,10.00,10.06,9.82,9.78
1787304088.305,19.039,True,1,0.287,0.549,1.216,-1.471,8.355,8.262,0.264,2.198,0.104,2.247,0.061,0.119,-0.051,0.333,-2.90,9.47,149.73,2.51,2.88,0.548,-0.694,0.076,1578,1594,1530,1455,10.00,10.06,19.82,19.77
1787304088.315,19.049,True,1,0.287,0.552,1.216,-1.456,8.369,8.277,0.264,2.198,0.104,2.245,0.062,0.119,-0.051,0.333,-2.90,9.47,149.73,2.50,2.90,0.548,-0.693,0.076,1578,1593,1530,1456,10.00,10.06,29.82,29.77
1787304088.325,19.059,True,1,0.287,0.555,1.216,-1.441,8.384,8.292,0.265,2.198,0.104,2.244,0.064,0.119,-0.051,0.333,-2.90,9.47,149.73,2.50,2.91,0.548,-0.692,0.076,1578,1593,1530,1456,10.00,10.06,39.82,39.77
1787304088.336,19.070,True,1,0.337,0.558,1.150,-1.430,8.392,8.298,0.265,2.196,0.114,2.242,0.065,0.121,-0.025,0.316,-0.45,10.60,150.13,2.50,2.52,0.291,-0.847,0.087,1551,1609,1532,1457,10.00,10.06,-0.37,-0.32
1787304088.345,19.079,True,1,0.337,0.561,1.150,-1.416,8.407,8.312,0.265,2.196,0.114,2.241,0.067,0.121,-0.025,0.316,-0.45,10.60,150.13,2.50,2.53,0.291,-0.845,0.087,1551,1609,1532,1457,10.00,10.06,9.63,9.68
1787304088.355,19.089,True,1,0.337,0.564,1.150,-1.402,8.421,8.327,0.266,2.196,0.114,2.239,0.068,0.121,-0.025,0.316,-0.45,10.60,150.13,2.50,2.55,0.291,-0.844,0.087,1551,1609,1532,1458,10.00,10.06,19.63,19.68
1787304088.365,19.099,True,1,0.337,0.567,1.150,-1.388,8.435,8.341,0.266,2.196,0.114,2.238,0.070,0.121,-0.025,0.316,-0.45,10.60,150.13,2.50,2.56,0.291,-0.843,0.087,1551,1608,1532,1458,10.00,10.06,29.63,29.68
1787304088.375,19.109,True,1,0.337,0.570,1.150,-1.373,8.450,8.356,0.267,2.196,0.114,2.236,0.071,0.121,-0.025,0.316,-0.45,10.60,150.13,2.50,2.57,0.291,-0.841,0.087,1551,1608,1532,1459,10.00,10.06,39.63,39.68
1787304088.385,19.119,True,1,0.337,0.573,1.150,-1.359,8.464,8.370,0.267,2.196,0.114,2.235,0.073,0.121,-0.025,0.316,-0.45,10.60,150.13,2.50,2.58,0.291,-0.840,0.087,1551,1608,1532,1460,10.00,10.06,49.63,49.68
1787304088.396,19.130,True,1,0.441,0.576,1.090,-1.581,8.239,8.134,0.260,2.196,0.134,2.234,0.075,0.125,0.076,0.293,2.16,10.53,150.64,2.97,1.41,0.071,-0.951,0.108,1527,1619,1534,1450,10.00,10.06,-0.42,-0.47
1787304088.405,19.139,True,1,0.441,0.579,1.090,-1.568,8.253,8.148,0.260,2.196,0.134,2.232,0.077,0.125,0.076,0.293,2.16,10.53,150.64,2.97,1.42,0.071,-0.950,0.108,1527,1619,1534,1451,10.00,10.06,9.59,9.54
1787304088.415,19.149,True,1,0.452,0.582,1.073,-1.550,8.270,8.179,0.261,2.196,0.137,2.231,0.079,0.125,0.087,0.293,2.97,9.86,150.82,3.04,1.31,-0.005,-0.891,0.111,1479,1613,1535,1452,9.99,10.06,-0.16,-0.11
1787304088.425,19.159,True,1,0.452,0.585,1.073,-1.537,8.284,8.192,0.261,2.196,0.137,2.230,0.081,0.125,0.087,0.293,2.97,9.86,150.82,3.04,1.32,-0.004,-0.889,0.110,1479,1613,1535,1452,10.00,10.06,9.85,9.89
1787304088.435,19.169,True,1,0.452,0.588,1.073,-1.523,8.297,8.206,0.262,2.196,0.137,2.229,0.083,0.125,0.087,0.293,2.97,9.86,150.82,3.04,1.34,-0.004,-0.888,0.110,1479,1613,1535,1453,10.00,10.06,19.85,19.89
1787304088.445,19.179,True,1,0.452,0.591,1.073,-1.510,8.311,8.220,0.262,2.196,0.137,2.228,0.084,0.125,0.087,0.293,2.97,9.86,150.82,3.05,1.35,-0.004,-0.887,0.110,1479,1613,1535,1454,10.00,10.06,29.84,29.89
1787304088.455,19.189,True,1,0.452,0.594,1.073,-1.496,8.324,8.233,0.263,2.196,0.137,2.227,0.086,0.125,0.087,0.293,2.97,9.86,150.82,3.05,1.37,-0.003,-0.885,0.110,1479,1613,1535,1454,10.00,10.06,39.85,39.89
1787304088.465,19.199,True,1,0.452,0.597,1.073,-1.483,8.338,8.247,0.263,2.196,0.137,2.226,0.088,0.125,0.087,0.293,2.97,9.86,150.82,3.05,1.38,-0.003,-0.884,0.110,1479,1613,1535,1455,10.00,10.06,49.85,49.89
1787304088.476,19.210,True,1,0.528,0.600,1.007,-1.572,8.248,8.194,0.262,2.199,0.150,2.225,0.090,0.126,0.124,0.274,4.99,7.20,151.17,3.12,0.87,-0.202,-0.656,0.107,1457,1590,1534,1452,10.00,10.06,-0.41,-0.37
1787304088.485,19.219,True,1,0.528,0.603,1.007,-1.559,8.261,8.207,0.262,2.199,0.150,2.224,0.092,0.126,0.124,0.274,4.99,7.20,151.17,3.13,0.88,-0.201,-0.655,0.107,1457,1589,1534,1453,10.00,10.06,9.58,9.63
1787304088.495,19.229,True,1,0.569,0.606,0.945,-1.526,8.290,8.242,0.263,2.201,0.157,2.223,0.094,0.128,0.124,0.234,5.62,6.11,151.25,2.70,0.65,-0.311,-0.564,0.102,1445,1580,1534,1454,10.00,10.06,-0.12,-0.17
1787304088.505,19.239,True,1,0.569,0.609,0.945,-1.514,8.303,8.255,0.263,2.201,0.157,2.222,0.096,0.128,0.124,0.234,5.62,6.11,151.25,2.71,0.67,-0.310,-0.563,0.102,1446,1580,1534,1455,10.00,10.06,9.88,9.83
1787304088.515,19.249,True,1,0.569,0.612,0.945,-1.501,8.315,8.267,0.264,2.201,0.157,2.222,0.098,0.128,0.124,0.234,5.62,6.11,151.25,2.71,0.68,-0.309,-0.561,0.102,1446,1580,1534,1455,10.00,10.06,19.87,19.83
1787304088.525,19.259,True,1,0.569,0.615,0.945,-1.489,8.328,8.280,0.264,2.201,0.157,2.221,0.100,0.128,0.124,0.234,5.62,6.11,151.25,2.72,0.69,-0.308,-0.560,0.101,1446,1580,1534,1456,10.00,10.06,29.87,29.82
1787304088.535,19.269,True,1,0.569,0.618,0.945,-1.476,8.340,8.293,0.265,2.201,0.157,2.220,0.102,0.128,0.124,0.234,5.62,6.11,151.25,2.73,0.71,-0.308,-0.558,0.101,1446,1580,1534,1456,10.00,10.06,39.88,39.83
1787304088.545,19.279,True,1,0.569,0.621,0.945,-1.464,8.353,8.306,0.265,2.201,0.157,2.220,0.104,0.128,0.124,0.234,5.62,6.11,151.25,2.73,0.72,-0.307,-0.557,0.101,1446,1579,1534,1457,10.01,10.07,49.89,49.84
1787304088.555,19.289,True,1,0.569,0.624,0.945,-1.451,8.365,8.318,0.265,2.201,0.157,2.219,0.106,0.128,0.124,0.234,5.62,6.11,151.25,2.74,0.73,-0.307,-0.556,0.101,1446,1579,1534,1457,9.99,10.06,59.88,59.83
1787304088.566,19.300,True,1,0.655,0.627,0.817,-1.399,8.416,8.391,0.268,2.206,0.173,2.219,0.108,0.130,0.139,0.205,6.34,2.52,151.28,2.51,0.41,-0.403,-0.214,0.069,1436,1543,1529,1460,10.00,10.06,-0.52,-0.60
1787304088.575,19.309,True,1,0.655,0.630,0.817,-1.388,8.427,8.403,0.268,2.206,0.173,2.218,0.110,0.130,0.139,0.205,6.34,2.52,151.28,2.52,0.42,-0.402,-0.213,0.069,1436,1543,1529,1461,10.00,10.06,9.48,9.40
1787304088.585,19.319,True,1,0.655,0.633,0.817,-1.376,8.439,8.415,0.269,2.206,0.173,2.218,0.112,0.130,0.139,0.205,6.34,2.52,151.28,2.53,0.43,-0.401,-0.212,0.069,1436,1543,1529,1461,10.01,10.07,19.49,19.41
1787304088.595,19.329,True,1,0.655,0.636,0.817,-1.364,8.451,8.427,0.269,2.206,0.173,2.217,0.114,0.130,0.139,0.205,6.34,2.52,151.28,2.54,0.45,-0.401,-0.211,0.069,1436,1543,1529,1462,9.99,10.06,29.48,29.39
1787304088.605,19.339,True,1,0.655,0.639,0.817,-1.352,8.463,8.439,0.269,2.206,0.173,2.217,0.116,0.130,0.139,0.205,6.34,2.52,151.28,2.54,0.46,-0.400,-0.210,0.069,1436,1543,1529,1462,10.00,10.06,39.48,39.39
1787304088.615,19.349,True,1,0.655,0.642,0.817,-1.340,8.475,8.451,0.270,2.206,0.173,2.217,0.118,0.130,0.139,0.205,6.34,2.52,151.28,2.55,0.47,-0.399,-0.208,0.069,1436,1542,1529,1463,10.01,10.07,49.49,49.40
1787304088.626,19.360,True,1,0.713,0.645,0.708,-1.232,8.581,8.560,0.273,2.211,0.184,2.217,0.120,0.132,0.125,0.180,5.92,-0.90,151.23,2.19,0.47,-0.390,0.147,0.032,1437,1463,1524,1467,9.99,10.06,-0.40,-0.45
1787304088.635,19.369,True,1,0.713,0.648,0.708,-1.221,8.592,8.572,0.274,2.211,0.184,2.216,0.122,0.132,0.125,0.180,5.92,-0.90,151.23,2.20,0.48,-0.389,0.148,0.032,1437,1463,1524,1467,10.00,10.06,9.60,9.55
1787304088.646,19.379,True,1,0.723,0.651,0.695,-1.213,8.600,8.577,0.274,2.212,0.186,2.216,0.124,0.133,0.126,0.178,5.66,-1.85,151.24,2.20,0.46,-0.361,0.246,0.023,1440,1452,1523,1468,10.00,10.06,-0.26,-0.21
1787304088.655,19.389,True,1,0.723,0.654,0.695,-1.202,8.611,8.589,0.274,2.212,0.186,2.216,0.126,0.133,0.126,0.178,5.66,-1.85,151.24,2.21,0.47,-0.360,0.247,0.023,1440,1452,1523,1468,10.00,10.06,9.74,9.79
1787304088.665,19.399,True,1,0.723,0.657,0.695,-1.191,8.623,8.600,0.274,2.212,0.186,2.216,0.128,0.133,0.126,0.178,5.66,-1.85,151.24,2.22,0.48,-0.359,0.248,0.022,1440,1452,1523,1469,10.00,10.06,19.74,19.79
1787304088.675,19.409,True,1,0.760,0.660,0.635,-1.146,8.668,8.642,0.276,2.213,0.192,2.216,0.131,0.136,0.113,0.183,5.36,-2.41,151.27,2.19,0.66,-0.329,0.324,0.015,1443,1444,1522,1470,10.00,10.06,-0.12,-0.17
1787304088.685,19.419,True,1,0.760,0.663,0.635,-1.135,8.679,8.653,0.276,2.213,0.192,2.216,0.133,0.136,0.113,0.183,5.36,-2.41,151.27,2.20,0.67,-0.328,0.325,0.015,1444,1444,1522,1471,10.00,10.06,9.88,9.83
1787304088.695,19.429,True,1,0.760,0.666,0.635,-1.124,8.690,8.664,0.277,2.213,0.192,2.216,0.135,0.136,0.113,0.183,5.36,-2.41,151.27,2.21,0.68,-0.327,0.326,0.015,1444,1444,1522,1471,10.00,10.06,19.88,19.83
1787304088.705,19.439,True,1,0.760,0.669,0.635,-1.113,8.701,8.676,0.277,2.213,0.192,2.216,0.137,0.136,0.113,0.183,5.36,-2.41,151.27,2.22,0.69,-0.326,0.327,0.015,1444,1444,1522,1472,10.00,10.06,29.88,29.83
1787304088.715,19.449,True,1,0.760,0.672,0.635,-1.101,8.712,8.687,0.277,2.213,0.192,2.216,0.138,0.136,0.113,0.183,5.36,-2.41,151.27,2.23,0.69,-0.325,0.328,0.015,1444,1444,1522,1472,10.00,10.06,39.88,39.83
1787304088.726,19.460,True,1,0.812,0.675,0.553,-1.055,8.759,8.723,0.278,2.214,0.203,2.215,0.141,0.143,0.087,0.186,4.20,-3.78,151.47,2.13,0.98,-0.214,0.500,0.000,1456,1425,1520,1473,10.00,10.06,-0.38,-0.43
1787304088.735,19.469,True,1,0.812,0.678,0.553,-1.044,8.770,8.734,0.279,2.214,0.203,2.215,0.143,0.143,0.087,0.186,4.20,-3.78,151.47,2.15,0.99,-0.213,0.501,-0.000,1456,1425,1479,1474,10.00,10.06,9.61,9.56
1787304088.745,19.479,True,1,0.812,0.681,0.553,-1.033,8.781,8.745,0.279,2.214,0.203,2.215,0.145,0.143,0.087,0.186,4.20,-3.78,151.47,2.16,1.00,-0.212,0.502,-0.000,1456,1425,1479,1474,10.00,10.06,19.61,19.56
1787304088.755,19.489,True,1,0.812,0.684,0.553,-1.023,8.792,8.755,0.279,2.214,0.203,2.215,0.147,0.143,0.087,0.186,4.20,-3.78,151.47,2.17,1.01,-0.211,0.503,-0.000,1456,1425,1479,1475,10.00,10.06,29.61,29.56
1787304088.766,19.499,True,1,0.833,0.687,0.504,-0.949,8.865,8.826,0.282,2.213,0.208,2.215,0.149,0.146,0.073,0.179,3.48,-4.07,151.66,2.01,1.10,-0.152,0.542,-0.005,1463,1421,1479,1477,10.00,10.06,-0.18,-0.23
1787304088.775,19.509,True,1,0.833,0.690,0.504,-0.938,8.875,8.836,0.282,2.213,0.208,2.215,0.151,0.146,0.073,0.179,3.48,-4.07,151.66,2.02,1.11,-0.150,0.542,-0.005,1463,1421,1479,1478,10.00,10.06,9.82,9.77
1787304088.785,19.519,True,1,0.833,0.693,0.504,-0.928,8.886,8.847,0.282,2.213,0.208,2.215,0.152,0.146,0.073,0.179,3.48,-4.07,151.66,2.03,1.11,-0.149,0.543,-0.005,1463,1421,1479,1478,10.00,10.06,19.83,19.78
1787304088.796,19.530,True,1,0.863,0.696,0.435,-0.829,8.986,8.951,0.286,2.212,0.217,2.215,0.155,0.153,0.065,0.189,2.47,-3.83,151.89,2.08,1.24,-0.040,0.532,-0.005,1475,1422,1479,1482,10.00,10.06,-0.28,-0.33
1787304088.805,19.539,True,1,0.863,0.699,0.435,-0.818,8.997,8.961,0.286,2.212,0.217,2.215,0.157,0.153,0.065,0.189,2.47,-3.83,151.89,2.09,1.25,-0.039,0.532,-0.005,1475,1422,1479,1483,10.00,10.06,9.72,9.68
1787304088.815,19.549,True,1,0.863,0.702,0.435,-0.808,9.007,8.971,0.286,2.212,0.217,2.215,0.159,0.153,0.065,0.189,2.47,-3.83,151.89,2.10,1.26,-0.038,0.533,-0.005,1475,1422,1479,1483,10.00,10.06,19.73,19.68
1787304088.825,19.559,True,1,0.870,0.705,0.430,-0.810,9.006,8.982,0.287,2.212,0.219,2.215,0.161,0.155,0.062,0.193,1.54,-2.82,152.10,2.15,1.30,0.064,0.431,-0.002,1527,1433,1479,1483,10.00,10.06,-0.18,-0.13
1787304088.835,19.569,True,1,0.870,0.708,0.430,-0.799,9.016,8.992,0.287,2.212,0.219,2.215,0.163,0.155,0.062,0.193,1.54,-2.82,152.10,2.16,1.31,0.065,0.432,-0.003,1527,1433,1479,1484,10.00,10.06,9.82,9.87
1787304088.845,19.579,True,1,0.870,0.711,0.430,-0.789,9.027,9.003,0.287,2.212,0.219,2.215,0.164,0.155,0.062,0.193,1.54,-2.82,152.10,2.17,1.32,0.066,0.433,-0.003,1527,1432,1479,1484,10.00,10.06,19.82,19.87
1787304088.855,19.589,True,1,0.870,0.714,0.430,-0.778,9.037,9.013,0.288,2.212,0.219,2.214,0.166,0.155,0.062,0.193,1.54,-2.82,152.10,2.18,1.33,0.067,0.434,-0.003,1527,1432,1479,1485,10.00,10.06,29.82,29.87
1787304088.865,19.599,True,1,0.870,0.717,0.430,-0.768,9.048,9.024,0.288,2.212,0.219,2.214,0.168,0.155,0.062,0.193,1.54,-2.82,152.10,2.19,1.33,0.068,0.434,-0.003,1527,1432,1479,1485,10.00,10.06,39.82,39.87
1787304088.875,19.609,True,1,0.870,0.720,0.430,-0.757,9.059,9.034,0.288,2.212,0.219,2.214,0.170,0.155,0.062,0.193,1.54,-2.82,152.10,2.20,1.34,0.069,0.435,-0.003,1527,1432,1479,1485,10.00,10.06,49.82,49.87
1787304088.886,19.620,True,1,0.913,0.723,0.335,-0.636,9.181,9.166,0.293,2.209,0.233,2.214,0.172,0.168,0.033,0.203,0.41,-1.06,152.36,2.14,1.67,0.181,0.286,-0.004,1539,1448,1479,1490,10.00,10.06,-0.41,-0.46
1787304088.895,19.629,True,1,0.913,0.726,0.335,-0.626,9.191,9.176,0.293,2.209,0.233,2.214,0.174,0.168,0.033,0.203,0.41,-1.06,152.36,2.15,1.68,0.182,0.286,-0.004,1540,1448,1479,1491,10.00,10.06,9.59,9.54
1787304088.905,19.639,True,1,0.913,0.729,0.335,-0.616,9.201,9.186,0.293,2.209,0.233,2.214,0.176,0.168,0.033,0.203,0.41,-1.06,152.36,2.16,1.68,0.183,0.287,-0.004,1540,1448,1479,1491,10.00,10.06,19.59,19.54
1787304088.915,19.649,True,1,0.913,0.732,0.335,-0.606,9.211,9.197,0.294,2.209,0.233,2.214,0.178,0.168,0.033,0.203,0.41,-1.06,152.36,2.17,1.69,0.184,0.288,-0.004,1540,1448,1479,1491,10.00,10.06,29.59,29.54
1787304088.925,19.659,True,1,0.913,0.735,0.335,-0.596,9.222,9.207,0.294,2.209,0.233,2.213,0.180,0.168,0.033,0.203,0.41,-1.06,152.36,2.18,1.70,0.185,0.289,-0.004,1540,1448,1479,1492,10.00,10.06,39.59,39.54
1787304088.935,19.669,True,1,0.913,0.738,0.335,-0.585,9.232,9.217,0.294,2.209,0.233,2.213,0.181,0.168,0.033,0.203,0.41,-1.06,152.36,2.19,1.70,0.186,0.290,-0.004,1540,1448,1479,1492,10.00,10.06,49.59,49.55
1787304088.945,19.679,True,1,0.913,0.741,0.335,-0.575,9.243,9.227,0.295,2.209,0.233,2.213,0.183,0.168,0.033,0.203,0.41,-1.06,152.36,2.20,1.71,0.187,0.290,-0.004,1540,1448,1479,1493,10.00,10.06,59.59,59.54
1787304088.955,19.689,True,1,0.913,0.744,0.335,-0.565,9.253,9.238,0.295,2.209,0.233,2.213,0.185,0.168,0.033,0.203,0.41,-1.06,152.36,2.21,1.72,0.188,0.291,-0.004,1540,1448,1479,1493,10.00,10.06,69.59,69.54
1787304088.966,19.700,True,1,0.949,0.747,0.251,-0.444,9.377,9.365,0.299,2.208,0.249,2.213,0.187,0.181,0.035,0.236,-0.30,1.93,152.58,2.52,1.84,0.296,-0.009,-0.012,1552,1521,1478,1498,10.00,10.06,-0.59,-0.52
1787304088.975,19.709,True,1,0.949,0.750,0.251,-0.434,9.387,9.375,0.299,2.208,0.249,2.213,0.189,0.181,0.035,0.236,-0.30,1.93,152.58,2.53,1.85,0.298,-0.008,-0.012,1552,1520,1478,1498,10.00,10.06,9.41,9.48
1787304088.985,19.719,True,1,0.963,0.753,0.254,-0.491,9.333,9.318,0.297,2.206,0.255,2.212,0.191,0.187,0.041,0.264,-0.32,2.46,152.63,2.88,1.96,0.335,-0.053,-0.014,1556,1525,1478,1496,10.00,10.06,-0.12,-0.17
1787304088.995,19.729,True,1,0.963,0.756,0.254,-0.481,9.343,9.328,0.298,2.206,0.255,2.212,0.193,0.187,0.041,0.264,-0.32,2.46,152.63,2.89,1.97,0.337,-0.052,-0.014,1556,1525,1478,1496,10.00,10.06,9.88,9.83
1787304089.005,19.739,True,1,0.963,0.759,0.254,-0.471,9.353,9.338,0.298,2.206,0.255,2.212,0.195,0.187,0.041,0.264,-0.32,2.46,152.63,2.90,1.98,0.338,-0.051,-0.014,1556,1525,1478,1497,10.00,10.06,19.88,19.83
1787304089.015,19.749,True,1,0.963,0.762,0.254,-0.461,9.363,9.348,0.298,2.206,0.255,2.212,0.197,0.187,0.041,0.264,-0.32,2.46,152.63,2.91,1.98,0.339,-0.050,-0.014,1556,1525,1478,1497,10.00,10.06,29.88,29.83
1787304089.025,19.759,True,1,0.963,0.765,0.254,-0.451,9.373,9.358,0.299,2.206,0.255,2.212,0.199,0.187,0.041,0.264,-0.32,2.46,152.63,2.91,1.99,0.340,-0.049,-0.014,1557,1525,1478,1498,10.00,10.06,39.88,39.83
1787304089.035,19.769,True,1,0.963,0.768,0.254,-0.441,9.384,9.368,0.299,2.206,0.255,2.211,0.201,0.187,0.041,0.264,-0.32,2.46,152.63,2.92,2.00,0.340,-0.049,-0.014,1557,1525,1478,1498,10.00,10.06,49.88,49.83
1787304089.046,19.780,True,1,0.983,0.771,0.191,-0.323,9.502,9.486,0.303,2.205,0.267,2.211,0.203,0.197,0.044,0.268,0.11,3.83,152.78,2.95,1.96,0.299,-0.196,-0.020,1552,1541,1477,1502,10.00,10.06,-0.45,-0.40
1787304089.055,19.789,True,1,0.983,0.774,0.191,-0.313,9.512,9.496,0.303,2.205,0.267,2.211,0.205,0.197,0.044,0.268,0.11,3.83,152.78,2.96,1.97,0.300,-0.195,-0.020,1552,1541,1477,1503,10.00,10.06,9.55,9.59
1787304089.065,19.799,True,1,0.983,0.777,0.191,-0.303,9.522,9.506,0.303,2.205,0.267,2.211,0.207,0.197,0.044,0.268,0.11,3.83,152.78,2.97,1.97,0.301,-0.194,-0.020,1552,1541,1477,1503,10.00,10.06,19.55,19.60
1787304089.075,19.809,True,1,0.994,0.780,0.174,-0.286,9.539,9.522,0.304,2.204,0.275,2.210,0.210,0.205,0.050,0.264,0.45,4.22,152.86,2.98,1.91,0.266,-0.243,-0.022,1549,1546,1476,1504,10.00,10.06,-0.12,-0.17
1787304089.085,19.819,True,1,0.994,0.783,0.174,-0.276,9.549,9.532,0.304,2.204,0.275,2.210,0.212,0.205,0.050,0.264,0.52,4.29,152.89,2.99,1.91,0.260,-0.250,-0.023,1548,1547,1476,1504,10.00,10.06,-0.05,9.83
1787304089.095,19.829,True,1,0.994,0.786,0.174,-0.266,9.559,9.542,0.305,2.204,0.275,2.210,0.214,0.205,0.050,0.264,0.52,4.29,152.89,3.00,1.92,0.261,-0.249,-0.023,1548,1547,1476,1504,10.00,10.06,9.96,19.83
1787304089.105,19.839,True,1,0.994,0.789,0.174,-0.256,9.569,9.552,0.305,2.204,0.275,2.210,0.216,0.205,0.050,0.264,0.52,4.29,152.89,3.01,1.93,0.262,-0.248,-0.023,1548,1547,1476,1505,10.00,10.06,19.95,29.83
1787304089.115,19.849,True,1,0.994,0.792,0.174,-0.247,9.579,9.562,0.305,2.204,0.275,2.210,0.218,0.205,0.050,0.264,0.52,4.29,152.89,3.02,1.94,0.263,-0.247,-0.023,1548,1547,1476,1505,10.00,10.06,29.95,39.83
1787304089.126,19.860,True,1,1.009,0.795,0.117,-0.126,9.697,9.679,0.309,2.203,0.288,2.209,0.220,0.216,0.070,0.243,1.31,4.70,153.11,2.90,1.62,0.169,-0.323,-0.027,1538,1555,1476,1509,10.00,10.06,-0.30,-0.35
1787304089.135,19.869,True,1,1.009,0.798,0.117,-0.117,9.707,9.689,0.309,2.203,0.288,2.209,0.222,0.216,0.070,0.243,1.31,4.70,153.11,2.91,1.63,0.171,-0.322,-0.027,1538,1555,1476,1510,10.00,10.06,9.70,9.65
1787304089.145,19.879,True,1,1.009,0.801,0.117,-0.107,9.717,9.699,0.310,2.203,0.288,2.209,0.225,0.216,0.070,0.243,1.31,4.70,153.11,2.92,1.64,0.172,-0.322,-0.027,1538,1555,1476,1510,10.00,10.06,19.70,19.65
1787304089.155,19.889,True,1,1.009,0.804,0.117,-0.097,9.727,9.709,0.310,2.203,0.288,2.209,0.227,0.216,0.070,0.243,1.31,4.70,153.11,2.93,1.64,0.173,-0.321,-0.027,1539,1555,1476,1510,10.00,10.06,29.70,29.65
1787304089.165,19.899,True,1,1.009,0.807,0.117,-0.087,9.737,9.719,0.310,2.203,0.288,2.209,0.229,0.216,0.070,0.243,1.31,4.70,153.11,2.94,1.65,0.174,-0.320,-0.027,1539,1554,1476,1511,10.00,10.06,39.70,39.65
1787304089.175,19.909,True,1,1.009,0.810,0.117,-0.077,9.747,9.729,0.311,2.203,0.288,2.208,0.231,0.216,0.070,0.243,1.31,4.70,153.11,2.95,1.66,0.175,-0.319,-0.027,1539,1554,1476,1511,10.00,10.06,49.70,49.65
1787304089.185,19.919,True,1,1.009,0.813,0.117,-0.067,9.757,9.740,0.311,2.203,0.288,2.208,0.233,0.216,0.070,0.243,1.31,4.70,153.11,2.96,1.67,0.176,-0.318,-0.027,1539,1554,1476,1512,10.00,10.07,59.70,59.65
1787304089.196,19.930,True,1,1.027,0.816,0.109,-0.104,9.722,9.710,0.310,2.205,0.300,2.208,0.235,0.225,0.104,0.263,2.94,4.31,153.50,3.35,1.44,0.047,-0.304,-0.036,1525,1553,1474,1510,10.00,10.06,-0.46,-0.42
1787304089.205,19.939,True,1,1.027,0.819,0.109,-0.094,9.733,9.720,0.310,2.205,0.300,2.208,0.237,0.225,0.104,0.263,2.94,4.31,153.50,3.36,1.44,0.048,-0.303,-0.036,1525,1553,1474,1511,10.00,10.06,9.54,9.58
1787304089.215,19.949,True,1,1.036,0.822,0.073,-0.015,9.810,9.799,0.313,2.208,0.307,2.208,0.239,0.230,0.106,0.247,3.49,4.08,153.63,3.22,1.34,-0.025,-0.290,-0.040,1477,1551,1474,1514,10.00,10.06,-0.11,-0.16
1787304089.225,19.959,True,1,1.036,0.825,0.073,-0.005,9.820,9.809,0.313,2.208,0.307,2.208,0.242,0.230,0.106,0.247,3.49,4.08,153.63,3.23,1.34,-0.023,-0.290,-0.040,1477,1551,1474,1514,10.00,10.06,9.89,9.84
1787304089.235,19.969,True,1,1.036,0.828,0.073,0.005,9.830,9.819,0.313,2.208,0.307,2.208,0.244,0.230,0.106,0.247,3.49,4.08,153.63,3.24,1.35,-0.022,-0.289,-0.040,1477,1551,1474,1514,10.00,10.07,19.89,19.84
1787304089.245,19.979,True,1,1.036,0.831,0.073,0.015,9.840,9.829,0.314,2.208,0.307,2.208,0.246,0.230,0.106,0.247,3.49,4.08,153.63,3.25,1.36,-0.021,-0.288,-0.040,1477,1551,1474,1515,10.00,10.06,29.89,29.83
1787304089.255,19.989,True,1,1.036,0.834,0.073,0.025,9.850,9.839,0.314,2.208,0.307,2.208,0.248,0.230,0.106,0.247,3.49,4.08,153.63,3.26,1.37,-0.020,-0.287,-0.040,1477,1551,1474,1515,10.00,10.06,39.89,39.84
1787304089.265,19.999,True,1,1.036,0.837,0.073,0.035,9.860,9.849,0.314,2.208,0.307,2.208,0.250,0.230,0.106,0.247,3.49,4.08,153.63,3.27,1.37,-0.019,-0.287,-0.040,1477,1551,1474,1516,10.00,10.06,49.89,49.84
1787304089.276,20.010,True,1,1.058,0.840,0.058,0.007,9.830,9.820,0.313,2.212,0.319,2.208,0.252,0.239,0.124,0.222,4.57,3.15,153.93,3.15,1.09,-0.145,-0.221,-0.053,1463,1544,1472,1514,10.00,10.06,-0.37,-0.42
1787304089.285,20.019,True,1,1.058,0.843,0.058,0.016,9.840,9.830,0.314,2.212,0.319,2.208,0.255,0.239,0.124,0.222,4.83,2.96,154.01,3.16,1.09,-0.171,-0.202,-0.057,1461,1542,1472,1515,10.00,10.06,-0.07,9.58
1787304089.295,20.029,True,1,1.062,0.846,0.041,0.059,9.883,9.873,0.315,2.213,0.321,2.208,0.257,0.241,0.121,0.220,5.00,2.79,154.05,3.13,1.10,-0.192,-0.183,-0.060,1458,1540,1471,1516,10.00,10.06,-0.10,-0.05
1787304089.305,20.039,True,1,1.062,0.849,0.041,0.069,9.893,9.883,0.315,2.213,0.321,2.209,0.259,0.241,0.121,0.220,5.00,2.79,154.05,3.14,1.11,-0.191,-0.182,-0.060,1458,1540,1471,1517,10.00,10.06,9.89,9.95
1787304089.315,20.049,True,1,1.062,0.852,0.041,0.079,9.903,9.893,0.316,2.213,0.321,2.209,0.261,0.241,0.121,0.220,5.00,2.79,154.05,3.15,1.11,-0.190,-0.181,-0.060,1459,1540,1471,1517,10.00,10.06,19.90,19.95
1787304089.325,20.059,True,1,1.062,0.855,0.041,0.089,9.913,9.904,0.316,2.213,0.321,2.209,0.263,0.241,0.121,0.220,5.00,2.79,154.05,3.16,1.12,-0.189,-0.181,-0.060,1459,1539,1471,1517,10.00,10.06,29.89,29.95
1787304089.335,20.069,True,1,1.062,0.858,0.041,0.099,9.923,9.914,0.316,2.213,0.321,2.209,0.265,0.241,0.121,0.220,5.00,2.79,154.05,3.17,1.13,-0.188,-0.180,-0.060,1459,1539,1471,1518,10.00,10.06,39.89,39.95
1787304089.345,20.079,True,1,1.062,0.861,0.041,0.109,9.933,9.924,0.317,2.213,0.321,2.209,0.267,0.241,0.121,0.220,5.00,2.79,154.05,3.18,1.13,-0.187,-0.180,-0.060,1459,1539,1471,1518,10.00,10.06,49.90,49.95
1787304089.355,20.089,True,1,1.062,0.864,0.041,0.119,9.943,9.934,0.317,2.213,0.321,2.209,0.269,0.241,0.121,0.220,5.00,2.79,154.05,3.19,1.14,-0.186,-0.179,-0.060,1459,1539,1471,1519,10.00,10.06,59.89,59.95
1787304089.365,20.099,True,1,1.062,0.867,0.041,0.129,9.953,9.944,0.317,2.213,0.321,2.209,0.270,0.241,0.121,0.220,5.00,2.79,154.05,3.20,1.14,-0.185,-0.178,-0.061,1459,1539,1471,1519,10.00,10.06,69.90,69.95
1787304089.376,20.110,True,1,1.086,0.870,0.016,0.120,9.943,9.934,0.317,2.219,0.337,2.210,0.273,0.253,0.150,0.208,5.56,1.58,154.39,3.25,0.81,-0.239,-0.089,-0.083,1453,1529,1468,1519,10.00,10.06,-0.50,-0.57
1787304089.385,20.119,True,1,1.086,0.873,0.016,0.130,9.953,9.945,0.317,2.219,0.337,2.210,0.275,0.253,0.150,0.208,5.56,1.58,154.39,3.26,0.82,-0.238,-0.088,-0.083,1453,1529,1468,1519,10.00,10.06,9.50,9.43
1787304089.395,20.129,True,1,1.090,0.876,-0.017,0.221,10.040,10.031,0.320,2.219,0.341,2.210,0.277,0.256,0.135,0.168,5.26,1.33,154.55,2.81,0.77,-0.254,-0.067,-0.092,1452,1527,1467,1522,10.00,10.06,-0.17,-0.12
1787304089.405,20.139,True,1,1.090,0.879,-0.017,0.231,10.050,10.041,0.320,2.219,0.341,2.211,0.279,0.256,0.135,0.168,5.26,1.33,154.55,2.83,0.78,-0.253,-0.067,-0.092,1452,1527,1467,1522,10.00,10.06,9.83,9.88
1787304089.415,20.149,True,1,1.090,0.882,-0.017,0.240,10.060,10.051,0.321,2.219,0.341,2.211,0.281,0.256,0.135,0.168,5.26,1.33,154.55,2.84,0.78,-0.252,-0.066,-0.092,1452,1527,1467,1523,10.00,10.06,19.83,19.88
1787304089.425,20.159,True,1,1.090,0.885,-0.017,0.250,10.070,10.061,0.321,2.219,0.341,2.211,0.283,0.256,0.135,0.168,5.26,1.33,154.55,2.85,0.79,-0.250,-0.065,-0.092,1452,1527,1467,1523,10.00,10.06,29.83,29.88
1787304089.435,20.169,True,1,1.090,0.888,-0.017,0.260,10.081,10.071,0.321,2.219,0.341,2.211,0.285,0.256,0.135,0.168,5.26,1.33,154.55,2.86,0.79,-0.249,-0.065,-0.092,1452,1527,1467,1524,10.00,10.06,39.83,39.88
1787304089.445,20.179,True,1,1.090,0.891,-0.017,0.270,10.091,10.082,0.322,2.219,0.341,2.212,0.287,0.256,0.135,0.168,5.26,1.33,154.55,2.87,0.80,-0.248,-0.064,-0.092,1452,1527,1467,1524,10.00,10.06,49.83,49.88
1787304089.456,20.190,True,1,1.099,0.894,-0.003,0.201,10.022,10.020,0.320,2.223,0.352,2.212,0.289,0.265,0.154,0.171,4.31,1.08,154.79,3.02,0.63,-0.133,-0.055,-0.104,1465,1526,1465,1522,10.00,10.06,-0.40,-0.44
1787304089.465,20.199,True,1,1.099,0.897,-0.003,0.211,10.032,10.030,0.320,2.223,0.352,2.212,0.291,0.265,0.154,0.171,4.31,1.08,154.79,3.03,0.63,-0.132,-0.055,-0.104,1465,1526,1465,1522,10.00,10.06,9.60,9.55
1787304089.475,20.209,True,1,1.099,0.900,-0.003,0.221,10.043,10.040,0.320,2.223,0.352,2.213,0.293,0.265,0.154,0.171,4.31,1.08,154.79,3.04,0.64,-0.131,-0.054,-0.104,1465,1526,1465,1522,10.00,10.06,19.61,19.56
1787304089.485,20.219,True,1,1.099,0.903,-0.003,0.231,10.053,10.050,0.321,2.223,0.352,2.213,0.295,0.265,0.154,0.171,4.31,1.08,154.79,3.06,0.64,-0.129,-0.054,-0.105,1465,1525,1465,1523,10.00,10.06,29.60,29.55
1787304089.495,20.229,True,1,1.099,0.906,-0.003,0.241,10.063,10.060,0.321,2.223,0.352,2.213,0.297,0.265,0.154,0.171,4.31,1.08,154.79,3.07,0.65,-0.128,-0.053,-0.105,1465,1525,1465,1523,10.00,10.06,39.61,39.56
1787304089.505,20.239,True,1,1.099,0.909,-0.003,0.251,10.073,10.071,0.321,2.223,0.352,2.214,0.299,0.265,0.154,0.171,4.31,1.08,154.79,3.08,0.65,-0.127,-0.053,-0.105,1465,1525,1465,1523,10.00,10.06,49.61,49.56
1787304089.515,20.249,True,1,1.099,0.912,-0.003,0.262,10.083,10.081,0.322,2.223,0.352,2.214,0.301,0.265,0.154,0.171,4.31,1.08,154.79,3.09,0.66,-0.126,-0.052,-0.105,1466,1525,1465,1524,10.00,10.06,59.60,59.56
1787304089.525,20.259,True,1,1.099,0.915,-0.003,0.272,10.094,10.091,0.322,2.223,0.352,2.214,0.302,0.265,0.154,0.171,4.31,1.08,154.79,3.10,0.66,-0.125,-0.052,-0.105,1466,1525,1465,1524,10.00,10.06,69.60,69.55
1787304089.535,20.269,True,1,1.099,0.918,-0.003,0.282,10.104,10.102,0.322,2.223,0.352,2.215,0.304,0.265,0.154,0.171,4.31,1.08,154.79,3.11,0.66,-0.124,-0.051,-0.105,1466,1525,1465,1525,10.00,10.06,79.60,79.56
1787304089.546,20.280,True,1,1.110,0.921,-0.015,0.288,10.106,10.106,0.323,2.227,0.365,2.215,0.306,0.276,0.155,0.132,3.07,0.62,154.96,2.77,0.49,-0.030,-0.020,-0.115,1476,1522,1464,1525,10.00,10.06,-0.57,-0.61
1787304089.555,20.289,True,1,1.110,0.924,-0.015,0.298,10.117,10.117,0.323,2.227,0.365,2.215,0.308,0.276,0.155,0.132,3.07,0.62,154.96,2.78,0.50,-0.029,-0.020,-0.115,1476,1522,1464,1525,10.00,10.06,9.44,9.39
1787304089.565,20.299,True,1,1.110,0.927,-0.015,0.308,10.127,10.127,0.323,2.227,0.365,2.216,0.310,0.276,0.155,0.132,3.07,0.62,154.96,2.79,0.50,-0.027,-0.019,-0.115,1476,1522,1464,1525,10.00,10.06,19.43,19.38
1787304089.575,20.309,True,1,1.110,0.930,-0.015,0.318,10.137,10.137,0.324,2.227,0.365,2.216,0.312,0.276,0.155,0.132,3.07,0.62,154.96,2.80,0.50,-0.026,-0.019,-0.115,1477,1522,1464,1526,10.00,10.06,29.44,29.39
1787304089.585,20.319,True,1,1.110,0.933,-0.015,0.328,10.148,10.148,0.324,2.227,0.365,2.217,0.314,0.276,0.155,0.132,3.07,0.62,154.96,2.81,0.51,-0.025,-0.018,-0.115,1477,1522,1464,1526,10.00,10.06,39.44,39.39
1787304089.595,20.329,True,1,1.110,0.936,-0.015,0.339,10.158,10.158,0.324,2.227,0.365,2.217,0.315,0.276,0.155,0.132,3.07,0.62,154.96,2.82,0.51,-0.024,-0.018,-0.115,1477,1521,1464,1527,10.00,10.06,49.43,49.38
1787304089.605,20.339,True,1,1.110,0.939,-0.015,0.349,10.169,10.168,0.325,2.227,0.365,2.217,0.317,0.276,0.155,0.132,3.07,0.62,154.96,2.83,0.52,-0.023,-0.017,-0.115,1477,1521,1464,1527,10.00,10.06,59.44,59.39
1787304089.615,20.349,True,1,1.110,0.942,-0.015,0.359,10.179,10.179,0.325,2.227,0.365,2.218,0.319,0.276,0.155,0.132,3.07,0.62,154.96,2.84,0.52,-0.022,-0.017,-0.115,1477,1521,1464,1527,10.00,10.06,69.43,69.38
1787304089.626,20.360,True,1,1.120,0.945,-0.036,0.391,10.210,10.210,0.326,2.235,0.377,2.218,0.321,0.285,0.161,0.127,2.38,0.72,154.85,2.83,0.45,0.048,-0.033,-0.110,1525,1523,1464,1528,10.00,10.06,-0.57,-0.62
1787304089.635,20.369,True,1,1.120,0.948,-0.036,0.401,10.221,10.220,0.326,2.235,0.377,2.219,0.322,0.285,0.161,0.127,2.38,0.72,154.85,2.84,0.45,0.049,-0.032,-0.110,1525,1523,1464,1529,10.00,10.07,9.43,9.38
1787304089.645,20.379,True,1,1.120,0.951,-0.036,0.412,10.231,10.231,0.327,2.235,0.377,2.219,0.324,0.285,0.161,0.127,2.38,0.72,154.85,2.85,0.45,0.050,-0.032,-0.110,1525,1523,1464,1529,9.99,10.06,19.42,19.38
1787304089.655,20.389,True,1,1.120,0.954,-0.036,0.422,10.242,10.241,0.327,2.235,0.377,2.220,0.326,0.285,0.161,0.127,2.38,0.72,154.85,2.86,0.46,0.051,-0.032,-0.110,1525,1523,1464,1530,10.00,10.06,29.43,29.38
1787304089.665,20.399,True,1,1.120,0.957,-0.036,0.432,10.252,10.252,0.327,2.235,0.377,2.220,0.328,0.285,0.161,0.127,2.38,0.72,154.85,2.87,0.46,0.053,-0.031,-0.110,1525,1523,1464,1530,10.00,10.06,39.43,39.38
1787304089.675,20.409,True,1,1.120,0.960,-0.036,0.443,10.263,10.262,0.328,2.235,0.377,2.221,0.329,0.285,0.161,0.127,2.38,0.72,154.85,2.88,0.46,0.054,-0.031,-0.110,1525,1523,1464,1530,10.00,10.06,49.43,49.38
1787304089.685,20.419,True,1,1.120,0.963,-0.036,0.453,10.273,10.273,0.328,2.235,0.377,2.221,0.331,0.285,0.161,0.127,2.38,0.72,154.85,2.89,0.47,0.055,-0.031,-0.110,1526,1523,1464,1531,10.00,10.06,59.43,59.38
1787304089.696,20.430,True,1,1.129,0.966,-0.044,0.451,10.272,10.270,0.328,2.241,0.385,2.222,0.333,0.291,0.168,0.133,1.96,0.59,154.50,2.99,0.46,0.108,-0.017,-0.095,1532,1521,1466,1531,10.00,10.06,-0.57,-0.50
1787304089.705,20.439,True,1,1.133,0.969,-0.027,0.396,10.220,10.217,0.326,2.243,0.388,2.223,0.335,0.293,0.174,0.161,1.96,0.59,154.50,3.31,0.52,0.142,-0.011,-0.095,1535,1521,1466,1529,10.00,10.06,9.43,-0.05
1787304089.715,20.449,True,1,1.133,0.972,-0.027,0.406,10.230,10.228,0.326,2.243,0.388,2.223,0.336,0.293,0.174,0.161,1.96,0.59,154.50,3.32,0.52,0.143,-0.010,-0.095,1535,1521,1466,1529,10.00,10.06,19.43,9.95
1787304089.725,20.459,True,1,1.133,0.975,-0.027,0.417,10.241,10.238,0.327,2.243,0.388,2.224,0.338,0.293,0.174,0.161,1.96,0.59,154.50,3.33,0.53,0.144,-0.010,-0.095,1535,1521,1466,1529,10.00,10.06,29.43,19.95
1787304089.735,20.469,True,1,1.133,0.978,-0.027,0.427,10.252,10.249,0.327,2.243,0.388,2.225,0.340,0.293,0.174,0.161,1.96,0.59,154.50,3.34,0.53,0.145,-0.010,-0.095,1536,1521,1466,1530,10.00,10.06,39.43,29.95
1787304089.746,20.480,True,1,1.138,0.981,-0.054,0.497,10.321,10.316,0.329,2.249,0.394,2.226,0.342,0.298,0.183,0.151,1.56,0.49,154.22,3.27,0.42,0.180,-0.009,-0.083,1539,1521,1468,1532,10.00,10.06,-0.29,-0.34
1787304089.755,20.489,True,1,1.138,0.984,-0.054,0.507,10.331,10.327,0.330,2.249,0.394,2.226,0.343,0.298,0.183,0.151,1.56,0.49,154.22,3.28,0.43,0.182,-0.009,-0.083,1540,1521,1468,1533,10.00,10.07,9.71,9.67
1787304089.765,20.499,True,1,1.140,0.987,-0.039,0.466,10.290,10.283,0.328,2.250,0.396,2.227,0.345,0.300,0.180,0.152,1.16,0.54,153.95,3.31,0.47,0.225,-0.009,-0.071,1544,1520,1470,1531,9.99,10.06,-0.16,-0.11
1787304089.775,20.509,True,1,1.140,0.990,-0.039,0.477,10.301,10.294,0.329,2.250,0.396,2.228,0.347,0.300,0.180,0.152,1.16,0.54,153.95,3.32,0.47,0.226,-0.009,-0.071,1544,1520,1470,1531,10.00,10.06,9.84,9.89
1787304089.785,20.519,True,1,1.143,0.993,-0.018,0.411,10.236,10.227,0.326,2.253,0.401,2.229,0.349,0.303,0.183,0.160,1.03,0.45,153.84,3.44,0.50,0.253,0.004,-0.067,1547,1479,1470,1529,10.00,10.06,-0.11,-0.16
1787304089.795,20.529,True,1,1.143,0.996,-0.018,0.421,10.247,10.238,0.327,2.253,0.401,2.229,0.350,0.303,0.183,0.160,1.03,0.45,153.84,3.45,0.50,0.254,0.004,-0.067,1547,1479,1470,1529,10.00,10.06,9.90,9.85
1787304089.805,20.539,True,1,1.143,0.999,-0.018,0.432,10.258,10.248,0.327,2.253,0.401,2.230,0.352,0.303,0.183,0.160,1.03,0.45,153.84,3.47,0.50,0.255,0.004,-0.067,1548,1479,1470,1530,10.00,10.06,19.89,19.84
1787304089.815,20.549,True,1,1.143,1.002,-0.018,0.442,10.268,10.259,0.327,2.253,0.401,2.231,0.354,0.303,0.183,0.160,1.03,0.45,153.84,3.48,0.50,0.256,0.004,-0.067,1548,1479,1470,1530,10.00,10.06,29.89,29.84
1787304089.825,20.559,True,1,1.143,1.005,-0.018,0.453,10.279,10.270,0.328,2.253,0.401,2.232,0.355,0.303,0.183,0.160,1.03,0.45,153.84,3.49,0.50,0.257,0.005,-0.067,1548,1479,1470,1531,10.00,10.06,39.89,39.84
1787304089.835,20.569,True,1,1.143,1.008,-0.018,0.464,10.290,10.280,0.328,2.253,0.401,2.232,0.357,0.303,0.183,0.160,1.03,0.45,153.84,3.50,0.50,0.258,0.005,-0.067,1548,1479,1470,1531,10.01,10.07,49.90,49.85
1787304089.845,20.579,True,1,1.143,1.011,-0.018,0.474,10.301,10.291,0.328,2.253,0.401,2.233,0.358,0.303,0.183,0.160,1.03,0.45,153.84,3.50,0.51,0.259,0.005,-0.067,1548,1479,1470,1531,10.00,10.07,59.90,59.85
1787304089.855,20.589,True,1,1.143,1.014,-0.018,0.485,10.312,10.302,0.329,2.253,0.401,2.234,0.360,0.303,0.183,0.160,1.03,0.45,153.84,3.51,0.51,0.260,0.005,-0.067,1548,1479,1470,1532,10.00,10.06,69.89,69.84
1787304089.866,20.600,True,1,1.153,1.017,-0.029,0.489,10.314,10.307,0.329,2.261,0.413,2.235,0.361,0.313,0.176,0.147,1.33,0.08,152.98,3.37,0.56,0.214,0.050,-0.031,1543,1474,1475,1532,10.00,10.06,-0.57,-0.51
1787304089.875,20.609,True,1,1.153,1.020,-0.029,0.499,10.325,10.318,0.329,2.261,0.413,2.236,0.363,0.313,0.176,0.147,1.33,0.08,152.98,3.38,0.56,0.215,0.050,-0.031,1543,1474,1475,1532,10.01,10.07,9.43,9.50
1787304089.885,20.619,True,1,1.153,1.023,-0.029,0.510,10.335,10.328,0.330,2.261,0.413,2.236,0.365,0.313,0.176,0.147,1.33,0.08,152.98,3.39,0.57,0.216,0.050,-0.031,1543,1474,1475,1533,9.99,10.06,19.42,19.49
1787304089.895,20.629,True,1,1.153,1.026,-0.029,0.521,10.346,10.339,0.330,2.261,0.413,2.237,0.366,0.313,0.176,0.147,1.33,0.08,152.98,3.40,0.57,0.217,0.051,-0.031,1543,1474,1475,1533,10.00,10.06,29.43,29.49
1787304089.905,20.639,True,1,1.153,1.029,-0.029,0.532,10.357,10.350,0.330,2.261,0.413,2.238,0.368,0.313,0.176,0.147,1.33,0.08,152.98,3.41,0.57,0.218,0.051,-0.031,1544,1474,1475,1533,10.00,10.06,39.42,39.49
1787304089.915,20.649,True,1,1.153,1.032,-0.029,0.542,10.368,10.361,0.331,2.261,0.413,2.239,0.369,0.313,0.176,0.147,1.33,0.08,152.98,3.42,0.57,0.219,0.051,-0.031,1544,1474,1475,1534,10.01,10.07,49.43,49.50
1787304089.925,20.659,True,1,1.153,1.035,-0.029,0.553,10.379,10.372,0.331,2.261,0.413,2.239,0.371,0.313,0.176,0.147,1.33,0.08,152.98,3.43,0.57,0.220,0.051,-0.031,1544,1474,1475,1534,10.00,10.06,59.43,59.49
1787304089.935,20.669,True,1,1.153,1.038,-0.029,0.564,10.390,10.383,0.331,2.261,0.413,2.240,0.372,0.313,0.176,0.147,1.33,0.08,152.98,3.44,0.57,0.221,0.051,-0.031,1544,1474,1475,1534,10.00,10.06,69.43,69.49
1787304089.945,20.679,True,1,1.153,1.041,-0.029,0.575,10.401,10.393,0.332,2.261,0.413,2.241,0.374,0.313,0.176,0.147,1.33,0.08,152.98,3.45,0.57,0.222,0.051,-0.031,1544,1474,1475,1535,10.00,10.06,79.43,79.49
1787304089.956,20.690,True,1,1.165,1.044,0.047,0.311,10.141,10.137,0.324,2.270,0.427,2.242,0.375,0.327,0.176,0.179,2.25,0.10,151.96,3.83,0.82,0.165,0.076,0.012,1538,1471,1521,1526,10.00,10.06,-0.62,-0.57
1787304089.965,20.699,True,1,1.165,1.047,0.047,0.322,10.152,10.148,0.324,2.270,0.427,2.243,0.377,0.327,0.176,0.179,2.25,0.10,151.96,3.84,0.82,0.166,0.076,0.012,1538,1471,1521,1526,10.00,10.06,9.38,9.43
1787304089.975,20.709,True,1,1.165,1.050,0.047,0.333,10.163,10.158,0.324,2.270,0.427,2.244,0.379,0.327,0.176,0.179,2.25,0.10,151.96,3.85,0.82,0.168,0.076,0.012,1538,1471,1521,1527,10.00,10.06,19.37,19.42
1787304089.985,20.719,True,1,1.165,1.053,0.047,0.343,10.174,10.169,0.325,2.270,0.427,2.245,0.380,0.327,0.176,0.179,2.25,0.10,151.96,3.86,0.82,0.169,0.076,0.012,1538,1471,1521,1527,10.00,10.06,29.38,29.43
1787304089.995,20.729,True,1,1.165,1.056,0.047,0.354,10.185,10.180,0.325,2.270,0.427,2.245,0.382,0.327,0.176,0.179,2.25,0.10,151.96,3.87,0.82,0.170,0.076,0.012,1538,1471,1521,1527,10.00,10.06,39.37,39.42
1787304090.005,20.739,True,1,1.165,1.059,0.047,0.365,10.196,10.191,0.325,2.270,0.427,2.246,0.383,0.327,0.176,0.179,2.25,0.10,151.96,3.88,0.82,0.171,0.076,0.012,1538,1471,1521,1528,10.01,10.07,49.38,49.43
1787304090.016,20.750,True,1,1.181,1.062,0.085,0.196,10.025,10.023,0.320,2.279,0.441,2.247,0.385,0.338,0.161,0.163,3.13,-0.12,151.17,3.74,0.95,0.064,0.115,0.044,1527,1467,1526,1522,9.99,10.06,-0.42,-0.47
1787304090.025,20.759,True,1,1.184,1.065,0.085,0.194,10.023,10.022,0.320,2.280,0.442,2.248,0.387,0.340,0.164,0.163,3.52,-0.12,150.81,3.76,0.95,0.025,0.115,0.058,1522,1467,1528,1522,10.00,10.06,-0.07,-0.13
1787304090.035,20.769,True,1,1.184,1.068,0.085,0.205,10.034,10.033,0.320,2.280,0.442,2.249,0.389,0.340,0.164,0.163,3.52,-0.12,150.81,3.78,0.95,0.027,0.116,0.058,1522,1467,1528,1522,10.00,10.07,9.93,9.88
1787304090.045,20.779,True,1,1.184,1.071,0.085,0.215,10.045,10.044,0.321,2.280,0.442,2.250,0.391,0.340,0.164,0.163,3.52,-0.12,150.81,3.79,0.95,0.028,0.116,0.058,1523,1467,1528,1523,9.99,10.06,19.93,19.87
1787304090.055,20.789,True,1,1.184,1.074,0.085,0.226,10.057,10.055,0.321,2.280,0.442,2.251,0.393,0.340,0.164,0.163,3.52,-0.12,150.81,3.80,0.95,0.029,0.116,0.058,1523,1467,1528,1523,10.00,10.06,29.93,29.87
1787304090.065,20.799,True,1,1.184,1.077,0.085,0.237,10.068,10.066,0.321,2.280,0.442,2.252,0.394,0.340,0.164,0.163,3.52,-0.12,150.81,3.81,0.95,0.031,0.116,0.058,1523,1467,1528,1523,10.00,10.06,39.93,39.87
1787304090.075,20.809,True,1,1.184,1.080,0.085,0.248,10.079,10.077,0.322,2.280,0.442,2.253,0.396,0.340,0.164,0.163,3.52,-0.12,150.81,3.82,0.95,0.032,0.116,0.058,1523,1467,1528,1524,10.01,10.07,49.93,49.88
1787304090.085,20.819,True,1,1.184,1.083,0.085,0.259,10.090,10.088,0.322,2.280,0.442,2.254,0.397,0.340,0.164,0.163,3.52,-0.12,150.81,3.83,0.95,0.033,0.116,0.058,1523,1467,1528,1524,10.00,10.07,59.93,59.87
1787304090.095,20.829,True,1,1.184,1.086,0.085,0.270,10.101,10.099,0.322,2.280,0.442,2.255,0.399,0.340,0.164,0.163,3.52,-0.12,150.81,3.84,0.95,0.034,0.116,0.058,1523,1467,1528,1524,10.00,10.06,69.93,69.87
1787304090.106,20.840,True,1,1.207,1.089,0.166,-0.052,9.777,9.775,0.312,2.288,0.453,2.256,0.401,0.350,0.144,0.148,4.44,0.10,149.97,3.73,1.15,-0.075,0.117,0.093,1471,1466,1532,1513,10.00,10.06,-0.46,-0.51
1787304090.115,20.849,True,1,1.207,1.092,0.166,-0.041,9.788,9.786,0.312,2.288,0.453,2.257,0.402,0.350,0.144,0.148,4.44,0.10,149.97,3.74,1.15,-0.073,0.118,0.093,1471,1466,1532,1513,10.00,10.06,9.54,9.49
1787304090.125,20.859,True,1,1.207,1.095,0.166,-0.030,9.799,9.797,0.313,2.288,0.453,2.258,0.404,0.350,0.144,0.148,4.44,0.10,149.97,3.76,1.15,-0.072,0.118,0.093,1471,1466,1532,1514,10.00,10.06,19.54,19.49
1787304090.135,20.869,True,1,1.207,1.098,0.166,-0.019,9.810,9.808,0.313,2.288,0.453,2.259,0.406,0.350,0.144,0.148,4.44,0.10,149.97,3.77,1.15,-0.071,0.118,0.093,1472,1466,1532,1514,10.00,10.06,29.54,29.49
1787304090.145,20.879,True,1,1.207,1.101,0.166,-0.008,9.822,9.819,0.313,2.288,0.453,2.260,0.407,0.350,0.144,0.148,4.44,0.10,149.97,3.78,1.15,-0.070,0.118,0.093,1472,1466,1532,1514,10.00,10.06,39.54,39.49
1787304090.155,20.889,True,1,1.207,1.104,0.166,0.002,9.833,9.830,0.314,2.288,0.453,2.261,0.409,0.350,0.144,0.148,4.44,0.10,149.97,3.79,1.16,-0.069,0.118,0.093,1472,1466,1532,1515,10.00,10.06,49.54,49.49
1787304090.166,20.900,True,1,1.227,1.107,0.190,-0.138,9.690,9.682,0.309,2.293,0.460,2.262,0.411,0.357,0.096,0.130,5.43,0.50,148.97,3.42,1.57,-0.212,0.126,0.135,1456,1466,1538,1509,10.00,10.06,-0.89,-0.85
1787304090.175,20.909,True,1,1.227,1.110,0.190,-0.127,9.701,9.693,0.309,2.293,0.460,2.263,0.412,0.357,0.096,0.130,5.43,0.50,148.97,3.43,1.57,-0.211,0.126,0.135,1456,1466,1538,1510,10.01,10.07,9.11,9.16
1787304090.186,20.919,True,1,1.235,1.113,0.207,-0.200,9.626,9.617,0.307,2.293,0.463,2.264,0.414,0.359,0.085,0.119,5.48,0.38,148.81,3.31,1.64,-0.229,0.146,0.140,1454,1463,1539,1507,10.00,10.07,-0.15,-0.20
1787304090.195,20.929,True,1,1.235,1.116,0.207,-0.189,9.637,9.628,0.307,2.293,0.463,2.265,0.415,0.359,0.085,0.119,5.48,0.38,148.81,3.32,1.64,-0.228,0.146,0.140,1454,1463,1539,1508,9.99,10.06,9.85,9.80
1787304090.205,20.939,True,1,1.235,1.119,0.207,-0.179,9.648,9.639,0.308,2.293,0.463,2.266,0.417,0.359,0.085,0.119,5.48,0.38,148.81,3.33,1.64,-0.226,0.146,0.140,1455,1463,1539,1508,10.00,10.06,19.85,19.80
1787304090.215,20.949,True,1,1.235,1.122,0.207,-0.168,9.659,9.650,0.308,2.293,0.463,2.267,0.419,0.359,0.085,0.119,5.48,0.38,148.81,3.34,1.64,-0.225,0.146,0.140,1455,1463,1539,1508,10.00,10.06,29.85,29.80
1787304090.225,20.959,True,1,1.235,1.125,0.207,-0.157,9.670,9.661,0.308,2.293,0.463,2.268,0.420,0.359,0.085,0.119,5.48,0.38,148.81,3.36,1.64,-0.224,0.146,0.140,1455,1463,1539,1509,10.00,10.06,39.85,39.80
1787304090.235,20.969,True,1,1.235,1.128,0.207,-0.146,9.681,9.673,0.309,2.293,0.463,2.269,0.421,0.359,0.085,0.119,5.48,0.38,148.81,3.37,1.64,-0.223,0.146,0.140,1455,1463,1539,1509,10.00,10.06,49.85,49.80
1787304090.246,20.980,True,1,1.258,1.131,0.217,-0.255,9.571,9.555,0.305,2.294,0.469,2.270,0.423,0.366,0.045,0.106,5.86,0.20,148.05,3.04,2.00,-0.296,0.207,0.166,1447,1457,1543,1505,10.00,10.06,-0.37,-0.42
1787304090.255,20.989,True,1,1.258,1.134,0.217,-0.244,9.582,9.566,0.305,2.294,0.469,2.270,0.425,0.366,0.045,0.106,5.86,0.20,148.05,3.05,2.00,-0.295,0.207,0.166,1447,1457,1543,1505,10.00,10.06,9.63,9.58
1787304090.265,20.999,True,1,1.263,1.137,0.225,-0.278,9.545,9.524,0.304,2.293,0.470,2.271,0.426,0.367,0.034,0.070,6.00,0.21,147.76,2.69,1.93,-0.348,0.200,0.179,1442,1457,1544,1504,10.00,10.06,-0.17,-0.12
1787304090.275,21.009,True,1,1.263,1.140,0.225,-0.267,9.556,9.535,0.304,2.293,0.470,2.272,0.428,0.367,0.034,0.070,6.00,0.21,147.76,2.70,1.93,-0.346,0.200,0.179,1442,1457,1544,1504,10.00,10.06,9.83,9.88
1787304090.285,21.019,True,1,1.263,1.143,0.225,-0.256,9.567,9.546,0.305,2.293,0.470,2.273,0.429,0.367,0.034,0.070,6.00,0.21,147.76,2.71,1.93,-0.345,0.200,0.179,1442,1457,1544,1505,10.00,10.06,19.83,19.88
1787304090.295,21.029,True,1,1.263,1.146,0.225,-0.245,9.577,9.557,0.305,2.293,0.470,2.273,0.430,0.367,0.034,0.070,6.00,0.21,147.76,2.72,1.93,-0.344,0.200,0.179,1442,1457,1544,1505,10.00,10.06,29.83,29.88
1787304090.305,21.039,True,1,1.263,1.149,0.225,-0.235,9.588,9.569,0.305,2.293,0.470,2.274,0.432,0.367,0.034,0.070,6.00,0.21,147.76,2.73,1.93,-0.343,0.200,0.178,1442,1457,1544,1505,10.00,10.06,39.83,39.88
1787304090.315,21.049,True,1,1.263,1.152,0.225,-0.224,9.599,9.580,0.306,2.293,0.470,2.275,0.433,0.367,0.034,0.070,6.00,0.21,147.76,2.74,1.93,-0.342,0.201,0.178,1442,1457,1544,1506,10.00,10.06,49.83,49.88
1787304090.325,21.059,True,1,1.263,1.155,0.225,-0.213,9.610,9.591,0.306,2.293,0.470,2.275,0.434,0.367,0.034,0.070,6.00,0.21,147.76,2.75,1.93,-0.341,0.201,0.178,1442,1457,1544,1506,10.00,10.06,59.83,59.88
1787304090.335,21.069,True,1,1.263,1.158,0.225,-0.202,9.622,9.602,0.306,2.293,0.470,2.276,0.435,0.367,0.034,0.070,6.00,0.21,147.76,2.76,1.93,-0.340,0.201,0.178,1442,1457,1544,1507,10.00,10.06,69.83,69.88
1787304090.346,21.080,True,1,1.300,1.161,0.255,-0.434,9.390,9.373,0.299,2.289,0.475,2.276,0.437,0.372,-0.012,0.059,5.41,0.77,147.00,2.44,2.38,-0.315,0.189,0.215,1445,1459,1549,1498,10.00,10.06,-0.64,-0.59
1787304090.355,21.089,True,1,1.300,1.164,0.255,-0.423,9.400,9.384,0.300,2.289,0.475,2.277,0.438,0.372,-0.012,0.059,5.41,0.77,147.00,2.44,2.38,-0.314,0.190,0.215,1445,1459,1549,1498,10.01,10.06,9.37,9.42
1787304090.365,21.099,True,1,1.300,1.167,0.255,-0.412,9.411,9.395,0.300,2.289,0.475,2.277,0.439,0.372,-0.012,0.059,5.41,0.77,147.00,2.45,2.38,-0.313,0.190,0.215,1445,1459,1549,1499,9.99,10.06,19.36,19.41
1787304090.375,21.109,True,1,1.300,1.170,0.255,-0.402,9.422,9.406,0.300,2.289,0.475,2.277,0.440,0.372,-0.012,0.059,5.41,0.77,147.00,2.46,2.39,-0.312,0.190,0.215,1445,1459,1549,1499,10.00,10.06,29.37,29.42
1787304090.385,21.119,True,1,1.300,1.173,0.255,-0.391,9.433,9.417,0.301,2.289,0.475,2.278,0.442,0.372,-0.012,0.059,5.41,0.77,147.00,2.47,2.39,-0.311,0.190,0.215,1445,1458,1549,1500,10.00,10.06,39.37,39.41
1787304090.395,21.129,True,1,1.300,1.176,0.255,-0.380,9.444,9.427,0.301,2.289,0.475,2.278,0.443,0.372,-0.012,0.059,5.41,0.77,147.00,2.48,2.39,-0.310,0.191,0.215,1446,1458,1549,1500,10.00,10.06,49.37,49.42
1787304090.405,21.139,True,1,1.300,1.179,0.255,-0.369,9.454,9.438,0.301,2.289,0.475,2.279,0.444,0.372,-0.012,0.059,5.41,0.77,147.00,2.49,2.39,-0.309,0.191,0.215,1446,1458,1549,1501,10.00,10.06,59.37,59.42
1787304090.416,21.150,True,1,1.341,1.182,0.277,-0.586,9.240,9.232,0.295,2.282,0.477,2.279,0.445,0.375,-0.043,0.068,4.13,1.08,146.70,2.44,2.82,-0.182,0.200,0.231,1459,1457,1552,1493,10.00,10.06,-0.41,-0.46
1787304090.425,21.159,True,1,1.347,1.185,0.271,-0.582,9.244,9.238,0.295,2.281,0.478,2.279,0.446,0.375,-0.056,0.060,3.33,1.10,146.64,2.30,2.90,-0.113,0.202,0.236,1467,1457,1552,1493,10.00,10.06,-0.05,-0.11
1787304090.435,21.169,True,1,1.347,1.188,0.271,-0.571,9.255,9.248,0.295,2.281,0.478,2.279,0.447,0.375,-0.056,0.060,3.33,1.10,146.64,2.30,2.90,-0.112,0.203,0.236,1467,1457,1552,1493,10.00,10.07,9.95,9.89
1787304090.445,21.179,True,1,1.347,1.191,0.271,-0.561,9.265,9.259,0.296,2.281,0.478,2.279,0.448,0.375,-0.056,0.060,3.33,1.10,146.64,2.31,2.90,-0.111,0.203,0.236,1467,1457,1552,1494,9.99,10.06,19.94,19.89
1787304090.455,21.189,True,1,1.347,1.194,0.271,-0.551,9.276,9.270,0.296,2.281,0.478,2.279,0.449,0.375,-0.056,0.060,3.33,1.10,146.64,2.32,2.91,-0.110,0.203,0.236,1467,1457,1552,1494,10.00,10.06,29.94,29.89
1787304090.465,21.199,True,1,1.347,1.197,0.271,-0.540,9.286,9.280,0.296,2.281,0.478,2.279,0.450,0.375,-0.056,0.060,3.33,1.10,146.64,2.33,2.91,-0.110,0.203,0.236,1467,1457,1552,1495,10.00,10.06,39.94,39.89
1787304090.475,21.209,True,1,1.347,1.200,0.271,-0.530,9.297,9.291,0.297,2.281,0.478,2.279,0.451,0.375,-0.056,0.060,3.33,1.10,146.64,2.33,2.91,-0.109,0.204,0.236,1467,1457,1552,1495,10.00,10.06,49.95,49.89
1787304090.485,21.219,True,1,1.347,1.203,0.271,-0.519,9.307,9.301,0.297,2.281,0.478,2.279,0.452,0.375,-0.056,0.060,3.33,1.10,146.64,2.34,2.91,-0.108,0.204,0.236,1467,1457,1552,1495,10.00,10.06,59.94,59.89
1787304090.496,21.230,True,1,1.386,1.206,0.258,-0.627,9.198,9.192,0.293,2.273,0.480,2.279,0.453,0.378,-0.066,0.045,1.17,1.16,146.55,2.17,2.96,0.099,0.194,0.247,1530,1458,1554,1491,10.00,10.06,-0.46,-0.51
1787304090.505,21.239,True,1,1.386,1.209,0.258,-0.617,9.208,9.203,0.294,2.273,0.480,2.279,0.454,0.378,-0.066,0.045,1.17,1.16,146.55,2.17,2.97,0.100,0.194,0.247,1531,1458,1554,1492,10.00,10.06,9.54,9.49
1787304090.515,21.249,True,1,1.386,1.212,0.258,-0.607,9.219,9.213,0.294,2.273,0.480,2.279,0.455,0.378,-0.066,0.045,1.17,1.16,146.55,2.18,2.97,0.100,0.195,0.247,1531,1458,1554,1492,10.00,10.06,19.54,19.49
1787304090.525,21.259,True,1,1.392,1.215,0.241,-0.570,9.255,9.247,0.295,2.272,0.480,2.278,0.455,0.379,-0.056,0.044,0.20,1.47,146.58,2.23,2.86,0.206,0.147,0.250,1542,1463,1554,1493,10.00,10.06,-0.17,-0.12
1787304090.535,21.269,True,1,1.392,1.218,0.241,-0.560,9.266,9.257,0.295,2.272,0.480,2.278,0.456,0.379,-0.056,0.044,0.20,1.47,146.58,2.24,2.87,0.207,0.147,0.250,1542,1463,1554,1494,10.01,10.07,9.84,9.89
1787304090.545,21.279,True,1,1.392,1.221,0.241,-0.549,9.276,9.267,0.296,2.272,0.480,2.278,0.457,0.379,-0.056,0.044,0.20,1.47,146.58,2.24,2.87,0.207,0.148,0.250,1542,1463,1554,1494,10.00,10.06,19.84,19.88
1787304090.555,21.289,True,1,1.392,1.224,0.241,-0.539,9.286,9.278,0.296,2.272,0.480,2.278,0.458,0.379,-0.056,0.044,0.20,1.47,146.58,2.25,2.88,0.208,0.148,0.250,1542,1463,1554,1495,10.00,10.06,29.84,29.88
1787304090.566,21.299,True,1,1.414,1.227,0.256,-0.658,9.169,9.156,0.292,2.268,0.482,2.278,0.459,0.381,-0.051,0.056,-0.54,2.16,146.71,2.43,2.94,0.302,0.080,0.245,1553,1471,1554,1490,10.00,10.06,-0.30,-0.25
1787304090.575,21.309,True,1,1.414,1.230,0.256,-0.648,9.179,9.166,0.293,2.268,0.482,2.277,0.459,0.381,-0.051,0.056,-0.54,2.16,146.71,2.44,2.95,0.302,0.080,0.245,1553,1471,1554,1490,10.00,10.06,9.70,9.75
1787304090.585,21.319,True,1,1.425,1.233,0.248,-0.659,9.167,9.154,0.292,2.266,0.482,2.277,0.460,0.381,-0.046,0.047,-0.68,2.38,146.78,2.39,2.86,0.311,0.047,0.242,1554,1474,1553,1490,10.00,10.06,-0.12,-0.17
1787304090.595,21.329,True,1,1.425,1.236,0.248,-0.649,9.177,9.164,0.292,2.266,0.482,2.277,0.461,0.381,-0.046,0.047,-0.68,2.38,146.78,2.40,2.86,0.312,0.048,0.242,1554,1474,1553,1490,10.00,10.06,9.89,9.84
1787304090.605,21.339,True,1,1.425,1.239,0.248,-0.639,9.188,9.174,0.293,2.266,0.482,2.276,0.462,0.381,-0.046,0.047,-0.68,2.38,146.78,2.40,2.87,0.312,0.048,0.242,1554,1474,1553,1491,10.00,10.06,19.88,19.83
1787304090.615,21.349,True,1,1.425,1.242,0.248,-0.628,9.198,9.184,0.293,2.266,0.482,2.276,0.462,0.381,-0.046,0.047,-0.68,2.38,146.78,2.40,2.87,0.313,0.048,0.242,1554,1474,1553,1491,10.00,10.06,29.89,29.83
1787304090.625,21.359,True,1,1.425,1.245,0.248,-0.618,9.208,9.194,0.293,2.266,0.482,2.276,0.463,0.381,-0.046,0.047,-0.68,2.38,146.78,2.41,2.88,0.313,0.049,0.242,1554,1474,1553,1491,10.00,10.06,39.88,39.83
1787304090.635,21.369,True,1,1.425,1.248,0.248,-0.608,9.218,9.205,0.294,2.266,0.482,2.275,0.464,0.381,-0.046,0.047,-0.68,2.38,146.78,2.41,2.88,0.313,0.049,0.242,1554,1474,1553,1492,10.00,10.06,49.88,49.83
1787304090.645,21.379,True,1,1.425,1.251,0.248,-0.598,9.229,9.215,0.294,2.266,0.482,2.275,0.464,0.381,-0.046,0.047,-0.68,2.38,146.78,2.42,2.89,0.314,0.050,0.242,1554,1474,1553,1492,10.00,10.06,59.88,59.83
1787304090.656,21.390,True,1,1.463,1.254,0.202,-0.600,9.227,9.211,0.294,2.261,0.485,2.274,0.465,0.385,-0.016,0.058,-0.19,4.21,147.28,2.73,2.65,0.290,-0.164,0.218,1551,1538,1550,1492,10.00,10.06,-0.55,-0.60
1787304090.665,21.399,True,1,1.463,1.257,0.202,-0.590,9.237,9.221,0.294,2.261,0.485,2.274,0.466,0.385,-0.016,0.058,-0.19,4.21,147.28,2.73,2.66,0.290,-0.163,0.218,1551,1538,1550,1492,10.01,10.07,9.45,9.40
1787304090.675,21.409,True,1,1.463,1.260,0.202,-0.580,9.247,9.231,0.295,2.261,0.485,2.274,0.466,0.385,-0.016,0.058,-0.19,4.21,147.28,2.74,2.66,0.290,-0.163,0.218,1551,1537,1550,1493,9.99,10.06,19.45,19.40
1787304090.685,21.419,True,1,1.463,1.263,0.202,-0.570,9.257,9.241,0.295,2.261,0.485,2.273,0.467,0.385,-0.016,0.058,-0.19,4.21,147.28,2.74,2.67,0.291,-0.162,0.218,1551,1537,1550,1493,10.00,10.06,29.45,29.40
1787304090.695,21.429,True,1,1.463,1.266,0.202,-0.560,9.267,9.252,0.295,2.261,0.485,2.273,0.467,0.385,-0.016,0.058,-0.19,4.21,147.28,2.74,2.67,0.291,-0.162,0.218,1551,1537,1550,1494,10.00,10.07,39.46,39.40
1787304090.705,21.439,True,1,1.463,1.269,0.202,-0.550,9.277,9.262,0.296,2.261,0.485,2.272,0.468,0.385,-0.016,0.058,-0.19,4.21,147.28,2.75,2.68,0.291,-0.161,0.218,1551,1537,1550,1494,10.00,10.06,49.45,49.40
1787304090.716,21.450,True,1,1.480,1.272,0.176,-0.533,9.294,9.277,0.296,2.259,0.487,2.272,0.469,0.387,0.009,0.052,0.58,4.96,147.82,2.87,2.38,0.222,-0.268,0.198,1544,1549,1547,1494,10.00,10.06,-0.37,-0.42
1787304090.725,21.459,True,1,1.480,1.275,0.176,-0.523,9.304,9.287,0.296,2.259,0.487,2.271,0.469,0.387,0.009,0.052,0.58,4.96,147.82,2.87,2.39,0.222,-0.267,0.198,1544,1549,1547,1495,10.00,10.06,9.63,9.58
1787304090.735,21.469,True,1,1.485,1.278,0.186,-0.561,9.267,9.252,0.295,2.259,0.488,2.271,0.470,0.388,0.019,0.069,1.52,5.33,148.20,3.12,2.40,0.150,-0.302,0.187,1536,1552,1545,1494,10.00,10.06,-0.18,-0.12
1787304090.745,21.479,True,1,1.485,1.281,0.186,-0.551,9.277,9.262,0.296,2.259,0.488,2.271,0.471,0.388,0.019,0.069,1.52,5.33,148.20,3.12,2.41,0.151,-0.301,0.187,1536,1552,1545,1494,10.00,10.06,9.83,9.88
1787304090.755,21.489,True,1,1.485,1.284,0.186,-0.541,9.287,9.272,0.296,2.259,0.488,2.270,0.471,0.388,0.019,0.069,1.52,5.33,148.20,3.12,2.41,0.151,-0.301,0.187,1536,1552,1545,1494,10.00,10.06,19.82,19.87
1787304090.765,21.499,True,1,1.485,1.287,0.186,-0.531,9.297,9.282,0.296,2.259,0.488,2.270,0.472,0.388,0.019,0.069,1.52,5.33,148.20,3.13,2.42,0.151,-0.300,0.187,1536,1552,1545,1495,10.00,10.06,29.82,29.87
1787304090.775,21.509,True,1,1.485,1.290,0.186,-0.521,9.308,9.292,0.297,2.259,0.488,2.269,0.472,0.388,0.019,0.069,1.52,5.33,148.20,3.13,2.42,0.151,-0.300,0.187,1536,1552,1545,1495,10.00,10.06,39.82,39.87
1787304090.785,21.519,True,1,1.485,1.293,0.186,-0.511,9.318,9.302,0.297,2.259,0.488,2.269,0.473,0.388,0.019,0.069,1.52,5.33,148.20,3.13,2.43,0.151,-0.299,0.187,1536,1552,1545,1495,10.00,10.06,49.83,49.88
1787304090.795,21.529,True,1,1.485,1.296,0.186,-0.501,9.328,9.312,0.297,2.259,0.488,2.269,0.473,0.388,0.019,0.069,1.52,5.33,148.20,3.13,2.43,0.152,-0.299,0.187,1536,1552,1545,1496,10.00,10.06,59.82,59.87
1787304090.806,21.540,True,1,1.508,1.299,0.096,-0.316,9.509,9.486,0.303,2.259,0.493,2.268,0.474,0.394,0.058,0.039,3.04,5.79,148.88,3.04,1.82,-0.015,-0.408,0.171,1478,1564,1543,1502,10.00,10.06,-0.41,-0.46
1787304090.815,21.549,True,1,1.508,1.302,0.096,-0.306,9.519,9.496,0.303,2.259,0.493,2.268,0.475,0.394,0.058,0.039,3.04,5.79,148.88,3.05,1.82,-0.014,-0.407,0.171,1478,1564,1543,1503,10.00,10.06,9.59,9.54
1787304090.825,21.559,True,1,1.512,1.305,0.103,-0.331,9.493,9.469,0.302,2.259,0.494,2.268,0.475,0.394,0.057,0.031,3.65,5.87,149.17,2.99,1.78,-0.084,-0.419,0.163,1470,1565,1542,1502,10.00,10.06,-0.16,-0.11
1787304090.835,21.569,True,1,1.512,1.308,0.103,-0.321,9.503,9.479,0.303,2.259,0.494,2.268,0.476,0.394,0.057,0.031,3.65,5.87,149.17,2.99,1.79,-0.083,-0.418,0.163,1470,1565,1542,1502,10.00,10.06,9.85,9.89
1787304090.845,21.579,True,1,1.512,1.311,0.103,-0.311,9.514,9.489,0.303,2.259,0.494,2.267,0.476,0.394,0.057,0.031,3.65,5.87,149.17,3.00,1.79,-0.083,-0.418,0.163,1470,1565,1542,1502,10.00,10.06,19.84,19.89
1787304090.856,21.589,True,1,1.520,1.314,0.132,-0.422,9.405,9.381,0.299,2.261,0.496,2.267,0.477,0.396,0.070,0.048,4.46,5.70,149.58,3.29,1.78,-0.134,-0.401,0.150,1465,1563,1540,1498,10.00,10.06,-0.22,-0.18
1787304090.865,21.599,True,1,1.520,1.317,0.132,-0.412,9.415,9.391,0.300,2.261,0.496,2.267,0.478,0.396,0.070,0.048,4.46,5.70,149.58,3.29,1.78,-0.134,-0.401,0.150,1465,1563,1540,1499,10.00,10.06,9.78,9.83
1787304090.875,21.609,True,1,1.520,1.320,0.132,-0.402,9.425,9.401,0.300,2.261,0.496,2.267,0.478,0.396,0.070,0.048,4.46,5.70,149.58,3.29,1.78,-0.134,-0.400,0.150,1465,1563,1540,1499,10.00,10.06,19.77,19.82
1787304090.885,21.619,True,1,1.520,1.323,0.132,-0.392,9.435,9.411,0.300,2.261,0.496,2.266,0.479,0.396,0.070,0.048,4.46,5.70,149.58,3.30,1.79,-0.133,-0.400,0.150,1465,1563,1540,1500,10.00,10.06,29.77,29.82
1787304090.895,21.629,True,1,1.520,1.326,0.132,-0.382,9.445,9.422,0.301,2.261,0.496,2.266,0.479,0.396,0.070,0.048,4.46,5.70,149.58,3.30,1.79,-0.133,-0.399,0.150,1465,1563,1540,1500,10.00,10.06,39.78,39.82
1787304090.906,21.640,True,1,1.536,1.329,0.095,-0.325,9.498,9.470,0.302,2.263,0.499,2.266,0.480,0.398,0.105,0.007,5.35,5.00,150.18,3.10,1.20,-0.243,-0.387,0.129,1453,1562,1537,1502,10.00,10.06,-0.31,-0.35
1787304090.915,21.649,True,1,1.536,1.332,0.095,-0.315,9.508,9.480,0.303,2.263,0.499,2.266,0.481,0.398,0.105,0.007,5.35,5.00,150.18,3.11,1.20,-0.243,-0.387,0.129,1453,1562,1537,1502,10.00,10.06,9.69,9.65
1787304090.925,21.659,True,1,1.536,1.335,0.095,-0.305,9.518,9.490,0.303,2.263,0.499,2.266,0.481,0.398,0.105,0.007,5.35,5.00,150.18,3.11,1.21,-0.242,-0.386,0.129,1453,1562,1537,1502,10.00,10.06,19.69,19.64
1787304090.935,21.669,True,1,1.536,1.338,0.095,-0.295,9.528,9.500,0.303,2.263,0.499,2.266,0.482,0.398,0.105,0.007,5.35,5.00,150.18,3.11,1.21,-0.242,-0.386,0.129,1453,1561,1537,1503,10.00,10.06,29.69,29.64
1787304090.945,21.679,True,1,1.536,1.341,0.095,-0.285,9.538,9.510,0.304,2.263,0.499,2.266,0.483,0.398,0.105,0.007,5.35,5.00,150.18,3.12,1.22,-0.241,-0.385,0.129,1453,1561,1537,1503,10.00,10.06,39.69,39.64
1787304090.955,21.689,True,1,1.536,1.344,0.095,-0.275,9.548,9.521,0.304,2.263,0.499,2.266,0.483,0.398,0.105,0.007,5.35,5.00,150.18,3.12,1.22,-0.241,-0.385,0.129,1453,1561,1537,1504,10.00,10.06,49.69,49.64
1787304090.965,21.699,True,1,1.536,1.347,0.095,-0.264,9.559,9.531,0.304,2.263,0.499,2.266,0.484,0.398,0.105,0.007,5.35,5.00,150.18,3.12,1.22,-0.241,-0.385,0.129,1453,1561,1537,1504,10.00,10.06,59.69,59.64
1787304090.976,21.710,True,1,1.554,1.350,0.068,-0.244,9.578,9.552,0.305,2.269,0.499,2.266,0.484,0.397,0.145,-0.013,5.52,4.19,151.09,3.17,0.69,-0.250,-0.359,0.088,1452,1559,1532,1505,10.00,10.06,-0.46,-0.50
1787304090.985,21.719,True,1,1.554,1.353,0.068,-0.234,9.588,9.562,0.305,2.269,0.499,2.266,0.485,0.397,0.145,-0.013,5.52,4.19,151.09,3.17,0.70,-0.250,-0.359,0.088,1452,1559,1532,1505,10.00,10.06,9.55,9.50
1787304090.995,21.729,True,1,1.554,1.356,0.068,-0.224,9.598,9.573,0.306,2.269,0.499,2.266,0.485,0.397,0.145,-0.013,5.52,4.19,151.09,3.18,0.70,-0.250,-0.358,0.088,1452,1559,1532,1505,10.00,10.06,19.55,19.50
1787304091.005,21.739,True,1,1.554,1.359,0.068,-0.214,9.608,9.583,0.306,2.269,0.499,2.266,0.485,0.397,0.145,-0.013,5.52,4.19,151.09,3.18,0.70,-0.249,-0.358,0.088,1452,1559,1532,1506,10.00,10.06,29.55,29.50
1787304091.016,21.749,True,1,1.562,1.362,0.032,-0.129,9.690,9.668,0.309,2.274,0.497,2.266,0.486,0.395,0.144,-0.052,5.21,3.47,151.77,2.79,0.48,-0.255,-0.310,0.052,1451,1553,1527,1509,10.00,10.06,-0.26,-0.31
1787304091.025,21.759,True,1,1.562,1.365,0.032,-0.119,9.700,9.678,0.309,2.274,0.497,2.266,0.486,0.395,0.144,-0.052,5.21,3.47,151.77,2.80,0.48,-0.254,-0.310,0.052,1452,1553,1527,1509,10.00,10.06,9.74,9.69
1787304091.035,21.769,True,1,1.562,1.368,0.032,-0.109,9.710,9.688,0.309,2.274,0.497,2.267,0.487,0.395,0.144,-0.052,5.21,3.47,151.77,2.80,0.48,-0.254,-0.310,0.052,1452,1553,1527,1510,10.00,10.06,19.74,19.69
1787304091.045,21.779,True,1,1.562,1.371,0.032,-0.099,9.720,9.698,0.310,2.274,0.497,2.267,0.487,0.395,0.144,-0.052,5.21,3.47,151.77,2.81,0.48,-0.254,-0.310,0.052,1452,1553,1527,1510,10.00,10.06,29.74,29.69
1787304091.056,21.789,True,1,1.570,1.374,0.062,-0.210,9.610,9.601,0.306,2.278,0.494,2.267,0.487,0.392,0.161,-0.039,4.65,2.37,152.51,3.06,0.36,-0.166,-0.210,0.008,1461,1543,1521,1506,10.00,10.06,-0.25,-0.30
1787304091.065,21.799,True,1,1.570,1.377,0.062,-0.200,9.620,9.611,0.307,2.278,0.494,2.268,0.487,0.392,0.161,-0.039,4.65,2.37,152.51,3.07,0.36,-0.166,-0.210,0.008,1461,1543,1521,1507,10.00,10.06,9.75,9.70
1787304091.075,21.809,True,1,1.570,1.380,0.062,-0.190,9.631,9.621,0.307,2.278,0.494,2.268,0.488,0.392,0.161,-0.039,4.65,2.37,152.51,3.07,0.36,-0.165,-0.210,0.008,1461,1543,1521,1507,10.00,10.06,19.75,19.70
1787304091.085,21.819,True,1,1.570,1.383,0.062,-0.180,9.641,9.631,0.307,2.278,0.494,2.268,0.488,0.392,0.161,-0.039,4.65,2.37,152.51,3.07,0.36,-0.165,-0.210,0.008,1461,1543,1521,1508,10.00,10.06,29.75,29.70
1787304091.095,21.829,True,1,1.570,1.386,0.062,-0.170,9.651,9.641,0.308,2.278,0.494,2.269,0.488,0.392,0.161,-0.039,4.65,2.37,152.51,3.08,0.36,-0.165,-0.210,0.008,1461,1543,1521,1508,10.00,10.06,39.75,39.70
1787304091.105,21.839,True,1,1.570,1.389,0.062,-0.160,9.661,9.652,0.308,2.278,0.494,2.269,0.488,0.392,0.161,-0.039,4.65,2.37,152.51,3.08,0.36,-0.165,-0.210,0.008,1461,1543,1521,1508,10.00,10.06,49.75,49.70
1787304091.115,21.849,True,1,1.570,1.392,0.062,-0.149,9.671,9.662,0.308,2.278,0.494,2.269,0.489,0.392,0.161,-0.039,4.65,2.37,152.51,3.08,0.37,-0.164,-0.210,0.008,1461,1543,1521,1509,10.00,10.06,59.75,59.70
1787304091.125,21.859,True,1,1.570,1.395,0.062,-0.139,9.682,9.672,0.309,2.278,0.494,2.269,0.489,0.392,0.161,-0.039,4.65,2.37,152.51,3.08,0.37,-0.164,-0.210,0.008,1461,1543,1521,1509,10.00,10.06,69.75,69.70
1787304091.135,21.869,True,1,1.570,1.398,0.062,-0.129,9.692,9.683,0.309,2.278,0.494,2.270,0.489,0.392,0.161,-0.039,4.65,2.37,152.51,3.09,0.37,-0.164,-0.210,0.008,1461,1543,1521,1509,10.00,10.06,79.75,79.70
1787304091.146,21.880,True,1,1.590,1.401,0.026,-0.093,9.725,9.723,0.310,2.290,0.485,2.270,0.489,0.382,0.163,-0.079,3.59,0.31,153.85,2.72,0.08,-0.091,-0.029,-0.065,1469,1523,1470,1511,10.00,10.06,-0.57,-0.62
1787304091.155,21.889,True,1,1.590,1.404,0.026,-0.083,9.735,9.733,0.311,2.290,0.485,2.271,0.489,0.382,0.163,-0.079,3.59,0.31,153.85,2.72,0.08,-0.091,-0.029,-0.065,1469,1523,1470,1511,10.00,10.06,9.43,9.38
1787304091.165,21.899,True,1,1.593,1.407,0.012,-0.040,9.778,9.778,0.312,2.291,0.484,2.272,0.488,0.381,0.162,-0.072,3.18,-0.23,154.36,2.78,0.09,-0.043,0.029,-0.091,1475,1476,1467,1513,10.00,10.06,-0.17,-0.12
1787304091.175,21.909,True,1,1.598,1.410,0.004,-0.025,9.793,9.792,0.313,2.294,0.482,2.272,0.488,0.379,0.167,-0.078,3.18,-0.23,154.36,2.74,0.01,-0.047,0.020,-0.091,1474,1477,1467,1513,10.00,10.06,9.83,-0.05
1787304091.185,21.919,True,1,1.598,1.413,0.004,-0.015,9.803,9.802,0.313,2.294,0.482,2.273,0.488,0.379,0.167,-0.078,3.18,-0.23,154.36,2.74,0.01,-0.046,0.020,-0.091,1474,1477,1467,1514,10.00,10.07,19.84,9.96
1787304091.195,21.929,True,1,1.598,1.416,0.004,-0.005,9.813,9.813,0.313,2.294,0.482,2.274,0.488,0.379,0.167,-0.078,3.18,-0.23,154.36,2.74,0.00,-0.046,0.020,-0.091,1474,1477,1467,1514,10.00,10.07,29.84,19.96
1787304091.205,21.939,True,1,1.598,1.419,0.004,0.005,9.823,9.823,0.314,2.294,0.482,2.275,0.488,0.379,0.167,-0.078,3.18,-0.23,154.36,2.75,0.00,-0.046,0.020,-0.091,1474,1477,1467,1515,9.99,10.06,39.83,29.95
1787304091.215,21.949,True,1,1.598,1.422,0.004,0.015,9.833,9.833,0.314,2.294,0.482,2.275,0.488,0.379,0.167,-0.078,3.18,-0.23,154.36,2.75,-0.00,-0.046,0.019,-0.091,1474,1477,1467,1515,10.00,10.06,49.84,39.96
1787304091.226,21.960,True,1,1.608,1.425,-0.001,0.001,9.819,9.818,0.313,2.301,0.478,2.276,0.487,0.374,0.172,-0.082,2.58,-0.73,155.28,2.74,-0.11,0.015,0.059,-0.132,1521,1473,1461,1514,10.00,10.06,-0.38,-0.42
1787304091.235,21.969,True,1,1.608,1.428,-0.001,0.011,9.829,9.828,0.314,2.301,0.478,2.277,0.487,0.374,0.172,-0.082,2.58,-0.73,155.28,2.74,-0.11,0.016,0.059,-0.132,1521,1473,1461,1515,10.00,10.07,9.63,9.58
1787304091.245,21.979,True,1,1.608,1.431,-0.001,0.021,9.839,9.839,0.314,2.301,0.478,2.278,0.487,0.374,0.172,-0.082,2.58,-0.73,155.28,2.74,-0.12,0.016,0.059,-0.132,1521,1473,1461,1515,10.00,10.06,19.62,19.57
1787304091.255,21.989,True,1,1.608,1.434,-0.001,0.032,9.850,9.849,0.314,2.301,0.478,2.279,0.486,0.374,0.172,-0.082,2.58,-0.73,155.28,2.74,-0.12,0.016,0.058,-0.132,1521,1473,1461,1516,10.00,10.06,29.62,29.57
1787304091.265,21.999,True,1,1.608,1.437,-0.001,0.042,9.860,9.859,0.315,2.301,0.478,2.279,0.486,0.374,0.172,-0.082,2.58,-0.73,155.28,2.75,-0.12,0.016,0.058,-0.132,1521,1473,1461,1516,10.00,10.06,39.62,39.58
1787304091.276,22.010,True,1,1.616,1.440,0.006,-0.003,9.816,9.814,0.313,2.308,0.473,2.280,0.486,0.369,0.163,-0.071,2.37,-0.95,156.11,2.83,-0.03,0.045,0.089,-0.170,1525,1470,1456,1514,10.00,10.06,-0.28,-0.33
1787304091.285,22.019,True,1,1.616,1.443,0.006,0.007,9.826,9.825,0.314,2.308,0.473,2.281,0.485,0.369,0.163,-0.071,2.37,-0.95,156.11,2.83,-0.04,0.046,0.089,-0.170,1525,1470,1456,1515,10.00,10.06,9.72,9.68
1787304091.295,22.029,True,1,1.616,1.446,0.006,0.018,9.836,9.835,0.314,2.308,0.473,2.282,0.485,0.369,0.163,-0.071,2.37,-0.95,156.11,2.83,-0.04,0.046,0.088,-0.170,1525,1470,1456,1515,10.00,10.06,19.72,19.67
1787304091.305,22.039,True,1,1.616,1.449,0.006,0.028,9.847,9.845,0.314,2.308,0.473,2.283,0.484,0.369,0.163,-0.071,2.37,-0.95,156.11,2.83,-0.05,0.046,0.088,-0.170,1525,1470,1456,1515,10.00,10.06,29.72,29.67
1787304091.316,22.049,True,1,1.621,1.452,-0.021,0.098,9.915,9.914,0.316,2.313,0.470,2.284,0.484,0.366,0.175,-0.095,2.23,-1.09,156.62,2.63,-0.29,0.038,0.076,-0.191,1524,1471,1453,1518,10.00,10.06,-0.26,-0.31
1787304091.325,22.059,True,1,1.621,1.455,-0.021,0.108,9.925,9.924,0.317,2.313,0.470,2.285,0.483,0.366,0.175,-0.095,2.23,-1.09,156.62,2.63,-0.30,0.038,0.075,-0.191,1524,1471,1453,1518,10.00,10.06,9.74,9.69
1787304091.335,22.069,True,1,1.621,1.458,-0.021,0.118,9.936,9.935,0.317,2.313,0.470,2.286,0.483,0.366,0.175,-0.095,2.23,-1.09,156.62,2.63,-0.30,0.038,0.075,-0.191,1524,1471,1453,1519,10.00,10.06,19.74,19.69
1787304091.345,22.079,True,1,1.621,1.461,-0.021,0.129,9.946,9.945,0.317,2.313,0.470,2.287,0.483,0.366,0.175,-0.095,2.23,-1.09,156.62,2.63,-0.31,0.039,0.074,-0.191,1524,1471,1453,1519,10.00,10.06,29.74,29.69
1787304091.355,22.089,True,1,1.621,1.464,-0.021,0.139,9.957,9.955,0.318,2.313,0.470,2.288,0.482,0.366,0.175,-0.095,2.23,-1.09,156.62,2.63,-0.31,0.039,0.074,-0.191,1524,1471,1453,1519,10.00,10.06,39.74,39.69
1787304091.365,22.099,True,1,1.621,1.467,-0.021,0.150,9.967,9.966,0.318,2.313,0.470,2.289,0.482,0.366,0.175,-0.095,2.23,-1.09,156.62,2.63,-0.32,0.039,0.073,-0.191,1524,1471,1453,1520,10.00,10.06,49.74,49.69
1787304091.375,22.109,True,1,1.621,1.470,-0.021,0.160,9.978,9.976,0.318,2.313,0.470,2.289,0.481,0.366,0.175,-0.095,2.23,-1.09,156.62,2.63,-0.32,0.039,0.073,-0.191,1524,1471,1453,1520,10.00,10.06,59.74,59.69
1787304091.385,22.119,True,1,1.621,1.473,-0.021,0.171,9.988,9.987,0.319,2.313,0.470,2.290,0.481,0.366,0.175,-0.095,2.23,-1.09,156.62,2.63,-0.32,0.039,0.072,-0.191,1524,1471,1453,1520,10.00,10.06,69.74,69.69
1787304091.396,22.130,True,1,1.630,1.476,-0.039,0.200,10.020,10.019,0.320,2.326,0.464,2.291,0.480,0.360,0.199,-0.083,2.15,-0.59,157.55,2.84,-0.55,0.069,-0.005,-0.229,1527,1520,1448,1522,10.00,10.06,-0.58,-0.63
1787304091.405,22.139,True,1,1.630,1.479,-0.039,0.211,10.030,10.029,0.320,2.326,0.464,2.293,0.480,0.360,0.199,-0.083,2.15,-0.59,157.55,2.84,-0.56,0.070,-0.005,-0.229,1527,1520,1448,1522,10.00,10.06,9.43,9.38
1787304091.415,22.149,True,1,1.630,1.482,-0.039,0.221,10.041,10.040,0.320,2.326,0.464,2.294,0.479,0.360,0.199,-0.083,2.15,-0.59,157.55,2.84,-0.57,0.070,-0.006,-0.229,1527,1520,1448,1522,9.99,10.06,19.42,19.37
1787304091.425,22.159,True,1,1.630,1.485,-0.039,0.232,10.051,10.051,0.321,2.326,0.464,2.295,0.479,0.360,0.199,-0.083,2.15,-0.59,157.55,2.84,-0.57,0.070,-0.007,-0.229,1527,1520,1448,1523,10.00,10.06,29.42,29.37
1787304091.435,22.169,True,1,1.630,1.488,-0.039,0.242,10.062,10.061,0.321,2.326,0.464,2.296,0.478,0.360,0.199,-0.083,2.15,-0.59,157.55,2.84,-0.58,0.070,-0.007,-0.228,1527,1520,1448,1523,10.00,10.06,39.42,39.37
1787304091.445,22.179,True,1,1.630,1.491,-0.039,0.253,10.072,10.072,0.321,2.326,0.464,2.297,0.478,0.360,0.199,-0.083,2.15,-0.59,157.55,2.84,-0.58,0.070,-0.008,-0.228,1527,1520,1448,1524,10.00,10.06,49.43,49.37
1787304091.455,22.189,True,1,1.630,1.494,-0.039,0.264,10.083,10.082,0.322,2.326,0.464,2.298,0.477,0.360,0.199,-0.083,2.15,-0.59,157.55,2.84,-0.59,0.070,-0.008,-0.228,1527,1520,1448,1524,10.00,10.06,59.42,59.37
1787304091.466,22.200,True,1,1.633,1.497,-0.064,0.337,10.158,10.156,0.324,2.336,0.460,2.299,0.477,0.357,0.216,-0.079,2.96,0.40,158.16,2.92,-0.77,-0.003,-0.136,-0.248,1479,1534,1445,1527,10.00,10.06,-0.46,-0.41
1787304091.475,22.209,True,1,1.633,1.500,-0.064,0.348,10.169,10.167,0.324,2.336,0.460,2.300,0.476,0.357,0.216,-0.079,2.96,0.40,158.16,2.92,-0.78,-0.003,-0.136,-0.248,1479,1535,1445,1527,10.00,10.06,9.54,9.59
1787304091.485,22.219,True,1,1.634,1.503,-0.051,0.318,10.141,10.138,0.324,2.341,0.458,2.302,0.476,0.355,0.229,-0.064,3.05,0.52,158.19,3.13,-0.85,0.010,-0.158,-0.249,1521,1537,1445,1526,10.00,10.06,-0.11,-0.16
1787304091.495,22.229,True,1,1.634,1.506,-0.051,0.329,10.151,10.147,0.324,2.341,0.458,2.303,0.475,0.355,0.229,-0.064,3.14,0.80,158.25,3.12,-0.86,0.002,-0.188,-0.249,1520,1540,1445,1526,10.00,10.06,-0.06,9.84
1787304091.505,22.239,True,1,1.634,1.509,-0.051,0.339,10.162,10.158,0.324,2.341,0.458,2.304,0.475,0.355,0.229,-0.064,3.14,0.80,158.25,3.12,-0.87,0.002,-0.189,-0.249,1520,1540,1445,1527,10.00,10.06,9.94,19.84
1787304091.515,22.249,True,1,1.634,1.512,-0.051,0.350,10.173,10.169,0.325,2.341,0.458,2.305,0.474,0.355,0.229,-0.064,3.14,0.80,158.25,3.12,-0.88,0.002,-0.189,-0.249,1520,1540,1445,1527,10.00,10.06,19.94,29.84
1787304091.525,22.259,True,1,1.634,1.515,-0.051,0.361,10.184,10.180,0.325,2.341,0.458,2.307,0.473,0.355,0.229,-0.064,3.14,0.80,158.25,3.13,-0.88,0.002,-0.190,-0.249,1520,1540,1445,1527,10.00,10.06,29.94,39.84
1787304091.535,22.269,True,1,1.634,1.518,-0.051,0.372,10.195,10.190,0.325,2.341,0.458,2.308,0.473,0.355,0.229,-0.064,3.14,0.80,158.25,3.13,-0.89,0.002,-0.191,-0.249,1520,1541,1445,1528,10.00,10.06,39.94,49.84
1787304091.545,22.279,True,1,1.634,1.521,-0.051,0.383,10.206,10.201,0.326,2.341,0.458,2.309,0.472,0.355,0.229,-0.064,3.14,0.80,158.25,3.13,-0.90,0.002,-0.191,-0.249,1520,1541,1445,1528,9.99,10.06,49.94,59.84
1787304091.555,22.289,True,1,1.634,1.524,-0.051,0.394,10.217,10.212,0.326,2.341,0.458,2.310,0.472,0.355,0.229,-0.064,3.14,0.80,158.25,3.13,-0.90,0.002,-0.192,-0.249,1520,1541,1445,1529,10.00,10.06,59.94,69.84
1787304091.566,22.300,True,1,1.635,1.527,-0.049,0.395,10.220,10.206,0.326,2.355,0.453,2.312,0.471,0.351,0.259,-0.065,3.04,1.77,158.19,3.23,-1.20,0.027,-0.323,-0.240,1523,1555,1446,1528,10.00,10.06,-0.50,-0.45
1787304091.575,22.309,True,1,1.635,1.530,-0.049,0.406,10.231,10.217,0.326,2.355,0.453,2.313,0.471,0.351,0.259,-0.065,3.04,1.77,158.19,3.23,-1.20,0.027,-0.324,-0.240,1523,1555,1446,1529,10.00,10.06,9.50,9.55
1787304091.585,22.319,True,1,1.635,1.533,-0.049,0.417,10.242,10.228,0.326,2.355,0.453,2.314,0.470,0.351,0.259,-0.065,3.04,1.77,158.19,3.23,-1.21,0.027,-0.325,-0.239,1523,1555,1446,1529,10.00,10.06,19.50,19.55
1787304091.595,22.329,True,1,1.635,1.536,-0.049,0.428,10.253,10.239,0.327,2.355,0.453,2.316,0.470,0.351,0.259,-0.065,3.04,1.77,158.19,3.23,-1.22,0.027,-0.326,-0.239,1523,1555,1446,1529,10.00,10.06,29.50,29.55
1787304091.605,22.339,True,1,1.635,1.539,-0.049,0.439,10.264,10.250,0.327,2.355,0.453,2.317,0.469,0.351,0.259,-0.065,3.04,1.77,158.19,3.23,-1.23,0.027,-0.326,-0.239,1523,1555,1446,1530,10.00,10.06,39.50,39.54
1787304091.615,22.349,True,1,1.635,1.542,-0.049,0.450,10.275,10.261,0.328,2.355,0.453,2.318,0.468,0.351,0.259,-0.065,3.04,1.77,158.19,3.23,-1.23,0.027,-0.327,-0.239,1523,1555,1446,1530,10.00,10.06,49.50,49.54
1787304091.625,22.359,True,1,1.635,1.545,-0.049,0.461,10.286,10.272,0.328,2.355,0.453,2.320,0.468,0.351,0.259,-0.065,3.04,1.77,158.19,3.23,-1.24,0.027,-0.328,-0.239,1523,1555,1446,1531,10.00,10.06,59.50,59.54
1787304091.636,22.370,True,1,1.636,1.548,-0.086,0.576,10.402,10.380,0.331,2.374,0.446,2.321,0.467,0.347,0.312,-0.106,3.11,1.91,157.53,3.03,-1.83,-0.000,-0.404,-0.206,1479,1563,1451,1534,10.00,10.06,-0.61,-0.56
1787304091.645,22.379,True,1,1.636,1.551,-0.086,0.587,10.413,10.391,0.332,2.374,0.446,2.323,0.466,0.347,0.312,-0.106,3.11,1.91,157.53,3.03,-1.84,-0.000,-0.405,-0.206,1479,1563,1451,1535,10.00,10.07,9.39,9.44
1787304091.655,22.389,True,1,1.636,1.554,-0.086,0.598,10.425,10.402,0.332,2.374,0.446,2.325,0.466,0.347,0.312,-0.106,3.11,1.91,157.53,3.03,-1.85,-0.000,-0.405,-0.206,1479,1564,1451,1535,10.00,10.06,19.39,19.44
1787304091.665,22.399,True,1,1.636,1.557,-0.086,0.609,10.436,10.413,0.332,2.374,0.446,2.327,0.465,0.347,0.312,-0.106,3.11,1.91,157.53,3.03,-1.86,-0.000,-0.406,-0.206,1479,1564,1451,1536,10.00,10.06,29.39,29.44
1787304091.675,22.409,True,1,1.636,1.560,-0.086,0.620,10.447,10.425,0.333,2.374,0.446,2.328,0.464,0.347,0.312,-0.106,3.11,1.91,157.53,3.04,-1.87,-0.000,-0.407,-0.206,1479,1564,1451,1536,10.00,10.06,39.38,39.43
1787304091.685,22.419,True,1,1.636,1.563,-0.086,0.632,10.459,10.436,0.333,2.374,0.446,2.330,0.464,0.347,0.312,-0.106,3.11,1.91,157.53,3.04,-1.88,-0.000,-0.408,-0.206,1479,1564,1451,1536,10.00,10.06,49.39,49.44
1787304091.695,22.429,True,1,1.636,1.566,-0.086,0.643,10.470,10.447,0.333,2.374,0.446,2.331,0.463,0.347,0.312,-0.106,3.11,1.91,157.53,3.04,-1.88,-0.000,-0.409,-0.206,1479,1564,1451,1537,10.00,10.07,59.39,59.44
1787304091.705,22.439,True,1,1.636,1.569,-0.086,0.654,10.481,10.458,0.334,2.374,0.446,2.333,0.463,0.347,0.312,-0.106,3.11,1.91,157.53,3.04,-1.89,-0.000,-0.409,-0.206,1479,1564,1451,1537,9.99,10.06,69.39,69.44
1787304091.716,22.450,True,1,1.638,1.572,-0.022,0.467,10.302,10.283,0.328,2.400,0.438,2.335,0.462,0.344,0.357,-0.067,2.49,1.18,156.27,3.68,-2.12,0.128,-0.353,-0.157,1534,1558,1458,1531,10.00,10.06,-0.59,-0.64
1787304091.725,22.459,True,1,1.638,1.575,-0.022,0.478,10.314,10.294,0.329,2.400,0.438,2.337,0.461,0.344,0.357,-0.067,2.49,1.18,156.27,3.68,-2.13,0.128,-0.354,-0.157,1534,1558,1458,1531,10.01,10.07,9.41,9.36
1787304091.735,22.469,True,1,1.638,1.578,-0.022,0.490,10.325,10.305,0.329,2.400,0.438,2.339,0.460,0.344,0.357,-0.067,2.49,1.18,156.27,3.68,-2.15,0.128,-0.355,-0.157,1534,1558,1458,1532,9.99,10.06,19.40,19.36
1787304091.745,22.479,True,1,1.638,1.581,-0.022,0.501,10.337,10.317,0.329,2.400,0.438,2.341,0.460,0.344,0.357,-0.067,2.49,1.18,156.27,3.68,-2.16,0.128,-0.356,-0.157,1534,1558,1458,1532,10.00,10.06,29.40,29.36
1787304091.755,22.489,True,1,1.638,1.584,-0.022,0.513,10.348,10.328,0.330,2.400,0.438,2.343,0.459,0.344,0.357,-0.067,2.49,1.18,156.27,3.68,-2.17,0.128,-0.358,-0.157,1534,1558,1458,1533,10.00,10.06,39.41,39.36
1787304091.765,22.499,True,1,1.638,1.587,-0.022,0.524,10.360,10.340,0.330,2.400,0.438,2.345,0.458,0.344,0.357,-0.067,2.49,1.18,156.27,3.68,-2.18,0.128,-0.359,-0.157,1534,1559,1458,1533,10.00,10.06,49.41,49.36
1787304091.775,22.509,True,1,1.638,1.590,-0.022,0.536,10.371,10.351,0.330,2.400,0.438,2.347,0.457,0.344,0.357,-0.067,2.49,1.18,156.27,3.68,-2.19,0.128,-0.360,-0.157,1534,1559,1458,1533,10.00,10.06,59.40,59.36
1787304091.785,22.519,True,1,1.638,1.593,-0.022,0.547,10.383,10.363,0.331,2.400,0.438,2.349,0.457,0.344,0.357,-0.067,2.49,1.18,156.27,3.68,-2.19,0.129,-0.360,-0.157,1534,1559,1458,1534,10.00,10.06,69.41,69.36
1787304091.795,22.529,True,1,1.638,1.596,-0.022,0.559,10.395,10.374,0.331,2.400,0.438,2.350,0.456,0.344,0.357,-0.067,2.49,1.18,156.27,3.68,-2.20,0.129,-0.361,-0.157,1534,1559,1458,1534,10.00,10.06,79.41,79.36
1787304091.806,22.540,True,1,1.643,1.599,-0.003,0.491,10.331,10.323,0.329,2.430,0.429,2.353,0.455,0.344,0.388,-0.066,1.98,-1.25,154.27,3.93,-2.38,0.202,-0.122,-0.081,1542,1533,1468,1532,10.00,10.06,-0.58,-0.63
1787304091.815,22.549,True,1,1.643,1.602,-0.003,0.503,10.343,10.335,0.330,2.430,0.429,2.356,0.454,0.344,0.388,-0.066,1.98,-1.25,154.27,3.93,-2.40,0.202,-0.123,-0.081,1542,1533,1468,1533,10.00,10.06,9.42,9.37
1787304091.825,22.559,True,1,1.643,1.605,-0.003,0.514,10.355,10.347,0.330,2.430,0.429,2.358,0.454,0.344,0.388,-0.066,1.98,-1.25,154.27,3.93,-2.41,0.202,-0.125,-0.081,1542,1533,1468,1533,10.00,10.06,19.42,19.37
1787304091.835,22.569,True,1,1.643,1.608,-0.003,0.526,10.366,10.358,0.331,2.430,0.429,2.360,0.453,0.344,0.388,-0.066,1.98,-1.25,154.27,3.93,-2.42,0.202,-0.126,-0.081,1542,1533,1468,1534,10.00,10.06,29.42,29.37
1787304091.845,22.579,True,1,1.643,1.611,-0.003,0.538,10.378,10.370,0.331,2.430,0.429,2.363,0.452,0.344,0.388,-0.066,1.98,-1.25,154.27,3.94,-2.44,0.202,-0.127,-0.081,1542,1534,1468,1534,10.00,10.06,39.42,39.37
1787304091.856,22.590,True,1,1.649,1.614,0.034,0.414,10.259,10.249,0.327,2.447,0.425,2.366,0.451,0.347,0.401,-0.042,1.87,-2.82,153.09,4.31,-2.40,0.254,0.043,-0.035,1547,1475,1475,1530,10.00,10.06,-0.27,-0.32
1787304091.865,22.599,True,1,1.649,1.617,0.034,0.426,10.271,10.261,0.328,2.447,0.425,2.368,0.450,0.347,0.401,-0.042,1.87,-2.82,153.09,4.31,-2.42,0.255,0.041,-0.035,1547,1475,1475,1530,10.00,10.06,9.73,9.68
1787304091.875,22.609,True,1,1.649,1.620,0.034,0.438,10.283,10.273,0.328,2.447,0.425,2.371,0.449,0.347,0.401,-0.042,1.87,-2.82,153.09,4.32,-2.43,0.255,0.040,-0.035,1547,1475,1475,1531,10.00,10.06,19.73,19.68
1787304091.886,22.619,True,1,1.653,1.623,0.015,0.496,10.337,10.327,0.330,2.454,0.423,2.374,0.448,0.348,0.392,-0.072,2.05,-3.92,152.24,4.03,-2.43,0.207,0.156,-0.003,1542,1462,1479,1533,10.00,10.06,-0.26,-0.21
1787304091.895,22.629,True,1,1.653,1.626,0.015,0.507,10.349,10.339,0.330,2.454,0.423,2.376,0.448,0.348,0.392,-0.072,2.05,-3.92,152.24,4.03,-2.45,0.207,0.155,-0.002,1542,1462,1479,1533,10.00,10.06,9.74,9.79
1787304091.905,22.639,True,1,1.653,1.629,0.015,0.519,10.361,10.351,0.330,2.454,0.423,2.379,0.447,0.348,0.392,-0.072,2.05,-3.92,152.24,4.03,-2.46,0.208,0.153,-0.002,1542,1463,1479,1533,10.00,10.06,19.75,19.79
1787304091.916,22.649,True,1,1.656,1.632,0.038,0.446,10.287,10.272,0.328,2.465,0.421,2.382,0.446,0.350,0.372,-0.053,2.54,-4.77,151.47,4.18,-2.18,0.174,0.273,0.025,1539,1450,1523,1531,10.00,10.06,-0.21,-0.17
1787304091.925,22.659,True,1,1.656,1.635,0.038,0.457,10.299,10.284,0.328,2.465,0.421,2.385,0.445,0.350,0.372,-0.053,2.54,-4.77,151.47,4.18,-2.19,0.174,0.271,0.025,1539,1450,1523,1531,10.00,10.06,9.79,9.84
1787304091.935,22.669,True,1,1.656,1.638,0.038,0.469,10.311,10.296,0.329,2.465,0.421,2.387,0.444,0.350,0.372,-0.053,2.54,-4.77,151.47,4.18,-2.21,0.175,0.270,0.025,1539,1450,1523,1531,10.00,10.06,19.79,19.83
1787304091.945,22.679,True,1,1.656,1.641,0.038,0.481,10.323,10.308,0.329,2.465,0.421,2.390,0.444,0.350,0.372,-0.053,2.54,-4.77,151.47,4.18,-2.22,0.175,0.268,0.025,1539,1450,1523,1532,10.00,10.06,29.79,29.84
1787304091.955,22.689,True,1,1.656,1.644,0.038,0.493,10.335,10.321,0.329,2.465,0.421,2.392,0.443,0.350,0.372,-0.053,2.54,-4.77,151.47,4.19,-2.23,0.175,0.267,0.025,1539,1450,1523,1532,10.00,10.06,39.79,39.83
1787304091.966,22.700,True,1,1.668,1.647,0.074,0.354,10.197,10.171,0.325,2.484,0.417,2.395,0.442,0.354,0.360,-0.028,3.17,-5.90,150.47,4.46,-1.98,0.143,0.414,0.057,1535,1434,1527,1527,10.00,10.06,-0.30,-0.35
1787304091.975,22.709,True,1,1.668,1.650,0.074,0.365,10.209,10.182,0.325,2.484,0.417,2.398,0.441,0.354,0.360,-0.028,3.33,-6.01,150.27,4.47,-1.99,0.128,0.426,0.064,1534,1433,1528,1527,10.00,10.06,-0.07,9.65
1787304091.985,22.719,True,1,1.668,1.653,0.074,0.377,10.221,10.194,0.325,2.484,0.417,2.401,0.440,0.354,0.360,-0.028,3.33,-6.01,150.27,4.47,-2.00,0.128,0.424,0.064,1534,1433,1528,1528,10.00,10.06,9.93,19.65
1787304091.995,22.729,True,1,1.668,1.656,0.074,0.389,10.233,10.206,0.326,2.484,0.417,2.404,0.440,0.354,0.360,-0.028,3.33,-6.01,150.27,4.47,-2.02,0.129,0.423,0.064,1534,1434,1528,1528,10.00,10.06,19.93,29.65
1787304092.005,22.739,True,1,1.668,1.659,0.074,0.401,10.245,10.219,0.326,2.484,0.417,2.407,0.439,0.354,0.360,-0.028,3.33,-6.01,150.27,4.48,-2.03,0.129,0.421,0.064,1534,1434,1528,1529,10.00,10.06,29.93,39.65
1787304092.015,22.749,True,1,1.668,1.662,0.074,0.413,10.257,10.231,0.327,2.484,0.417,2.409,0.438,0.354,0.360,-0.028,3.33,-6.01,150.27,4.48,-2.05,0.129,0.420,0.064,1534,1434,1528,1529,10.00,10.06,39.94,49.65
1787304092.025,22.759,True,1,1.668,1.665,0.074,0.425,10.270,10.243,0.327,2.484,0.417,2.412,0.437,0.354,0.360,-0.028,3.33,-6.01,150.27,4.48,-2.06,0.130,0.418,0.064,1534,1434,1528,1530,10.00,10.06,49.94,59.65
1787304092.035,22.769,True,1,1.668,1.668,0.074,0.437,10.282,10.256,0.327,2.484,0.417,2.414,0.437,0.354,0.360,-0.028,3.33,-6.01,150.27,4.48,-2.07,0.130,0.417,0.065,1534,1434,1528,1530,10.00,10.06,59.94,69.65
1787304092.046,22.780,True,1,1.687,1.671,0.092,0.315,10.153,10.115,0.323,2.508,0.411,2.417,0.436,0.362,0.296,-0.024,4.88,-6.36,148.82,4.29,-1.42,-0.045,0.528,0.107,1474,1423,1534,1525,10.00,10.06,-0.49,-0.56
1787304092.055,22.789,True,1,1.687,1.674,0.092,0.327,10.165,10.127,0.323,2.508,0.411,2.420,0.435,0.362,0.296,-0.024,4.88,-6.36,148.82,4.29,-1.44,-0.045,0.526,0.107,1475,1423,1534,1525,10.00,10.06,9.50,9.44
1787304092.065,22.799,True,1,1.687,1.677,0.092,0.339,10.177,10.140,0.324,2.508,0.411,2.423,0.434,0.362,0.296,-0.024,4.88,-6.36,148.82,4.30,-1.46,-0.044,0.524,0.107,1475,1423,1534,1526,10.00,10.06,19.51,19.44
1787304092.075,22.809,True,1,1.687,1.680,0.092,0.350,10.189,10.152,0.324,2.508,0.411,2.426,0.433,0.362,0.296,-0.024,4.88,-6.36,148.82,4.30,-1.47,-0.044,0.522,0.107,1475,1423,1534,1526,10.00,10.06,29.50,29.44
1787304092.085,22.819,True,1,1.687,1.683,0.092,0.362,10.201,10.164,0.324,2.508,0.411,2.429,0.433,0.362,0.296,-0.024,4.88,-6.36,148.82,4.31,-1.49,-0.043,0.521,0.107,1475,1423,1534,1527,10.00,10.06,39.50,39.44
1787304092.095,22.829,True,1,1.687,1.686,0.092,0.374,10.213,10.177,0.325,2.508,0.411,2.431,0.432,0.362,0.296,-0.024,4.88,-6.36,148.82,4.31,-1.51,-0.043,0.519,0.107,1475,1423,1534,1527,10.00,10.06,49.51,49.44
1787304092.105,22.839,True,1,1.687,1.689,0.092,0.386,10.226,10.189,0.325,2.508,0.411,2.434,0.431,0.362,0.296,-0.024,4.88,-6.36,148.82,4.31,-1.52,-0.043,0.518,0.108,1475,1424,1534,1528,10.00,10.06,59.50,59.44
1787304092.115,22.849,True,1,1.687,1.692,0.092,0.398,10.238,10.201,0.326,2.508,0.411,2.436,0.431,0.362,0.296,-0.024,4.88,-6.36,148.82,4.32,-1.53,-0.042,0.516,0.108,1475,1424,1534,1528,10.00,10.06,69.50,69.44
1787304092.126,22.860,True,1,1.704,1.695,0.106,0.299,10.132,10.099,0.322,2.524,0.407,2.439,0.430,0.367,0.233,-0.032,6.17,-5.14,147.79,3.99,-0.99,-0.210,0.453,0.149,1456,1430,1540,1524,10.00,10.06,-0.57,-0.50
1787304092.135,22.869,True,1,1.704,1.698,0.106,0.311,10.144,10.111,0.323,2.524,0.407,2.442,0.429,0.367,0.233,-0.032,6.17,-5.14,147.79,4.00,-1.01,-0.210,0.451,0.149,1456,1431,1540,1525,10.00,10.06,9.44,9.50
1787304092.145,22.879,True,1,1.704,1.701,0.106,0.323,10.156,10.123,0.323,2.524,0.407,2.445,0.428,0.367,0.233,-0.032,6.17,-5.14,147.79,4.00,-1.02,-0.209,0.450,0.149,1456,1431,1540,1525,9.99,10.06,19.43,19.49
1787304092.155,22.889,True,1,1.704,1.704,0.106,0.335,10.169,10.135,0.323,2.524,0.407,2.448,0.427,0.367,0.233,-0.032,6.17,-5.14,147.79,4.00,-1.04,-0.209,0.448,0.149,1456,1431,1540,1526,10.00,10.06,29.43,29.49
1787304092.165,22.899,True,1,1.704,1.707,0.106,0.347,10.181,10.148,0.324,2.524,0.407,2.450,0.427,0.367,0.233,-0.032,6.17,-5.14,147.79,4.01,-1.06,-0.208,0.446,0.149,1457,1431,1540,1526,10.00,10.06,39.44,39.50
1787304092.175,22.909,True,1,1.704,1.710,0.106,0.359,10.193,10.160,0.324,2.524,0.407,2.453,0.426,0.367,0.233,-0.032,6.17,-5.14,147.79,4.01,-1.07,-0.208,0.445,0.150,1457,1431,1540,1527,10.00,10.06,49.44,49.50
1787304092.185,22.919,True,1,1.704,1.713,0.106,0.372,10.205,10.173,0.325,2.524,0.407,2.455,0.425,0.367,0.233,-0.032,6.17,-5.14,147.79,4.02,-1.08,-0.208,0.443,0.150,1457,1431,1540,1527,10.00,10.07,59.44,59.50
1787304092.195,22.929,True,1,1.704,1.716,0.106,0.384,10.217,10.185,0.325,2.524,0.407,2.457,0.425,0.367,0.233,-0.032,6.17,-5.14,147.79,4.02,-1.10,-0.207,0.442,0.150,1457,1431,1540,1528,10.00,10.06,69.44,69.50
1787304092.206,22.940,True,1,1.730,1.719,0.118,0.258,10.086,10.059,0.321,2.538,0.401,2.460,0.424,0.370,0.170,-0.046,6.79,-3.34,147.37,3.62,-0.64,-0.319,0.307,0.180,1445,1446,1545,1523,10.00,10.06,-0.54,-0.59
1787304092.215,22.949,True,1,1.730,1.722,0.118,0.270,10.098,10.071,0.321,2.538,0.401,2.463,0.423,0.370,0.170,-0.046,6.79,-3.34,147.37,3.63,-0.65,-0.319,0.305,0.181,1445,1446,1545,1524,10.00,10.06,9.46,9.40
1787304092.225,22.959,True,1,1.730,1.725,0.118,0.282,10.110,10.083,0.322,2.538,0.401,2.465,0.423,0.370,0.170,-0.046,6.79,-3.34,147.37,3.63,-0.67,-0.318,0.304,0.181,1445,1446,1545,1524,10.00,10.06,19.46,19.41
1787304092.235,22.969,True,1,1.730,1.728,0.118,0.294,10.122,10.096,0.322,2.538,0.401,2.468,0.422,0.370,0.170,-0.046,6.79,-3.34,147.37,3.64,-0.68,-0.318,0.302,0.181,1445,1446,1545,1524,10.00,10.06,29.46,29.40
1787304092.245,22.979,True,1,1.730,1.731,0.118,0.306,10.134,10.108,0.323,2.538,0.401,2.470,0.421,0.370,0.170,-0.046,6.79,-3.34,147.37,3.64,-0.70,-0.317,0.301,0.181,1445,1447,1545,1525,10.00,10.06,39.46,39.40
1787304092.255,22.989,True,1,1.730,1.734,0.118,0.318,10.146,10.120,0.323,2.538,0.401,2.472,0.420,0.370,0.170,-0.046,6.79,-3.34,147.37,3.64,-0.71,-0.317,0.299,0.181,1445,1447,1545,1525,10.00,10.06,49.46,49.41
1787304092.265,22.999,True,1,1.730,1.737,0.118,0.330,10.158,10.132,0.323,2.538,0.401,2.474,0.420,0.370,0.170,-0.046,6.79,-3.34,147.37,3.65,-0.73,-0.317,0.298,0.181,1445,1447,1545,1526,10.00,10.06,59.46,59.41
1787304092.276,23.010,True,1,1.751,1.740,0.129,0.225,10.048,10.029,0.320,2.547,0.395,2.477,0.419,0.371,0.137,-0.078,6.54,-1.85,147.43,3.24,-0.64,-0.339,0.150,0.197,1442,1463,1547,1522,10.00,10.06,-0.47,-0.52
1787304092.285,23.019,True,1,1.751,1.743,0.129,0.237,10.060,10.041,0.320,2.547,0.395,2.479,0.418,0.371,0.137,-0.078,6.54,-1.85,147.43,3.24,-0.65,-0.339,0.148,0.197,1442,1463,1547,1522,10.00,10.06,9.53,9.49
1787304092.295,23.029,True,1,1.751,1.746,0.129,0.249,10.072,10.053,0.321,2.547,0.395,2.481,0.417,0.371,0.137,-0.078,6.54,-1.85,147.43,3.24,-0.67,-0.338,0.147,0.198,1442,1463,1547,1523,10.00,10.06,19.53,19.48
1787304092.305,23.039,True,1,1.751,1.749,0.129,0.261,10.084,10.065,0.321,2.547,0.395,2.484,0.417,0.371,0.137,-0.078,6.54,-1.85,147.43,3.25,-0.68,-0.338,0.145,0.198,1443,1463,1547,1523,10.00,10.06,29.53,29.49
1787304092.315,23.049,True,1,1.751,1.752,0.129,0.273,10.096,10.078,0.322,2.547,0.395,2.486,0.416,0.371,0.137,-0.078,6.54,-1.85,147.43,3.25,-0.70,-0.338,0.144,0.198,1443,1464,1547,1524,10.00,10.06,39.53,39.48
1787304092.325,23.059,True,1,1.751,1.755,0.129,0.285,10.108,10.090,0.322,2.547,0.395,2.488,0.415,0.371,0.137,-0.078,6.54,-1.85,147.43,3.26,-0.71,-0.337,0.143,0.198,1443,1464,1547,1524,10.00,10.06,49.53,49.48
1787304092.335,23.069,True,1,1.751,1.758,0.129,0.297,10.121,10.102,0.322,2.547,0.395,2.490,0.414,0.371,0.137,-0.078,6.54,-1.85,147.43,3.26,-0.72,-0.337,0.141,0.198,1443,1464,1547,1525,10.00,10.06,59.53,59.48
1787304092.345,23.079,True,1,1.751,1.761,0.129,0.309,10.133,10.114,0.323,2.547,0.395,2.492,0.414,0.371,0.137,-0.078,6.54,-1.85,147.43,3.26,-0.73,-0.337,0.140,0.198,1443,1464,1547,1525,10.00,10.06,69.53,69.49
1787304092.355,23.089,True,1,1.751,1.764,0.129,0.321,10.145,10.126,0.323,2.547,0.395,2.494,0.413,0.371,0.137,-0.078,6.54,-1.85,147.43,3.27,-0.75,-0.336,0.139,0.198,1443,1464,1547,1525,10.00,10.06,79.53,79.49
1787304092.366,23.100,True,1,1.771,1.767,0.131,0.247,10.067,10.050,0.321,2.554,0.385,2.496,0.412,0.368,0.115,-0.125,5.93,0.13,148.39,2.76,-0.88,-0.333,-0.088,0.181,1443,1529,1545,1523,10.00,10.06,-0.58,-0.63
1787304092.375,23.109,True,1,1.771,1.770,0.131,0.259,10.079,10.063,0.321,2.554,0.385,2.498,0.411,0.368,0.115,-0.125,5.76,0.35,148.63,2.75,-0.91,-0.316,-0.115,0.173,1445,1532,1544,1523,10.00,10.06,-0.07,9.37
1787304092.385,23.119,True,1,1.771,1.773,0.131,0.271,10.091,10.075,0.322,2.554,0.385,2.499,0.410,0.368,0.115,-0.125,5.76,0.35,148.63,2.76,-0.92,-0.316,-0.116,0.173,1445,1532,1544,1524,10.00,10.06,9.94,19.37
1787304092.395,23.129,True,1,1.771,1.776,0.131,0.283,10.103,10.087,0.322,2.554,0.385,2.501,0.410,0.368,0.115,-0.125,5.76,0.35,148.63,2.76,-0.93,-0.315,-0.118,0.173,1445,1533,1544,1524,10.00,10.06,19.93,29.37
1787304092.405,23.139,True,1,1.771,1.779,0.131,0.295,10.115,10.099,0.322,2.554,0.385,2.503,0.409,0.368,0.115,-0.125,5.76,0.35,148.63,2.76,-0.95,-0.315,-0.119,0.173,1445,1533,1544,1524,10.00,10.06,29.94,39.37
1787304092.415,23.149,True,1,1.771,1.782,0.131,0.308,10.127,10.111,0.323,2.554,0.385,2.505,0.408,0.368,0.115,-0.125,5.76,0.35,148.63,2.76,-0.96,-0.315,-0.120,0.174,1445,1533,1544,1525,10.00,10.06,39.94,49.37
1787304092.425,23.159,True,1,1.771,1.785,0.131,0.320,10.140,10.123,0.323,2.554,0.385,2.506,0.407,0.368,0.115,-0.125,5.76,0.35,148.63,2.76,-0.97,-0.315,-0.121,0.174,1445,1533,1544,1525,10.00,10.06,49.93,59.37
1787304092.435,23.169,True,1,1.771,1.788,0.131,0.332,10.152,10.135,0.323,2.554,0.385,2.508,0.406,0.368,0.115,-0.125,5.76,0.35,148.63,2.77,-0.98,-0.314,-0.122,0.174,1445,1533,1544,1526,10.00,10.06,59.94,69.37
1787304092.446,23.180,True,1,1.787,1.791,0.123,0.306,10.124,10.105,0.323,2.562,0.370,2.510,0.405,0.362,0.114,-0.164,4.84,1.22,149.96,2.40,-1.25,-0.258,-0.249,0.124,1451,1547,1537,1525,10.00,10.06,-0.50,-0.56
1787304092.455,23.189,True,1,1.787,1.794,0.123,0.318,10.136,10.117,0.323,2.562,0.370,2.511,0.404,0.362,0.114,-0.164,4.84,1.22,149.96,2.40,-1.26,-0.258,-0.250,0.124,1451,1547,1537,1525,10.01,10.07,9.51,9.45
1787304092.465,23.199,True,1,1.787,1.797,0.123,0.330,10.148,10.129,0.323,2.562,0.370,2.513,0.403,0.362,0.114,-0.164,4.84,1.22,149.96,2.40,-1.27,-0.258,-0.251,0.124,1451,1547,1537,1526,9.99,10.06,19.50,19.44
1787304092.475,23.209,True,1,1.787,1.800,0.123,0.342,10.160,10.141,0.324,2.562,0.370,2.515,0.402,0.362,0.114,-0.164,4.84,1.22,149.96,2.40,-1.29,-0.258,-0.253,0.124,1451,1547,1537,1526,10.00,10.06,29.50,29.44
1787304092.485,23.219,True,1,1.787,1.803,0.123,0.354,10.172,10.153,0.324,2.562,0.370,2.516,0.401,0.362,0.114,-0.164,4.84,1.22,149.96,2.40,-1.30,-0.258,-0.254,0.124,1451,1547,1537,1526,10.01,10.07,39.51,39.45
1787304092.495,23.229,True,1,1.787,1.806,0.123,0.366,10.185,10.166,0.324,2.562,0.370,2.518,0.400,0.362,0.114,-0.164,4.84,1.22,149.96,2.40,-1.31,-0.258,-0.255,0.124,1451,1547,1537,1527,9.99,10.06,49.50,49.44
1787304092.505,23.239,True,1,1.787,1.809,0.123,0.379,10.197,10.178,0.325,2.562,0.370,2.519,0.399,0.362,0.114,-0.164,4.84,1.22,149.96,2.41,-1.32,-0.258,-0.256,0.124,1451,1548,1537,1527,10.00,10.06,59.50,59.44
1787304092.515,23.249,True,1,1.787,1.812,0.123,0.391,10.209,10.190,0.325,2.562,0.370,2.521,0.398,0.362,0.114,-0.164,4.84,1.22,149.96,2.41,-1.33,-0.258,-0.257,0.125,1451,1548,1537,1528,10.00,10.06,69.50,69.44
1787304092.526,23.260,True,1,1.796,1.815,0.114,0.392,10.210,10.186,0.325,2.568,0.356,2.522,0.396,0.355,0.136,-0.201,3.59,1.90,152.10,2.13,-1.81,-0.153,-0.387,0.033,1463,1562,1524,1528,10.01,10.07,-0.64,-0.59
1787304092.535,23.269,True,1,1.796,1.818,0.114,0.404,10.223,10.198,0.325,2.568,0.356,2.524,0.395,0.355,0.136,-0.201,3.59,1.90,152.10,2.13,-1.82,-0.153,-0.389,0.034,1463,1562,1524,1528,10.00,10.07,9.36,9.41
1787304092.545,23.279,True,1,1.796,1.821,0.114,0.416,10.235,10.210,0.326,2.568,0.356,2.525,0.394,0.355,0.136,-0.201,3.59,1.90,152.10,2.13,-1.83,-0.154,-0.390,0.034,1462,1562,1524,1528,9.99,10.06,19.35,19.40
1787304092.555,23.289,True,1,1.796,1.824,0.114,0.428,10.247,10.222,0.326,2.568,0.356,2.527,0.392,0.355,0.136,-0.201,3.59,1.90,152.10,2.13,-1.84,-0.154,-0.391,0.034,1462,1562,1524,1529,10.02,10.08,29.37,29.42
1787304092.565,23.299,True,1,1.796,1.827,0.114,0.441,10.260,10.234,0.327,2.568,0.356,2.528,0.391,0.355,0.136,-0.201,3.59,1.90,152.10,2.13,-1.85,-0.154,-0.392,0.034,1462,1562,1524,1529,9.98,10.06,39.35,39.40
1787304092.575,23.309,True,1,1.796,1.830,0.114,0.453,10.272,10.247,0.327,2.568,0.356,2.529,0.390,0.355,0.136,-0.201,3.59,1.90,152.10,2.12,-1.86,-0.154,-0.393,0.034,1462,1562,1524,1530,10.01,10.07,49.36,49.40
1787304092.585,23.319,True,1,1.796,1.833,0.114,0.465,10.284,10.259,0.327,2.568,0.356,2.531,0.389,0.355,0.136,-0.201,3.59,1.90,152.10,2.12,-1.87,-0.154,-0.394,0.034,1462,1562,1524,1530,10.00,10.06,59.35,59.40
1787304092.595,23.329,True,1,1.796,1.836,0.114,0.478,10.297,10.271,0.328,2.568,0.356,2.532,0.388,0.355,0.136,-0.201,3.59,1.90,152.10,2.12,-1.88,-0.154,-0.395,0.034,1462,1562,1524,1531,10.00,10.06,69.35,69.40
1787304092.606,23.340,True,1,1.805,1.839,0.093,0.518,10.337,10.318,0.329,2.576,0.335,2.533,0.386,0.347,0.146,-0.238,2.33,1.26,154.00,1.76,-2.21,-0.058,-0.366,-0.059,1473,1559,1471,1532,10.00,10.06,-0.57,-0.62
1787304092.615,23.349,True,1,1.805,1.842,0.093,0.530,10.349,10.330,0.330,2.576,0.335,2.535,0.384,0.347,0.146,-0.238,2.33,1.26,154.00,1.75,-2.22,-0.058,-0.367,-0.059,1473,1559,1471,1533,10.01,10.07,9.45,9.40
1787304092.625,23.359,True,1,1.805,1.845,0.093,0.542,10.362,10.342,0.330,2.576,0.335,2.536,0.383,0.347,0.146,-0.238,2.33,1.26,154.00,1.75,-2.23,-0.059,-0.368,-0.059,1473,1560,1471,1533,9.99,10.07,19.44,19.39
1787304092.636,23.369,True,1,1.808,1.848,0.077,0.594,10.414,10.398,0.332,2.580,0.326,2.538,0.381,0.344,0.152,-0.246,1.87,0.79,154.85,1.65,-2.35,-0.021,-0.332,-0.100,1477,1556,1466,1535,9.99,10.06,-0.27,-0.32
1787304092.645,23.379,True,1,1.808,1.851,0.077,0.606,10.426,10.410,0.332,2.580,0.326,2.539,0.379,0.344,0.152,-0.246,1.87,0.79,154.85,1.65,-2.36,-0.022,-0.333,-0.100,1477,1556,1466,1535,10.00,10.06,9.73,9.68
1787304092.655,23.389,True,1,1.808,1.854,0.077,0.619,10.439,10.423,0.333,2.580,0.326,2.540,0.377,0.344,0.152,-0.246,1.87,0.79,154.85,1.64,-2.37,-0.023,-0.334,-0.100,1477,1556,1466,1536,10.00,10.06,19.73,19.68
1787304092.665,23.399,True,1,1.808,1.857,0.077,0.631,10.451,10.435,0.333,2.580,0.326,2.542,0.375,0.344,0.152,-0.246,1.87,0.79,154.85,1.64,-2.38,-0.023,-0.335,-0.100,1477,1556,1466,1536,10.00,10.06,29.73,29.68
1787304092.676,23.409,True,1,1.811,1.860,0.077,0.630,10.450,10.440,0.333,2.585,0.315,2.543,0.373,0.341,0.157,-0.261,1.26,-0.08,156.00,1.47,-2.54,0.022,-0.261,-0.155,1522,1548,1458,1537,10.00,10.06,-0.27,-0.32
1787304092.685,23.419,True,1,1.811,1.863,0.077,0.642,10.463,10.453,0.334,2.585,0.315,2.544,0.371,0.341,0.157,-0.261,1.26,-0.08,156.00,1.46,-2.55,0.021,-0.262,-0.155,1522,1548,1458,1537,10.01,10.07,9.74,9.69
1787304092.695,23.429,True,1,1.811,1.866,0.077,0.655,10.475,10.465,0.334,2.585,0.315,2.546,0.370,0.341,0.157,-0.261,1.26,-0.08,156.00,1.46,-2.56,0.020,-0.264,-0.155,1522,1548,1458,1537,9.99,10.07,19.73,19.68
1787304092.705,23.439,True,1,1.811,1.869,0.077,0.667,10.488,10.478,0.334,2.585,0.315,2.547,0.368,0.341,0.157,-0.261,1.26,-0.08,156.00,1.45,-2.57,0.020,-0.265,-0.155,1522,1549,1458,1538,10.00,10.06,29.73,29.68
1787304092.716,23.449,True,1,1.813,1.872,0.089,0.635,10.456,10.450,0.334,2.588,0.306,2.548,0.366,0.339,0.162,-0.251,1.04,-0.64,156.58,1.54,-2.61,0.050,-0.209,-0.182,1525,1543,1454,1537,10.00,10.06,-0.19,-0.24
1787304092.725,23.459,True,1,1.813,1.875,0.089,0.648,10.469,10.462,0.334,2.588,0.306,2.550,0.364,0.339,0.162,-0.251,1.04,-0.64,156.58,1.53,-2.62,0.049,-0.211,-0.182,1525,1543,1454,1537,10.01,10.07,9.82,9.77
1787304092.735,23.469,True,1,1.813,1.878,0.089,0.660,10.482,10.475,0.334,2.588,0.306,2.551,0.362,0.339,0.162,-0.251,1.04,-0.64,156.58,1.53,-2.63,0.049,-0.212,-0.182,1525,1543,1454,1538,10.00,10.07,19.82,19.77
1787304092.745,23.479,True,1,1.813,1.881,0.089,0.673,10.494,10.488,0.335,2.588,0.306,2.552,0.360,0.339,0.162,-0.251,1.04,-0.64,156.58,1.52,-2.64,0.048,-0.213,-0.182,1525,1543,1454,1538,10.00,10.07,29.82,29.77
1787304092.756,23.490,True,1,1.814,1.884,0.080,0.706,10.527,10.526,0.336,2.593,0.297,2.554,0.358,0.337,0.161,-0.253,0.77,-2.03,157.91,1.43,-2.68,0.060,-0.072,-0.243,1526,1527,1446,1539,10.00,10.06,-0.37,-0.32
1787304092.765,23.499,True,1,1.814,1.887,0.080,0.719,10.540,10.539,0.336,2.593,0.297,2.555,0.356,0.337,0.161,-0.253,0.77,-2.03,157.91,1.42,-2.69,0.060,-0.073,-0.243,1526,1528,1446,1540,10.00,10.06,9.63,9.68
1787304092.775,23.509,True,1,1.814,1.890,0.080,0.732,10.553,10.552,0.337,2.593,0.297,2.556,0.354,0.337,0.161,-0.253,0.77,-2.03,157.91,1.41,-2.70,0.059,-0.074,-0.243,1526,1528,1446,1540,10.00,10.06,19.64,19.68
1787304092.785,23.519,True,1,1.814,1.893,0.080,0.744,10.566,10.565,0.337,2.593,0.297,2.557,0.352,0.337,0.161,-0.253,0.77,-2.03,157.91,1.41,-2.71,0.058,-0.075,-0.243,1526,1528,1446,1541,10.00,10.06,29.63,29.68
1787304092.795,23.529,True,1,1.814,1.896,0.080,0.757,10.579,10.577,0.338,2.593,0.297,2.559,0.350,0.337,0.161,-0.253,0.77,-2.03,157.91,1.40,-2.72,0.057,-0.076,-0.243,1526,1528,1446,1541,10.00,10.06,39.63,39.68
1787304092.805,23.539,True,1,1.814,1.899,0.080,0.770,10.592,10.590,0.338,2.593,0.297,2.560,0.348,0.337,0.161,-0.253,0.77,-2.03,157.91,1.39,-2.73,0.057,-0.077,-0.243,1526,1528,1446,1542,10.01,10.07,49.64,49.69
1787304092.815,23.549,True,1,1.814,1.902,0.080,0.783,10.605,10.603,0.338,2.593,0.297,2.561,0.347,0.337,0.161,-0.253,0.77,-2.03,157.91,1.39,-2.74,0.056,-0.078,-0.243,1526,1528,1446,1542,10.00,10.07,59.64,59.69
1787304092.826,23.560,True,1,1.820,1.905,0.084,0.762,10.583,10.580,0.338,2.602,0.279,2.562,0.344,0.334,0.144,-0.241,0.36,-3.38,159.28,1.36,-2.60,0.087,0.080,-0.304,1529,1471,1437,1541,9.99,10.06,-0.47,-0.52
1787304092.835,23.569,True,1,1.820,1.908,0.084,0.775,10.596,10.593,0.338,2.602,0.279,2.564,0.342,0.334,0.144,-0.241,0.36,-3.38,159.28,1.35,-2.61,0.086,0.079,-0.304,1529,1471,1437,1542,10.00,10.06,9.53,9.48
1787304092.845,23.579,True,1,1.820,1.911,0.078,0.804,10.625,10.621,0.339,2.603,0.276,2.565,0.340,0.334,0.145,-0.248,0.23,-3.74,159.68,1.27,-2.66,0.088,0.111,-0.321,1529,1467,1435,1543,10.00,10.06,-0.18,-0.13
1787304092.855,23.589,True,1,1.820,1.914,0.078,0.817,10.638,10.634,0.339,2.603,0.276,2.566,0.338,0.334,0.145,-0.248,0.23,-3.74,159.68,1.26,-2.67,0.087,0.110,-0.321,1529,1467,1435,1543,10.00,10.06,9.82,9.87
1787304092.865,23.599,True,1,1.820,1.917,0.078,0.830,10.651,10.647,0.340,2.603,0.276,2.567,0.336,0.334,0.145,-0.248,0.23,-3.74,159.68,1.26,-2.68,0.087,0.109,-0.321,1529,1467,1435,1544,10.00,10.06,19.82,19.87
1787304092.875,23.609,True,1,1.820,1.920,0.078,0.843,10.664,10.660,0.340,2.603,0.276,2.569,0.334,0.334,0.145,-0.248,0.23,-3.74,159.68,1.25,-2.69,0.086,0.108,-0.321,1529,1467,1435,1544,10.00,10.06,29.82,29.87
1787304092.885,23.619,True,1,1.820,1.923,0.078,0.856,10.677,10.674,0.341,2.603,0.276,2.570,0.332,0.334,0.145,-0.248,0.23,-3.74,159.68,1.24,-2.70,0.085,0.107,-0.321,1529,1468,1435,1545,10.00,10.06,39.82,39.87
1787304092.896,23.630,True,1,1.825,1.926,0.067,0.885,10.705,10.695,0.341,2.608,0.264,2.571,0.330,0.332,0.126,-0.223,0.07,-4.66,160.65,1.35,-2.47,0.104,0.228,-0.363,1531,1454,1429,1545,10.01,10.06,-0.45,-0.40
1787304092.905,23.639,True,1,1.825,1.929,0.067,0.899,10.718,10.708,0.342,2.608,0.264,2.572,0.327,0.332,0.126,-0.223,0.07,-4.66,160.65,1.34,-2.48,0.103,0.227,-0.363,1531,1454,1429,1546,10.00,10.07,9.56,9.60
1787304092.915,23.649,True,1,1.826,1.932,0.081,0.863,10.683,10.670,0.341,2.610,0.258,2.573,0.325,0.331,0.124,-0.203,0.08,-4.83,160.92,1.50,-2.43,0.117,0.251,-0.375,1532,1452,1427,1544,9.99,10.06,-0.13,-0.18
1787304092.925,23.659,True,1,1.826,1.935,0.081,0.876,10.696,10.684,0.341,2.610,0.258,2.575,0.323,0.331,0.124,-0.203,0.08,-4.83,160.92,1.49,-2.44,0.116,0.249,-0.375,1532,1452,1427,1545,10.00,10.06,9.87,9.82
1787304092.935,23.669,True,1,1.826,1.938,0.081,0.889,10.709,10.697,0.341,2.610,0.258,2.576,0.321,0.331,0.124,-0.203,0.08,-4.83,160.92,1.48,-2.45,0.115,0.248,-0.375,1532,1452,1427,1545,10.00,10.06,19.87,19.82
1787304092.945,23.679,True,1,1.826,1.941,0.081,0.902,10.722,10.710,0.342,2.610,0.258,2.577,0.319,0.331,0.124,-0.203,0.08,-4.83,160.92,1.47,-2.46,0.114,0.247,-0.375,1532,1452,1427,1546,10.00,10.06,29.87,29.82
1787304092.955,23.689,True,1,1.826,1.944,0.081,0.916,10.736,10.723,0.342,2.610,0.258,2.578,0.317,0.331,0.124,-0.203,0.08,-4.83,160.92,1.46,-2.47,0.113,0.246,-0.375,1532,1452,1427,1546,10.00,10.06,39.87,39.82
1787304092.965,23.699,True,1,1.826,1.947,0.081,0.929,10.749,10.737,0.343,2.610,0.258,2.579,0.315,0.331,0.124,-0.203,0.08,-4.83,160.92,1.45,-2.48,0.112,0.245,-0.375,1532,1453,1427,1547,10.00,10.06,49.87,49.82
1787304092.975,23.709,True,1,1.826,1.950,0.081,0.942,10.762,10.750,0.343,2.610,0.258,2.580,0.313,0.331,0.124,-0.203,0.08,-4.83,160.92,1.45,-2.49,0.111,0.244,-0.375,1532,1453,1427,1547,10.00,10.06,59.87,59.82
1787304092.985,23.719,True,1,1.826,1.953,0.081,0.955,10.776,10.764,0.344,2.610,0.258,2.581,0.311,0.331,0.124,-0.203,0.08,-4.83,160.92,1.44,-2.50,0.110,0.243,-0.375,1532,1453,1427,1548,10.00,10.06,69.87,69.82
1787304092.995,23.729,True,1,1.826,1.956,0.081,0.969,10.789,10.777,0.344,2.610,0.258,2.582,0.309,0.331,0.124,-0.203,0.08,-4.83,160.92,1.43,-2.51,0.110,0.243,-0.375,1532,1453,1427,1548,10.00,10.06,79.87,79.82
1787304093.006,23.740,True,1,1.832,1.959,0.087,0.941,10.758,10.746,0.343,2.614,0.242,2.583,0.307,0.328,0.081,-0.189,0.24,-4.58,161.56,1.40,-2.11,0.089,0.257,-0.403,1529,1451,1423,1547,10.00,10.06,-0.60,-0.65
1787304093.015,23.749,True,1,1.832,1.962,0.087,0.954,10.771,10.759,0.343,2.614,0.242,2.584,0.305,0.328,0.081,-0.189,0.24,-4.58,161.56,1.39,-2.12,0.088,0.256,-0.403,1529,1451,1423,1548,10.00,10.06,9.40,9.35
1787304093.025,23.759,True,1,1.832,1.965,0.087,0.967,10.785,10.773,0.344,2.614,0.242,2.585,0.303,0.328,0.081,-0.189,0.24,-4.58,161.56,1.38,-2.13,0.087,0.255,-0.403,1529,1452,1423,1548,10.00,10.06,19.40,19.35
1787304093.035,23.769,True,1,1.832,1.968,0.087,0.981,10.798,10.786,0.344,2.614,0.242,2.586,0.301,0.328,0.081,-0.189,0.24,-4.58,161.56,1.37,-2.14,0.086,0.254,-0.403,1529,1452,1423,1548,10.00,10.06,29.40,29.35
1787304093.045,23.779,True,1,1.832,1.971,0.087,0.994,10.811,10.800,0.345,2.614,0.242,2.587,0.299,0.328,0.081,-0.189,0.24,-4.58,161.56,1.36,-2.15,0.085,0.253,-0.403,1529,1452,1423,1549,10.00,10.06,39.40,39.35
1787304093.056,23.790,True,1,1.835,1.974,0.113,0.921,10.737,10.730,0.342,2.615,0.234,2.588,0.297,0.325,0.061,-0.166,0.56,-3.80,161.61,1.50,-1.92,0.071,0.193,-0.407,1527,1458,1423,1547,10.00,10.06,-0.29,-0.34
1787304093.065,23.799,True,1,1.835,1.977,0.113,0.934,10.751,10.744,0.343,2.615,0.234,2.589,0.294,0.325,0.061,-0.166,0.56,-3.80,161.61,1.49,-1.93,0.070,0.192,-0.407,1527,1458,1423,1547,10.00,10.06,9.71,9.66
1787304093.075,23.809,True,1,1.835,1.980,0.113,0.948,10.764,10.757,0.343,2.615,0.234,2.590,0.292,0.325,0.061,-0.166,0.56,-3.80,161.61,1.48,-1.94,0.069,0.191,-0.407,1527,1458,1423,1547,10.00,10.06,19.71,19.66
1787304093.086,23.819,True,1,1.837,1.983,0.107,0.968,10.783,10.781,0.344,2.615,0.227,2.591,0.290,0.323,0.052,-0.171,1.00,-3.04,161.49,1.40,-1.89,0.021,0.113,-0.402,1522,1467,1424,1548,10.00,10.06,-0.27,-0.32
1787304093.095,23.829,True,1,1.837,1.986,0.107,0.981,10.797,10.794,0.345,2.615,0.227,2.591,0.288,0.323,0.052,-0.171,1.00,-3.04,161.49,1.39,-1.90,0.020,0.112,-0.402,1522,1467,1424,1549,10.00,10.06,9.73,9.68
1787304093.105,23.839,True,1,1.837,1.989,0.107,0.995,10.810,10.808,0.345,2.615,0.227,2.592,0.286,0.323,0.052,-0.171,1.00,-3.04,161.49,1.38,-1.91,0.019,0.112,-0.402,1522,1467,1424,1549,10.00,10.06,19.74,19.69
1787304093.115,23.849,True,1,1.837,1.992,0.107,1.008,10.824,10.822,0.345,2.615,0.227,2.593,0.284,0.323,0.052,-0.171,1.00,-3.04,161.49,1.37,-1.91,0.018,0.111,-0.402,1521,1467,1424,1550,10.00,10.06,29.73,29.68
1787304093.125,23.859,True,1,1.837,1.995,0.107,1.022,10.838,10.835,0.346,2.615,0.227,2.594,0.282,0.323,0.052,-0.171,1.00,-3.04,161.49,1.36,-1.92,0.017,0.110,-0.402,1521,1467,1424,1550,10.00,10.06,39.74,39.69
1787304093.135,23.869,True,1,1.837,1.998,0.107,1.035,10.851,10.849,0.346,2.615,0.227,2.594,0.280,0.323,0.052,-0.171,1.00,-3.04,161.49,1.36,-1.93,0.016,0.109,-0.402,1521,1467,1424,1551,10.00,10.06,49.73,49.68
1787304093.146,23.880,True,1,1.841,2.001,0.139,0.937,10.752,10.751,0.343,2.615,0.218,2.595,0.278,0.319,0.039,-0.176,1.97,-1.62,160.93,1.30,-1.83,-0.081,-0.035,-0.375,1470,1523,1427,1547,10.00,10.06,-0.37,-0.42
1787304093.155,23.889,True,1,1.841,2.004,0.139,0.951,10.766,10.765,0.344,2.615,0.218,2.596,0.276,0.319,0.039,-0.176,1.97,-1.62,160.93,1.29,-1.84,-0.082,-0.036,-0.375,1470,1523,1427,1548,10.00,10.06,9.63,9.58
1787304093.165,23.899,True,1,1.842,2.007,0.145,0.943,10.757,10.755,0.343,2.615,0.216,2.596,0.274,0.318,0.029,-0.179,2.24,-1.16,160.67,1.23,-1.77,-0.114,-0.078,-0.362,1467,1528,1429,1547,10.00,10.06,-0.18,-0.13
1787304093.175,23.909,True,1,1.842,2.010,0.145,0.957,10.771,10.769,0.344,2.615,0.216,2.597,0.272,0.318,0.029,-0.179,2.24,-1.16,160.67,1.22,-1.78,-0.115,-0.079,-0.362,1467,1528,1429,1548,10.00,10.06,9.82,9.87
1787304093.185,23.919,True,1,1.842,2.013,0.145,0.971,10.785,10.782,0.344,2.615,0.216,2.598,0.271,0.318,0.029,-0.179,2.24,-1.16,160.67,1.21,-1.79,-0.116,-0.080,-0.362,1467,1528,1429,1548,10.01,10.07,19.83,19.88
1787304093.195,23.929,True,1,1.842,2.016,0.145,0.984,10.799,10.796,0.345,2.615,0.216,2.598,0.269,0.318,0.029,-0.179,2.24,-1.16,160.67,1.20,-1.79,-0.117,-0.081,-0.362,1467,1528,1429,1549,10.00,10.06,29.82,29.87
1787304093.205,23.939,True,1,1.842,2.019,0.145,0.998,10.812,10.810,0.345,2.615,0.216,2.599,0.267,0.318,0.029,-0.179,2.24,-1.16,160.67,1.19,-1.80,-0.118,-0.081,-0.362,1466,1529,1429,1549,10.00,10.06,39.82,39.87
1787304093.215,23.949,True,1,1.842,2.022,0.145,1.012,10.826,10.824,0.345,2.615,0.216,2.599,0.265,0.318,0.029,-0.179,2.24,-1.16,160.67,1.18,-1.81,-0.119,-0.082,-0.362,1466,1529,1429,1550,10.00,10.06,49.82,49.87
1787304093.225,23.959,True,1,1.842,2.025,0.145,1.026,10.840,10.838,0.346,2.615,0.216,2.600,0.264,0.318,0.029,-0.179,2.24,-1.16,160.67,1.17,-1.81,-0.119,-0.083,-0.362,1466,1529,1429,1550,10.00,10.06,59.82,59.87
1787304093.235,23.969,True,1,1.842,2.028,0.145,1.040,10.854,10.851,0.346,2.615,0.216,2.600,0.262,0.318,0.029,-0.179,2.24,-1.16,160.67,1.17,-1.82,-0.120,-0.084,-0.362,1466,1529,1429,1551,10.00,10.06,69.82,69.87
1787304093.245,23.979,True,1,1.842,2.031,0.145,1.053,10.868,10.865,0.347,2.615,0.216,2.601,0.260,0.318,0.029,-0.179,2.24,-1.16,160.67,1.16,-1.83,-0.121,-0.084,-0.362,1466,1529,1429,1551,10.00,10.06,79.82,79.87
1787304093.256,23.990,True,1,1.850,2.034,0.178,0.938,10.751,10.739,0.343,2.613,0.200,2.601,0.258,0.311,0.002,-0.208,3.12,-0.34,159.24,0.86,-1.68,-0.238,-0.157,-0.294,1453,1537,1439,1547,10.00,10.06,-0.67,-0.62
1787304093.265,23.999,True,1,1.850,2.037,0.178,0.952,10.765,10.753,0.343,2.613,0.200,2.601,0.256,0.311,0.002,-0.208,3.12,-0.34,159.24,0.85,-1.69,-0.239,-0.158,-0.294,1453,1537,1439,1547,10.00,10.06,9.33,9.38
1787304093.275,24.009,True,1,1.850,2.040,0.178,0.966,10.779,10.767,0.344,2.613,0.200,2.602,0.255,0.311,0.002,-0.208,3.12,-0.34,159.24,0.84,-1.69,-0.240,-0.158,-0.294,1453,1537,1439,1548,10.00,10.06,19.33,19.38
1787304093.285,24.019,True,1,1.850,2.043,0.178,0.980,10.793,10.781,0.344,2.613,0.200,2.602,0.253,0.311,0.002,-0.208,3.12,-0.34,159.24,0.83,-1.70,-0.241,-0.159,-0.294,1453,1537,1439,1548,10.00,10.06,29.33,29.38
1787304093.295,24.029,True,1,1.850,2.046,0.178,0.994,10.807,10.795,0.345,2.613,0.200,2.603,0.251,0.311,0.002,-0.208,3.12,-0.34,159.24,0.82,-1.71,-0.242,-0.160,-0.294,1453,1537,1439,1549,10.00,10.06,39.33,39.38
1787304093.305,24.039,True,1,1.850,2.049,0.178,1.008,10.821,10.809,0.345,2.613,0.200,2.603,0.249,0.311,0.002,-0.208,3.12,-0.34,159.24,0.82,-1.71,-0.243,-0.160,-0.294,1453,1537,1439,1549,10.00,10.06,49.33,49.38
1787304093.315,24.049,True,1,1.850,2.052,0.178,1.022,10.835,10.823,0.345,2.613,0.200,2.603,0.248,0.311,0.002,-0.208,3.12,-0.34,159.24,0.81,-1.72,-0.244,-0.161,-0.294,1453,1537,1439,1550,10.00,10.06,59.33,59.38
1787304093.325,24.059,True,1,1.850,2.055,0.178,1.036,10.849,10.837,0.346,2.613,0.200,2.604,0.246,0.311,0.002,-0.208,3.12,-0.34,159.24,0.80,-1.72,-0.244,-0.161,-0.294,1453,1537,1439,1550,10.00,10.06,69.33,69.38
1787304093.336,24.070,True,1,1.861,2.058,0.223,0.867,10.680,10.672,0.341,2.609,0.180,2.604,0.244,0.302,-0.001,-0.203,2.76,-0.47,157.35,0.89,-1.68,-0.197,-0.137,-0.214,1458,1535,1450,1544,10.00,10.06,-0.55,-0.60
1787304093.345,24.079,True,1,1.861,2.061,0.223,0.881,10.694,10.685,0.341,2.609,0.180,2.604,0.242,0.302,-0.001,-0.203,2.76,-0.47,157.35,0.88,-1.69,-0.198,-0.138,-0.214,1458,1535,1450,1545,10.01,10.07,9.46,9.41
1787304093.355,24.089,True,1,1.861,2.064,0.223,0.895,10.708,10.699,0.341,2.609,0.180,2.604,0.240,0.302,-0.001,-0.203,2.76,-0.47,157.35,0.87,-1.70,-0.199,-0.139,-0.214,1458,1535,1450,1545,9.99,10.06,19.45,19.40
1787304093.366,24.099,True,1,1.866,2.067,0.221,0.896,10.708,10.701,0.342,2.607,0.173,2.604,0.237,0.299,-0.003,-0.215,2.55,-0.55,156.77,0.77,-1.73,-0.188,-0.132,-0.189,1459,1534,1453,1545,10.00,10.06,-0.19,-0.24
1787304093.375,24.109,True,1,1.866,2.070,0.221,0.910,10.722,10.715,0.342,2.607,0.173,2.604,0.235,0.299,-0.003,-0.215,2.55,-0.55,156.77,0.76,-1.73,-0.189,-0.132,-0.189,1459,1534,1453,1546,10.00,10.06,9.81,9.76
1787304093.385,24.119,True,1,1.866,2.073,0.221,0.924,10.736,10.729,0.342,2.607,0.173,2.604,0.233,0.299,-0.003,-0.215,2.55,-0.55,156.77,0.75,-1.74,-0.191,-0.133,-0.189,1458,1534,1453,1546,10.00,10.06,19.81,19.76
1787304093.395,24.129,True,1,1.866,2.076,0.221,0.938,10.750,10.743,0.343,2.607,0.173,2.605,0.231,0.299,-0.003,-0.215,2.55,-0.55,156.77,0.74,-1.74,-0.192,-0.134,-0.189,1458,1534,1453,1547,10.00,10.06,29.81,29.76
1787304093.406,24.139,True,1,1.873,2.079,0.241,0.867,10.678,10.673,0.341,2.604,0.162,2.604,0.229,0.293,-0.029,-0.248,2.04,-0.76,155.52,0.38,-1.65,-0.176,-0.099,-0.137,1460,1530,1460,1545,10.00,10.06,-0.27,-0.31
1787304093.415,24.149,True,1,1.873,2.082,0.241,0.881,10.692,10.687,0.341,2.604,0.162,2.604,0.227,0.293,-0.029,-0.248,2.04,-0.76,155.52,0.37,-1.66,-0.177,-0.099,-0.137,1460,1530,1460,1545,10.00,10.06,9.74,9.69
1787304093.425,24.159,True,1,1.874,2.085,0.247,0.869,10.680,10.679,0.341,2.603,0.159,2.604,0.224,0.292,-0.019,-0.226,1.46,-1.09,154.39,0.62,-1.65,-0.090,-0.062,-0.089,1469,1526,1467,1545,10.00,10.06,-0.17,-0.12
1787304093.435,24.169,True,1,1.874,2.088,0.247,0.883,10.695,10.693,0.341,2.603,0.159,2.604,0.222,0.292,-0.019,-0.226,1.46,-1.09,154.39,0.61,-1.66,-0.091,-0.062,-0.089,1469,1526,1467,1545,10.00,10.06,9.83,9.88
1787304093.445,24.179,True,1,1.874,2.091,0.247,0.897,10.709,10.707,0.342,2.603,0.159,2.604,0.220,0.292,-0.019,-0.226,1.46,-1.09,154.39,0.60,-1.67,-0.092,-0.063,-0.089,1469,1526,1467,1546,10.00,10.06,19.83,19.88
1787304093.455,24.189,True,1,1.874,2.094,0.247,0.911,10.723,10.721,0.342,2.603,0.159,2.604,0.218,0.292,-0.019,-0.226,1.46,-1.09,154.39,0.59,-1.67,-0.093,-0.063,-0.089,1469,1527,1467,1546,10.00,10.06,29.83,29.88
1787304093.465,24.199,True,1,1.874,2.097,0.247,0.925,10.737,10.735,0.343,2.603,0.159,2.604,0.216,0.292,-0.019,-0.226,1.46,-1.09,154.39,0.58,-1.68,-0.094,-0.064,-0.089,1469,1527,1467,1547,10.00,10.06,39.83,39.88
1787304093.475,24.209,True,1,1.874,2.100,0.247,0.940,10.752,10.750,0.343,2.603,0.159,2.604,0.214,0.292,-0.019,-0.226,1.46,-1.09,154.39,0.57,-1.68,-0.095,-0.064,-0.089,1469,1527,1467,1547,10.01,10.07,49.84,49.89
1787304093.486,24.220,True,1,1.890,2.103,0.281,0.790,10.601,10.601,0.338,2.598,0.144,2.604,0.212,0.284,-0.040,-0.226,0.35,-1.69,152.50,0.52,-1.51,0.018,0.019,-0.009,1522,1477,1478,1542,9.99,10.06,-0.42,-0.47
1787304093.495,24.229,True,1,1.890,2.106,0.281,0.805,10.615,10.615,0.339,2.598,0.144,2.604,0.210,0.284,-0.040,-0.226,0.35,-1.69,152.50,0.51,-1.52,0.017,0.018,-0.009,1521,1477,1478,1543,10.00,10.06,9.58,9.53
1787304093.505,24.239,True,1,1.890,2.109,0.281,0.819,10.630,10.630,0.339,2.598,0.144,2.604,0.208,0.284,-0.040,-0.226,0.35,-1.69,152.50,0.50,-1.53,0.016,0.018,-0.009,1521,1478,1478,1543,10.00,10.06,19.58,19.53
1787304093.515,24.249,True,1,1.890,2.112,0.281,0.833,10.644,10.644,0.340,2.598,0.144,2.603,0.205,0.284,-0.040,-0.226,0.35,-1.69,152.50,0.49,-1.53,0.014,0.017,-0.009,1521,1478,1478,1544,10.00,10.06,29.58,29.53
1787304093.525,24.259,True,1,1.890,2.115,0.281,0.847,10.658,10.658,0.340,2.598,0.144,2.603,0.203,0.284,-0.040,-0.226,0.35,-1.69,152.50,0.48,-1.54,0.013,0.017,-0.009,1521,1478,1478,1544,10.00,10.06,39.58,39.53
1787304093.535,24.269,True,1,1.890,2.118,0.281,0.862,10.672,10.672,0.341,2.598,0.144,2.603,0.201,0.284,-0.040,-0.226,0.35,-1.69,152.50,0.47,-1.54,0.012,0.016,-0.009,1521,1478,1478,1545,10.01,10.07,49.58,49.53
1787304093.546,24.280,True,1,1.904,2.121,0.327,0.683,10.494,10.489,0.335,2.592,0.131,2.603,0.199,0.276,-0.045,-0.190,-0.50,-2.42,150.49,0.80,-1.34,0.140,0.112,0.080,1535,1467,1531,1538,9.99,10.06,-0.38,-0.43
1787304093.555,24.289,True,1,1.904,2.124,0.327,0.698,10.508,10.504,0.335,2.592,0.131,2.602,0.197,0.276,-0.045,-0.190,-0.50,-2.42,150.49,0.79,-1.35,0.139,0.111,0.080,1535,1467,1531,1539,10.00,10.06,9.62,9.57
1787304093.565,24.299,True,1,1.907,2.127,0.303,0.771,10.581,10.575,0.338,2.590,0.128,2.602,0.194,0.275,-0.052,-0.216,-0.86,-2.61,149.59,0.54,-1.40,0.152,0.124,0.120,1536,1466,1536,1541,10.00,10.06,-0.18,-0.13
1787304093.575,24.309,True,1,1.907,2.130,0.303,0.785,10.595,10.590,0.338,2.590,0.128,2.601,0.192,0.275,-0.052,-0.216,-0.86,-2.61,149.59,0.53,-1.41,0.151,0.124,0.120,1536,1466,1536,1542,10.00,10.06,9.82,9.87
1787304093.585,24.319,True,1,1.907,2.133,0.303,0.799,10.609,10.604,0.338,2.590,0.128,2.601,0.190,0.275,-0.052,-0.216,-0.86,-2.61,149.59,0.52,-1.41,0.149,0.123,0.120,1536,1466,1536,1542,10.00,10.06,19.82,19.87
1787304093.595,24.329,True,1,1.907,2.136,0.303,0.813,10.624,10.618,0.339,2.590,0.128,2.601,0.188,0.275,-0.052,-0.216,-0.86,-2.61,149.59,0.50,-1.42,0.148,0.123,0.120,1536,1466,1536,1543,10.00,10.06,29.82,29.87
1787304093.605,24.339,True,1,1.907,2.139,0.303,0.828,10.638,10.633,0.339,2.590,0.128,2.600,0.186,0.275,-0.052,-0.216,-0.86,-2.61,149.59,0.49,-1.42,0.147,0.122,0.120,1536,1466,1536,1543,10.00,10.06,39.82,39.87
1787304093.615,24.349,True,1,1.907,2.142,0.303,0.842,10.652,10.647,0.340,2.590,0.128,2.600,0.184,0.275,-0.052,-0.216,-0.86,-2.61,149.59,0.48,-1.43,0.146,0.122,0.120,1536,1466,1536,1544,10.00,10.06,49.82,49.87
1787304093.625,24.359,True,1,1.907,2.145,0.303,0.856,10.667,10.662,0.340,2.590,0.128,2.600,0.182,0.275,-0.052,-0.216,-0.86,-2.61,149.59,0.47,-1.43,0.145,0.121,0.120,1536,1466,1536,1544,10.00,10.06,59.82,59.87
1787304093.635,24.369,True,1,1.907,2.148,0.303,0.871,10.681,10.676,0.341,2.590,0.128,2.599,0.180,0.275,-0.052,-0.216,-0.86,-2.61,149.59,0.46,-1.44,0.144,0.121,0.120,1535,1466,1536,1545,10.00,10.06,69.82,69.87
1787304093.646,24.380,True,1,1.931,2.151,0.358,0.624,10.434,10.417,0.332,2.581,0.111,2.599,0.178,0.265,-0.070,-0.144,-1.25,-3.24,147.03,1.03,-0.92,0.251,0.238,0.235,1547,1453,1552,1536,10.00,10.06,-0.61,-0.66
1787304093.655,24.389,True,1,1.931,2.154,0.358,0.639,10.448,10.432,0.333,2.581,0.111,2.598,0.176,0.265,-0.070,-0.144,-1.25,-3.24,147.03,1.02,-0.93,0.250,0.238,0.235,1547,1453,1552,1536,10.00,10.06,9.39,9.34
1787304093.665,24.399,True,1,1.931,2.157,0.358,0.653,10.462,10.446,0.333,2.581,0.111,2.598,0.174,0.265,-0.070,-0.144,-1.25,-3.24,147.03,1.00,-0.93,0.248,0.237,0.235,1547,1453,1552,1537,10.00,10.06,19.39,19.34
1787304093.675,24.409,True,1,1.931,2.160,0.358,0.667,10.477,10.460,0.334,2.581,0.111,2.597,0.172,0.265,-0.070,-0.144,-1.25,-3.24,147.03,0.99,-0.94,0.247,0.236,0.235,1547,1453,1552,1537,10.00,10.06,29.39,29.34
1787304093.686,24.419,True,1,1.937,2.163,0.362,0.645,10.454,10.436,0.333,2.579,0.107,2.596,0.169,0.262,-0.074,-0.132,-0.98,-3.47,145.96,1.07,-0.82,0.232,0.272,0.281,1545,1450,1559,1536,10.00,10.06,-0.21,-0.26
1787304093.695,24.429,True,1,1.937,2.166,0.362,0.659,10.469,10.451,0.334,2.579,0.107,2.596,0.167,0.262,-0.074,-0.132,-0.98,-3.47,145.96,1.06,-0.83,0.231,0.272,0.281,1545,1450,1559,1537,10.00,10.06,9.79,9.74
1787304093.705,24.439,True,1,1.937,2.169,0.362,0.673,10.483,10.465,0.334,2.579,0.107,2.595,0.165,0.262,-0.074,-0.132,-0.98,-3.47,145.96,1.05,-0.83,0.229,0.271,0.281,1545,1450,1559,1537,10.00,10.06,19.79,19.74
1787304093.715,24.449,True,1,1.937,2.172,0.362,0.688,10.497,10.480,0.334,2.579,0.107,2.595,0.163,0.262,-0.074,-0.132,-0.98,-3.47,145.96,1.04,-0.84,0.228,0.271,0.281,1545,1450,1559,1538,10.00,10.06,29.79,29.74
1787304093.725,24.459,True,1,1.937,2.175,0.362,0.702,10.512,10.494,0.335,2.579,0.107,2.594,0.161,0.262,-0.074,-0.132,-0.98,-3.47,145.96,1.02,-0.84,0.227,0.270,0.281,1544,1450,1559,1538,10.00,10.06,39.79,39.74
1787304093.736,24.470,True,1,1.950,2.178,0.356,0.680,10.489,10.476,0.334,2.573,0.099,2.594,0.159,0.257,-0.087,-0.131,-0.19,-3.34,144.41,0.97,-0.72,0.142,0.274,0.345,1535,1449,1567,1538,10.00,10.06,-0.38,-0.43
1787304093.745,24.479,True,1,1.950,2.181,0.356,0.694,10.503,10.490,0.335,2.573,0.099,2.593,0.157,0.257,-0.087,-0.131,-0.19,-3.34,144.41,0.96,-0.72,0.140,0.273,0.345,1535,1450,1567,1538,10.00,10.06,9.62,9.57
1787304093.755,24.489,True,1,1.950,2.184,0.356,0.709,10.518,10.505,0.335,2.573,0.099,2.592,0.155,0.257,-0.087,-0.131,-0.19,-3.34,144.41,0.95,-0.73,0.139,0.273,0.345,1535,1450,1567,1539,10.00,10.06,19.62,19.57
1787304093.765,24.499,True,1,1.950,2.187,0.356,0.723,10.532,10.519,0.336,2.573,0.099,2.592,0.154,0.257,-0.087,-0.131,-0.19,-3.34,144.41,0.93,-0.73,0.138,0.272,0.345,1535,1450,1567,1539,10.00,10.06,29.62,29.57
1787304093.775,24.509,True,1,1.950,2.190,0.356,0.738,10.546,10.534,0.336,2.573,0.099,2.591,0.152,0.257,-0.087,-0.131,-0.19,-3.34,144.41,0.92,-0.74,0.137,0.272,0.345,1535,1450,1567,1540,10.00,10.06,39.62,39.57
1787304093.785,24.519,True,1,1.950,2.193,0.356,0.752,10.561,10.548,0.337,2.573,0.099,2.590,0.150,0.257,-0.087,-0.131,-0.19,-3.34,144.41,0.91,-0.74,0.136,0.271,0.345,1535,1450,1567,1540,10.00,10.06,49.63,49.58
1787304093.795,24.529,True,1,1.950,2.196,0.356,0.766,10.575,10.563,0.337,2.573,0.099,2.590,0.148,0.257,-0.087,-0.131,-0.19,-3.34,144.41,0.90,-0.74,0.135,0.271,0.345,1534,1450,1567,1541,10.00,10.06,59.62,59.57
1787304093.805,24.539,True,1,1.950,2.199,0.356,0.781,10.590,10.577,0.338,2.573,0.099,2.589,0.147,0.257,-0.087,-0.131,-0.19,-3.34,144.41,0.89,-0.75,0.134,0.270,0.345,1534,1450,1567,1541,10.00,10.06,69.62,69.57
1787304093.816,24.550,True,1,1.973,2.202,0.389,0.606,10.415,10.408,0.332,2.565,0.090,2.588,0.145,0.249,-0.111,-0.118,1.19,-2.49,142.60,0.89,-0.47,-0.013,0.220,0.419,1478,1455,1578,1535,10.00,10.06,-0.59,-0.52
1787304093.825,24.559,True,1,1.973,2.205,0.389,0.621,10.429,10.422,0.333,2.565,0.090,2.588,0.143,0.249,-0.111,-0.118,1.19,-2.49,142.60,0.87,-0.48,-0.015,0.219,0.419,1478,1455,1578,1536,10.00,10.06,9.41,9.48
1787304093.835,24.569,True,1,1.973,2.208,0.389,0.635,10.443,10.437,0.333,2.565,0.090,2.587,0.141,0.249,-0.111,-0.118,1.19,-2.49,142.60,0.86,-0.48,-0.016,0.219,0.419,1478,1455,1578,1536,10.00,10.06,19.41,19.48
1787304093.845,24.579,True,1,1.973,2.211,0.389,0.649,10.457,10.451,0.334,2.565,0.090,2.586,0.139,0.249,-0.111,-0.118,1.19,-2.49,142.60,0.85,-0.49,-0.017,0.219,0.419,1478,1455,1578,1537,10.00,10.06,29.41,29.48
1787304093.856,24.590,True,1,1.990,2.214,0.397,0.571,10.379,10.375,0.331,2.557,0.083,2.585,0.138,0.241,-0.116,-0.108,2.13,-1.58,141.89,0.90,-0.38,-0.116,0.143,0.450,1467,1464,1582,1534,10.00,10.06,-0.32,-0.27
1787304093.865,24.599,True,1,1.990,2.217,0.397,0.585,10.394,10.389,0.332,2.557,0.083,2.584,0.136,0.241,-0.116,-0.108,2.13,-1.58,141.89,0.89,-0.38,-0.117,0.142,0.450,1466,1464,1582,1535,10.00,10.06,9.68,9.73
1787304093.875,24.609,True,1,1.994,2.220,0.394,0.591,10.399,10.393,0.332,2.555,0.081,2.583,0.134,0.239,-0.125,-0.112,2.31,-1.38,141.79,0.78,-0.34,-0.148,0.127,0.454,1463,1465,1583,1535,10.00,10.06,-0.11,-0.05
1787304093.885,24.619,True,1,1.994,2.223,0.394,0.605,10.413,10.408,0.332,2.555,0.081,2.582,0.132,0.239,-0.125,-0.112,2.31,-1.38,141.79,0.77,-0.35,-0.150,0.127,0.454,1463,1465,1583,1535,10.00,10.06,9.89,9.95
1787304093.896,24.629,True,1,2.002,2.226,0.413,0.533,10.341,10.336,0.330,2.552,0.079,2.581,0.130,0.236,-0.126,-0.096,2.56,-1.03,141.64,0.88,-0.25,-0.167,0.102,0.462,1461,1468,1584,1533,10.00,10.06,-0.22,-0.17
1787304093.905,24.639,True,1,2.002,2.229,0.413,0.547,10.355,10.350,0.330,2.552,0.079,2.580,0.129,0.236,-0.126,-0.096,2.56,-1.03,141.64,0.87,-0.25,-0.168,0.102,0.462,1461,1468,1584,1533,10.00,10.06,9.78,9.83
1787304093.915,24.649,True,1,2.002,2.232,0.413,0.562,10.370,10.364,0.331,2.552,0.079,2.579,0.127,0.236,-0.126,-0.096,2.56,-1.03,141.64,0.86,-0.25,-0.170,0.101,0.462,1461,1468,1584,1534,10.00,10.06,19.78,19.83
1787304093.925,24.659,True,1,2.002,2.235,0.413,0.576,10.384,10.378,0.331,2.552,0.079,2.578,0.125,0.236,-0.126,-0.096,2.56,-1.03,141.64,0.85,-0.26,-0.171,0.101,0.462,1461,1468,1584,1534,10.00,10.06,29.78,29.83
1787304093.935,24.669,True,1,2.002,2.238,0.413,0.590,10.398,10.393,0.332,2.552,0.079,2.578,0.124,0.236,-0.126,-0.096,2.56,-1.03,141.64,0.84,-0.26,-0.172,0.101,0.462,1460,1468,1584,1535,10.00,10.06,39.78,39.83
1787304093.945,24.679,True,1,2.002,2.241,0.413,0.605,10.413,10.407,0.332,2.552,0.079,2.577,0.122,0.236,-0.126,-0.096,2.56,-1.03,141.64,0.83,-0.26,-0.173,0.100,0.462,1460,1468,1584,1535,10.01,10.07,49.79,49.83
1787304093.955,24.689,True,1,2.002,2.244,0.413,0.619,10.427,10.421,0.333,2.552,0.079,2.576,0.121,0.236,-0.126,-0.096,2.56,-1.03,141.64,0.82,-0.27,-0.174,0.100,0.462,1460,1468,1584,1536,10.00,10.06,59.78,59.83
1787304093.965,24.699,True,1,2.002,2.247,0.413,0.634,10.441,10.436,0.333,2.552,0.079,2.575,0.120,0.236,-0.126,-0.096,2.56,-1.03,141.64,0.81,-0.27,-0.175,0.100,0.462,1460,1468,1584,1536,10.00,10.06,69.78,69.83
1787304093.976,24.710,True,1,2.037,2.250,0.449,0.399,10.206,10.200,0.326,2.536,0.067,2.574,0.118,0.222,-0.140,-0.119,2.51,0.08,141.54,0.55,-0.30,-0.206,-0.019,0.471,1457,1522,1585,1528,10.00,10.06,-0.52,-0.59
1787304093.985,24.719,True,1,2.037,2.253,0.449,0.413,10.220,10.214,0.326,2.536,0.067,2.572,0.116,0.222,-0.140,-0.119,2.51,0.08,141.54,0.53,-0.31,-0.207,-0.019,0.471,1457,1522,1585,1529,10.01,10.07,9.49,9.42
1787304093.995,24.729,True,1,2.037,2.256,0.449,0.427,10.234,10.228,0.326,2.536,0.067,2.571,0.114,0.222,-0.140,-0.119,2.51,0.08,141.54,0.52,-0.31,-0.209,-0.020,0.471,1456,1522,1585,1529,9.99,10.06,19.48,19.41
1787304094.005,24.739,True,1,2.037,2.259,0.449,0.441,10.249,10.242,0.327,2.536,0.067,2.570,0.113,0.222,-0.140,-0.119,2.51,0.08,141.54,0.51,-0.31,-0.210,-0.020,0.471,1456,1522,1585,1530,10.00,10.06,29.48,29.41
1787304094.015,24.749,True,1,2.037,2.262,0.449,0.456,10.263,10.256,0.327,2.536,0.067,2.569,0.111,0.222,-0.140,-0.119,2.51,0.08,141.54,0.50,-0.31,-0.211,-0.020,0.471,1456,1522,1585,1530,10.00,10.06,39.48,39.41
1787304094.025,24.759,True,1,2.037,2.265,0.449,0.470,10.277,10.270,0.328,2.536,0.067,2.568,0.110,0.222,-0.140,-0.119,2.51,0.08,141.54,0.49,-0.31,-0.212,-0.020,0.471,1456,1522,1585,1531,10.00,10.07,49.49,49.42
1787304094.035,24.769,True,1,2.037,2.268,0.449,0.484,10.291,10.285,0.328,2.536,0.067,2.567,0.108,0.222,-0.140,-0.119,2.51,0.08,141.54,0.47,-0.32,-0.213,-0.021,0.471,1456,1522,1585,1531,10.00,10.06,59.48,59.42
1787304094.046,24.780,True,1,2.058,2.271,0.467,0.361,10.168,10.165,0.324,2.528,0.060,2.565,0.107,0.216,-0.143,-0.125,1.66,0.61,142.04,0.40,-0.34,-0.136,-0.086,0.451,1464,1529,1582,1527,10.00,10.06,-0.48,-0.43
1787304094.055,24.789,True,1,2.058,2.274,0.467,0.376,10.183,10.179,0.325,2.528,0.060,2.564,0.105,0.216,-0.143,-0.125,1.66,0.61,142.04,0.39,-0.34,-0.138,-0.087,0.451,1464,1529,1582,1527,10.00,10.06,9.53,9.57
1787304094.065,24.799,True,1,2.072,2.277,0.487,0.275,10.082,10.080,0.322,2.523,0.056,2.563,0.104,0.211,-0.152,-0.118,1.34,0.61,142.27,0.38,-0.23,-0.106,-0.078,0.440,1468,1528,1581,1524,10.00,10.06,-0.12,-0.17
1787304094.075,24.809,True,1,2.072,2.280,0.487,0.289,10.096,10.094,0.322,2.523,0.056,2.561,0.102,0.211,-0.152,-0.118,1.34,0.61,142.27,0.37,-0.23,-0.107,-0.078,0.440,1468,1528,1581,1524,10.00,10.06,9.88,9.83
1787304094.085,24.819,True,1,2.072,2.283,0.487,0.304,10.110,10.108,0.323,2.523,0.056,2.560,0.100,0.211,-0.152,-0.118,1.34,0.61,142.27,0.35,-0.23,-0.108,-0.078,0.440,1467,1528,1581,1525,10.00,10.06,19.88,19.83
1787304094.095,24.829,True,1,2.072,2.286,0.487,0.318,10.125,10.122,0.323,2.523,0.056,2.559,0.099,0.211,-0.152,-0.118,1.34,0.61,142.27,0.34,-0.24,-0.110,-0.079,0.440,1467,1528,1581,1525,10.00,10.06,29.88,29.83
1787304094.105,24.839,True,1,2.072,2.289,0.487,0.332,10.139,10.136,0.324,2.523,0.056,2.558,0.098,0.211,-0.152,-0.118,1.34,0.61,142.27,0.33,-0.24,-0.111,-0.079,0.440,1467,1528,1581,1526,10.00,10.06,39.88,39.83
1787304094.116,24.850,True,1,2.097,2.292,0.497,0.215,10.022,10.021,0.320,2.513,0.049,2.556,0.096,0.204,-0.141,-0.122,0.38,0.52,143.21,0.35,-0.36,-0.007,-0.090,0.398,1479,1529,1575,1522,10.00,10.06,-0.38,-0.43
1787304094.125,24.859,True,1,2.097,2.295,0.497,0.229,10.036,10.035,0.320,2.513,0.049,2.555,0.094,0.204,-0.141,-0.122,0.38,0.52,143.21,0.33,-0.36,-0.009,-0.090,0.398,1479,1529,1575,1522,10.00,10.06,9.62,9.57
1787304094.135,24.869,True,1,2.097,2.298,0.497,0.243,10.050,10.049,0.321,2.513,0.049,2.553,0.093,0.204,-0.141,-0.122,0.38,0.52,143.21,0.32,-0.36,-0.010,-0.090,0.398,1478,1529,1575,1523,10.00,10.06,19.61,19.57
1787304094.146,24.879,True,1,2.108,2.301,0.507,0.179,9.986,9.984,0.319,2.508,0.045,2.552,0.091,0.200,-0.138,-0.124,0.08,0.46,143.74,0.31,-0.41,0.021,-0.090,0.374,1522,1530,1571,1520,10.00,10.06,-0.18,-0.23
1787304094.155,24.889,True,1,2.108,2.304,0.507,0.193,10.000,9.998,0.319,2.508,0.045,2.550,0.090,0.200,-0.138,-0.124,0.08,0.46,143.74,0.30,-0.41,0.020,-0.090,0.374,1522,1530,1571,1521,10.00,10.06,9.82,9.77
1787304094.165,24.899,True,1,2.108,2.307,0.507,0.207,10.014,10.012,0.320,2.508,0.045,2.549,0.088,0.200,-0.138,-0.124,0.08,0.46,143.74,0.29,-0.41,0.018,-0.090,0.374,1522,1530,1571,1521,10.00,10.06,19.82,19.77
1787304094.175,24.909,True,1,2.108,2.310,0.507,0.221,10.028,10.026,0.320,2.508,0.045,2.548,0.087,0.200,-0.138,-0.124,0.08,0.46,143.74,0.27,-0.41,0.017,-0.090,0.374,1521,1530,1571,1522,10.00,10.06,29.82,29.77
1787304094.185,24.919,True,1,2.108,2.313,0.507,0.235,10.042,10.040,0.320,2.508,0.045,2.546,0.085,0.200,-0.138,-0.124,0.08,0.46,143.74,0.26,-0.41,0.016,-0.090,0.374,1521,1530,1571,1522,10.00,10.06,39.82,39.78
1787304094.196,24.930,True,1,2.127,2.316,0.521,0.135,9.942,9.940,0.317,2.500,0.039,2.545,0.084,0.194,-0.133,-0.109,-0.68,0.06,145.15,0.40,-0.37,0.112,-0.049,0.312,1532,1525,1563,1519,10.00,10.06,-0.31,-0.36
1787304094.205,24.939,True,1,2.127,2.319,0.521,0.149,9.956,9.954,0.318,2.500,0.039,2.543,0.082,0.194,-0.133,-0.109,-0.68,0.06,145.15,0.38,-0.37,0.111,-0.049,0.312,1532,1525,1563,1519,10.00,10.07,9.69,9.65
1787304094.215,24.949,True,1,2.127,2.322,0.521,0.163,9.970,9.968,0.318,2.500,0.039,2.542,0.081,0.194,-0.133,-0.109,-0.68,0.06,145.15,0.37,-0.37,0.109,-0.049,0.312,1532,1525,1563,1520,9.99,10.06,19.69,19.64
1787304094.225,24.959,True,1,2.127,2.325,0.521,0.177,9.984,9.982,0.319,2.500,0.039,2.540,0.080,0.194,-0.133,-0.109,-0.68,0.06,145.15,0.36,-0.37,0.108,-0.049,0.312,1531,1525,1563,1520,10.00,10.06,29.69,29.64
1787304094.236,24.969,True,1,2.143,2.328,0.522,0.120,9.927,9.924,0.317,2.493,0.034,2.539,0.078,0.190,-0.126,-0.100,-0.95,-0.10,146.22,0.46,-0.39,0.147,-0.035,0.265,1536,1523,1556,1518,10.00,10.06,-0.27,-0.32
1787304094.245,24.979,True,1,2.143,2.331,0.522,0.134,9.941,9.938,0.317,2.493,0.034,2.537,0.077,0.190,-0.126,-0.100,-0.95,-0.10,146.22,0.44,-0.39,0.146,-0.035,0.265,1536,1523,1556,1519,10.00,10.06,9.73,9.68
1787304094.255,24.989,True,1,2.143,2.334,0.522,0.148,9.955,9.952,0.318,2.493,0.034,2.536,0.075,0.190,-0.126,-0.100,-0.95,-0.10,146.22,0.43,-0.39,0.145,-0.035,0.265,1535,1523,1556,1519,10.00,10.06,19.73,19.68
1787304094.265,24.999,True,1,2.143,2.337,0.522,0.162,9.969,9.966,0.318,2.493,0.034,2.534,0.074,0.190,-0.126,-0.100,-0.95,-0.10,146.22,0.42,-0.39,0.143,-0.035,0.265,1535,1523,1556,1520,10.00,10.06,29.73,29.68
1787304094.275,25.009,True,1,2.143,2.340,0.522,0.176,9.983,9.980,0.319,2.493,0.034,2.533,0.072,0.190,-0.126,-0.100,-0.95,-0.10,146.22,0.40,-0.39,0.142,-0.035,0.265,1535,1523,1556,1520,10.00,10.06,39.73,39.68
1787304094.285,25.019,True,1,2.143,2.343,0.522,0.190,9.997,9.994,0.319,2.493,0.034,2.532,0.071,0.190,-0.126,-0.100,-0.95,-0.10,146.22,0.39,-0.38,0.141,-0.035,0.265,1535,1523,1556,1521,10.00,10.06,49.73,49.68
1787304094.295,25.029,True,1,2.143,2.346,0.522,0.204,10.011,10.008,0.319,2.493,0.034,2.530,0.070,0.190,-0.126,-0.100,-0.95,-0.10,146.22,0.38,-0.38,0.140,-0.035,0.265,1535,1523,1556,1521,10.00,10.06,59.73,59.68
1787304094.305,25.039,True,1,2.143,2.349,0.522,0.218,10.025,10.022,0.320,2.493,0.034,2.529,0.069,0.190,-0.126,-0.100,-0.95,-0.10,146.22,0.37,-0.38,0.138,-0.034,0.265,1535,1523,1556,1522,10.00,10.06,69.73,69.68
1787304094.316,25.050,True,1,2.186,2.352,0.522,0.063,9.870,9.864,0.315,2.484,0.026,2.528,0.067,0.185,-0.121,-0.064,-1.33,-0.24,149.26,0.69,-0.26,0.212,-0.006,0.133,1543,1520,1538,1516,10.00,10.06,-0.59,-0.64
1787304094.325,25.059,True,1,2.186,2.355,0.522,0.076,9.884,9.878,0.315,2.484,0.026,2.526,0.066,0.185,-0.121,-0.064,-1.33,-0.24,149.26,0.68,-0.26,0.211,-0.006,0.133,1543,1520,1538,1517,10.00,10.06,9.41,9.36
1787304094.335,25.069,True,1,2.186,2.358,0.522,0.090,9.898,9.892,0.316,2.484,0.026,2.525,0.065,0.185,-0.121,-0.064,-1.33,-0.24,149.26,0.66,-0.26,0.209,-0.005,0.133,1543,1520,1538,1517,10.00,10.06,19.41,19.36
1787304094.345,25.079,True,1,2.186,2.361,0.522,0.104,9.911,9.905,0.316,2.484,0.026,2.523,0.063,0.185,-0.121,-0.064,-1.33,-0.24,149.26,0.65,-0.26,0.208,-0.005,0.133,1542,1520,1538,1518,10.00,10.06,29.41,29.36
1787304094.355,25.089,True,1,2.186,2.364,0.522,0.118,9.925,9.919,0.317,2.484,0.026,2.522,0.062,0.185,-0.121,-0.064,-1.33,-0.24,149.26,0.64,-0.25,0.207,-0.005,0.133,1542,1520,1538,1518,10.00,10.06,39.41,39.36
1787304094.365,25.099,True,1,2.186,2.367,0.522,0.132,9.939,9.933,0.317,2.484,0.026,2.521,0.061,0.185,-0.121,-0.064,-1.33,-0.24,149.26,0.63,-0.25,0.205,-0.005,0.133,1542,1520,1538,1519,10.00,10.06,49.41,49.36
1787304094.375,25.109,True,1,2.186,2.370,0.522,0.145,9.953,9.947,0.317,2.484,0.026,2.520,0.060,0.185,-0.121,-0.064,-1.33,-0.24,149.26,0.62,-0.25,0.204,-0.005,0.133,1542,1520,1538,1519,10.00,10.06,59.41,59.36
1787304094.385,25.119,True,1,2.186,2.373,0.522,0.159,9.967,9.961,0.318,2.484,0.026,2.519,0.059,0.185,-0.121,-0.064,-1.33,-0.24,149.26,0.61,-0.25,0.203,-0.005,0.133,1542,1520,1538,1520,10.00,10.06,69.41,69.36
1787304094.395,25.129,True,1,2.186,2.376,0.522,0.173,9.980,9.975,0.318,2.484,0.026,2.517,0.058,0.185,-0.121,-0.064,-1.33,-0.24,149.26,0.60,-0.25,0.202,-0.005,0.133,1542,1520,1538,1520,10.00,10.06,79.41,79.36
1787304094.406,25.140,True,1,2.225,2.379,0.508,0.071,9.878,9.875,0.315,2.473,0.020,2.516,0.056,0.178,-0.122,-0.041,-0.66,-0.18,152.49,0.78,-0.16,0.151,0.002,-0.008,1536,1479,1478,1516,10.00,10.06,-0.58,-0.62
1787304094.415,25.149,True,1,2.225,2.382,0.508,0.084,9.892,9.889,0.316,2.473,0.020,2.514,0.055,0.178,-0.122,-0.041,-0.66,-0.18,152.49,0.77,-0.16,0.149,0.002,-0.008,1536,1479,1478,1517,10.00,10.06,9.42,9.38
1787304094.425,25.159,True,1,2.225,2.385,0.508,0.098,9.905,9.902,0.316,2.473,0.020,2.513,0.054,0.178,-0.122,-0.041,-0.66,-0.18,152.49,0.76,-0.16,0.148,0.003,-0.008,1536,1479,1478,1517,10.00,10.06,19.42,19.38
1787304094.435,25.169,True,1,2.225,2.388,0.508,0.111,9.919,9.916,0.316,2.473,0.020,2.512,0.053,0.178,-0.122,-0.041,-0.66,-0.18,152.49,0.75,-0.15,0.147,0.003,-0.008,1536,1479,1478,1518,10.00,10.06,29.42,29.37
1787304094.445,25.179,True,1,2.225,2.391,0.508,0.125,9.933,9.930,0.317,2.473,0.020,2.510,0.052,0.178,-0.122,-0.041,-0.66,-0.18,152.49,0.73,-0.15,0.146,0.003,-0.008,1536,1479,1478,1518,10.00,10.06,39.42,39.37
1787304094.455,25.189,True,1,2.225,2.394,0.508,0.139,9.946,9.943,0.317,2.473,0.020,2.509,0.051,0.178,-0.122,-0.041,-0.66,-0.18,152.49,0.72,-0.15,0.144,0.003,-0.008,1535,1479,1478,1519,10.00,10.06,49.42,49.37
1787304094.465,25.199,True,1,2.225,2.397,0.508,0.152,9.960,9.957,0.318,2.473,0.020,2.508,0.050,0.178,-0.122,-0.041,-0.66,-0.18,152.49,0.71,-0.15,0.143,0.004,-0.008,1535,1479,1478,1519,10.00,10.06,59.43,59.38
1787304094.475,25.209,True,1,2.225,2.400,0.508,0.166,9.974,9.971,0.318,2.473,0.020,2.507,0.049,0.178,-0.122,-0.041,-0.66,-0.18,152.49,0.70,-0.14,0.142,0.004,-0.008,1535,1479,1478,1520,10.00,10.06,69.42,69.37
1787304094.486,25.220,True,1,2.256,2.403,0.491,0.108,9.916,9.915,0.316,2.464,0.017,2.505,0.048,0.171,-0.120,-0.030,0.05,-0.33,155.71,0.80,-0.15,0.078,0.018,-0.148,1528,1477,1459,1518,10.00,10.06,-0.58,-0.52
1787304094.495,25.229,True,1,2.256,2.406,0.491,0.122,9.929,9.929,0.317,2.464,0.017,2.504,0.047,0.171,-0.120,-0.030,0.05,-0.33,155.71,0.79,-0.15,0.077,0.019,-0.148,1528,1477,1459,1518,10.00,10.06,9.42,9.48
1787304094.505,25.239,True,1,2.256,2.409,0.491,0.135,9.943,9.942,0.317,2.464,0.017,2.503,0.046,0.171,-0.120,-0.030,0.05,-0.33,155.71,0.78,-0.14,0.076,0.019,-0.148,1528,1477,1459,1519,10.00,10.06,19.42,19.48
1787304094.515,25.249,True,1,2.256,2.412,0.491,0.149,9.956,9.956,0.318,2.464,0.017,2.501,0.045,0.171,-0.120,-0.030,0.05,-0.33,155.71,0.77,-0.14,0.075,0.020,-0.148,1528,1477,1459,1519,10.00,10.06,29.42,29.48
1787304094.525,25.259,True,1,2.256,2.415,0.491,0.162,9.970,9.969,0.318,2.464,0.017,2.500,0.044,0.171,-0.120,-0.030,0.05,-0.33,155.71,0.76,-0.14,0.073,0.020,-0.148,1528,1477,1459,1520,10.00,10.06,39.42,39.48
1787304094.535,25.269,True,1,2.256,2.418,0.491,0.176,9.984,9.983,0.319,2.464,0.017,2.499,0.043,0.171,-0.120,-0.030,0.05,-0.33,155.71,0.75,-0.13,0.072,0.020,-0.148,1528,1477,1459,1520,10.01,10.07,49.42,49.49
1787304094.545,25.279,True,1,2.256,2.421,0.491,0.190,9.997,9.996,0.319,2.464,0.017,2.498,0.042,0.171,-0.120,-0.030,0.05,-0.33,155.71,0.74,-0.13,0.071,0.021,-0.148,1527,1477,1459,1521,10.00,10.06,59.42,59.49
1787304094.556,25.290,True,1,2.289,2.424,0.438,0.227,10.034,10.034,0.320,2.453,0.015,2.496,0.041,0.163,-0.125,-0.026,0.59,-0.46,158.30,0.74,-0.09,0.013,0.036,-0.262,1521,1476,1443,1522,10.01,10.08,-0.68,-0.73
1787304094.565,25.299,True,1,2.289,2.427,0.438,0.240,10.048,10.047,0.321,2.453,0.015,2.495,0.040,0.163,-0.125,-0.026,0.59,-0.46,158.30,0.73,-0.09,0.012,0.036,-0.262,1521,1475,1443,1523,9.99,10.06,9.30,9.26
1787304094.575,25.309,True,1,2.289,2.430,0.438,0.254,10.061,10.061,0.321,2.453,0.015,2.493,0.039,0.163,-0.125,-0.026,0.59,-0.46,158.30,0.72,-0.08,0.011,0.037,-0.262,1521,1475,1443,1523,10.00,10.06,19.30,19.25
1787304094.585,25.319,True,1,2.289,2.433,0.438,0.267,10.075,10.074,0.322,2.453,0.015,2.492,0.039,0.163,-0.125,-0.026,0.59,-0.46,158.30,0.71,-0.08,0.010,0.037,-0.262,1521,1475,1443,1524,10.01,10.07,29.31,29.26
1787304094.595,25.329,True,1,2.289,2.436,0.438,0.281,10.088,10.088,0.322,2.453,0.015,2.491,0.038,0.163,-0.125,-0.026,0.59,-0.46,158.30,0.70,-0.07,0.009,0.038,-0.262,1520,1475,1443,1524,9.99,10.06,39.30,39.25
1787304094.605,25.339,True,1,2.289,2.439,0.438,0.294,10.101,10.101,0.322,2.453,0.015,2.489,0.037,0.163,-0.125,-0.026,0.59,-0.46,158.30,0.69,-0.07,0.008,0.038,-0.262,1520,1475,1443,1525,10.00,10.06,49.31,49.26
1787304094.615,25.349,True,1,2.289,2.442,0.438,0.308,10.115,10.115,0.323,2.453,0.015,2.488,0.036,0.163,-0.125,-0.026,0.59,-0.46,158.30,0.68,-0.07,0.007,0.038,-0.262,1520,1475,1443,1525,10.00,10.06,59.31,59.26
1787304094.625,25.359,True,1,2.289,2.445,0.438,0.321,10.129,10.128,0.323,2.453,0.015,2.487,0.036,0.163,-0.125,-0.026,0.59,-0.46,158.30,0.67,-0.06,0.006,0.039,-0.262,1520,1475,1443,1526,10.00,10.06,69.30,69.25
1787304094.636,25.370,True,1,2.316,2.448,0.412,0.309,10.116,10.116,0.323,2.441,0.015,2.485,0.035,0.153,-0.141,-0.011,0.42,-0.39,160.32,0.75,0.13,0.033,0.052,-0.350,1523,1474,1431,1525,10.00,10.06,-0.59,-0.64
1787304094.645,25.379,True,1,2.316,2.451,0.412,0.322,10.130,10.129,0.323,2.441,0.015,2.484,0.034,0.153,-0.141,-0.011,0.35,-0.28,160.83,0.75,0.13,0.040,0.040,-0.372,1524,1475,1428,1526,10.00,10.06,-0.08,9.36
1787304094.655,25.389,True,1,2.316,2.454,0.412,0.336,10.143,10.143,0.324,2.441,0.015,2.483,0.034,0.153,-0.141,-0.011,0.35,-0.28,160.83,0.74,0.13,0.039,0.041,-0.372,1524,1475,1428,1526,10.00,10.06,9.92,19.36
1787304094.665,25.399,True,1,2.330,2.457,0.409,0.300,10.108,10.107,0.323,2.437,0.015,2.481,0.033,0.150,-0.148,-0.000,0.22,-0.27,161.17,0.82,0.23,0.061,0.051,-0.387,1526,1474,1426,1525,10.00,10.06,-0.12,-0.17
1787304094.675,25.409,True,1,2.330,2.460,0.409,0.313,10.121,10.120,0.323,2.437,0.015,2.480,0.032,0.150,-0.148,-0.000,0.22,-0.27,161.17,0.81,0.24,0.060,0.052,-0.387,1526,1474,1426,1525,10.00,10.06,9.89,9.83
1787304094.685,25.419,True,1,2.336,2.463,0.403,0.319,10.128,10.126,0.323,2.435,0.014,2.478,0.032,0.149,-0.135,0.021,0.14,-0.20,161.58,1.04,0.18,0.093,0.039,-0.404,1530,1475,1423,1525,10.00,10.06,-0.07,-0.13
1787304094.695,25.429,True,1,2.336,2.466,0.403,0.333,10.141,10.139,0.324,2.435,0.014,2.477,0.031,0.149,-0.135,0.021,0.14,-0.20,161.58,1.04,0.19,0.092,0.039,-0.404,1530,1475,1423,1526,10.00,10.06,9.93,9.87
1787304094.705,25.439,True,1,2.336,2.469,0.403,0.346,10.154,10.153,0.324,2.435,0.014,2.475,0.031,0.149,-0.135,0.021,0.14,-0.20,161.58,1.03,0.19,0.092,0.040,-0.404,1530,1475,1423,1526,10.00,10.06,19.92,19.86
1787304094.716,25.449,True,1,2.347,2.472,0.404,0.317,10.125,10.123,0.323,2.433,0.014,2.474,0.030,0.147,-0.142,0.020,-0.03,-0.05,162.26,0.99,0.25,0.106,0.032,-0.434,1531,1476,1419,1525,10.00,10.06,-0.26,-0.21
1787304094.725,25.459,True,1,2.347,2.475,0.404,0.330,10.138,10.137,0.324,2.433,0.014,2.472,0.030,0.147,-0.142,0.020,-0.03,-0.05,162.26,0.99,0.26,0.105,0.032,-0.434,1531,1476,1419,1526,10.00,10.06,9.74,9.79
1787304094.735,25.469,True,1,2.347,2.478,0.404,0.344,10.152,10.150,0.324,2.433,0.014,2.471,0.029,0.147,-0.142,0.020,-0.03,-0.05,162.26,0.98,0.26,0.105,0.033,-0.434,1531,1476,1419,1526,10.00,10.06,19.74,19.79
1787304094.745,25.479,True,1,2.347,2.481,0.404,0.357,10.165,10.163,0.324,2.433,0.014,2.470,0.028,0.147,-0.142,0.020,-0.03,-0.05,162.26,0.97,0.27,0.104,0.033,-0.434,1531,1476,1419,1527,10.00,10.06,29.74,29.79
1787304094.755,25.489,True,1,2.347,2.484,0.404,0.370,10.178,10.177,0.325,2.433,0.014,2.469,0.028,0.147,-0.142,0.020,-0.03,-0.05,162.26,0.96,0.27,0.103,0.034,-0.434,1531,1476,1419,1527,10.00,10.06,39.74,39.79
1787304094.765,25.499,True,1,2.347,2.487,0.404,0.384,10.192,10.190,0.325,2.433,0.014,2.467,0.028,0.147,-0.142,0.020,-0.03,-0.05,162.26,0.96,0.28,0.102,0.034,-0.434,1531,1476,1419,1528,10.00,10.06,49.74,49.79
1787304094.775,25.509,True,1,2.347,2.490,0.404,0.397,10.205,10.204,0.326,2.433,0.014,2.466,0.027,0.147,-0.142,0.020,-0.03,-0.05,162.26,0.95,0.28,0.102,0.035,-0.434,1531,1476,1419,1528,10.00,10.06,59.74,59.79
1787304094.785,25.519,True,1,2.347,2.493,0.404,0.411,10.219,10.217,0.326,2.433,0.014,2.465,0.027,0.147,-0.142,0.020,-0.03,-0.05,162.26,0.94,0.28,0.101,0.035,-0.434,1531,1476,1419,1529,10.00,10.06,69.74,69.79
1787304094.796,25.530,True,1,2.382,2.496,0.375,0.367,10.176,10.174,0.325,2.419,0.015,2.464,0.026,0.136,-0.153,0.035,-0.10,0.17,163.13,1.06,0.43,0.122,0.028,-0.472,1533,1476,1414,1527,10.00,10.06,-0.52,-0.60
1787304094.805,25.539,True,1,2.382,2.499,0.375,0.381,10.189,10.187,0.325,2.419,0.015,2.462,0.026,0.136,-0.153,0.035,-0.10,0.17,163.13,1.05,0.44,0.122,0.029,-0.472,1533,1476,1414,1528,10.00,10.06,9.48,9.40
1787304094.815,25.549,True,1,2.382,2.502,0.375,0.394,10.202,10.200,0.326,2.419,0.015,2.461,0.026,0.136,-0.153,0.035,-0.10,0.17,163.13,1.05,0.44,0.121,0.029,-0.472,1533,1476,1414,1528,10.00,10.06,19.48,19.40
1787304094.825,25.559,True,1,2.382,2.505,0.375,0.407,10.216,10.213,0.326,2.419,0.015,2.459,0.025,0.136,-0.153,0.035,-0.10,0.17,163.13,1.04,0.45,0.120,0.030,-0.472,1533,1476,1414,1529,10.00,10.06,29.48,29.41
1787304094.835,25.569,True,1,2.382,2.508,0.375,0.420,10.229,10.227,0.326,2.419,0.015,2.458,0.025,0.136,-0.153,0.035,-0.10,0.17,163.13,1.03,0.45,0.120,0.031,-0.472,1533,1476,1414,1529,10.00,10.06,39.48,39.41
1787304094.846,25.580,True,1,2.403,2.511,0.372,0.357,10.166,10.165,0.324,2.410,0.017,2.456,0.025,0.127,-0.159,0.045,0.21,0.28,163.25,1.11,0.55,0.096,0.027,-0.478,1530,1476,1413,1527,10.00,10.06,-0.38,-0.43
1787304094.855,25.589,True,1,2.403,2.514,0.372,0.371,10.180,10.178,0.325,2.410,0.017,2.455,0.024,0.127,-0.159,0.045,0.21,0.28,163.25,1.11,0.56,0.096,0.028,-0.478,1530,1476,1413,1527,10.00,10.06,9.62,9.57
1787304094.865,25.599,True,1,2.412,2.517,0.356,0.398,10.207,10.206,0.326,2.405,0.019,2.453,0.024,0.123,-0.159,0.046,0.42,0.39,163.20,1.11,0.57,0.076,0.015,-0.475,1528,1478,1413,1528,10.00,10.06,-0.08,-0.14
1787304094.875,25.609,True,1,2.412,2.520,0.356,0.411,10.220,10.219,0.326,2.405,0.019,2.452,0.024,0.123,-0.159,0.046,0.42,0.39,163.20,1.11,0.58,0.075,0.016,-0.475,1528,1478,1413,1529,10.00,10.06,9.92,9.86
1787304094.885,25.619,True,1,2.412,2.523,0.356,0.424,10.233,10.233,0.327,2.405,0.019,2.450,0.024,0.123,-0.159,0.046,0.42,0.39,163.20,1.10,0.58,0.075,0.016,-0.475,1528,1478,1413,1529,10.00,10.06,19.92,19.87
1787304094.895,25.629,True,1,2.412,2.526,0.356,0.437,10.246,10.246,0.327,2.405,0.019,2.448,0.024,0.123,-0.159,0.046,0.42,0.39,163.20,1.10,0.59,0.074,0.017,-0.475,1528,1478,1413,1530,10.00,10.06,29.92,29.86
1787304094.906,25.639,True,1,2.429,2.529,0.363,0.362,10.171,10.171,0.325,2.396,0.022,2.447,0.024,0.114,-0.179,0.039,0.82,0.60,162.37,0.96,0.79,0.019,0.014,-0.439,1522,1478,1418,1527,10.00,10.06,-0.27,-0.32
1787304094.915,25.649,True,1,2.429,2.532,0.363,0.375,10.184,10.184,0.325,2.396,0.022,2.445,0.024,0.114,-0.179,0.039,0.82,0.60,162.37,0.95,0.80,0.018,0.014,-0.439,1522,1478,1418,1527,10.00,10.06,9.73,9.69
1787304094.925,25.659,True,1,2.429,2.535,0.363,0.388,10.197,10.197,0.325,2.396,0.022,2.443,0.023,0.114,-0.179,0.039,0.82,0.60,162.37,0.94,0.81,0.018,0.015,-0.439,1521,1478,1418,1528,10.00,10.06,19.73,19.68
1787304094.935,25.669,True,1,2.429,2.538,0.363,0.401,10.210,10.210,0.326,2.396,0.022,2.442,0.023,0.114,-0.179,0.039,0.82,0.60,162.37,0.94,0.82,0.017,0.016,-0.439,1521,1478,1418,1528,10.00,10.06,29.73,29.68
1787304094.946,25.679,True,1,2.441,2.541,0.366,0.356,10.166,10.166,0.324,2.389,0.024,2.440,0.023,0.108,-0.177,0.050,1.30,0.86,161.62,1.05,0.86,-0.021,-0.009,-0.406,1477,1521,1423,1527,10.00,10.06,-0.26,-0.31
1787304094.955,25.689,True,1,2.441,2.544,0.366,0.369,10.179,10.179,0.325,2.389,0.024,2.438,0.023,0.108,-0.177,0.050,1.30,0.86,161.62,1.04,0.86,-0.021,-0.008,-0.406,1477,1520,1423,1527,10.00,10.06,9.74,9.69
1787304094.965,25.699,True,1,2.441,2.547,0.366,0.382,10.192,10.192,0.325,2.389,0.024,2.437,0.023,0.108,-0.177,0.050,1.30,0.86,161.62,1.04,0.87,-0.022,-0.008,-0.406,1477,1520,1423,1528,10.00,10.06,19.74,19.69
1787304094.975,25.709,True,1,2.441,2.550,0.366,0.395,10.205,10.205,0.326,2.389,0.024,2.435,0.023,0.108,-0.177,0.050,1.30,0.86,161.62,1.03,0.88,-0.022,-0.007,-0.406,1477,1520,1423,1528,10.00,10.06,29.74,29.69
1787304094.985,25.719,True,1,2.441,2.553,0.366,0.409,10.218,10.218,0.326,2.389,0.024,2.434,0.023,0.108,-0.177,0.050,1.30,0.86,161.62,1.03,0.89,-0.023,-0.006,-0.406,1477,1520,1423,1529,10.00,10.06,39.74,39.69
1787304094.995,25.729,True,1,2.441,2.556,0.366,0.422,10.231,10.231,0.327,2.389,0.024,2.432,0.023,0.108,-0.177,0.050,1.30,0.86,161.62,1.02,0.89,-0.023,-0.005,-0.406,1477,1520,1423,1529,10.00,10.06,49.74,49.69
1787304095.005,25.739,True,1,2.441,2.559,0.366,0.435,10.244,10.244,0.327,2.389,0.024,2.431,0.023,0.108,-0.177,0.050,1.30,0.86,161.62,1.02,0.90,-0.024,-0.005,-0.406,1477,1520,1423,1530,10.00,10.06,59.74,59.69
1787304095.015,25.749,True,1,2.441,2.562,0.366,0.448,10.258,10.258,0.327,2.389,0.024,2.429,0.023,0.108,-0.177,0.050,1.30,0.86,161.62,1.01,0.91,-0.024,-0.004,-0.406,1477,1520,1423,1530,10.00,10.06,69.74,69.69
1787304095.025,25.759,True,1,2.441,2.565,0.366,0.461,10.271,10.271,0.328,2.389,0.024,2.428,0.024,0.108,-0.177,0.050,1.30,0.86,161.62,1.01,0.91,-0.025,-0.003,-0.406,1477,1520,1423,1531,10.00,10.06,79.74,79.69
1787304095.036,25.770,True,1,2.473,2.568,0.321,0.480,10.289,10.285,0.328,2.374,0.025,2.426,0.024,0.098,-0.166,0.026,2.40,1.10,159.65,0.78,0.77,-0.164,-0.047,-0.318,1461,1525,1435,1531,10.00,10.06,-0.59,-0.64
1787304095.045,25.779,True,1,2.473,2.571,0.321,0.493,10.302,10.298,0.329,2.374,0.025,2.424,0.024,0.098,-0.166,0.026,2.40,1.10,159.65,0.77,0.78,-0.164,-0.046,-0.318,1461,1525,1435,1532,10.01,10.06,9.42,9.37
1787304095.055,25.789,True,1,2.478,2.574,0.328,0.466,10.274,10.267,0.328,2.372,0.025,2.423,0.024,0.096,-0.185,0.011,2.69,1.16,158.81,0.55,0.93,-0.218,-0.038,-0.282,1455,1524,1440,1530,9.99,10.06,-0.17,-0.12
1787304095.065,25.799,True,1,2.478,2.577,0.328,0.479,10.287,10.280,0.328,2.372,0.025,2.421,0.024,0.096,-0.185,0.011,2.69,1.16,158.81,0.54,0.94,-0.219,-0.037,-0.282,1455,1524,1440,1531,10.00,10.06,9.83,9.88
1787304095.075,25.809,True,1,2.478,2.580,0.328,0.492,10.300,10.293,0.329,2.372,0.025,2.419,0.024,0.096,-0.185,0.011,2.69,1.16,158.81,0.54,0.94,-0.219,-0.036,-0.282,1455,1524,1440,1531,10.00,10.06,19.84,19.88
1787304095.085,25.819,True,1,2.478,2.583,0.328,0.505,10.313,10.306,0.329,2.372,0.025,2.418,0.024,0.096,-0.185,0.011,2.69,1.16,158.81,0.53,0.95,-0.220,-0.035,-0.282,1455,1523,1440,1532,10.00,10.06,29.83,29.88
1787304095.095,25.829,True,1,2.478,2.586,0.328,0.518,10.327,10.319,0.329,2.372,0.025,2.416,0.024,0.096,-0.185,0.011,2.69,1.16,158.81,0.53,0.96,-0.220,-0.035,-0.282,1455,1523,1440,1532,10.00,10.06,39.83,39.88
1787304095.105,25.839,True,1,2.478,2.589,0.328,0.531,10.340,10.332,0.330,2.372,0.025,2.415,0.024,0.096,-0.185,0.011,2.69,1.16,158.81,0.53,0.97,-0.221,-0.034,-0.282,1455,1523,1440,1533,10.00,10.06,49.84,49.88
1787304095.116,25.850,True,1,2.496,2.592,0.295,0.569,10.377,10.366,0.331,2.355,0.025,2.413,0.024,0.088,-0.175,-0.007,2.92,1.48,157.00,0.37,0.82,-0.263,-0.079,-0.201,1451,1528,1452,1534,10.00,10.06,-0.41,-0.46
1787304095.125,25.859,True,1,2.496,2.595,0.295,0.582,10.390,10.379,0.331,2.355,0.025,2.411,0.024,0.088,-0.175,-0.007,2.92,1.48,157.00,0.36,0.83,-0.263,-0.078,-0.201,1451,1528,1452,1534,10.00,10.06,9.59,9.54
1787304095.135,25.869,True,1,2.496,2.598,0.295,0.595,10.403,10.392,0.332,2.355,0.025,2.409,0.024,0.088,-0.175,-0.007,2.92,1.48,157.00,0.35,0.84,-0.264,-0.077,-0.201,1451,1528,1452,1535,10.00,10.06,19.59,19.54
1787304095.145,25.879,True,1,2.496,2.601,0.295,0.608,10.416,10.405,0.332,2.355,0.025,2.407,0.024,0.088,-0.175,-0.007,2.92,1.48,157.00,0.35,0.85,-0.264,-0.076,-0.201,1450,1528,1452,1535,10.00,10.06,29.59,29.54
1787304095.155,25.889,True,1,2.496,2.604,0.295,0.621,10.429,10.418,0.333,2.355,0.025,2.405,0.024,0.088,-0.175,-0.007,2.92,1.48,157.00,0.34,0.86,-0.265,-0.076,-0.201,1450,1528,1452,1536,10.00,10.06,39.59,39.54
1787304095.165,25.899,True,1,2.496,2.607,0.295,0.634,10.442,10.431,0.333,2.355,0.025,2.404,0.024,0.088,-0.175,-0.007,2.92,1.48,157.00,0.34,0.87,-0.265,-0.075,-0.201,1450,1528,1452,1536,10.00,10.06,49.59,49.54
1787304095.175,25.909,True,1,2.496,2.610,0.295,0.647,10.455,10.444,0.333,2.355,0.025,2.402,0.024,0.088,-0.175,-0.007,2.92,1.48,157.00,0.33,0.87,-0.266,-0.074,-0.201,1450,1528,1452,1537,10.00,10.06,59.59,59.54
1787304095.185,25.919,True,1,2.496,2.613,0.295,0.661,10.469,10.457,0.334,2.355,0.025,2.400,0.024,0.088,-0.175,-0.007,2.92,1.48,157.00,0.33,0.88,-0.266,-0.073,-0.201,1450,1528,1452,1537,10.01,10.07,69.59,69.54
1787304095.195,25.929,True,1,2.496,2.616,0.295,0.674,10.482,10.471,0.334,2.355,0.025,2.399,0.024,0.088,-0.175,-0.007,2.92,1.48,157.00,0.33,0.89,-0.267,-0.072,-0.201,1450,1528,1452,1538,9.99,10.06,79.59,79.54
1787304095.206,25.940,True,1,2.522,2.619,0.298,0.574,10.381,10.368,0.331,2.336,0.023,2.397,0.024,0.083,-0.168,-0.044,2.56,2.15,153.81,-0.03,0.70,-0.268,-0.154,-0.059,1450,1537,1471,1534,10.00,10.06,-0.61,-0.65
1787304095.215,25.949,True,1,2.522,2.622,0.298,0.587,10.395,10.381,0.331,2.336,0.023,2.395,0.024,0.083,-0.168,-0.044,2.56,2.15,153.81,-0.03,0.71,-0.269,-0.153,-0.059,1450,1536,1471,1534,10.02,10.08,9.42,9.37
1787304095.225,25.959,True,1,2.522,2.625,0.298,0.600,10.408,10.394,0.332,2.336,0.023,2.393,0.024,0.083,-0.168,-0.044,2.56,2.15,153.81,-0.04,0.72,-0.269,-0.152,-0.059,1450,1536,1471,1535,9.98,10.06,19.39,19.35
1787304095.235,25.969,True,1,2.522,2.628,0.298,0.613,10.421,10.407,0.332,2.336,0.023,2.391,0.024,0.083,-0.168,-0.044,2.56,2.15,153.81,-0.05,0.73,-0.270,-0.151,-0.059,1450,1536,1471,1535,10.00,10.06,29.39,29.35
1787304095.246,25.980,True,1,2.537,2.631,0.301,0.557,10.364,10.354,0.330,2.327,0.021,2.389,0.024,0.084,-0.155,-0.048,1.64,2.42,151.79,-0.06,0.62,-0.179,-0.188,0.028,1460,1540,1523,1533,10.00,10.06,-0.29,-0.34
1787304095.255,25.989,True,1,2.537,2.634,0.301,0.570,10.377,10.367,0.331,2.327,0.021,2.387,0.024,0.084,-0.155,-0.048,1.64,2.42,151.79,-0.07,0.63,-0.180,-0.187,0.028,1460,1540,1523,1534,10.00,10.06,9.71,9.66
1787304095.265,25.999,True,1,2.537,2.637,0.301,0.583,10.390,10.380,0.331,2.327,0.021,2.385,0.024,0.084,-0.155,-0.048,1.64,2.42,151.79,-0.07,0.63,-0.180,-0.186,0.028,1460,1540,1523,1534,10.00,10.06,19.71,19.66
1787304095.275,26.009,True,1,2.537,2.640,0.301,0.596,10.403,10.393,0.332,2.327,0.021,2.383,0.024,0.084,-0.155,-0.048,1.64,2.42,151.79,-0.08,0.64,-0.181,-0.185,0.028,1459,1540,1523,1535,10.00,10.06,29.71,29.66
1787304095.286,26.019,True,1,2.549,2.643,0.300,0.562,10.369,10.361,0.331,2.320,0.017,2.381,0.023,0.087,-0.158,-0.075,1.00,2.45,150.35,-0.35,0.54,-0.145,-0.199,0.089,1463,1541,1532,1534,10.00,10.06,-0.26,-0.31
1787304095.295,26.029,True,1,2.549,2.646,0.300,0.575,10.382,10.374,0.331,2.320,0.017,2.379,0.023,0.087,-0.158,-0.075,1.00,2.45,150.35,-0.36,0.55,-0.146,-0.198,0.089,1463,1541,1532,1534,10.00,10.06,9.74,9.69
1787304095.305,26.039,True,1,2.549,2.649,0.300,0.588,10.395,10.387,0.332,2.320,0.017,2.377,0.023,0.087,-0.158,-0.075,1.00,2.45,150.35,-0.37,0.56,-0.147,-0.197,0.089,1463,1541,1532,1535,10.00,10.06,19.73,19.69
1787304095.315,26.049,True,1,2.549,2.652,0.300,0.601,10.409,10.400,0.332,2.320,0.017,2.375,0.023,0.087,-0.158,-0.075,1.00,2.45,150.35,-0.38,0.57,-0.147,-0.196,0.089,1463,1541,1532,1535,10.00,10.06,29.74,29.69
1787304095.325,26.059,True,1,2.549,2.655,0.300,0.614,10.422,10.413,0.332,2.320,0.017,2.373,0.023,0.087,-0.158,-0.075,1.00,2.45,150.35,-0.38,0.58,-0.148,-0.195,0.089,1463,1541,1532,1536,10.00,10.06,39.74,39.69
1787304095.335,26.069,True,1,2.549,2.658,0.300,0.627,10.435,10.426,0.333,2.320,0.017,2.371,0.022,0.087,-0.158,-0.075,1.00,2.45,150.35,-0.39,0.58,-0.149,-0.194,0.089,1463,1541,1532,1536,10.00,10.06,49.74,49.69
1787304095.345,26.079,True,1,2.549,2.661,0.300,0.640,10.448,10.439,0.333,2.320,0.017,2.370,0.022,0.087,-0.158,-0.075,1.00,2.45,150.35,-0.40,0.59,-0.149,-0.193,0.089,1463,1541,1532,1536,10.00,10.06,59.73,59.69
1787304095.355,26.089,True,1,2.549,2.664,0.300,0.654,10.461,10.452,0.334,2.320,0.017,2.368,0.022,0.087,-0.158,-0.075,1.00,2.45,150.35,-0.40,0.60,-0.150,-0.193,0.089,1463,1541,1532,1537,10.00,10.06,69.73,69.68
1787304095.365,26.099,True,1,2.549,2.667,0.300,0.667,10.474,10.466,0.334,2.320,0.017,2.366,0.022,0.087,-0.158,-0.075,1.00,2.45,150.35,-0.41,0.60,-0.151,-0.192,0.089,1463,1541,1532,1537,10.00,10.06,79.74,79.69
1787304095.376,26.110,True,1,2.577,2.670,0.322,0.503,10.310,10.306,0.329,2.305,0.008,2.364,0.021,0.097,-0.130,-0.082,-0.45,2.03,146.97,-0.36,0.33,0.001,-0.180,0.232,1520,1539,1552,1532,10.00,10.06,-0.58,-0.63
1787304095.385,26.119,True,1,2.577,2.673,0.322,0.516,10.323,10.319,0.329,2.305,0.008,2.362,0.021,0.097,-0.130,-0.082,-0.45,2.03,146.97,-0.37,0.33,-0.000,-0.179,0.232,1479,1539,1552,1532,10.00,10.06,9.42,9.37
1787304095.395,26.129,True,1,2.577,2.676,0.322,0.529,10.336,10.332,0.330,2.305,0.008,2.360,0.021,0.097,-0.130,-0.082,-0.45,2.03,146.97,-0.38,0.34,-0.001,-0.178,0.232,1479,1539,1552,1533,10.00,10.06,19.42,19.37
1787304095.405,26.139,True,1,2.577,2.679,0.322,0.542,10.349,10.345,0.330,2.305,0.008,2.359,0.020,0.097,-0.130,-0.082,-0.45,2.03,146.97,-0.39,0.35,-0.002,-0.178,0.232,1479,1539,1552,1533,10.00,10.06,29.42,29.37
1787304095.416,26.150,True,1,2.592,2.682,0.317,0.510,10.317,10.314,0.329,2.298,0.002,2.357,0.019,0.104,-0.114,-0.081,-1.17,1.32,145.18,-0.32,0.22,0.081,-0.122,0.309,1529,1533,1562,1532,10.00,10.06,-0.27,-0.32
1787304095.425,26.159,True,1,2.595,2.685,0.323,0.493,10.300,10.296,0.329,2.297,0.001,2.355,0.019,0.105,-0.111,-0.074,-1.25,1.21,144.84,-0.26,0.24,0.098,-0.108,0.324,1530,1531,1564,1531,10.00,10.06,-0.05,-0.11
1787304095.435,26.169,True,1,2.595,2.688,0.323,0.506,10.312,10.309,0.329,2.297,0.001,2.353,0.018,0.105,-0.111,-0.074,-1.25,1.21,144.84,-0.27,0.25,0.096,-0.108,0.324,1530,1531,1564,1532,10.00,10.06,9.95,9.90
1787304095.445,26.179,True,1,2.595,2.691,0.323,0.519,10.325,10.323,0.329,2.297,0.001,2.351,0.018,0.105,-0.111,-0.074,-1.25,1.21,144.84,-0.28,0.26,0.095,-0.107,0.324,1530,1531,1564,1532,10.00,10.06,19.95,19.89
1787304095.456,26.189,True,1,2.604,2.694,0.327,0.487,10.294,10.290,0.328,2.293,-0.002,2.349,0.017,0.109,-0.100,-0.061,-1.53,0.83,144.10,-0.12,0.25,0.142,-0.070,0.357,1535,1527,1569,1531,10.00,10.06,-0.17,-0.22
1787304095.465,26.199,True,1,2.604,2.697,0.327,0.500,10.307,10.303,0.329,2.293,-0.002,2.347,0.016,0.109,-0.100,-0.061,-1.53,0.83,144.10,-0.13,0.25,0.141,-0.070,0.357,1535,1527,1569,1532,10.00,10.06,9.83,9.78
1787304095.475,26.209,True,1,2.604,2.700,0.327,0.513,10.320,10.316,0.329,2.293,-0.002,2.345,0.016,0.109,-0.100,-0.061,-1.53,0.83,144.10,-0.14,0.26,0.140,-0.069,0.357,1535,1527,1569,1532,10.00,10.06,19.83,19.78
1787304095.485,26.219,True,1,2.604,2.703,0.327,0.526,10.333,10.329,0.330,2.293,-0.002,2.343,0.015,0.109,-0.100,-0.061,-1.53,0.83,144.10,-0.15,0.27,0.139,-0.068,0.357,1535,1527,1569,1533,10.00,10.06,29.83,29.78
1787304095.496,26.229,True,1,2.613,2.706,0.334,0.482,10.289,10.283,0.328,2.287,-0.005,2.342,0.015,0.113,-0.088,-0.039,-1.76,0.50,143.23,0.08,0.30,0.190,-0.033,0.396,1540,1523,1574,1531,10.00,10.06,-0.18,-0.23
1787304095.505,26.239,True,1,2.613,2.709,0.334,0.495,10.302,10.296,0.329,2.287,-0.005,2.340,0.014,0.113,-0.088,-0.039,-1.76,0.50,143.23,0.07,0.31,0.188,-0.032,0.396,1540,1523,1574,1531,10.00,10.06,9.83,9.78
1787304095.515,26.249,True,1,2.613,2.712,0.334,0.508,10.315,10.309,0.329,2.287,-0.005,2.338,0.013,0.113,-0.088,-0.039,-1.76,0.50,143.23,0.06,0.31,0.187,-0.032,0.396,1540,1523,1574,1532,10.00,10.06,19.82,19.77
1787304095.525,26.259,True,1,2.613,2.715,0.334,0.521,10.328,10.322,0.329,2.287,-0.005,2.336,0.013,0.113,-0.088,-0.039,-1.76,0.50,143.23,0.05,0.32,0.186,-0.031,0.396,1540,1523,1574,1532,10.00,10.06,29.82,29.77
1787304095.536,26.270,True,1,2.621,2.718,0.318,0.548,10.355,10.347,0.330,2.282,-0.007,2.335,0.012,0.116,-0.086,-0.048,-2.24,-0.20,141.89,-0.04,0.26,0.232,0.030,0.456,1545,1476,1583,1533,10.00,10.06,-0.35,-0.31
1787304095.545,26.279,True,1,2.621,2.721,0.318,0.561,10.368,10.360,0.331,2.282,-0.007,2.333,0.011,0.116,-0.086,-0.048,-2.24,-0.20,141.89,-0.05,0.27,0.231,0.031,0.456,1545,1476,1583,1534,10.00,10.06,9.65,9.69
1787304095.555,26.289,True,1,2.621,2.724,0.318,0.574,10.381,10.373,0.331,2.282,-0.007,2.331,0.011,0.116,-0.086,-0.048,-2.24,-0.20,141.89,-0.06,0.27,0.230,0.031,0.456,1545,1476,1583,1534,10.00,10.06,19.65,19.70
1787304095.565,26.299,True,1,2.621,2.727,0.318,0.587,10.394,10.386,0.331,2.282,-0.007,2.329,0.010,0.116,-0.086,-0.048,-2.24,-0.20,141.89,-0.07,0.28,0.229,0.032,0.456,1545,1476,1583,1535,10.00,10.06,29.65,29.69
1787304095.575,26.309,True,1,2.621,2.730,0.318,0.600,10.407,10.399,0.332,2.282,-0.007,2.328,0.010,0.116,-0.086,-0.048,-2.24,-0.20,141.89,-0.08,0.28,0.228,0.032,0.456,1545,1476,1583,1535,10.00,10.06,39.65,39.70
1787304095.585,26.319,True,1,2.621,2.733,0.318,0.613,10.420,10.413,0.332,2.282,-0.007,2.326,0.009,0.116,-0.086,-0.048,-2.24,-0.20,141.89,-0.09,0.29,0.227,0.033,0.456,1544,1476,1583,1536,10.00,10.07,49.65,49.70
1787304095.595,26.329,True,1,2.621,2.736,0.318,0.627,10.433,10.426,0.333,2.282,-0.007,2.325,0.009,0.116,-0.086,-0.048,-2.24,-0.20,141.89,-0.10,0.29,0.226,0.033,0.456,1544,1476,1583,1536,10.00,10.06,59.65,59.70
1787304095.606,26.340,True,1,2.635,2.739,0.295,0.654,10.461,10.455,0.334,2.274,-0.009,2.323,0.008,0.121,-0.085,-0.046,-1.82,-0.74,140.94,-0.09,0.30,0.188,0.094,0.499,1540,1469,1589,1537,10.00,10.06,-0.50,-0.45
1787304095.615,26.349,True,1,2.640,2.742,0.305,0.614,10.421,10.412,0.332,2.271,-0.009,2.321,0.007,0.122,-0.082,-0.016,-1.82,-0.74,140.94,0.15,0.47,0.214,0.111,0.500,1543,1467,1589,1536,10.00,10.06,9.50,-0.06
1787304095.625,26.359,True,1,2.642,2.745,0.305,0.622,10.429,10.421,0.333,2.270,-0.009,2.320,0.007,0.122,-0.086,-0.009,-1.54,-0.83,140.76,0.17,0.55,0.186,0.131,0.508,1540,1465,1590,1536,10.00,10.06,-0.05,-0.11
1787304095.635,26.369,True,1,2.642,2.748,0.305,0.635,10.442,10.434,0.333,2.270,-0.009,2.318,0.006,0.122,-0.086,-0.009,-1.54,-0.83,140.76,0.16,0.55,0.185,0.132,0.508,1540,1465,1590,1536,10.00,10.06,9.94,9.89
1787304095.645,26.379,True,1,2.647,2.751,0.282,0.697,10.504,10.499,0.335,2.267,-0.009,2.316,0.006,0.123,-0.091,-0.024,-0.92,-0.90,140.62,-0.00,0.50,0.104,0.138,0.512,1531,1464,1591,1539,10.00,10.06,-0.17,-0.12
1787304095.655,26.389,True,1,2.647,2.754,0.282,0.710,10.517,10.512,0.336,2.267,-0.009,2.315,0.005,0.123,-0.091,-0.024,-0.92,-0.90,140.62,-0.01,0.50,0.103,0.138,0.512,1531,1464,1591,1539,10.00,10.06,9.83,9.88
1787304095.665,26.399,True,1,2.647,2.757,0.282,0.723,10.530,10.525,0.336,2.267,-0.009,2.313,0.005,0.123,-0.091,-0.024,-0.92,-0.90,140.62,-0.02,0.51,0.102,0.139,0.512,1531,1464,1591,1539,10.00,10.06,19.83,19.88
1787304095.675,26.409,True,1,2.647,2.760,0.282,0.736,10.543,10.539,0.336,2.267,-0.009,2.312,0.004,0.123,-0.091,-0.024,-0.92,-0.90,140.62,-0.03,0.51,0.101,0.139,0.512,1531,1464,1591,1540,10.00,10.06,29.83,29.88
1787304095.685,26.419,True,1,2.647,2.763,0.282,0.749,10.556,10.552,0.337,2.267,-0.009,2.310,0.004,0.123,-0.091,-0.024,-0.92,-0.90,140.62,-0.04,0.52,0.100,0.140,0.512,1531,1464,1591,1540,10.00,10.06,39.83,39.88
1787304095.695,26.429,True,1,2.647,2.766,0.282,0.762,10.569,10.565,0.337,2.267,-0.009,2.309,0.004,0.123,-0.091,-0.024,-0.92,-0.90,140.62,-0.05,0.52,0.099,0.140,0.512,1531,1464,1591,1541,10.00,10.06,49.83,49.88
1787304095.706,26.440,True,1,2.659,2.769,0.271,0.758,10.566,10.562,0.337,2.260,-0.009,2.307,0.003,0.127,-0.085,-0.006,-0.42,-0.88,140.69,0.11,0.59,0.063,0.150,0.508,1527,1463,1590,1541,9.99,10.06,-0.32,-0.37
1787304095.715,26.449,True,1,2.659,2.769,0.271,0.759,10.567,10.563,0.337,2.260,-0.009,2.305,0.003,0.127,-0.085,-0.006,-0.42,-0.88,140.69,0.10,0.60,0.062,0.151,0.508,1526,1463,1590,1541,10.00,10.06,9.68,9.64
1787304095.725,26.459,True,1,2.659,2.769,0.271,0.761,10.568,10.564,0.337,2.260,-0.009,2.304,0.002,0.127,-0.085,-0.006,-0.42,-0.88,140.69,0.10,0.60,0.061,0.151,0.508,1526,1463,1590,1541,10.00,10.06,19.68,19.63
1787304095.735,26.469,True,1,2.659,2.769,0.271,0.762,10.569,10.565,0.337,2.260,-0.009,2.303,0.002,0.127,-0.085,-0.006,-0.42,-0.88,140.69,0.09,0.61,0.060,0.152,0.508,1526,1463,1590,1541,10.00,10.06,29.68,29.63
1787304095.745,26.479,True,1,2.659,2.769,0.271,0.763,10.570,10.566,0.337,2.260,-0.009,2.301,0.002,0.127,-0.085,-0.006,-0.42,-0.88,140.69,0.08,0.61,0.060,0.152,0.508,1526,1463,1590,1541,10.00,10.06,39.68,39.63
1787304095.755,26.489,True,1,2.659,2.769,0.271,0.764,10.571,10.567,0.337,2.260,-0.009,2.300,0.001,0.127,-0.085,-0.006,-0.42,-0.88,140.69,0.07,0.62,0.059,0.153,0.508,1526,1463,1590,1541,10.00,10.06,49.68,49.63
1787304095.765,26.499,True,1,2.659,2.769,0.271,0.765,10.572,10.568,0.337,2.260,-0.009,2.298,0.001,0.127,-0.085,-0.006,-0.42,-0.88,140.69,0.06,0.62,0.058,0.153,0.508,1526,1463,1590,1541,10.00,10.06,59.68,59.64
1787304095.775,26.509,True,1,2.659,2.769,0.271,0.766,10.573,10.569,0.337,2.260,-0.009,2.297,0.000,0.127,-0.085,-0.006,-0.42,-0.88,140.69,0.05,0.62,0.057,0.154,0.508,1526,1462,1590,1541,10.00,10.06,69.68,69.64
1787304095.785,26.519,True,1,2.659,2.769,0.271,0.767,10.574,10.570,0.337,2.260,-0.009,2.296,0.000,0.127,-0.085,-0.006,-0.42,-0.88,140.69,0.05,0.63,0.056,0.154,0.508,1526,1462,1590,1541,10.00,10.06,79.68,79.63
1787304095.796,26.530,True,1,2.682,2.769,0.276,0.662,10.470,10.465,0.334,2.250,-0.010,2.294,-0.000,0.133,-0.094,0.021,1.30,-0.55,141.90,0.21,0.88,-0.111,0.159,0.451,1467,1462,1582,1537,10.00,10.06,-0.59,-0.63
1787304095.805,26.539,True,1,2.682,2.769,0.276,0.663,10.471,10.465,0.334,2.250,-0.010,2.293,-0.001,0.133,-0.094,0.021,1.30,-0.55,141.90,0.20,0.88,-0.112,0.160,0.451,1467,1462,1582,1537,10.00,10.06,9.41,9.37
1787304095.815,26.549,True,1,2.682,2.769,0.276,0.664,10.472,10.466,0.334,2.250,-0.010,2.291,-0.001,0.133,-0.094,0.021,1.30,-0.55,141.90,0.19,0.89,-0.113,0.161,0.451,1467,1462,1582,1537,10.00,10.06,19.41,19.36
1787304095.825,26.559,True,1,2.682,2.769,0.276,0.664,10.472,10.467,0.334,2.250,-0.010,2.290,-0.001,0.133,-0.094,0.021,1.30,-0.55,141.90,0.18,0.89,-0.113,0.161,0.451,1467,1462,1582,1537,10.00,10.06,29.41,29.37
1787304095.835,26.569,True,1,2.682,2.769,0.276,0.665,10.473,10.468,0.334,2.250,-0.010,2.289,-0.002,0.133,-0.094,0.021,1.30,-0.55,141.90,0.17,0.90,-0.114,0.162,0.451,1467,1462,1582,1537,10.00,10.06,39.41,39.36
1787304095.845,26.579,True,1,2.682,2.769,0.276,0.666,10.474,10.469,0.334,2.250,-0.010,2.287,-0.002,0.133,-0.094,0.021,1.30,-0.55,141.90,0.16,0.90,-0.115,0.162,0.451,1467,1462,1582,1537,10.00,10.06,49.42,49.37
1787304095.855,26.589,True,1,2.682,2.769,0.276,0.667,10.475,10.470,0.334,2.250,-0.010,2.286,-0.002,0.133,-0.094,0.021,1.30,-0.55,141.90,0.16,0.91,-0.116,0.163,0.451,1467,1461,1582,1538,10.00,10.06,59.41,59.36
1787304095.865,26.599,True,1,2.682,2.769,0.276,0.668,10.476,10.470,0.334,2.250,-0.010,2.285,-0.002,0.133,-0.094,0.021,1.30,-0.55,141.90,0.15,0.91,-0.117,0.163,0.451,1467,1461,1582,1538,10.00,10.06,69.41,69.36
1787304095.876,26.610,True,1,2.707,2.769,0.261,0.611,10.420,10.412,0.332,2.238,-0.012,2.283,-0.003,0.140,-0.129,0.019,1.96,0.12,144.06,-0.05,1.19,-0.211,0.124,0.356,1456,1466,1569,1536,10.00,10.06,-0.58,-0.63
1787304095.885,26.619,True,1,2.707,2.769,0.261,0.612,10.421,10.412,0.332,2.238,-0.012,2.282,-0.003,0.140,-0.129,0.019,1.96,0.12,144.06,-0.06,1.19,-0.212,0.125,0.356,1456,1466,1569,1536,10.00,10.06,9.43,9.38
1787304095.895,26.629,True,1,2.707,2.769,0.261,0.612,10.421,10.413,0.332,2.238,-0.012,2.280,-0.003,0.140,-0.129,0.019,1.96,0.12,144.06,-0.07,1.20,-0.212,0.125,0.356,1456,1466,1569,1536,10.00,10.06,19.42,19.37
1787304095.905,26.639,True,1,2.707,2.769,0.261,0.613,10.422,10.413,0.332,2.238,-0.012,2.279,-0.004,0.140,-0.129,0.019,1.96,0.12,144.06,-0.07,1.21,-0.213,0.126,0.356,1456,1466,1569,1536,10.00,10.06,29.42,29.37
1787304095.915,26.649,True,1,2.707,2.769,0.261,0.614,10.423,10.414,0.332,2.238,-0.012,2.278,-0.004,0.140,-0.129,0.019,1.96,0.12,144.06,-0.08,1.21,-0.214,0.127,0.356,1456,1465,1569,1536,10.00,10.06,39.42,39.37
1787304095.925,26.659,True,1,2.707,2.769,0.261,0.614,10.423,10.415,0.332,2.238,-0.012,2.276,-0.004,0.140,-0.129,0.019,1.96,0.12,144.06,-0.09,1.22,-0.215,0.127,0.356,1456,1465,1569,1536,10.00,10.06,49.43,49.38
1787304095.935,26.669,True,1,2.707,2.769,0.261,0.615,10.424,10.415,0.332,2.238,-0.012,2.275,-0.004,0.140,-0.129,0.019,1.96,0.12,144.06,-0.10,1.22,-0.216,0.128,0.356,1456,1465,1569,1536,10.00,10.06,59.42,59.37
1787304095.945,26.679,True,1,2.707,2.769,0.261,0.615,10.424,10.416,0.332,2.238,-0.012,2.274,-0.005,0.140,-0.129,0.019,1.96,0.12,144.06,-0.11,1.23,-0.217,0.128,0.356,1456,1465,1569,1536,10.00,10.06,69.42,69.37
1787304095.955,26.689,True,1,2.707,2.769,0.261,0.616,10.425,10.416,0.332,2.238,-0.012,2.273,-0.005,0.140,-0.129,0.019,1.96,0.12,144.06,-0.11,1.23,-0.217,0.129,0.356,1456,1465,1569,1536,10.00,10.06,79.42,79.37
1787304095.966,26.700,True,1,2.731,2.769,0.240,0.585,10.394,10.387,0.332,2.225,-0.012,2.271,-0.005,0.148,-0.135,-0.003,1.85,0.97,147.16,-0.27,1.19,-0.226,0.030,0.224,1455,1476,1551,1535,10.00,10.06,-0.58,-0.63
1787304095.975,26.709,True,1,2.731,2.769,0.240,0.586,10.395,10.387,0.332,2.225,-0.012,2.269,-0.005,0.148,-0.135,-0.003,1.85,0.97,147.16,-0.27,1.20,-0.226,0.031,0.224,1455,1476,1551,1535,10.00,10.06,9.42,9.38
1787304095.985,26.719,True,1,2.731,2.769,0.240,0.586,10.395,10.388,0.332,2.225,-0.012,2.268,-0.006,0.148,-0.135,-0.003,1.85,0.97,147.16,-0.28,1.20,-0.227,0.032,0.224,1454,1476,1551,1535,10.00,10.06,19.42,19.37
1787304095.995,26.729,True,1,2.731,2.769,0.240,0.586,10.396,10.388,0.332,2.225,-0.012,2.266,-0.006,0.148,-0.135,-0.003,1.85,0.97,147.16,-0.29,1.21,-0.228,0.033,0.224,1454,1476,1551,1535,10.00,10.06,29.42,29.37
1787304096.006,26.739,True,1,2.742,2.769,0.220,0.606,10.415,10.413,0.332,2.217,-0.012,2.265,-0.006,0.153,-0.135,-0.004,1.06,1.42,149.35,-0.26,1.22,-0.141,-0.018,0.130,1464,1522,1538,1536,10.00,10.06,-0.27,-0.32
1787304096.015,26.749,True,1,2.742,2.769,0.220,0.607,10.416,10.413,0.332,2.217,-0.012,2.263,-0.006,0.153,-0.135,-0.004,1.06,1.42,149.35,-0.27,1.23,-0.142,-0.017,0.130,1464,1521,1538,1536,10.00,10.06,9.73,9.68
1787304096.025,26.759,True,1,2.742,2.769,0.220,0.607,10.416,10.413,0.332,2.217,-0.012,2.262,-0.006,0.153,-0.135,-0.004,1.06,1.42,149.35,-0.28,1.24,-0.143,-0.016,0.130,1464,1521,1538,1536,10.00,10.06,19.73,19.68
1787304096.035,26.769,True,1,2.742,2.769,0.220,0.607,10.416,10.414,0.332,2.217,-0.012,2.260,-0.007,0.153,-0.135,-0.004,1.06,1.42,149.35,-0.28,1.24,-0.143,-0.016,0.130,1464,1521,1538,1536,10.00,10.06,29.73,29.68
1787304096.046,26.779,True,1,2.749,2.769,0.218,0.582,10.391,10.391,0.332,2.211,-0.011,2.259,-0.007,0.156,-0.134,0.015,0.44,1.66,151.03,-0.08,1.34,-0.056,-0.033,0.056,1473,1523,1527,1535,10.00,10.06,-0.26,-0.31
1787304096.055,26.789,True,1,2.749,2.769,0.218,0.582,10.392,10.391,0.332,2.211,-0.011,2.257,-0.007,0.156,-0.134,0.015,0.44,1.66,151.03,-0.09,1.35,-0.057,-0.032,0.056,1473,1523,1527,1535,10.00,10.06,9.74,9.69
1787304096.065,26.799,True,1,2.749,2.769,0.218,0.582,10.392,10.391,0.332,2.211,-0.011,2.255,-0.007,0.156,-0.134,0.015,0.44,1.66,151.03,-0.10,1.36,-0.058,-0.032,0.056,1473,1523,1527,1535,10.00,10.06,19.74,19.69
1787304096.075,26.809,True,1,2.749,2.769,0.218,0.583,10.392,10.392,0.332,2.211,-0.011,2.254,-0.007,0.156,-0.134,0.015,0.44,1.66,151.03,-0.11,1.36,-0.058,-0.031,0.056,1473,1523,1527,1535,10.00,10.06,29.74,29.69
1787304096.085,26.819,True,1,2.749,2.769,0.218,0.583,10.392,10.392,0.332,2.211,-0.011,2.253,-0.007,0.156,-0.134,0.015,0.44,1.66,151.03,-0.11,1.37,-0.059,-0.030,0.056,1473,1523,1527,1535,10.00,10.06,39.73,39.69
1787304096.095,26.829,True,1,2.749,2.769,0.218,0.583,10.393,10.392,0.332,2.211,-0.011,2.251,-0.007,0.156,-0.134,0.015,0.44,1.66,151.03,-0.12,1.38,-0.060,-0.029,0.056,1473,1523,1527,1535,10.00,10.06,49.73,49.69
1787304096.105,26.839,True,1,2.749,2.769,0.218,0.583,10.393,10.392,0.332,2.211,-0.011,2.250,-0.008,0.156,-0.134,0.015,0.44,1.66,151.03,-0.13,1.39,-0.060,-0.028,0.056,1473,1523,1527,1535,10.00,10.06,59.73,59.69
1787304096.115,26.849,True,1,2.749,2.769,0.218,0.583,10.393,10.393,0.332,2.211,-0.011,2.249,-0.008,0.156,-0.134,0.015,0.44,1.66,151.03,-0.13,1.39,-0.061,-0.028,0.056,1473,1523,1527,1535,10.00,10.06,69.73,69.69
1787304096.125,26.859,True,1,2.749,2.769,0.218,0.584,10.393,10.393,0.332,2.211,-0.011,2.247,-0.008,0.156,-0.134,0.015,0.44,1.66,151.03,-0.14,1.40,-0.062,-0.027,0.056,1473,1522,1527,1535,10.00,10.06,79.74,79.69
1787304096.136,26.870,True,1,2.762,2.769,0.183,0.639,10.449,10.446,0.333,2.197,-0.009,2.246,-0.008,0.165,-0.131,0.024,-1.22,1.94,155.19,0.05,1.43,0.137,-0.051,-0.127,1535,1525,1462,1537,10.00,10.06,-0.58,-0.63
1787304096.145,26.879,True,1,2.762,2.769,0.183,0.639,10.449,10.446,0.333,2.197,-0.009,2.244,-0.008,0.165,-0.131,0.024,-1.22,1.94,155.19,0.04,1.44,0.136,-0.050,-0.127,1535,1525,1462,1537,10.00,10.06,9.42,9.37
1787304096.155,26.889,True,1,2.762,2.769,0.183,0.639,10.449,10.446,0.333,2.197,-0.009,2.242,-0.008,0.165,-0.131,0.024,-1.22,1.94,155.19,0.04,1.45,0.135,-0.049,-0.126,1534,1525,1462,1537,10.00,10.06,19.42,19.37
1787304096.165,26.899,True,1,2.762,2.769,0.183,0.639,10.449,10.447,0.333,2.197,-0.009,2.241,-0.008,0.165,-0.131,0.024,-1.22,1.94,155.19,0.03,1.46,0.135,-0.049,-0.126,1534,1525,1462,1537,10.00,10.06,29.42,29.37
1787304096.176,26.909,True,1,2.769,2.769,0.192,0.583,10.393,10.385,0.331,2.189,-0.007,2.239,-0.008,0.169,-0.127,0.053,-1.96,1.72,157.65,0.37,1.54,0.251,-0.011,-0.233,1547,1521,1447,1535,10.00,10.06,-0.27,-0.32
1787304096.185,26.919,True,1,2.769,2.769,0.192,0.583,10.393,10.385,0.331,2.189,-0.007,2.237,-0.008,0.169,-0.127,0.053,-1.96,1.72,157.65,0.37,1.55,0.250,-0.010,-0.233,1547,1521,1447,1535,10.01,10.07,9.74,9.69
1787304096.195,26.929,True,1,2.769,2.769,0.192,0.583,10.394,10.385,0.331,2.189,-0.007,2.236,-0.008,0.169,-0.127,0.053,-1.96,1.72,157.65,0.36,1.56,0.250,-0.009,-0.233,1547,1521,1447,1535,10.00,10.06,19.73,19.69
1787304096.205,26.939,True,1,2.769,2.769,0.192,0.583,10.394,10.385,0.331,2.189,-0.007,2.234,-0.008,0.169,-0.127,0.053,-1.96,1.72,157.65,0.36,1.57,0.249,-0.008,-0.233,1547,1520,1447,1535,10.00,10.06,29.73,29.68
1787304096.216,26.949,True,1,2.776,2.769,0.182,0.586,10.396,10.386,0.331,2.184,-0.005,2.233,-0.008,0.172,-0.122,0.048,-2.22,1.43,159.27,0.36,1.51,0.278,0.019,-0.303,1550,1477,1437,1535,10.00,10.06,-0.28,-0.33
1787304096.225,26.959,True,1,2.776,2.769,0.182,0.586,10.396,10.385,0.331,2.184,-0.005,2.231,-0.008,0.172,-0.122,0.048,-2.33,1.25,160.05,0.38,1.51,0.291,0.041,-0.336,1551,1475,1433,1535,10.00,10.06,-0.07,9.67
1787304096.235,26.969,True,1,2.776,2.769,0.182,0.586,10.396,10.385,0.331,2.184,-0.005,2.229,-0.008,0.172,-0.122,0.048,-2.33,1.25,160.05,0.37,1.52,0.290,0.042,-0.336,1551,1475,1433,1535,10.00,10.06,9.93,19.67
1787304096.245,26.979,True,1,2.776,2.769,0.182,0.586,10.396,10.385,0.331,2.184,-0.005,2.228,-0.007,0.172,-0.122,0.048,-2.33,1.25,160.05,0.37,1.53,0.290,0.043,-0.336,1551,1475,1433,1535,10.00,10.06,19.93,29.67
1787304096.255,26.989,True,1,2.783,2.769,0.190,0.534,10.346,10.329,0.330,2.180,-0.003,2.226,-0.007,0.173,-0.111,0.088,-2.38,1.14,160.57,0.80,1.58,0.339,0.061,-0.358,1557,1473,1430,1533,10.00,10.06,-0.12,-0.17
1787304096.265,26.999,True,1,2.783,2.769,0.190,0.534,10.346,10.329,0.330,2.180,-0.003,2.225,-0.007,0.173,-0.111,0.088,-2.38,1.14,160.57,0.79,1.59,0.339,0.062,-0.358,1556,1473,1430,1533,10.00,10.06,9.89,9.83
1787304096.275,27.009,True,1,2.783,2.769,0.190,0.534,10.345,10.329,0.330,2.180,-0.003,2.223,-0.007,0.173,-0.111,0.088,-2.38,1.14,160.57,0.79,1.60,0.339,0.063,-0.358,1556,1472,1430,1533,10.00,10.06,19.88,19.83
1787304096.285,27.019,True,1,2.783,2.769,0.190,0.534,10.345,10.329,0.330,2.180,-0.003,2.222,-0.007,0.173,-0.111,0.088,-2.38,1.14,160.57,0.78,1.61,0.338,0.064,-0.358,1556,1472,1430,1533,10.00,10.06,29.88,29.83
1787304096.296,27.030,True,1,2.791,2.769,0.184,0.518,10.330,10.309,0.329,2.176,0.001,2.220,-0.007,0.174,-0.110,0.093,-2.69,0.71,162.66,0.89,1.60,0.380,0.114,-0.447,1561,1467,1417,1532,10.00,10.06,-0.35,-0.31
1787304096.305,27.039,True,1,2.791,2.769,0.184,0.518,10.330,10.309,0.329,2.176,0.001,2.219,-0.006,0.174,-0.110,0.093,-2.69,0.71,162.66,0.89,1.61,0.380,0.115,-0.447,1561,1467,1417,1532,10.00,10.06,9.65,9.70
1787304096.315,27.049,True,1,2.797,2.769,0.181,0.501,10.314,10.290,0.328,2.173,0.004,2.217,-0.006,0.175,-0.113,0.114,-2.62,0.51,163.33,1.10,1.70,0.394,0.146,-0.475,1562,1463,1413,1531,10.00,10.06,-0.12,-0.17
1787304096.325,27.059,True,1,2.797,2.769,0.181,0.501,10.314,10.290,0.328,2.173,0.004,2.216,-0.006,0.175,-0.113,0.114,-2.62,0.51,163.33,1.10,1.71,0.394,0.147,-0.475,1562,1463,1413,1531,10.00,10.06,9.88,9.83
1787304096.335,27.069,True,1,2.797,2.769,0.181,0.501,10.314,10.290,0.328,2.173,0.004,2.214,-0.005,0.175,-0.113,0.114,-2.62,0.51,163.33,1.10,1.72,0.394,0.148,-0.475,1562,1463,1413,1531,10.00,10.06,19.88,19.83
1787304096.345,27.079,True,1,2.797,2.769,0.181,0.500,10.314,10.290,0.328,2.173,0.004,2.213,-0.005,0.175,-0.113,0.114,-2.62,0.51,163.33,1.09,1.73,0.393,0.150,-0.475,1562,1463,1413,1531,10.00,10.06,29.88,29.83
1787304096.355,27.089,True,1,2.797,2.769,0.181,0.500,10.313,10.289,0.328,2.173,0.004,2.212,-0.005,0.175,-0.113,0.114,-2.62,0.51,163.33,1.09,1.74,0.393,0.151,-0.474,1562,1463,1413,1531,10.00,10.06,39.88,39.83
1787304096.366,27.100,True,1,2.807,2.769,0.188,0.437,10.251,10.231,0.327,2.168,0.010,2.210,-0.004,0.176,-0.115,0.132,-1.90,0.19,164.44,1.30,1.81,0.337,0.187,-0.524,1556,1459,1407,1529,10.00,10.06,-0.27,-0.32
1787304096.375,27.109,True,1,2.809,2.769,0.176,0.465,10.279,10.261,0.328,2.167,0.011,2.209,-0.004,0.176,-0.116,0.115,-1.75,0.11,164.75,1.14,1.77,0.304,0.191,-0.537,1553,1458,1405,1530,10.00,10.06,-0.06,-0.11
1787304096.385,27.119,True,1,2.809,2.769,0.176,0.465,10.278,10.263,0.328,2.167,0.011,2.207,-0.003,0.176,-0.116,0.115,-1.50,0.08,164.92,1.15,1.78,0.278,0.192,-0.546,1550,1458,1404,1530,10.00,10.06,-0.05,9.89
1787304096.395,27.129,True,1,2.809,2.769,0.176,0.464,10.278,10.262,0.328,2.167,0.011,2.206,-0.003,0.176,-0.116,0.115,-1.50,0.08,164.92,1.15,1.79,0.278,0.193,-0.546,1550,1458,1404,1530,10.00,10.06,9.95,19.89
1787304096.405,27.139,True,1,2.809,2.769,0.176,0.464,10.278,10.262,0.328,2.167,0.011,2.205,-0.002,0.176,-0.116,0.115,-1.50,0.08,164.92,1.15,1.80,0.277,0.194,-0.545,1550,1458,1404,1530,10.00,10.06,19.95,29.89
1787304096.415,27.149,True,1,2.809,2.769,0.176,0.463,10.277,10.262,0.328,2.167,0.011,2.204,-0.002,0.176,-0.116,0.115,-1.50,0.08,164.92,1.15,1.81,0.277,0.196,-0.545,1550,1458,1404,1530,10.00,10.06,29.95,39.89
1787304096.425,27.159,True,1,2.809,2.769,0.176,0.463,10.277,10.261,0.328,2.167,0.011,2.202,-0.001,0.176,-0.116,0.115,-1.50,0.08,164.92,1.14,1.82,0.277,0.197,-0.545,1550,1458,1404,1530,10.00,10.06,39.95,49.89
1787304096.435,27.169,True,1,2.809,2.769,0.176,0.463,10.277,10.261,0.328,2.167,0.011,2.201,-0.001,0.176,-0.116,0.115,-1.50,0.08,164.92,1.14,1.83,0.277,0.198,-0.545,1550,1458,1404,1530,10.00,10.06,49.95,59.89
1787304096.445,27.179,True,1,2.809,2.769,0.176,0.462,10.276,10.261,0.327,2.167,0.011,2.200,-0.001,0.176,-0.116,0.115,-1.50,0.08,164.92,1.14,1.84,0.277,0.198,-0.545,1550,1458,1404,1530,10.00,10.06,59.94,69.89
1787304096.456,27.190,True,1,2.826,2.769,0.202,0.321,10.137,10.125,0.323,2.156,0.024,2.199,0.000,0.180,-0.127,0.142,-0.40,-0.02,165.77,1.42,2.04,0.191,0.219,-0.586,1540,1455,1398,1525,10.00,10.06,-0.41,-0.46
1787304096.465,27.199,True,1,2.827,2.769,0.187,0.357,10.174,10.164,0.324,2.153,0.026,2.197,0.001,0.181,-0.139,0.142,0.06,0.10,165.93,1.40,2.15,0.141,0.214,-0.595,1535,1456,1397,1527,10.00,10.06,-0.05,-0.11
1787304096.475,27.209,True,1,2.827,2.769,0.187,0.356,10.173,10.164,0.324,2.153,0.026,2.196,0.002,0.181,-0.139,0.142,0.06,0.10,165.93,1.40,2.17,0.141,0.215,-0.595,1535,1456,1397,1527,10.00,10.06,9.94,9.89
1787304096.485,27.219,True,1,2.827,2.769,0.187,0.356,10.173,10.163,0.324,2.153,0.026,2.194,0.003,0.181,-0.139,0.142,0.06,0.10,165.93,1.40,2.18,0.141,0.217,-0.595,1535,1456,1397,1527,10.00,10.06,19.94,19.89
1787304096.495,27.229,True,1,2.827,2.769,0.187,0.355,10.172,10.163,0.324,2.153,0.026,2.193,0.003,0.181,-0.139,0.142,0.06,0.10,165.93,1.40,2.19,0.141,0.218,-0.595,1535,1455,1397,1527,10.00,10.06,29.95,29.89
1787304096.505,27.239,True,1,2.827,2.769,0.187,0.354,10.172,10.162,0.324,2.153,0.026,2.191,0.004,0.181,-0.139,0.142,0.06,0.10,165.93,1.41,2.20,0.141,0.219,-0.595,1535,1455,1397,1527,10.00,10.06,39.94,39.89
1787304096.515,27.249,True,1,2.827,2.769,0.187,0.354,10.171,10.162,0.324,2.153,0.026,2.190,0.005,0.181,-0.139,0.142,0.06,0.10,165.93,1.41,2.21,0.142,0.220,-0.595,1535,1455,1397,1527,10.00,10.06,49.94,49.89
1787304096.525,27.259,True,1,2.827,2.769,0.187,0.353,10.171,10.161,0.324,2.153,0.026,2.189,0.006,0.181,-0.139,0.142,0.06,0.10,165.93,1.41,2.22,0.142,0.221,-0.595,1535,1455,1397,1527,10.00,10.06,59.94,59.89
1787304096.536,27.270,True,1,2.837,2.769,0.183,0.324,10.142,10.140,0.324,2.139,0.041,2.187,0.007,0.189,-0.136,0.156,1.07,1.05,165.82,1.55,2.25,0.061,0.115,-0.592,1526,1467,1397,1526,10.00,10.06,-0.46,-0.51
1787304096.545,27.279,True,1,2.837,2.769,0.183,0.323,10.142,10.139,0.324,2.139,0.041,2.186,0.008,0.189,-0.136,0.156,1.07,1.05,165.82,1.56,2.27,0.061,0.117,-0.592,1526,1467,1397,1526,10.00,10.06,9.54,9.49
1787304096.555,27.289,True,1,2.837,2.769,0.183,0.323,10.141,10.139,0.324,2.139,0.041,2.184,0.009,0.189,-0.136,0.156,1.07,1.05,165.82,1.56,2.28,0.062,0.118,-0.592,1526,1466,1397,1526,10.00,10.06,19.54,19.50
1787304096.565,27.299,True,1,2.837,2.769,0.183,0.322,10.141,10.138,0.324,2.139,0.041,2.183,0.010,0.189,-0.136,0.156,1.07,1.05,165.82,1.56,2.29,0.062,0.119,-0.592,1526,1466,1397,1526,10.00,10.06,29.54,29.49
1787304096.575,27.309,True,1,2.837,2.769,0.183,0.321,10.140,10.137,0.324,2.139,0.041,2.181,0.011,0.189,-0.136,0.156,1.07,1.05,165.82,1.57,2.30,0.062,0.121,-0.592,1526,1466,1397,1526,10.00,10.06,39.54,39.50
1787304096.585,27.319,True,1,2.837,2.769,0.183,0.321,10.140,10.137,0.324,2.139,0.041,2.180,0.012,0.189,-0.136,0.156,1.07,1.05,165.82,1.57,2.32,0.063,0.122,-0.592,1526,1466,1397,1526,10.00,10.07,49.55,49.50
1787304096.595,27.329,True,1,2.837,2.769,0.183,0.320,10.139,10.136,0.324,2.139,0.041,2.178,0.013,0.189,-0.136,0.156,1.07,1.05,165.82,1.57,2.33,0.063,0.123,-0.592,1526,1466,1397,1526,9.99,10.06,59.54,59.49
1787304096.606,27.340,True,1,2.845,2.769,0.183,0.290,10.108,10.107,0.323,2.128,0.050,2.177,0.014,0.197,-0.140,0.133,2.28,2.42,164.81,1.30,2.36,-0.079,-0.029,-0.544,1471,1523,1404,1525,10.00,10.06,-0.48,-0.44
1787304096.615,27.349,True,1,2.845,2.769,0.183,0.290,10.107,10.106,0.323,2.128,0.050,2.175,0.016,0.197,-0.140,0.133,2.28,2.42,164.81,1.30,2.37,-0.079,-0.027,-0.544,1471,1523,1404,1525,10.00,10.06,9.51,9.56
1787304096.626,27.359,True,1,2.849,2.769,0.175,0.297,10.115,10.113,0.323,2.123,0.054,2.173,0.017,0.200,-0.154,0.127,2.38,2.61,164.58,1.20,2.51,-0.099,-0.033,-0.534,1468,1523,1405,1525,10.00,10.06,-0.19,-0.24
1787304096.635,27.369,True,1,2.849,2.769,0.175,0.296,10.115,10.113,0.323,2.123,0.054,2.172,0.018,0.200,-0.154,0.127,2.38,2.61,164.58,1.21,2.52,-0.099,-0.031,-0.534,1469,1523,1405,1525,10.00,10.06,9.81,9.76
1787304096.645,27.379,True,1,2.849,2.769,0.175,0.295,10.114,10.112,0.323,2.123,0.054,2.170,0.019,0.200,-0.154,0.127,2.38,2.61,164.58,1.21,2.54,-0.098,-0.030,-0.534,1469,1523,1405,1525,10.01,10.07,19.82,19.77
1787304096.655,27.389,True,1,2.849,2.769,0.175,0.294,10.113,10.111,0.323,2.123,0.054,2.168,0.020,0.200,-0.154,0.127,2.38,2.61,164.58,1.21,2.55,-0.098,-0.028,-0.534,1469,1523,1405,1525,10.00,10.07,29.82,29.77
1787304096.665,27.399,True,1,2.849,2.769,0.175,0.294,10.113,10.111,0.323,2.123,0.054,2.167,0.022,0.200,-0.154,0.127,2.38,2.61,164.58,1.22,2.56,-0.098,-0.027,-0.534,1469,1523,1405,1525,9.99,10.06,39.81,39.76
1787304096.675,27.409,True,1,2.849,2.769,0.175,0.293,10.112,10.110,0.323,2.123,0.054,2.165,0.023,0.200,-0.154,0.127,2.38,2.61,164.58,1.22,2.58,-0.097,-0.026,-0.534,1469,1522,1405,1525,10.01,10.07,49.81,49.76
1787304096.685,27.419,True,1,2.849,2.769,0.175,0.292,10.111,10.109,0.323,2.123,0.054,2.164,0.024,0.200,-0.154,0.127,2.38,2.61,164.58,1.22,2.59,-0.097,-0.024,-0.534,1469,1522,1405,1525,10.00,10.06,59.81,59.76
1787304096.696,27.430,True,1,2.864,2.769,0.154,0.291,10.108,10.092,0.322,2.108,0.064,2.162,0.025,0.213,-0.143,0.079,3.59,3.75,162.50,0.69,2.40,-0.275,-0.169,-0.434,1449,1538,1419,1524,10.00,10.06,-0.49,-0.56
1787304096.705,27.439,True,1,2.864,2.769,0.154,0.290,10.107,10.091,0.322,2.108,0.064,2.160,0.026,0.213,-0.143,0.079,3.59,3.75,162.50,0.69,2.42,-0.274,-0.167,-0.434,1449,1538,1419,1524,10.00,10.06,9.51,9.44
1787304096.715,27.449,True,1,2.864,2.769,0.154,0.289,10.106,10.090,0.322,2.108,0.064,2.158,0.028,0.213,-0.143,0.079,3.59,3.75,162.50,0.70,2.43,-0.274,-0.166,-0.434,1449,1538,1419,1524,10.00,10.06,19.51,19.44
1787304096.725,27.459,True,1,2.864,2.769,0.154,0.289,10.105,10.090,0.322,2.108,0.064,2.157,0.029,0.213,-0.143,0.079,3.59,3.75,162.50,0.70,2.45,-0.274,-0.164,-0.434,1449,1538,1419,1524,10.00,10.06,29.51,29.44
1787304096.735,27.469,True,1,2.864,2.769,0.154,0.288,10.104,10.089,0.322,2.108,0.064,2.155,0.030,0.213,-0.143,0.079,3.59,3.75,162.50,0.70,2.46,-0.273,-0.162,-0.434,1449,1537,1419,1524,10.00,10.06,39.51,39.44
1787304096.745,27.479,True,1,2.864,2.769,0.154,0.287,10.103,10.088,0.322,2.108,0.064,2.154,0.031,0.213,-0.143,0.079,3.59,3.75,162.50,0.71,2.48,-0.273,-0.161,-0.434,1450,1537,1419,1524,10.01,10.07,49.51,49.45
1787304096.755,27.489,True,1,2.864,2.769,0.154,0.286,10.103,10.087,0.322,2.108,0.064,2.152,0.032,0.213,-0.143,0.079,3.59,3.75,162.50,0.71,2.49,-0.273,-0.160,-0.434,1450,1537,1419,1524,10.00,10.07,59.51,59.44
1787304096.766,27.500,True,1,2.877,2.769,0.158,0.223,10.038,10.007,0.319,2.100,0.068,2.150,0.033,0.220,-0.122,0.060,4.21,4.83,159.66,0.49,2.28,-0.363,-0.290,-0.299,1440,1551,1438,1521,10.00,10.06,-0.48,-0.43
1787304096.775,27.509,True,1,2.880,2.769,0.136,0.275,10.088,10.053,0.321,2.098,0.068,2.149,0.035,0.221,-0.100,0.050,4.21,4.99,159.18,0.45,2.04,-0.368,-0.329,-0.275,1439,1555,1441,1523,10.00,10.06,-0.11,-0.06
1787304096.785,27.519,True,1,2.884,2.769,0.139,0.250,10.064,10.028,0.320,2.097,0.068,2.147,0.036,0.222,-0.113,0.034,4.21,4.99,159.18,0.25,2.13,-0.389,-0.320,-0.276,1437,1554,1441,1522,10.00,10.06,9.89,-0.05
1787304096.795,27.529,True,1,2.884,2.769,0.139,0.249,10.063,10.027,0.320,2.097,0.068,2.145,0.037,0.222,-0.113,0.034,4.21,4.99,159.18,0.25,2.14,-0.389,-0.319,-0.276,1437,1554,1441,1522,10.00,10.06,19.89,9.95
1787304096.805,27.539,True,1,2.884,2.769,0.139,0.248,10.062,10.026,0.320,2.097,0.068,2.144,0.038,0.222,-0.113,0.034,4.21,4.99,159.18,0.25,2.16,-0.389,-0.317,-0.276,1437,1554,1441,1522,10.00,10.06,29.89,19.95
1787304096.815,27.549,True,1,2.884,2.769,0.139,0.247,10.061,10.025,0.320,2.097,0.068,2.142,0.039,0.222,-0.113,0.034,4.21,4.99,159.18,0.26,2.17,-0.389,-0.316,-0.276,1437,1554,1441,1522,10.00,10.06,39.89,29.95
1787304096.826,27.560,True,1,2.897,2.769,0.148,0.163,9.976,9.935,0.317,2.092,0.068,2.140,0.040,0.227,-0.095,0.013,4.04,5.28,157.19,0.06,1.95,-0.397,-0.362,-0.187,1436,1559,1453,1519,10.00,10.06,-0.28,-0.32
1787304096.835,27.569,True,1,2.897,2.769,0.148,0.162,9.974,9.934,0.317,2.092,0.068,2.139,0.041,0.227,-0.095,0.013,4.04,5.28,157.19,0.06,1.97,-0.397,-0.361,-0.187,1436,1559,1453,1519,10.00,10.06,9.73,9.68
1787304096.845,27.579,True,1,2.897,2.769,0.148,0.161,9.973,9.933,0.317,2.092,0.068,2.137,0.042,0.227,-0.095,0.013,4.04,5.28,157.19,0.06,1.98,-0.397,-0.359,-0.187,1436,1559,1453,1519,10.00,10.06,19.73,19.68
1787304096.855,27.589,True,1,2.897,2.769,0.148,0.159,9.972,9.932,0.317,2.092,0.068,2.136,0.043,0.227,-0.095,0.013,4.04,5.28,157.19,0.06,2.00,-0.397,-0.358,-0.187,1436,1558,1453,1519,10.00,10.06,29.73,29.68
1787304096.866,27.599,True,1,2.908,2.769,0.132,0.163,9.974,9.933,0.317,2.090,0.066,2.134,0.043,0.230,-0.073,-0.013,3.64,5.29,155.51,-0.15,1.69,-0.383,-0.384,-0.115,1438,1561,1463,1519,10.00,10.06,-0.26,-0.31
1787304096.875,27.609,True,1,2.908,2.769,0.132,0.162,9.973,9.932,0.317,2.090,0.066,2.133,0.044,0.230,-0.073,-0.013,3.64,5.29,155.51,-0.15,1.71,-0.383,-0.383,-0.115,1438,1561,1463,1519,10.00,10.06,9.74,9.69
1787304096.885,27.619,True,1,2.908,2.769,0.132,0.160,9.972,9.931,0.317,2.090,0.066,2.131,0.045,0.230,-0.073,-0.013,3.64,5.29,155.51,-0.15,1.72,-0.384,-0.382,-0.115,1438,1561,1463,1518,10.00,10.06,19.74,19.70
1787304096.895,27.629,True,1,2.908,2.769,0.132,0.159,9.970,9.929,0.317,2.090,0.066,2.130,0.046,0.230,-0.073,-0.013,3.64,5.29,155.51,-0.15,1.73,-0.384,-0.380,-0.115,1438,1561,1463,1518,10.00,10.06,29.74,29.70
1787304096.905,27.639,True,1,2.908,2.769,0.132,0.158,9.969,9.928,0.317,2.090,0.066,2.129,0.046,0.230,-0.073,-0.013,3.64,5.29,155.51,-0.15,1.75,-0.384,-0.379,-0.115,1438,1561,1463,1518,10.00,10.06,39.74,39.70
1787304096.915,27.649,True,1,2.908,2.769,0.132,0.156,9.968,9.927,0.317,2.090,0.066,2.127,0.047,0.230,-0.073,-0.013,3.64,5.29,155.51,-0.15,1.76,-0.384,-0.378,-0.115,1438,1561,1463,1518,10.00,10.06,49.75,49.70
1787304096.925,27.659,True,1,2.908,2.769,0.132,0.155,9.966,9.926,0.317,2.090,0.066,2.126,0.047,0.230,-0.073,-0.013,3.64,5.29,155.51,-0.16,1.77,-0.384,-0.377,-0.116,1438,1560,1463,1518,10.00,10.06,59.74,59.70
1787304096.935,27.669,True,1,2.908,2.769,0.132,0.153,9.965,9.924,0.317,2.090,0.066,2.125,0.048,0.230,-0.073,-0.013,3.64,5.29,155.51,-0.16,1.78,-0.384,-0.375,-0.116,1438,1560,1463,1518,10.00,10.06,69.74,69.69
1787304096.945,27.679,True,1,2.908,2.769,0.132,0.152,9.964,9.923,0.317,2.090,0.066,2.124,0.049,0.230,-0.073,-0.013,3.64,5.29,155.51,-0.16,1.79,-0.384,-0.374,-0.116,1438,1560,1463,1518,10.00,10.06,79.74,79.69
1787304096.956,27.690,True,1,2.930,2.769,0.115,0.114,9.924,9.900,0.316,2.086,0.057,2.122,0.049,0.235,-0.042,-0.056,1.57,4.65,151.47,-0.53,1.30,-0.223,-0.350,0.046,1455,1558,1526,1517,10.00,10.06,-0.57,-0.62
1787304096.965,27.699,True,1,2.930,2.769,0.115,0.113,9.922,9.899,0.316,2.086,0.057,2.121,0.049,0.235,-0.042,-0.056,1.57,4.65,151.47,-0.53,1.31,-0.223,-0.349,0.046,1455,1558,1526,1517,10.01,10.06,9.43,9.38
1787304096.975,27.709,True,1,2.930,2.769,0.115,0.111,9.921,9.897,0.316,2.086,0.057,2.120,0.049,0.235,-0.042,-0.056,1.57,4.65,151.47,-0.54,1.32,-0.224,-0.348,0.046,1455,1557,1526,1517,9.99,10.06,19.43,19.38
1787304096.985,27.719,True,1,2.930,2.769,0.115,0.109,9.919,9.896,0.316,2.086,0.057,2.119,0.050,0.235,-0.042,-0.056,1.57,4.65,151.47,-0.54,1.33,-0.224,-0.347,0.046,1455,1557,1526,1517,10.00,10.06,29.43,29.38
1787304096.995,27.729,True,1,2.930,2.769,0.115,0.108,9.918,9.894,0.316,2.086,0.057,2.118,0.050,0.235,-0.042,-0.056,1.57,4.65,151.47,-0.54,1.34,-0.224,-0.346,0.046,1455,1557,1526,1517,10.00,10.06,39.43,39.38
1787304097.005,27.739,True,1,2.930,2.769,0.115,0.106,9.916,9.893,0.316,2.086,0.057,2.117,0.050,0.235,-0.042,-0.056,1.57,4.65,151.47,-0.55,1.35,-0.225,-0.345,0.046,1455,1557,1526,1517,10.00,10.06,49.43,49.38
1787304097.015,27.749,True,1,2.930,2.769,0.115,0.105,9.915,9.891,0.316,2.086,0.057,2.116,0.050,0.235,-0.042,-0.056,1.57,4.65,151.47,-0.55,1.35,-0.225,-0.344,0.046,1455,1557,1526,1517,10.00,10.06,59.43,59.38
1787304097.025,27.759,True,1,2.930,2.769,0.115,0.103,9.913,9.890,0.316,2.086,0.057,2.115,0.051,0.235,-0.042,-0.056,1.57,4.65,151.47,-0.56,1.36,-0.226,-0.343,0.046,1455,1557,1526,1517,10.00,10.06,69.43,69.38
1787304097.036,27.770,True,1,2.945,2.769,0.084,0.131,9.940,9.933,0.317,2.083,0.046,2.114,0.051,0.240,-0.026,-0.094,-0.88,3.12,147.22,-0.91,0.96,-0.015,-0.229,0.218,1478,1545,1550,1519,10.00,10.06,-0.57,-0.62
1787304097.045,27.779,True,1,2.945,2.769,0.084,0.129,9.939,9.932,0.317,2.083,0.046,2.113,0.050,0.240,-0.026,-0.094,-0.88,3.12,147.22,-0.91,0.97,-0.016,-0.229,0.218,1478,1545,1550,1519,10.00,10.06,9.43,9.38
1787304097.055,27.789,True,1,2.945,2.769,0.084,0.128,9.937,9.930,0.317,2.083,0.046,2.112,0.050,0.240,-0.026,-0.094,-0.88,3.12,147.22,-0.92,0.98,-0.016,-0.228,0.218,1478,1545,1550,1518,10.00,10.06,19.43,19.38
1787304097.065,27.799,True,1,2.945,2.769,0.084,0.126,9.935,9.928,0.317,2.083,0.046,2.111,0.050,0.240,-0.026,-0.094,-0.88,3.12,147.22,-0.93,0.99,-0.017,-0.227,0.218,1478,1544,1550,1518,10.00,10.06,29.43,29.38
1787304097.075,27.809,True,1,2.945,2.769,0.084,0.124,9.934,9.927,0.317,2.083,0.046,2.110,0.050,0.240,-0.026,-0.094,-0.88,3.12,147.22,-0.93,0.99,-0.018,-0.227,0.218,1478,1544,1550,1518,10.00,10.06,39.43,39.38
1787304097.085,27.819,True,1,2.945,2.769,0.084,0.122,9.932,9.925,0.317,2.083,0.046,2.109,0.050,0.240,-0.026,-0.094,-0.88,3.12,147.22,-0.94,1.00,-0.018,-0.226,0.218,1477,1544,1550,1518,10.00,10.06,49.43,49.38
1787304097.095,27.829,True,1,2.945,2.769,0.084,0.121,9.930,9.923,0.317,2.083,0.046,2.108,0.050,0.240,-0.026,-0.094,-0.88,3.12,147.22,-0.94,1.00,-0.019,-0.225,0.218,1477,1544,1550,1518,10.00,10.06,59.43,59.38
1787304097.105,27.839,True,1,2.945,2.769,0.084,0.119,9.928,9.922,0.317,2.083,0.046,2.107,0.049,0.240,-0.026,-0.094,-0.88,3.12,147.22,-0.95,1.01,-0.019,-0.225,0.218,1477,1544,1550,1518,10.00,10.06,69.43,69.38
1787304097.116,27.850,True,1,2.950,2.769,0.048,0.208,10.017,10.014,0.320,2.080,0.037,2.106,0.049,0.246,-0.013,-0.094,-2.19,1.28,143.42,-0.93,0.84,0.123,-0.061,0.386,1533,1526,1573,1521,10.00,10.06,-0.57,-0.51
1787304097.125,27.859,True,1,2.950,2.769,0.048,0.206,10.015,10.012,0.320,2.080,0.037,2.106,0.049,0.246,-0.013,-0.094,-2.19,1.28,143.42,-0.94,0.84,0.122,-0.060,0.386,1533,1526,1573,1521,10.01,10.07,9.43,9.50
1787304097.135,27.869,True,1,2.950,2.769,0.048,0.204,10.013,10.010,0.320,2.080,0.037,2.105,0.048,0.246,-0.013,-0.094,-2.19,1.28,143.42,-0.95,0.85,0.122,-0.059,0.386,1533,1526,1573,1521,9.99,10.06,19.43,19.49
1787304097.145,27.879,True,1,2.950,2.769,0.048,0.202,10.011,10.009,0.319,2.080,0.037,2.104,0.048,0.246,-0.013,-0.094,-2.19,1.28,143.42,-0.96,0.85,0.121,-0.059,0.386,1533,1526,1573,1521,10.00,10.06,29.43,29.49
1787304097.155,27.889,True,1,2.950,2.769,0.048,0.200,10.010,10.007,0.319,2.080,0.037,2.103,0.047,0.246,-0.013,-0.094,-2.19,1.28,143.42,-0.97,0.86,0.120,-0.059,0.386,1533,1526,1573,1521,10.00,10.06,39.43,39.49
1787304097.165,27.899,True,1,2.950,2.769,0.048,0.199,10.008,10.005,0.319,2.080,0.037,2.102,0.047,0.246,-0.013,-0.094,-2.19,1.28,143.42,-0.97,0.86,0.119,-0.058,0.386,1533,1526,1573,1521,10.00,10.06,49.43,49.50
1787304097.175,27.909,True,1,2.950,2.769,0.048,0.197,10.006,10.004,0.319,2.080,0.037,2.102,0.047,0.246,-0.013,-0.094,-2.19,1.28,143.42,-0.98,0.87,0.119,-0.058,0.386,1533,1526,1573,1521,10.00,10.06,59.43,59.49
1787304097.185,27.919,True,1,2.950,2.769,0.048,0.195,10.004,10.002,0.319,2.080,0.037,2.101,0.046,0.246,-0.013,-0.094,-2.19,1.28,143.42,-0.99,0.87,0.118,-0.057,0.386,1533,1526,1573,1521,10.00,10.07,69.43,69.50
1787304097.196,27.930,True,1,2.952,2.769,0.013,0.291,10.100,10.093,0.322,2.075,0.027,2.100,0.046,0.253,-0.015,-0.086,-2.82,-0.31,140.77,-0.98,0.89,0.196,0.100,0.509,1541,1468,1590,1524,10.00,10.06,-0.55,-0.60
1787304097.205,27.939,True,1,2.952,2.769,0.013,0.289,10.098,10.091,0.322,2.075,0.027,2.099,0.045,0.253,-0.015,-0.086,-2.82,-0.31,140.77,-0.99,0.89,0.195,0.101,0.509,1541,1468,1590,1524,10.00,10.06,9.45,9.40
1787304097.215,27.949,True,1,2.952,2.769,0.013,0.287,10.097,10.089,0.322,2.075,0.027,2.098,0.045,0.253,-0.015,-0.086,-2.82,-0.31,140.77,-1.00,0.89,0.194,0.101,0.509,1541,1468,1590,1524,10.00,10.06,19.45,19.40
1787304097.225,27.959,True,1,2.952,2.769,0.013,0.285,10.095,10.087,0.322,2.075,0.027,2.098,0.044,0.253,-0.015,-0.086,-2.82,-0.31,140.77,-1.01,0.90,0.193,0.101,0.509,1541,1468,1590,1524,10.00,10.06,29.45,29.40
1787304097.236,27.970,True,1,2.951,2.769,0.004,0.312,10.122,10.107,0.323,2.073,0.023,2.097,0.043,0.257,-0.017,-0.043,-2.75,-1.10,139.58,-0.70,1.18,0.225,0.212,0.566,1544,1456,1598,1525,10.00,10.06,-0.28,-0.33
1787304097.245,27.979,True,1,2.951,2.769,0.004,0.310,10.120,10.105,0.323,2.073,0.023,2.096,0.043,0.257,-0.017,-0.043,-2.75,-1.10,139.58,-0.71,1.18,0.224,0.212,0.566,1544,1456,1598,1525,10.00,10.06,9.72,9.67
1787304097.255,27.989,True,1,2.951,2.769,0.004,0.308,10.118,10.104,0.322,2.073,0.023,2.095,0.042,0.257,-0.017,-0.043,-2.75,-1.10,139.58,-0.72,1.19,0.223,0.212,0.566,1544,1456,1598,1525,10.00,10.06,19.72,19.67
1787304097.265,27.999,True,1,2.951,2.769,0.009,0.293,10.103,10.086,0.322,2.072,0.023,2.094,0.041,0.257,-0.018,-0.033,-2.66,-1.38,139.14,-0.67,1.25,0.222,0.249,0.587,1544,1452,1601,1524,10.00,10.06,-0.16,-0.11
1787304097.275,28.009,True,1,2.951,2.769,-0.010,0.349,10.159,10.141,0.324,2.071,0.021,2.094,0.041,0.259,-0.021,-0.024,-2.57,-1.54,138.75,-0.64,1.33,0.218,0.274,0.604,1544,1449,1603,1526,10.00,10.06,-0.10,-0.15
1787304097.285,28.019,True,1,2.951,2.769,-0.010,0.347,10.157,10.139,0.324,2.071,0.021,2.093,0.040,0.259,-0.021,-0.024,-2.57,-1.54,138.75,-0.65,1.33,0.217,0.274,0.604,1543,1449,1603,1526,10.00,10.06,9.90,9.85
1787304097.295,28.029,True,1,2.951,2.769,-0.010,0.346,10.156,10.137,0.324,2.071,0.021,2.092,0.039,0.259,-0.021,-0.024,-2.57,-1.54,138.75,-0.66,1.34,0.216,0.275,0.604,1543,1449,1603,1526,10.00,10.06,19.90,19.85
1787304097.305,28.039,True,1,2.951,2.769,-0.010,0.344,10.154,10.135,0.323,2.071,0.021,2.091,0.039,0.259,-0.021,-0.024,-2.57,-1.54,138.75,-0.66,1.34,0.215,0.275,0.605,1543,1449,1603,1526,10.00,10.06,29.90,29.85
1787304097.315,28.049,True,1,2.951,2.769,-0.010,0.342,10.152,10.134,0.323,2.071,0.021,2.091,0.038,0.259,-0.021,-0.024,-2.57,-1.54,138.75,-0.67,1.34,0.215,0.275,0.605,1543,1449,1603,1526,10.00,10.06,39.90,39.85
1787304097.325,28.059,True,1,2.951,2.769,-0.010,0.340,10.150,10.132,0.323,2.071,0.021,2.090,0.038,0.259,-0.021,-0.024,-2.57,-1.54,138.75,-0.68,1.34,0.214,0.275,0.605,1543,1449,1603,1526,10.00,10.06,49.90,49.85
1787304097.336,28.070,True,1,2.951,2.769,-0.041,0.432,10.243,10.222,0.326,2.068,0.019,2.089,0.037,0.263,-0.035,-0.018,-2.22,-1.85,138.10,-0.75,1.47,0.174,0.324,0.633,1539,1444,1607,1529,10.00,10.06,-0.36,-0.41
1787304097.345,28.079,True,1,2.951,2.769,-0.041,0.430,10.241,10.220,0.326,2.068,0.019,2.089,0.036,0.263,-0.035,-0.018,-2.22,-1.85,138.10,-0.76,1.47,0.174,0.324,0.633,1539,1444,1607,1529,10.00,10.06,9.64,9.59
1787304097.355,28.089,True,1,2.950,2.769,-0.043,0.436,10.247,10.227,0.326,2.067,0.018,2.088,0.036,0.263,-0.035,0.001,-1.87,-1.76,137.97,-0.62,1.60,0.150,0.331,0.637,1536,1443,1608,1529,10.00,10.06,-0.17,-0.12
1787304097.365,28.099,True,1,2.950,2.769,-0.043,0.434,10.245,10.225,0.326,2.067,0.018,2.087,0.035,0.263,-0.035,0.001,-1.87,-1.76,137.97,-0.63,1.60,0.149,0.332,0.637,1536,1443,1608,1529,10.00,10.06,9.83,9.88
1787304097.375,28.109,True,1,2.950,2.769,-0.043,0.432,10.244,10.224,0.326,2.067,0.018,2.087,0.035,0.263,-0.035,0.001,-1.87,-1.76,137.97,-0.63,1.60,0.148,0.332,0.637,1536,1443,1608,1529,10.00,10.06,19.83,19.88
1787304097.385,28.119,True,1,2.950,2.769,-0.043,0.430,10.242,10.222,0.326,2.067,0.018,2.086,0.034,0.263,-0.035,0.001,-1.87,-1.76,137.97,-0.64,1.61,0.147,0.332,0.637,1536,1443,1608,1529,10.00,10.06,29.83,29.88
1787304097.395,28.129,True,1,2.950,2.769,-0.043,0.429,10.240,10.220,0.326,2.067,0.018,2.085,0.034,0.263,-0.035,0.001,-1.87,-1.76,137.97,-0.65,1.61,0.147,0.332,0.637,1536,1443,1608,1529,10.00,10.06,39.83,39.88
1787304097.405,28.139,True,1,2.950,2.769,-0.043,0.427,10.238,10.218,0.326,2.067,0.018,2.085,0.033,0.263,-0.035,0.001,-1.87,-1.76,137.97,-0.66,1.61,0.146,0.333,0.637,1536,1443,1608,1529,10.00,10.06,49.83,49.88
1787304097.415,28.149,True,1,2.950,2.769,-0.043,0.425,10.236,10.216,0.326,2.067,0.018,2.084,0.033,0.263,-0.035,0.001,-1.87,-1.76,137.97,-0.67,1.61,0.145,0.333,0.637,1536,1443,1608,1529,10.00,10.06,59.83,59.88
1787304097.425,28.159,True,1,2.950,2.769,-0.043,0.423,10.235,10.215,0.326,2.067,0.018,2.084,0.032,0.263,-0.035,0.001,-1.87,-1.76,137.97,-0.67,1.62,0.144,0.333,0.637,1535,1443,1608,1529,10.00,10.06,69.83,69.88
1787304097.435,28.169,True,1,2.950,2.769,-0.043,0.421,10.233,10.213,0.326,2.067,0.018,2.083,0.032,0.263,-0.035,0.001,-1.87,-1.76,137.97,-0.68,1.62,0.144,0.333,0.637,1535,1443,1608,1529,10.00,10.06,79.83,79.88
1787304097.446,28.180,True,1,2.946,2.769,-0.077,0.539,10.351,10.342,0.330,2.063,0.018,2.082,0.031,0.268,-0.039,0.015,-0.69,-0.66,138.43,-0.59,1.73,0.017,0.243,0.609,1521,1453,1604,1533,10.00,10.06,-0.62,-0.57
1787304097.455,28.189,True,1,2.946,2.769,-0.077,0.537,10.349,10.340,0.330,2.063,0.018,2.082,0.031,0.268,-0.039,0.015,-0.69,-0.66,138.43,-0.60,1.73,0.016,0.243,0.609,1521,1453,1604,1533,10.00,10.06,9.38,9.43
1787304097.465,28.199,True,1,2.946,2.769,-0.077,0.535,10.347,10.338,0.330,2.063,0.018,2.081,0.030,0.268,-0.039,0.015,-0.69,-0.66,138.43,-0.61,1.74,0.015,0.243,0.609,1521,1453,1604,1533,10.00,10.06,19.38,19.43
1787304097.475,28.209,True,1,2.946,2.769,-0.077,0.533,10.345,10.336,0.330,2.063,0.018,2.081,0.030,0.268,-0.039,0.015,-0.69,-0.66,138.43,-0.61,1.74,0.015,0.244,0.609,1521,1453,1604,1533,10.00,10.06,29.38,29.43
1787304097.485,28.219,True,1,2.946,2.769,-0.077,0.532,10.344,10.335,0.330,2.063,0.018,2.080,0.029,0.268,-0.039,0.015,-0.69,-0.66,138.43,-0.62,1.74,0.014,0.244,0.609,1521,1453,1604,1533,10.00,10.06,39.38,39.43
1787304097.495,28.229,True,1,2.946,2.769,-0.077,0.530,10.342,10.333,0.330,2.063,0.018,2.079,0.029,0.268,-0.039,0.015,-0.69,-0.66,138.43,-0.63,1.75,0.013,0.244,0.609,1521,1453,1604,1533,10.00,10.06,49.38,49.43
1787304097.505,28.239,True,1,2.946,2.769,-0.077,0.528,10.340,10.331,0.330,2.063,0.018,2.079,0.029,0.268,-0.039,0.015,-0.69,-0.66,138.43,-0.63,1.75,0.012,0.244,0.609,1521,1453,1604,1533,10.00,10.06,59.38,59.43
1787304097.515,28.249,True,1,2.946,2.769,-0.077,0.526,10.338,10.329,0.330,2.063,0.018,2.078,0.028,0.268,-0.039,0.015,-0.69,-0.66,138.43,-0.64,1.75,0.012,0.245,0.609,1521,1453,1604,1533,10.00,10.06,69.38,69.43
1787304097.526,28.260,True,1,2.941,2.769,-0.068,0.518,10.331,10.329,0.330,2.059,0.019,2.078,0.028,0.271,-0.039,0.030,0.02,0.96,139.76,-0.50,1.87,-0.064,0.096,0.547,1472,1469,1596,1533,10.00,10.06,-0.51,-0.57
1787304097.535,28.269,True,1,2.941,2.769,-0.068,0.517,10.329,10.327,0.330,2.059,0.019,2.077,0.028,0.271,-0.039,0.030,0.02,0.96,139.76,-0.50,1.87,-0.065,0.096,0.547,1472,1469,1596,1533,10.00,10.06,9.50,9.43
1787304097.545,28.279,True,1,2.941,2.769,-0.068,0.515,10.327,10.326,0.330,2.059,0.019,2.076,0.027,0.271,-0.039,0.030,0.02,0.96,139.76,-0.51,1.88,-0.065,0.096,0.547,1472,1469,1596,1532,10.00,10.06,19.49,19.43
1787304097.555,28.289,True,1,2.941,2.769,-0.068,0.513,10.326,10.324,0.330,2.059,0.019,2.076,0.027,0.271,-0.039,0.030,0.02,0.96,139.76,-0.52,1.88,-0.066,0.097,0.547,1472,1469,1596,1532,10.00,10.06,29.49,29.43
1787304097.565,28.299,True,1,2.941,2.769,-0.068,0.511,10.324,10.322,0.329,2.059,0.019,2.075,0.027,0.271,-0.039,0.030,0.02,0.96,139.76,-0.52,1.88,-0.067,0.097,0.547,1472,1469,1596,1532,10.00,10.06,39.49,39.43
1787304097.575,28.309,True,1,2.941,2.769,-0.068,0.510,10.322,10.321,0.329,2.059,0.019,2.075,0.027,0.271,-0.039,0.030,0.02,0.96,139.76,-0.53,1.89,-0.067,0.097,0.547,1472,1469,1596,1532,10.00,10.06,49.50,49.44
1787304097.585,28.319,True,1,2.941,2.769,-0.068,0.508,10.321,10.319,0.329,2.059,0.019,2.074,0.026,0.271,-0.039,0.030,0.02,0.96,139.76,-0.53,1.89,-0.068,0.098,0.547,1472,1469,1596,1532,10.00,10.06,59.49,59.43
1787304097.596,28.330,True,1,2.939,2.769,-0.076,0.539,10.352,10.349,0.330,2.056,0.020,2.074,0.026,0.274,-0.045,0.025,0.51,2.46,141.37,-0.57,1.91,-0.133,-0.054,0.477,1465,1525,1586,1533,10.00,10.06,-0.46,-0.51
1787304097.605,28.339,True,1,2.939,2.769,-0.076,0.537,10.350,10.348,0.330,2.056,0.020,2.073,0.026,0.274,-0.045,0.025,0.51,2.46,141.37,-0.57,1.92,-0.134,-0.053,0.477,1465,1525,1586,1533,10.00,10.06,9.54,9.49
1787304097.615,28.349,True,1,2.939,2.769,-0.076,0.535,10.348,10.346,0.330,2.056,0.020,2.072,0.026,0.274,-0.045,0.025,0.51,2.46,141.37,-0.58,1.92,-0.134,-0.053,0.477,1465,1525,1586,1533,10.00,10.06,19.54,19.49
1787304097.625,28.359,True,1,2.939,2.769,-0.076,0.534,10.347,10.344,0.330,2.056,0.020,2.072,0.025,0.274,-0.045,0.025,0.51,2.46,141.37,-0.58,1.92,-0.135,-0.052,0.477,1465,1525,1586,1533,10.00,10.06,29.54,29.49
1787304097.635,28.369,True,1,2.939,2.769,-0.076,0.532,10.345,10.343,0.330,2.056,0.020,2.071,0.025,0.274,-0.045,0.025,0.51,2.46,141.37,-0.59,1.93,-0.135,-0.052,0.477,1464,1525,1586,1533,10.00,10.06,39.54,39.49
1787304097.645,28.379,True,1,2.939,2.769,-0.076,0.530,10.343,10.341,0.330,2.056,0.020,2.071,0.025,0.274,-0.045,0.025,0.51,2.46,141.37,-0.59,1.93,-0.136,-0.052,0.477,1464,1525,1586,1533,10.00,10.06,49.54,49.49
1787304097.656,28.390,True,1,2.938,2.769,-0.067,0.507,10.319,10.310,0.329,2.055,0.020,2.070,0.025,0.275,-0.033,0.012,0.70,3.86,143.67,-0.55,1.79,-0.157,-0.211,0.379,1462,1543,1572,1532,10.00,10.06,-0.56,-0.49
1787304097.665,28.399,True,1,2.938,2.769,-0.067,0.505,10.318,10.308,0.329,2.055,0.020,2.070,0.025,0.275,-0.033,0.012,0.70,3.86,143.67,-0.56,1.80,-0.158,-0.211,0.379,1462,1543,1572,1532,10.00,10.06,9.44,9.51
1787304097.675,28.409,True,1,2.938,2.769,-0.067,0.504,10.316,10.307,0.329,2.055,0.020,2.069,0.025,0.275,-0.033,0.012,0.70,3.86,143.67,-0.56,1.80,-0.158,-0.211,0.379,1462,1543,1572,1532,10.00,10.06,19.45,19.51
1787304097.686,28.419,True,1,2.938,2.769,-0.058,0.473,10.285,10.275,0.328,2.054,0.019,2.069,0.024,0.276,-0.047,-0.003,0.70,4.00,144.00,-0.76,1.84,-0.179,-0.222,0.364,1460,1544,1570,1531,10.00,10.06,-0.14,-0.19
1787304097.695,28.429,True,1,2.938,2.769,-0.058,0.471,10.284,10.273,0.328,2.054,0.019,2.068,0.024,0.276,-0.047,-0.003,0.70,4.00,144.00,-0.76,1.84,-0.179,-0.222,0.364,1460,1544,1570,1531,10.00,10.06,9.86,9.81
1787304097.705,28.439,True,1,2.938,2.769,-0.058,0.469,10.282,10.271,0.328,2.054,0.019,2.068,0.024,0.276,-0.047,-0.003,0.70,4.00,144.00,-0.77,1.84,-0.180,-0.221,0.364,1460,1544,1570,1531,10.00,10.06,19.86,19.81
1787304097.715,28.449,True,1,2.938,2.769,-0.058,0.467,10.280,10.270,0.328,2.054,0.019,2.067,0.024,0.276,-0.047,-0.003,0.70,4.00,144.00,-0.78,1.85,-0.180,-0.221,0.364,1460,1544,1570,1531,10.00,10.06,29.86,29.81
1787304097.726,28.459,True,1,2.940,2.769,-0.056,0.454,10.266,10.254,0.327,2.054,0.018,2.067,0.024,0.276,-0.020,0.005,0.51,4.28,145.63,-0.52,1.70,-0.129,-0.268,0.293,1465,1549,1560,1530,10.00,10.06,-0.26,-0.31
1787304097.735,28.469,True,1,2.940,2.769,-0.056,0.453,10.264,10.252,0.327,2.054,0.018,2.067,0.024,0.276,-0.020,0.005,0.51,4.28,145.63,-0.52,1.70,-0.130,-0.268,0.293,1465,1549,1560,1530,10.00,10.06,9.74,9.69
1787304097.745,28.479,True,1,2.940,2.769,-0.056,0.451,10.263,10.250,0.327,2.054,0.018,2.066,0.023,0.276,-0.020,0.005,0.51,4.28,145.63,-0.53,1.71,-0.131,-0.267,0.293,1465,1549,1560,1530,10.00,10.06,19.74,19.69
1787304097.755,28.489,True,1,2.941,2.769,-0.067,0.477,10.288,10.276,0.328,2.054,0.018,2.066,0.023,0.277,-0.016,-0.014,0.28,4.22,146.58,-0.63,1.57,-0.114,-0.276,0.251,1467,1550,1554,1531,10.00,10.06,-0.16,-0.20
1787304097.765,28.499,True,1,2.941,2.769,-0.067,0.475,10.286,10.274,0.328,2.054,0.018,2.065,0.023,0.277,-0.016,-0.014,0.28,4.22,146.58,-0.64,1.58,-0.115,-0.276,0.251,1467,1550,1554,1531,10.00,10.06,9.85,9.80
1787304097.775,28.509,True,1,2.941,2.769,-0.067,0.473,10.285,10.272,0.328,2.054,0.018,2.065,0.023,0.277,-0.016,-0.014,0.28,4.22,146.58,-0.64,1.58,-0.115,-0.276,0.251,1467,1550,1554,1531,10.00,10.06,19.85,19.80
1787304097.786,28.519,True,1,2.941,2.769,-0.071,0.483,10.294,10.284,0.328,2.054,0.017,2.065,0.023,0.277,-0.014,-0.021,-0.13,3.98,147.84,-0.67,1.54,-0.069,-0.256,0.194,1472,1548,1546,1531,10.00,10.06,-0.17,-0.22
1787304097.795,28.529,True,1,2.941,2.769,-0.071,0.481,10.292,10.283,0.328,2.054,0.017,2.064,0.022,0.277,-0.014,-0.021,-0.13,3.98,147.84,-0.67,1.55,-0.070,-0.255,0.194,1472,1548,1546,1531,10.00,10.06,9.83,9.78
1787304097.805,28.539,True,1,2.941,2.769,-0.071,0.479,10.291,10.281,0.328,2.054,0.017,2.064,0.022,0.277,-0.014,-0.021,-0.13,3.98,147.84,-0.67,1.55,-0.070,-0.255,0.194,1472,1547,1546,1531,10.00,10.06,19.83,19.78
1787304097.815,28.549,True,1,2.941,2.769,-0.071,0.478,10.289,10.279,0.328,2.054,0.017,2.064,0.022,0.277,-0.014,-0.021,-0.13,3.98,147.84,-0.68,1.55,-0.071,-0.254,0.194,1472,1547,1546,1531,10.00,10.06,29.83,29.78
1787304097.825,28.559,True,1,2.941,2.769,-0.071,0.476,10.287,10.278,0.328,2.054,0.017,2.063,0.022,0.277,-0.014,-0.021,-0.13,3.98,147.84,-0.68,1.56,-0.071,-0.254,0.194,1472,1547,1546,1531,10.00,10.06,39.83,39.78
1787304097.836,28.570,True,1,2.943,2.769,-0.057,0.426,10.237,10.234,0.327,2.055,0.016,2.063,0.022,0.276,-0.004,-0.007,-0.86,3.03,150.11,-0.45,1.57,0.038,-0.154,0.094,1524,1537,1533,1529,10.00,10.06,-0.35,-0.40
1787304097.845,28.579,True,1,2.943,2.769,-0.057,0.425,10.235,10.232,0.327,2.055,0.016,2.063,0.022,0.276,-0.004,-0.007,-0.86,3.03,150.11,-0.46,1.58,0.037,-0.154,0.094,1524,1537,1533,1529,10.00,10.06,9.64,9.59
1787304097.855,28.589,True,1,2.943,2.769,-0.057,0.423,10.234,10.230,0.327,2.055,0.016,2.062,0.021,0.276,-0.004,-0.007,-0.86,3.03,150.11,-0.46,1.58,0.037,-0.154,0.094,1524,1536,1533,1529,10.00,10.06,19.64,19.59
1787304097.865,28.599,True,1,2.943,2.769,-0.057,0.421,10.232,10.228,0.326,2.055,0.016,2.062,0.021,0.276,-0.004,-0.007,-0.86,3.03,150.11,-0.47,1.58,0.036,-0.153,0.094,1524,1536,1533,1529,10.00,10.06,29.64,29.59
1787304097.875,28.609,True,1,2.943,2.769,-0.057,0.419,10.230,10.227,0.326,2.055,0.016,2.062,0.021,0.276,-0.004,-0.007,-0.86,3.03,150.11,-0.47,1.59,0.036,-0.153,0.094,1524,1536,1533,1529,10.00,10.06,39.64,39.59
1787304097.885,28.619,True,1,2.943,2.769,-0.057,0.418,10.229,10.225,0.326,2.055,0.016,2.062,0.021,0.276,-0.004,-0.007,-0.86,3.03,150.11,-0.47,1.59,0.036,-0.153,0.094,1523,1536,1533,1529,10.00,10.06,49.65,49.60
1787304097.895,28.629,True,1,2.943,2.769,-0.057,0.416,10.227,10.223,0.326,2.055,0.016,2.061,0.021,0.276,-0.004,-0.007,-0.86,3.03,150.11,-0.48,1.59,0.035,-0.152,0.094,1523,1536,1533,1529,10.00,10.06,59.65,59.60
1787304097.905,28.639,True,1,2.943,2.769,-0.057,0.414,10.225,10.222,0.326,2.055,0.016,2.061,0.021,0.276,-0.004,-0.007,-0.86,3.03,150.11,-0.48,1.59,0.035,-0.152,0.094,1523,1536,1533,1529,10.00,10.06,69.64,69.59
1787304097.916,28.650,True,1,2.948,2.769,-0.088,0.484,10.294,10.291,0.328,2.058,0.014,2.061,0.020,0.273,0.009,-0.015,-1.83,1.43,153.49,-0.40,1.46,0.151,0.004,-0.051,1536,1479,1472,1531,10.00,10.06,-0.56,-0.50
1787304097.925,28.659,True,1,2.948,2.769,-0.088,0.482,10.292,10.289,0.328,2.058,0.014,2.061,0.020,0.273,0.009,-0.015,-1.83,1.43,153.49,-0.40,1.46,0.150,0.005,-0.051,1536,1479,1472,1531,10.00,10.06,9.44,9.50
1787304097.935,28.669,True,1,2.948,2.769,-0.088,0.480,10.290,10.287,0.328,2.058,0.014,2.061,0.020,0.273,0.009,-0.015,-1.83,1.43,153.49,-0.41,1.46,0.150,0.005,-0.051,1536,1479,1472,1531,9.99,10.06,19.44,19.50
1787304097.945,28.679,True,1,2.948,2.769,-0.088,0.478,10.289,10.286,0.328,2.058,0.014,2.061,0.020,0.273,0.009,-0.015,-1.83,1.43,153.49,-0.41,1.47,0.149,0.005,-0.051,1536,1479,1472,1531,10.00,10.06,29.44,29.50
1787304097.955,28.689,True,1,2.948,2.769,-0.088,0.477,10.287,10.284,0.328,2.058,0.014,2.061,0.020,0.273,0.009,-0.015,-1.83,1.43,153.49,-0.41,1.47,0.149,0.005,-0.051,1536,1479,1472,1531,10.00,10.06,39.44,39.50
1787304097.965,28.699,True,1,2.948,2.769,-0.088,0.475,10.285,10.282,0.328,2.058,0.014,2.061,0.019,0.273,0.009,-0.015,-1.83,1.43,153.49,-0.42,1.47,0.149,0.006,-0.051,1536,1479,1472,1531,10.00,10.06,49.44,49.50
1787304097.975,28.709,True,1,2.948,2.769,-0.088,0.473,10.283,10.280,0.328,2.058,0.014,2.061,0.019,0.273,0.009,-0.015,-1.83,1.43,153.49,-0.42,1.47,0.148,0.006,-0.051,1536,1479,1472,1531,10.00,10.06,59.44,59.50
1787304097.985,28.719,True,1,2.948,2.769,-0.088,0.471,10.282,10.279,0.328,2.058,0.014,2.061,0.019,0.273,0.009,-0.015,-1.83,1.43,153.49,-0.42,1.48,0.148,0.006,-0.051,1536,1479,1472,1531,10.00,10.06,69.44,69.50
1787304097.995,28.729,True,1,2.948,2.769,-0.088,0.469,10.280,10.277,0.328,2.058,0.014,2.061,0.019,0.273,0.009,-0.015,-1.83,1.43,153.49,-0.43,1.48,0.148,0.006,-0.051,1536,1479,1472,1531,10.00,10.06,79.44,79.50
1787304098.006,28.740,True,1,2.954,2.769,-0.081,0.420,10.231,10.218,0.326,2.063,0.013,2.061,0.019,0.269,0.013,0.024,-2.49,0.24,156.66,0.02,1.63,0.264,0.153,-0.183,1548,1463,1454,1529,10.00,10.06,-0.62,-0.58
1787304098.015,28.749,True,1,2.954,2.769,-0.081,0.418,10.229,10.216,0.326,2.063,0.013,2.061,0.018,0.269,0.013,0.024,-2.49,0.24,156.66,0.02,1.63,0.263,0.153,-0.183,1548,1463,1454,1529,10.00,10.06,9.37,9.42
1787304098.025,28.759,True,1,2.954,2.769,-0.081,0.417,10.227,10.215,0.326,2.063,0.013,2.061,0.018,0.269,0.013,0.024,-2.49,0.24,156.66,0.01,1.63,0.263,0.153,-0.183,1548,1463,1454,1529,10.00,10.06,19.37,19.42
1787304098.035,28.769,True,1,2.954,2.769,-0.081,0.415,10.226,10.213,0.326,2.063,0.013,2.061,0.018,0.269,0.013,0.024,-2.49,0.24,156.66,0.01,1.63,0.263,0.154,-0.183,1548,1463,1454,1529,10.00,10.06,29.38,29.42
1787304098.045,28.779,True,1,2.954,2.769,-0.081,0.413,10.224,10.211,0.326,2.063,0.013,2.061,0.018,0.269,0.013,0.024,-2.49,0.24,156.66,0.01,1.63,0.262,0.154,-0.183,1548,1462,1454,1528,10.00,10.06,39.37,39.42
1787304098.056,28.790,True,1,2.962,2.769,-0.093,0.420,10.230,10.215,0.326,2.067,0.014,2.061,0.018,0.266,0.014,0.031,-2.47,-0.09,158.57,0.13,1.65,0.272,0.194,-0.265,1549,1458,1443,1529,10.00,10.06,-0.42,-0.37
1787304098.065,28.799,True,1,2.962,2.769,-0.093,0.418,10.229,10.213,0.326,2.067,0.014,2.061,0.018,0.266,0.014,0.031,-2.47,-0.09,158.57,0.13,1.65,0.272,0.194,-0.265,1549,1458,1443,1529,10.00,10.06,9.58,9.63
1787304098.075,28.809,True,1,2.964,2.769,-0.070,0.337,10.149,10.129,0.323,2.068,0.015,2.062,0.018,0.264,0.017,0.074,-2.47,-0.09,158.57,0.55,1.80,0.316,0.210,-0.264,1554,1456,1443,1526,10.00,10.06,19.58,-0.07
1787304098.085,28.819,True,1,2.965,2.769,-0.090,0.390,10.201,10.184,0.325,2.068,0.016,2.062,0.018,0.264,0.007,0.044,-2.46,-0.10,159.32,0.25,1.76,0.283,0.208,-0.297,1551,1457,1438,1528,10.00,10.06,-0.05,-0.10
1787304098.095,28.829,True,1,2.965,2.769,-0.090,0.388,10.199,10.182,0.325,2.068,0.016,2.062,0.017,0.264,0.007,0.044,-2.46,-0.10,159.32,0.25,1.77,0.283,0.208,-0.297,1550,1457,1438,1527,10.00,10.06,9.95,9.90
1787304098.105,28.839,True,1,2.965,2.769,-0.090,0.386,10.197,10.181,0.325,2.068,0.016,2.062,0.017,0.264,0.007,0.044,-2.46,-0.10,159.32,0.24,1.77,0.283,0.209,-0.297,1550,1456,1438,1527,10.00,10.06,19.95,19.90
1787304098.116,28.849,True,1,2.967,2.769,-0.098,0.400,10.212,10.194,0.325,2.069,0.017,2.062,0.017,0.262,0.009,0.068,-2.38,-0.03,159.80,0.49,1.83,0.300,0.209,-0.318,1552,1456,1435,1528,10.00,10.06,-0.16,-0.21
1787304098.125,28.859,True,1,2.967,2.769,-0.098,0.398,10.211,10.192,0.325,2.069,0.017,2.063,0.017,0.262,0.009,0.068,-2.38,-0.03,159.80,0.49,1.83,0.299,0.209,-0.318,1552,1456,1435,1528,10.00,10.06,9.84,9.79
1787304098.135,28.869,True,1,2.967,2.769,-0.098,0.396,10.209,10.190,0.325,2.069,0.017,2.063,0.017,0.262,0.009,0.068,-2.38,-0.03,159.80,0.48,1.84,0.299,0.209,-0.318,1552,1456,1435,1528,10.00,10.06,19.84,19.79
1787304098.145,28.879,True,1,2.967,2.769,-0.098,0.394,10.207,10.188,0.325,2.069,0.017,2.063,0.017,0.262,0.009,0.068,-2.38,-0.03,159.80,0.48,1.84,0.299,0.209,-0.318,1552,1456,1435,1528,10.00,10.06,29.83,29.79
1787304098.156,28.889,True,1,2.972,2.769,-0.094,0.359,10.171,10.155,0.324,2.071,0.021,2.063,0.017,0.259,0.013,0.082,-2.19,0.34,160.88,0.67,1.85,0.302,0.171,-0.367,1552,1461,1428,1526,10.00,10.06,-0.25,-0.30
1787304098.165,28.899,True,1,2.972,2.769,-0.094,0.357,10.169,10.153,0.324,2.071,0.021,2.064,0.018,0.259,0.013,0.082,-2.19,0.34,160.88,0.67,1.85,0.302,0.171,-0.367,1552,1461,1428,1526,10.00,10.06,9.75,9.70
1787304098.175,28.909,True,1,2.974,2.769,-0.098,0.362,10.175,10.163,0.324,2.071,0.021,2.064,0.018,0.259,0.010,0.076,-1.98,0.85,161.68,0.63,1.84,0.279,0.118,-0.405,1550,1466,1423,1527,10.00,10.06,-0.16,-0.11
1787304098.185,28.919,True,1,2.974,2.769,-0.098,0.360,10.173,10.161,0.324,2.071,0.021,2.064,0.018,0.259,0.010,0.076,-1.98,0.85,161.68,0.63,1.85,0.279,0.118,-0.405,1550,1466,1423,1527,10.00,10.07,9.84,9.89
1787304098.195,28.929,True,1,2.974,2.769,-0.098,0.358,10.171,10.158,0.324,2.071,0.021,2.064,0.018,0.259,0.010,0.076,-1.98,0.85,161.68,0.62,1.85,0.279,0.118,-0.405,1550,1466,1423,1527,10.00,10.06,19.84,19.89
1787304098.205,28.939,True,1,2.974,2.769,-0.098,0.356,10.168,10.156,0.324,2.071,0.021,2.065,0.018,0.259,0.010,0.076,-1.98,0.85,161.68,0.62,1.85,0.279,0.119,-0.405,1550,1466,1423,1527,10.00,10.06,29.84,29.88
1787304098.215,28.949,True,1,2.974,2.769,-0.098,0.354,10.166,10.154,0.324,2.071,0.021,2.065,0.018,0.259,0.010,0.076,-1.98,0.85,161.68,0.62,1.85,0.278,0.119,-0.405,1550,1466,1423,1526,10.00,10.06,39.84,39.88
1787304098.226,28.960,True,1,2.978,2.769,-0.091,0.313,10.126,10.117,0.323,2.073,0.025,2.065,0.018,0.256,0.016,0.099,-1.49,1.43,162.28,0.89,1.87,0.260,0.057,-0.433,1548,1473,1419,1525,10.01,10.07,-0.35,-0.30
1787304098.235,28.969,True,1,2.981,2.769,-0.082,0.272,10.086,10.079,0.322,2.073,0.028,2.065,0.019,0.255,0.003,0.105,-1.26,1.62,162.39,0.91,2.02,0.240,0.051,-0.439,1546,1474,1418,1524,9.99,10.06,-0.12,-0.16
1787304098.245,28.979,True,1,2.981,2.769,-0.082,0.270,10.084,10.077,0.322,2.073,0.028,2.066,0.019,0.255,0.003,0.105,-1.26,1.62,162.39,0.92,2.02,0.240,0.052,-0.439,1546,1474,1418,1524,10.00,10.06,9.88,9.84
1787304098.255,28.989,True,1,2.981,2.769,-0.082,0.268,10.082,10.075,0.322,2.073,0.028,2.066,0.019,0.255,0.003,0.105,-1.26,1.62,162.39,0.92,2.02,0.240,0.052,-0.439,1546,1474,1418,1524,10.00,10.06,19.89,19.84
1787304098.265,28.999,True,1,2.981,2.769,-0.082,0.266,10.080,10.073,0.321,2.073,0.028,2.066,0.020,0.255,0.003,0.105,-1.26,1.62,162.39,0.92,2.02,0.241,0.052,-0.439,1546,1474,1418,1524,10.00,10.06,29.88,29.84
1787304098.275,29.009,True,1,2.981,2.769,-0.082,0.264,10.078,10.071,0.321,2.073,0.028,2.066,0.020,0.255,0.003,0.105,-1.26,1.62,162.39,0.92,2.03,0.241,0.052,-0.439,1546,1474,1418,1523,10.00,10.06,39.88,39.84
1787304098.286,29.020,True,1,2.988,2.769,-0.093,0.268,10.082,10.079,0.322,2.074,0.032,2.067,0.020,0.253,0.004,0.104,-0.37,2.25,162.74,0.93,2.01,0.154,-0.023,-0.455,1536,1522,1416,1524,10.00,10.06,-0.28,-0.32
1787304098.295,29.029,True,1,2.988,2.769,-0.093,0.266,10.080,10.077,0.322,2.074,0.032,2.067,0.021,0.253,0.004,0.104,-0.37,2.25,162.74,0.93,2.01,0.154,-0.022,-0.455,1536,1522,1416,1524,10.00,10.06,9.73,9.68
1787304098.305,29.039,True,1,2.988,2.769,-0.093,0.263,10.078,10.075,0.322,2.074,0.032,2.067,0.021,0.253,0.004,0.104,-0.37,2.25,162.74,0.93,2.01,0.154,-0.022,-0.455,1537,1522,1416,1524,10.00,10.06,19.73,19.68
1787304098.315,29.049,True,1,2.988,2.769,-0.093,0.261,10.075,10.073,0.321,2.074,0.032,2.067,0.021,0.253,0.004,0.104,-0.37,2.25,162.74,0.93,2.01,0.154,-0.022,-0.455,1537,1522,1416,1524,10.00,10.06,29.72,29.68
1787304098.326,29.059,True,1,2.993,2.769,-0.099,0.253,10.067,10.066,0.321,2.075,0.035,2.068,0.022,0.251,-0.001,0.084,0.44,2.62,162.81,0.73,2.01,0.051,-0.067,-0.457,1525,1527,1416,1523,10.00,10.06,-0.26,-0.31
1787304098.335,29.069,True,1,2.993,2.769,-0.099,0.251,10.065,10.064,0.321,2.075,0.035,2.068,0.022,0.251,-0.001,0.084,0.44,2.62,162.81,0.73,2.01,0.051,-0.067,-0.457,1525,1527,1416,1523,10.00,10.06,9.74,9.69
1787304098.345,29.079,True,1,2.993,2.769,-0.099,0.249,10.062,10.062,0.321,2.075,0.035,2.068,0.023,0.251,-0.001,0.084,0.44,2.62,162.81,0.73,2.01,0.052,-0.067,-0.457,1525,1527,1416,1523,10.00,10.06,19.74,19.69
1787304098.355,29.089,True,1,2.993,2.769,-0.099,0.247,10.060,10.060,0.321,2.075,0.035,2.068,0.023,0.251,-0.001,0.084,0.44,2.62,162.81,0.73,2.01,0.052,-0.067,-0.457,1525,1527,1416,1523,10.00,10.06,29.74,29.69
1787304098.365,29.099,True,1,2.993,2.769,-0.099,0.244,10.058,10.057,0.321,2.075,0.035,2.069,0.023,0.251,-0.001,0.084,0.44,2.62,162.81,0.73,2.02,0.052,-0.066,-0.457,1525,1527,1416,1523,10.00,10.06,39.74,39.69
1787304098.375,29.109,True,1,2.993,2.769,-0.099,0.242,10.056,10.055,0.321,2.075,0.035,2.069,0.024,0.251,-0.001,0.084,0.44,2.62,162.81,0.73,2.02,0.052,-0.066,-0.457,1525,1527,1416,1523,10.00,10.06,49.74,49.69
1787304098.385,29.119,True,1,2.993,2.769,-0.099,0.240,10.054,10.053,0.321,2.075,0.035,2.069,0.024,0.251,-0.001,0.084,0.44,2.62,162.81,0.74,2.02,0.052,-0.066,-0.457,1525,1527,1416,1523,10.00,10.06,59.74,59.69
1787304098.395,29.129,True,1,2.993,2.769,-0.099,0.238,10.051,10.051,0.321,2.075,0.035,2.069,0.025,0.251,-0.001,0.084,0.44,2.62,162.81,0.74,2.02,0.052,-0.066,-0.457,1525,1527,1416,1523,10.00,10.06,69.74,69.69
1787304098.406,29.140,True,1,3.006,2.769,-0.072,0.105,9.918,9.912,0.316,2.076,0.040,2.069,0.025,0.249,0.010,0.077,2.40,2.91,162.43,0.70,1.92,-0.156,-0.122,-0.436,1462,1533,1419,1518,10.00,10.06,-0.58,-0.63
1787304098.415,29.149,True,1,3.006,2.769,-0.072,0.103,9.916,9.908,0.316,2.076,0.040,2.070,0.025,0.249,0.010,0.077,2.70,2.91,162.25,0.69,1.92,-0.188,-0.124,-0.428,1459,1533,1420,1518,9.99,10.06,-0.07,9.37
1787304098.425,29.159,True,1,3.006,2.769,-0.072,0.100,9.913,9.906,0.316,2.076,0.040,2.070,0.026,0.249,0.010,0.077,2.70,2.91,162.25,0.69,1.92,-0.188,-0.124,-0.428,1459,1533,1420,1518,10.00,10.06,9.94,19.37
1787304098.435,29.169,True,1,3.006,2.769,-0.072,0.098,9.911,9.903,0.316,2.076,0.040,2.070,0.026,0.249,0.010,0.077,2.70,2.91,162.25,0.70,1.93,-0.188,-0.123,-0.428,1459,1533,1420,1517,10.00,10.06,19.94,29.37
1787304098.445,29.179,True,1,3.006,2.769,-0.072,0.096,9.909,9.901,0.316,2.076,0.040,2.070,0.027,0.249,0.010,0.077,2.70,2.91,162.25,0.70,1.93,-0.188,-0.123,-0.428,1459,1533,1420,1517,10.00,10.06,29.94,39.37
1787304098.455,29.189,True,1,3.006,2.769,-0.072,0.093,9.906,9.899,0.316,2.076,0.040,2.070,0.027,0.249,0.010,0.077,2.70,2.91,162.25,0.70,1.93,-0.188,-0.123,-0.428,1459,1533,1420,1517,10.00,10.06,39.94,49.37
1787304098.465,29.199,True,1,3.006,2.769,-0.072,0.091,9.904,9.896,0.316,2.076,0.040,2.071,0.028,0.249,0.010,0.077,2.70,2.91,162.25,0.70,1.93,-0.188,-0.123,-0.428,1459,1533,1420,1517,10.00,10.06,49.94,59.37
1787304098.475,29.209,True,1,3.006,2.769,-0.072,0.088,9.902,9.894,0.316,2.076,0.040,2.071,0.028,0.249,0.010,0.077,2.70,2.91,162.25,0.70,1.94,-0.187,-0.122,-0.428,1459,1533,1420,1517,10.00,10.06,59.94,69.37
1787304098.486,29.220,True,1,3.014,2.769,-0.088,0.101,9.915,9.902,0.316,2.076,0.042,2.071,0.029,0.249,-0.017,0.042,3.13,2.54,161.38,0.25,2.10,-0.285,-0.067,-0.392,1448,1527,1425,1517,10.00,10.06,-0.50,-0.45
1787304098.495,29.229,True,1,3.018,2.769,-0.092,0.093,9.906,9.891,0.316,2.075,0.041,2.071,0.029,0.249,-0.014,0.020,3.13,2.54,161.38,0.03,2.00,-0.307,-0.077,-0.392,1446,1528,1425,1517,10.00,10.06,9.50,-0.05
1787304098.505,29.239,True,1,3.018,2.769,-0.092,0.091,9.903,9.888,0.316,2.075,0.041,2.071,0.029,0.249,-0.014,0.020,3.13,2.54,161.38,0.04,2.01,-0.307,-0.077,-0.392,1446,1528,1425,1517,10.00,10.06,19.50,9.95
1787304098.515,29.249,True,1,3.018,2.769,-0.092,0.088,9.901,9.886,0.316,2.075,0.041,2.071,0.030,0.249,-0.014,0.020,3.13,2.54,161.38,0.04,2.01,-0.307,-0.077,-0.392,1446,1528,1425,1517,10.00,10.06,29.50,19.95
1787304098.525,29.259,True,1,3.018,2.769,-0.092,0.086,9.898,9.883,0.315,2.075,0.041,2.071,0.030,0.249,-0.014,0.020,3.13,2.54,161.38,0.04,2.01,-0.306,-0.076,-0.392,1446,1528,1425,1517,10.00,10.06,39.50,29.95
1787304098.535,29.269,True,1,3.018,2.769,-0.092,0.083,9.896,9.881,0.315,2.075,0.041,2.072,0.031,0.249,-0.014,0.020,3.13,2.54,161.38,0.04,2.02,-0.306,-0.076,-0.392,1446,1528,1425,1517,10.00,10.06,49.50,39.95
1787304098.545,29.279,True,1,3.018,2.769,-0.092,0.081,9.893,9.879,0.315,2.075,0.041,2.072,0.031,0.249,-0.014,0.020,3.13,2.54,161.38,0.04,2.02,-0.306,-0.076,-0.392,1446,1528,1425,1517,10.00,10.06,59.50,49.95
1787304098.555,29.289,True,1,3.018,2.769,-0.092,0.078,9.891,9.876,0.315,2.075,0.041,2.072,0.031,0.249,-0.014,0.020,3.13,2.54,161.38,0.04,2.02,-0.306,-0.075,-0.392,1446,1528,1425,1517,10.00,10.06,69.50,59.95
1787304098.565,29.299,True,1,3.018,2.769,-0.092,0.076,9.888,9.874,0.315,2.075,0.041,2.072,0.032,0.249,-0.014,0.020,3.13,2.54,161.38,0.04,2.03,-0.306,-0.075,-0.392,1446,1528,1425,1516,10.00,10.06,79.50,69.95
1787304098.576,29.310,True,1,3.025,2.769,-0.105,0.087,9.900,9.889,0.316,2.073,0.041,2.072,0.032,0.251,-0.028,-0.007,2.29,2.08,159.81,-0.32,2.06,-0.262,-0.015,-0.327,1451,1521,1434,1517,10.00,10.06,-0.58,-0.51
1787304098.585,29.319,True,1,3.025,2.769,-0.105,0.084,9.897,9.887,0.316,2.073,0.041,2.072,0.032,0.251,-0.028,-0.007,2.29,2.08,159.81,-0.32,2.07,-0.262,-0.015,-0.327,1451,1521,1434,1517,10.00,10.06,9.42,9.49
1787304098.595,29.329,True,1,3.029,2.769,-0.103,0.059,9.872,9.864,0.315,2.071,0.040,2.072,0.033,0.253,-0.026,0.000,2.08,2.02,159.44,-0.26,2.08,-0.234,-0.005,-0.311,1454,1520,1436,1516,10.00,10.06,-0.12,-0.17
1787304098.605,29.339,True,1,3.029,2.769,-0.103,0.056,9.870,9.862,0.315,2.071,0.040,2.072,0.033,0.253,-0.026,0.000,1.92,1.99,159.20,-0.27,2.08,-0.219,-0.000,-0.301,1455,1520,1438,1516,10.00,10.06,-0.05,9.83
1787304098.615,29.349,True,1,3.029,2.769,-0.103,0.054,9.867,9.860,0.315,2.071,0.040,2.072,0.033,0.253,-0.026,0.000,1.92,1.99,159.20,-0.27,2.09,-0.219,0.000,-0.301,1455,1479,1438,1516,10.00,10.06,9.95,19.83
1787304098.625,29.359,True,1,3.029,2.769,-0.103,0.051,9.865,9.857,0.315,2.071,0.040,2.072,0.033,0.253,-0.026,0.000,1.92,1.99,159.20,-0.27,2.09,-0.219,0.000,-0.301,1455,1479,1438,1516,10.00,10.06,19.95,29.83
1787304098.635,29.369,True,1,3.029,2.769,-0.103,0.049,9.862,9.855,0.315,2.071,0.040,2.072,0.034,0.253,-0.026,0.000,1.92,1.99,159.20,-0.27,2.09,-0.219,0.001,-0.301,1455,1479,1438,1516,10.00,10.06,29.95,39.83
1787304098.646,29.379,True,1,3.031,2.769,-0.113,0.067,9.881,9.877,0.315,2.069,0.039,2.072,0.034,0.256,-0.033,-0.009,1.20,2.06,158.07,-0.43,2.12,-0.162,0.002,-0.251,1462,1479,1445,1517,10.00,10.06,-0.31,-0.26
1787304098.655,29.389,True,1,3.031,2.769,-0.113,0.065,9.879,9.875,0.315,2.069,0.039,2.072,0.034,0.256,-0.033,-0.009,1.20,2.06,158.07,-0.44,2.13,-0.162,0.002,-0.251,1462,1479,1445,1516,10.00,10.06,9.69,9.74
1787304098.665,29.399,True,1,3.031,2.769,-0.113,0.062,9.876,9.872,0.315,2.069,0.039,2.072,0.034,0.256,-0.033,-0.009,1.20,2.06,158.07,-0.44,2.13,-0.162,0.002,-0.251,1462,1479,1445,1516,10.00,10.06,19.69,19.74
1787304098.675,29.409,True,1,3.031,2.769,-0.113,0.060,9.873,9.869,0.315,2.069,0.039,2.072,0.034,0.256,-0.033,-0.009,1.20,2.06,158.07,-0.44,2.13,-0.162,0.003,-0.251,1462,1479,1445,1516,10.00,10.06,29.69,29.74
1787304098.685,29.419,True,1,3.031,2.769,-0.113,0.057,9.871,9.867,0.315,2.069,0.039,2.072,0.034,0.256,-0.033,-0.009,1.20,2.06,158.07,-0.44,2.14,-0.163,0.003,-0.251,1462,1479,1445,1516,10.00,10.06,39.69,39.74
1787304098.696,29.430,True,1,3.035,2.769,-0.162,0.185,9.999,9.997,0.319,2.066,0.037,2.071,0.034,0.260,-0.042,-0.045,0.13,2.26,156.79,-0.86,2.04,-0.095,-0.024,-0.195,1469,1522,1452,1521,10.00,10.06,-0.34,-0.29
1787304098.705,29.439,True,1,3.036,2.769,-0.131,0.086,9.900,9.900,0.316,2.065,0.036,2.071,0.035,0.261,-0.038,-0.006,-0.10,2.26,156.52,-0.48,2.18,-0.033,-0.008,-0.183,1476,1520,1454,1517,10.00,10.06,-0.11,-0.06
1787304098.715,29.449,True,1,3.036,2.769,-0.131,0.083,9.897,9.897,0.316,2.065,0.036,2.071,0.035,0.261,-0.038,-0.006,-0.10,2.26,156.52,-0.49,2.19,-0.033,-0.008,-0.183,1476,1520,1454,1517,10.00,10.06,9.89,9.94
1787304098.725,29.459,True,1,3.037,2.769,-0.166,0.182,9.996,9.996,0.319,2.063,0.035,2.071,0.035,0.263,-0.033,-0.026,-0.56,2.36,155.85,-0.68,2.03,-0.006,-0.033,-0.155,1479,1523,1458,1521,10.00,10.06,-0.12,-0.17
1787304098.735,29.469,True,1,3.037,2.769,-0.166,0.180,9.993,9.993,0.319,2.063,0.035,2.070,0.035,0.263,-0.033,-0.026,-0.56,2.36,155.85,-0.68,2.04,-0.006,-0.033,-0.155,1479,1523,1458,1521,10.00,10.07,9.89,9.84
1787304098.745,29.479,True,1,3.037,2.769,-0.166,0.177,9.991,9.991,0.319,2.063,0.035,2.070,0.035,0.263,-0.033,-0.026,-0.56,2.36,155.85,-0.68,2.04,-0.007,-0.032,-0.155,1479,1523,1458,1521,10.00,10.06,19.88,19.83
1787304098.755,29.489,True,1,3.037,2.769,-0.166,0.174,9.988,9.988,0.319,2.063,0.035,2.070,0.035,0.263,-0.033,-0.026,-0.56,2.36,155.85,-0.68,2.05,-0.007,-0.032,-0.155,1479,1523,1458,1521,10.00,10.06,29.88,29.83
1787304098.765,29.499,True,1,3.037,2.769,-0.166,0.172,9.985,9.985,0.319,2.063,0.035,2.070,0.035,0.263,-0.033,-0.026,-0.56,2.36,155.85,-0.69,2.05,-0.007,-0.031,-0.155,1479,1523,1458,1520,10.00,10.06,39.89,39.84
1787304098.775,29.509,True,1,3.037,2.769,-0.166,0.169,9.983,9.983,0.319,2.063,0.035,2.069,0.035,0.263,-0.033,-0.026,-0.56,2.36,155.85,-0.69,2.05,-0.007,-0.031,-0.155,1479,1523,1458,1520,10.00,10.06,49.89,49.84
1787304098.785,29.519,True,1,3.037,2.769,-0.166,0.166,9.980,9.980,0.319,2.063,0.035,2.069,0.035,0.263,-0.033,-0.026,-0.56,2.36,155.85,-0.69,2.06,-0.008,-0.031,-0.155,1479,1523,1458,1520,10.00,10.06,59.88,59.83
1787304098.795,29.529,True,1,3.037,2.769,-0.166,0.164,9.978,9.977,0.318,2.063,0.035,2.069,0.035,0.263,-0.033,-0.026,-0.56,2.36,155.85,-0.69,2.06,-0.008,-0.030,-0.155,1479,1523,1458,1520,10.00,10.06,69.88,69.83
1787304098.805,29.539,True,1,3.037,2.769,-0.166,0.161,9.975,9.975,0.318,2.063,0.035,2.069,0.035,0.263,-0.033,-0.026,-0.56,2.36,155.85,-0.70,2.07,-0.008,-0.030,-0.155,1479,1523,1458,1520,10.00,10.06,79.88,79.83
1787304098.816,29.550,True,1,3.040,2.769,-0.213,0.288,10.102,10.099,0.322,2.058,0.030,2.068,0.035,0.269,-0.037,-0.029,-2.01,2.54,153.16,-0.84,2.03,0.124,-0.052,-0.039,1533,1525,1474,1525,10.00,10.06,-0.58,-0.63
1787304098.825,29.559,True,1,3.040,2.769,-0.213,0.285,10.099,10.097,0.322,2.058,0.030,2.068,0.034,0.269,-0.037,-0.029,-2.01,2.54,153.16,-0.84,2.04,0.124,-0.051,-0.039,1533,1525,1474,1524,10.00,10.06,9.42,9.37
1787304098.835,29.569,True,1,3.040,2.769,-0.213,0.282,10.097,10.094,0.322,2.058,0.030,2.068,0.034,0.269,-0.037,-0.029,-2.01,2.54,153.16,-0.85,2.04,0.123,-0.051,-0.039,1533,1525,1474,1524,9.99,10.06,19.42,19.37
1787304098.845,29.579,True,1,3.040,2.769,-0.213,0.280,10.094,10.091,0.322,2.058,0.030,2.067,0.034,0.269,-0.037,-0.029,-2.01,2.54,153.16,-0.85,2.05,0.123,-0.050,-0.039,1533,1525,1474,1524,10.00,10.06,29.42,29.37
1787304098.855,29.589,True,1,3.040,2.769,-0.213,0.277,10.091,10.089,0.322,2.058,0.030,2.067,0.034,0.269,-0.037,-0.029,-2.01,2.54,153.16,-0.85,2.05,0.122,-0.050,-0.039,1533,1525,1474,1524,10.00,10.06,39.42,39.37
1787304098.865,29.599,True,1,3.040,2.769,-0.213,0.274,10.089,10.086,0.322,2.058,0.030,2.067,0.034,0.269,-0.037,-0.029,-2.01,2.54,153.16,-0.86,2.06,0.122,-0.049,-0.039,1533,1525,1474,1524,10.00,10.06,49.42,49.37
1787304098.875,29.609,True,1,3.040,2.769,-0.213,0.272,10.086,10.083,0.322,2.058,0.030,2.066,0.034,0.269,-0.037,-0.029,-2.01,2.54,153.16,-0.86,2.06,0.122,-0.049,-0.039,1533,1525,1474,1524,10.00,10.06,59.42,59.37
1787304098.885,29.619,True,1,3.040,2.769,-0.213,0.269,10.083,10.081,0.322,2.058,0.030,2.066,0.034,0.269,-0.037,-0.029,-2.01,2.54,153.16,-0.87,2.06,0.121,-0.048,-0.039,1533,1525,1474,1524,10.00,10.06,69.42,69.37
1787304098.896,29.630,True,1,3.041,2.769,-0.271,0.433,10.246,10.241,0.327,2.056,0.025,2.066,0.033,0.272,-0.018,-0.018,-2.39,2.65,150.66,-0.76,1.88,0.168,-0.084,0.068,1538,1529,1529,1530,10.00,10.06,-0.57,-0.62
1787304098.905,29.639,True,1,3.041,2.769,-0.271,0.430,10.243,10.238,0.327,2.056,0.025,2.066,0.033,0.272,-0.018,-0.018,-2.39,2.65,150.66,-0.76,1.88,0.167,-0.084,0.068,1538,1529,1529,1529,10.00,10.06,9.43,9.38
1787304098.915,29.649,True,1,3.041,2.769,-0.271,0.428,10.241,10.236,0.327,2.056,0.025,2.065,0.033,0.272,-0.018,-0.018,-2.39,2.65,150.66,-0.77,1.88,0.167,-0.083,0.068,1538,1529,1529,1529,9.99,10.06,19.43,19.38
1787304098.925,29.659,True,1,3.041,2.769,-0.271,0.425,10.238,10.233,0.327,2.056,0.025,2.065,0.032,0.272,-0.018,-0.018,-2.39,2.65,150.66,-0.77,1.89,0.166,-0.083,0.068,1538,1529,1529,1529,10.00,10.06,29.43,29.38
1787304098.935,29.669,True,1,3.041,2.769,-0.271,0.422,10.235,10.230,0.327,2.056,0.025,2.065,0.032,0.272,-0.018,-0.018,-2.39,2.65,150.66,-0.78,1.89,0.166,-0.082,0.068,1538,1529,1529,1529,10.00,10.06,39.43,39.38
1787304098.946,29.679,True,1,3.041,2.769,-0.288,0.474,10.286,10.283,0.328,2.056,0.022,2.064,0.032,0.273,-0.007,-0.018,-2.18,2.41,149.13,-0.77,1.77,0.142,-0.072,0.136,1535,1527,1538,1531,10.00,10.06,-0.27,-0.32
1787304098.955,29.689,True,1,3.041,2.769,-0.288,0.471,10.284,10.280,0.328,2.056,0.022,2.064,0.032,0.273,-0.007,-0.018,-2.18,2.41,149.13,-0.77,1.78,0.142,-0.071,0.136,1535,1527,1538,1531,10.00,10.06,9.73,9.68
1787304098.965,29.699,True,1,3.041,2.769,-0.288,0.468,10.281,10.277,0.328,2.056,0.022,2.064,0.031,0.273,-0.007,-0.018,-2.18,2.41,149.13,-0.78,1.78,0.141,-0.071,0.136,1535,1527,1538,1531,10.00,10.06,19.73,19.68
1787304098.975,29.709,True,1,3.041,2.769,-0.288,0.466,10.278,10.275,0.328,2.056,0.022,2.063,0.031,0.273,-0.007,-0.018,-2.18,2.41,149.13,-0.78,1.78,0.141,-0.071,0.136,1535,1527,1538,1531,10.00,10.06,29.73,29.68
1787304098.986,29.719,True,1,3.039,2.769,-0.294,0.487,10.299,10.297,0.329,2.056,0.020,2.063,0.031,0.274,-0.001,-0.021,-1.74,2.38,148.13,-0.81,1.70,0.090,-0.077,0.180,1530,1528,1545,1531,10.00,10.06,-0.25,-0.30
1787304098.995,29.729,True,1,3.039,2.769,-0.294,0.485,10.297,10.295,0.329,2.056,0.020,2.063,0.030,0.274,-0.001,-0.021,-1.74,2.38,148.13,-0.81,1.70,0.090,-0.077,0.180,1529,1528,1545,1531,10.00,10.06,9.75,9.70
1787304099.005,29.739,True,1,3.039,2.769,-0.294,0.482,10.294,10.292,0.328,2.056,0.020,2.063,0.030,0.274,-0.001,-0.021,-1.74,2.38,148.13,-0.82,1.71,0.089,-0.076,0.180,1529,1528,1545,1531,10.00,10.06,19.75,19.70
1787304099.015,29.749,True,1,3.039,2.769,-0.294,0.479,10.291,10.289,0.328,2.056,0.020,2.063,0.030,0.274,-0.001,-0.021,-1.74,2.38,148.13,-0.82,1.71,0.089,-0.076,0.180,1529,1528,1545,1531,10.00,10.06,29.75,29.70
1787304099.025,29.759,True,1,3.039,2.769,-0.294,0.476,10.289,10.287,0.328,2.056,0.020,2.062,0.029,0.274,-0.001,-0.021,-1.74,2.38,148.13,-0.83,1.71,0.088,-0.076,0.180,1529,1528,1545,1531,10.00,10.06,39.75,39.70
1787304099.035,29.769,True,1,3.039,2.769,-0.294,0.474,10.286,10.284,0.328,2.056,0.020,2.062,0.029,0.274,-0.001,-0.021,-1.74,2.38,148.13,-0.83,1.71,0.087,-0.076,0.180,1529,1528,1545,1531,10.00,10.06,49.75,49.70
1787304099.045,29.779,True,1,3.039,2.769,-0.294,0.471,10.283,10.281,0.328,2.056,0.020,2.062,0.029,0.274,-0.001,-0.021,-1.74,2.38,148.13,-0.84,1.72,0.087,-0.075,0.180,1529,1528,1545,1531,10.00,10.06,59.75,59.70
1787304099.055,29.789,True,1,3.039,2.769,-0.294,0.468,10.281,10.279,0.328,2.056,0.020,2.062,0.028,0.274,-0.001,-0.021,-1.74,2.38,148.13,-0.84,1.72,0.087,-0.075,0.180,1529,1528,1545,1531,10.00,10.06,69.75,69.70
1787304099.066,29.800,True,1,3.035,2.769,-0.310,0.530,10.342,10.340,0.330,2.058,0.015,2.062,0.028,0.273,0.015,-0.031,-0.36,2.28,146.16,-0.90,1.49,-0.067,-0.085,0.268,1472,1529,1557,1533,10.00,10.06,-0.57,-0.62
1787304099.075,29.809,True,1,3.035,2.769,-0.310,0.528,10.339,10.338,0.330,2.058,0.015,2.062,0.028,0.273,0.015,-0.031,-0.36,2.28,146.16,-0.90,1.49,-0.067,-0.085,0.268,1472,1529,1557,1533,10.01,10.07,9.44,9.39
1787304099.085,29.819,True,1,3.035,2.769,-0.310,0.525,10.336,10.335,0.330,2.058,0.015,2.061,0.027,0.273,0.015,-0.031,-0.36,2.28,146.16,-0.91,1.49,-0.068,-0.085,0.268,1472,1529,1557,1533,9.99,10.06,19.43,19.38
1787304099.095,29.829,True,1,3.035,2.769,-0.310,0.522,10.334,10.332,0.330,2.058,0.015,2.061,0.027,0.273,0.015,-0.031,-0.36,2.28,146.16,-0.91,1.49,-0.068,-0.084,0.268,1472,1529,1557,1533,10.00,10.06,29.43,29.38
1787304099.105,29.839,True,1,3.035,2.769,-0.310,0.520,10.331,10.330,0.330,2.058,0.015,2.061,0.026,0.273,0.015,-0.031,-0.36,2.28,146.16,-0.92,1.49,-0.069,-0.084,0.268,1472,1529,1557,1533,10.00,10.06,39.43,39.38
1787304099.115,29.849,True,1,3.035,2.769,-0.310,0.517,10.329,10.327,0.330,2.058,0.015,2.061,0.026,0.273,0.015,-0.031,-0.36,2.28,146.16,-0.92,1.50,-0.069,-0.084,0.268,1472,1529,1557,1533,10.00,10.06,49.44,49.39
1787304099.125,29.859,True,1,3.035,2.769,-0.310,0.514,10.326,10.324,0.330,2.058,0.015,2.061,0.026,0.273,0.015,-0.031,-0.36,2.28,146.16,-0.93,1.50,-0.070,-0.084,0.268,1472,1529,1557,1532,10.00,10.06,59.44,59.39
1787304099.135,29.869,True,1,3.035,2.769,-0.310,0.512,10.323,10.322,0.329,2.058,0.015,2.061,0.025,0.273,0.015,-0.031,-0.36,2.28,146.16,-0.93,1.50,-0.070,-0.084,0.268,1472,1529,1557,1532,10.00,10.06,69.44,69.39
1787304099.145,29.879,True,1,3.035,2.769,-0.310,0.509,10.321,10.319,0.329,2.058,0.015,2.061,0.025,0.273,0.015,-0.031,-0.36,2.28,146.16,-0.94,1.50,-0.071,-0.084,0.268,1472,1529,1557,1532,10.00,10.06,79.44,79.39
1787304099.156,29.890,True,1,3.031,2.769,-0.268,0.398,10.208,10.205,0.326,2.062,0.009,2.061,0.024,0.272,0.033,-0.032,0.45,1.85,144.93,-0.89,1.35,-0.151,-0.051,0.322,1463,1525,1564,1528,10.00,10.06,-0.57,-0.62
1787304099.165,29.899,True,1,3.031,2.769,-0.268,0.395,10.206,10.203,0.326,2.062,0.009,2.061,0.024,0.272,0.033,-0.032,0.45,1.85,144.93,-0.90,1.35,-0.152,-0.051,0.322,1463,1525,1564,1528,10.00,10.06,9.43,9.38
1787304099.175,29.909,True,1,3.031,2.769,-0.268,0.393,10.203,10.200,0.326,2.062,0.009,2.061,0.023,0.272,0.033,-0.032,0.45,1.85,144.93,-0.90,1.35,-0.152,-0.051,0.322,1463,1525,1564,1528,10.00,10.06,19.43,19.38
1787304099.185,29.919,True,1,3.031,2.769,-0.268,0.390,10.201,10.197,0.325,2.062,0.009,2.061,0.023,0.272,0.033,-0.032,0.45,1.85,144.93,-0.91,1.35,-0.153,-0.051,0.322,1463,1525,1564,1528,10.00,10.07,29.44,29.39
1787304099.195,29.929,True,1,3.031,2.769,-0.268,0.387,10.198,10.195,0.325,2.062,0.009,2.061,0.022,0.272,0.033,-0.032,0.45,1.85,144.93,-0.91,1.35,-0.153,-0.051,0.322,1463,1525,1564,1528,10.00,10.07,39.44,39.39
1787304099.205,29.939,True,1,3.031,2.769,-0.268,0.385,10.195,10.192,0.325,2.062,0.009,2.061,0.022,0.272,0.033,-0.032,0.45,1.85,144.93,-0.92,1.35,-0.154,-0.051,0.322,1462,1525,1564,1528,9.99,10.06,49.43,49.38
1787304099.215,29.949,True,1,3.031,2.769,-0.268,0.382,10.193,10.190,0.325,2.062,0.009,2.061,0.021,0.272,0.033,-0.032,0.45,1.85,144.93,-0.92,1.35,-0.154,-0.051,0.322,1462,1525,1564,1528,10.00,10.06,59.43,59.38
1787304099.225,29.959,True,1,3.031,2.769,-0.268,0.379,10.190,10.187,0.325,2.062,0.009,2.061,0.021,0.272,0.033,-0.032,0.45,1.85,144.93,-0.93,1.35,-0.155,-0.051,0.322,1462,1525,1564,1528,10.00,10.06,69.43,69.38
1787304099.236,29.970,True,1,3.026,2.769,-0.243,0.318,10.128,10.121,0.323,2.066,0.001,2.061,0.020,0.271,0.039,-0.056,0.83,2.02,144.33,-1.11,1.14,-0.216,-0.087,0.350,1456,1529,1568,1525,10.00,10.06,-0.60,-0.65
1787304099.245,29.979,True,1,3.026,2.769,-0.243,0.315,10.126,10.119,0.323,2.066,0.001,2.061,0.020,0.271,0.039,-0.056,0.83,2.02,144.33,-1.12,1.14,-0.216,-0.087,0.350,1456,1529,1568,1525,10.00,10.07,9.40,9.35
1787304099.255,29.989,True,1,3.026,2.769,-0.243,0.313,10.123,10.116,0.323,2.066,0.001,2.062,0.019,0.271,0.039,-0.056,0.83,2.02,144.33,-1.13,1.14,-0.217,-0.087,0.350,1456,1529,1568,1525,10.00,10.06,19.40,19.35
1787304099.265,29.999,True,1,3.026,2.769,-0.243,0.310,10.121,10.114,0.323,2.066,0.001,2.062,0.018,0.271,0.039,-0.056,0.83,2.02,144.33,-1.13,1.14,-0.217,-0.088,0.350,1456,1529,1568,1525,10.00,10.06,29.40,29.35
1787304099.275,30.009,True,1,3.026,2.769,-0.243,0.307,10.118,10.111,0.323,2.066,0.001,2.062,0.018,0.271,0.039,-0.056,0.83,2.02,144.33,-1.14,1.14,-0.218,-0.088,0.350,1455,1529,1568,1525,10.00,10.06,39.40,39.35
1787304099.285,30.019,True,1,3.026,2.769,-0.243,0.305,10.116,10.108,0.323,2.066,0.001,2.062,0.017,0.271,0.039,-0.056,0.83,2.02,144.33,-1.14,1.14,-0.218,-0.088,0.350,1455,1529,1568,1525,10.00,10.06,49.40,49.35
1787304099.295,30.029,True,1,3.026,2.769,-0.243,0.302,10.113,10.106,0.323,2.066,0.001,2.062,0.017,0.271,0.039,-0.056,0.83,2.02,144.33,-1.15,1.13,-0.219,-0.088,0.350,1455,1529,1568,1525,10.00,10.06,59.40,59.35
1787304099.305,30.039,True,1,3.026,2.769,-0.243,0.300,10.110,10.103,0.322,2.066,0.001,2.062,0.016,0.271,0.039,-0.056,0.83,2.02,144.33,-1.15,1.13,-0.219,-0.088,0.350,1455,1529,1568,1525,10.00,10.06,69.40,69.35
1787304099.315,30.049,True,1,3.026,2.769,-0.243,0.297,10.108,10.101,0.322,2.066,0.001,2.063,0.016,0.271,0.039,-0.056,0.83,2.02,144.33,-1.16,1.13,-0.220,-0.088,0.350,1455,1529,1568,1525,10.00,10.06,79.39,79.34
1787304099.326,30.060,True,1,3.031,2.769,-0.182,0.093,9.903,9.899,0.316,2.073,-0.009,2.063,0.015,0.269,0.048,-0.068,0.06,2.03,144.18,-1.24,1.01,-0.149,-0.106,0.355,1463,1531,1569,1517,10.00,10.06,-0.58,-0.63
1787304099.335,30.069,True,1,3.031,2.769,-0.182,0.090,9.901,9.897,0.316,2.073,-0.009,2.063,0.014,0.269,0.048,-0.068,0.06,2.03,144.18,-1.24,1.00,-0.149,-0.107,0.355,1463,1531,1569,1517,10.00,10.06,9.42,9.37
1787304099.345,30.079,True,1,3.031,2.769,-0.182,0.088,9.898,9.894,0.316,2.073,-0.009,2.063,0.013,0.269,0.048,-0.068,0.06,2.03,144.18,-1.25,1.00,-0.150,-0.107,0.355,1463,1531,1569,1517,10.00,10.06,19.42,19.37
1787304099.355,30.089,True,1,3.031,2.769,-0.182,0.085,9.895,9.891,0.316,2.073,-0.009,2.064,0.013,0.269,0.048,-0.068,0.06,2.03,144.18,-1.25,1.00,-0.150,-0.107,0.355,1463,1531,1569,1517,10.00,10.06,29.42,29.37
1787304099.366,30.099,True,1,3.037,2.769,-0.136,-0.079,9.731,9.728,0.310,2.077,-0.015,2.064,0.012,0.268,0.052,-0.070,-0.15,1.75,144.34,-1.27,0.96,-0.127,-0.084,0.347,1465,1529,1568,1511,10.00,10.06,-0.28,-0.32
1787304099.375,30.109,True,1,3.037,2.769,-0.136,-0.082,9.728,9.725,0.310,2.077,-0.015,2.065,0.011,0.268,0.052,-0.070,-0.15,1.75,144.34,-1.27,0.96,-0.128,-0.084,0.347,1465,1529,1568,1511,10.00,10.06,9.73,9.68
1787304099.385,30.119,True,1,3.037,2.769,-0.136,-0.085,9.726,9.723,0.310,2.077,-0.015,2.065,0.010,0.268,0.052,-0.070,-0.15,1.75,144.34,-1.28,0.96,-0.128,-0.085,0.347,1465,1529,1568,1511,10.00,10.06,19.72,19.68
1787304099.395,30.129,True,1,3.037,2.769,-0.136,-0.088,9.723,9.720,0.310,2.077,-0.015,2.065,0.009,0.268,0.052,-0.070,-0.15,1.75,144.34,-1.28,0.95,-0.129,-0.085,0.347,1465,1529,1568,1511,10.00,10.06,29.73,29.68
1787304099.406,30.139,True,1,3.042,2.769,-0.122,-0.153,9.658,9.657,0.308,2.080,-0.020,2.066,0.008,0.267,0.042,-0.067,-0.58,1.41,144.59,-1.34,1.07,-0.088,-0.039,0.337,1470,1524,1566,1509,10.00,10.06,-0.25,-0.30
1787304099.415,30.149,True,1,3.042,2.769,-0.122,-0.155,9.655,9.654,0.308,2.080,-0.020,2.066,0.007,0.267,0.042,-0.067,-0.58,1.41,144.59,-1.34,1.06,-0.088,-0.040,0.337,1470,1524,1566,1508,10.00,10.06,9.74,9.70
1787304099.425,30.159,True,1,3.042,2.769,-0.122,-0.158,9.653,9.652,0.308,2.080,-0.020,2.067,0.006,0.267,0.042,-0.067,-0.58,1.41,144.59,-1.35,1.06,-0.089,-0.040,0.337,1470,1524,1566,1508,10.00,10.06,19.75,19.70
1787304099.435,30.169,True,1,3.042,2.769,-0.122,-0.161,9.650,9.649,0.308,2.080,-0.020,2.067,0.006,0.267,0.042,-0.067,-0.58,1.41,144.59,-1.36,1.06,-0.090,-0.041,0.337,1470,1524,1566,1508,10.00,10.06,29.75,29.70
1787304099.445,30.179,True,1,3.042,2.769,-0.122,-0.164,9.647,9.646,0.308,2.080,-0.020,2.068,0.005,0.267,0.042,-0.067,-0.58,1.41,144.59,-1.36,1.05,-0.090,-0.041,0.337,1469,1524,1566,1508,10.00,10.06,39.74,39.70
1787304099.455,30.189,True,1,3.042,2.769,-0.122,-0.166,9.645,9.643,0.308,2.080,-0.020,2.068,0.004,0.267,0.042,-0.067,-0.58,1.41,144.59,-1.37,1.05,-0.091,-0.041,0.337,1469,1524,1566,1508,10.00,10.06,49.75,49.70
1787304099.465,30.199,True,1,3.042,2.769,-0.122,-0.169,9.642,9.641,0.308,2.080,-0.020,2.068,0.003,0.267,0.042,-0.067,-0.58,1.41,144.59,-1.37,1.05,-0.092,-0.042,0.337,1469,1524,1566,1508,10.00,10.06,59.75,59.70
1787304099.475,30.209,True,1,3.042,2.769,-0.122,-0.172,9.639,9.638,0.308,2.080,-0.020,2.069,0.002,0.267,0.042,-0.067,-0.58,1.41,144.59,-1.38,1.04,-0.092,-0.042,0.337,1469,1524,1566,1508,10.00,10.06,69.74,69.70
1787304099.486,30.220,True,1,3.055,2.769,-0.106,-0.273,9.538,9.537,0.304,2.086,-0.028,2.069,0.001,0.266,0.055,-0.068,-1.71,0.58,145.48,-1.31,0.94,0.039,0.029,0.299,1524,1476,1561,1504,10.00,10.06,-0.57,-0.50
1787304099.495,30.229,True,1,3.055,2.769,-0.106,-0.275,9.535,9.535,0.304,2.086,-0.028,2.070,0.000,0.266,0.055,-0.068,-1.71,0.58,145.48,-1.31,0.94,0.038,0.028,0.299,1524,1476,1561,1504,10.01,10.06,9.44,9.50
1787304099.505,30.239,True,1,3.055,2.769,-0.106,-0.278,9.532,9.532,0.304,2.086,-0.028,2.070,-0.001,0.266,0.055,-0.068,-1.71,0.58,145.48,-1.32,0.93,0.038,0.028,0.299,1524,1476,1561,1504,9.99,10.06,19.43,19.50
1787304099.515,30.249,True,1,3.055,2.769,-0.106,-0.281,9.529,9.529,0.304,2.086,-0.028,2.071,-0.002,0.266,0.055,-0.068,-1.71,0.58,145.48,-1.33,0.93,0.037,0.027,0.299,1524,1476,1561,1504,10.00,10.06,29.43,29.50
1787304099.525,30.259,True,1,3.055,2.769,-0.106,-0.284,9.526,9.526,0.304,2.086,-0.028,2.072,-0.002,0.266,0.055,-0.068,-1.71,0.58,145.48,-1.33,0.92,0.036,0.027,0.299,1524,1477,1561,1504,10.00,10.06,39.43,39.50
1787304099.535,30.269,True,1,3.055,2.769,-0.106,-0.287,9.524,9.523,0.304,2.086,-0.028,2.072,-0.003,0.266,0.055,-0.068,-1.71,0.58,145.48,-1.34,0.92,0.036,0.026,0.299,1523,1477,1561,1504,10.00,10.06,49.44,49.50
1787304099.545,30.279,True,1,3.055,2.769,-0.106,-0.290,9.521,9.520,0.304,2.086,-0.028,2.072,-0.004,0.266,0.055,-0.068,-1.71,0.58,145.48,-1.35,0.92,0.035,0.026,0.299,1523,1477,1561,1504,10.00,10.06,59.43,59.50
1787304099.555,30.289,True,1,3.055,2.769,-0.106,-0.293,9.518,9.518,0.304,2.086,-0.028,2.073,-0.005,0.266,0.055,-0.068,-1.71,0.58,145.48,-1.35,0.91,0.034,0.025,0.299,1523,1477,1561,1503,10.00,10.06,69.43,69.50
1787304099.566,30.300,True,1,3.069,2.769,-0.110,-0.339,9.472,9.471,0.302,2.094,-0.037,2.074,-0.006,0.264,0.062,-0.094,-1.91,0.43,146.50,-1.55,0.72,0.036,0.022,0.255,1523,1477,1555,1502,10.00,10.06,-0.51,-0.57
1787304099.575,30.309,True,1,3.069,2.769,-0.110,-0.342,9.469,9.468,0.302,2.094,-0.037,2.074,-0.007,0.264,0.062,-0.094,-1.91,0.43,146.50,-1.56,0.71,0.035,0.021,0.255,1523,1477,1555,1502,10.00,10.06,9.49,9.43
1787304099.585,30.319,True,1,3.074,2.769,-0.106,-0.378,9.433,9.433,0.301,2.096,-0.039,2.075,-0.008,0.263,0.059,-0.090,-1.69,0.53,146.98,-1.54,0.77,0.014,0.018,0.233,1521,1477,1552,1500,10.00,10.06,-0.17,-0.12
1787304099.595,30.329,True,1,3.074,2.769,-0.106,-0.381,9.430,9.430,0.301,2.096,-0.039,2.076,-0.009,0.263,0.059,-0.090,-1.69,0.53,146.98,-1.55,0.77,0.013,0.018,0.233,1521,1478,1552,1500,10.00,10.06,9.84,9.88
1787304099.605,30.339,True,1,3.074,2.769,-0.106,-0.384,9.427,9.427,0.301,2.096,-0.039,2.076,-0.010,0.263,0.059,-0.090,-1.69,0.53,146.98,-1.55,0.76,0.012,0.017,0.233,1521,1478,1552,1500,10.00,10.06,19.83,19.88
1787304099.615,30.349,True,1,3.074,2.769,-0.106,-0.387,9.424,9.424,0.301,2.096,-0.039,2.077,-0.011,0.263,0.059,-0.090,-1.69,0.53,146.98,-1.56,0.75,0.011,0.016,0.233,1521,1478,1552,1500,10.00,10.06,29.84,29.88
1787304099.625,30.359,True,1,3.074,2.769,-0.106,-0.390,9.421,9.421,0.301,2.096,-0.039,2.078,-0.012,0.263,0.059,-0.090,-1.69,0.53,146.98,-1.57,0.75,0.011,0.016,0.233,1521,1478,1552,1500,10.00,10.06,39.83,39.88
1787304099.635,30.369,True,1,3.074,2.769,-0.106,-0.393,9.418,9.418,0.301,2.096,-0.039,2.078,-0.013,0.263,0.059,-0.090,-1.69,0.53,146.98,-1.57,0.74,0.010,0.015,0.233,1521,1478,1552,1500,10.00,10.06,49.84,49.88
1787304099.645,30.379,True,1,3.074,2.769,-0.106,-0.396,9.415,9.415,0.300,2.096,-0.039,2.079,-0.014,0.263,0.059,-0.090,-1.69,0.53,146.98,-1.58,0.74,0.009,0.015,0.233,1521,1478,1552,1500,10.00,10.06,59.83,59.88
1787304099.656,30.390,True,1,3.085,2.769,-0.124,-0.390,9.420,9.420,0.301,2.103,-0.045,2.080,-0.015,0.261,0.054,-0.054,-1.37,0.55,147.89,-1.27,1.01,0.008,0.043,0.194,1520,1475,1546,1500,10.00,10.06,-0.48,-0.52
1787304099.665,30.399,True,1,3.085,2.769,-0.124,-0.394,9.417,9.417,0.301,2.103,-0.045,2.081,-0.016,0.261,0.054,-0.054,-1.37,0.55,147.89,-1.28,1.00,0.008,0.042,0.194,1520,1475,1546,1500,10.00,10.07,9.53,9.48
1787304099.675,30.409,True,1,3.085,2.769,-0.124,-0.397,9.414,9.413,0.300,2.103,-0.045,2.081,-0.017,0.261,0.054,-0.054,-1.37,0.55,147.89,-1.28,1.00,0.007,0.042,0.194,1520,1475,1546,1500,10.00,10.06,19.53,19.48
1787304099.685,30.419,True,1,3.085,2.769,-0.124,-0.400,9.411,9.410,0.300,2.103,-0.045,2.082,-0.018,0.261,0.054,-0.054,-1.37,0.55,147.89,-1.29,0.99,0.006,0.041,0.194,1520,1475,1546,1499,10.00,10.06,29.53,29.48
1787304099.695,30.429,True,1,3.085,2.769,-0.124,-0.403,9.407,9.407,0.300,2.103,-0.045,2.083,-0.019,0.261,0.054,-0.054,-1.37,0.55,147.89,-1.29,0.98,0.006,0.040,0.194,1520,1475,1546,1499,10.00,10.07,39.53,39.48
1787304099.705,30.439,True,1,3.085,2.769,-0.124,-0.406,9.404,9.404,0.300,2.103,-0.045,2.083,-0.020,0.261,0.054,-0.054,-1.37,0.55,147.89,-1.30,0.98,0.005,0.040,0.194,1520,1475,1546,1499,10.00,10.06,49.53,49.48
1787304099.715,30.449,True,1,3.085,2.769,-0.124,-0.409,9.401,9.401,0.300,2.103,-0.045,2.084,-0.021,0.261,0.054,-0.054,-1.37,0.55,147.89,-1.31,0.97,0.004,0.039,0.194,1520,1475,1546,1499,10.00,10.06,59.52,59.48
1787304099.725,30.459,True,1,3.085,2.769,-0.124,-0.412,9.398,9.398,0.300,2.103,-0.045,2.085,-0.021,0.261,0.054,-0.054,-1.37,0.55,147.89,-1.31,0.97,0.004,0.039,0.194,1520,1475,1546,1499,10.00,10.06,69.53,69.48
1787304099.736,30.470,True,1,3.100,2.769,-0.155,-0.382,9.429,9.428,0.301,2.110,-0.053,2.085,-0.022,0.259,0.043,-0.055,-0.96,0.45,149.72,-1.35,1.09,-0.042,0.065,0.114,1475,1472,1535,1500,10.00,10.06,-0.58,-0.63
1787304099.745,30.479,True,1,3.100,2.769,-0.155,-0.385,9.426,9.425,0.301,2.110,-0.053,2.086,-0.023,0.259,0.043,-0.055,-0.96,0.45,149.72,-1.36,1.08,-0.043,0.065,0.114,1475,1472,1535,1500,10.00,10.06,9.43,9.38
1787304099.755,30.489,True,1,3.100,2.769,-0.155,-0.389,9.422,9.422,0.301,2.110,-0.053,2.087,-0.024,0.259,0.043,-0.055,-0.96,0.45,149.72,-1.37,1.08,-0.043,0.064,0.114,1475,1472,1535,1500,10.00,10.06,19.42,19.38
1787304099.765,30.499,True,1,3.100,2.769,-0.155,-0.392,9.419,9.418,0.301,2.110,-0.053,2.088,-0.025,0.259,0.043,-0.055,-0.96,0.45,149.72,-1.37,1.07,-0.044,0.063,0.114,1475,1472,1535,1500,10.00,10.06,29.43,29.38
1787304099.775,30.509,True,1,3.100,2.769,-0.155,-0.395,9.416,9.415,0.300,2.110,-0.053,2.089,-0.026,0.259,0.043,-0.055,-0.96,0.45,149.72,-1.38,1.06,-0.045,0.063,0.114,1475,1473,1535,1500,10.00,10.06,39.42,39.37
1787304099.785,30.519,True,1,3.100,2.769,-0.155,-0.399,9.412,9.412,0.300,2.110,-0.053,2.089,-0.027,0.259,0.043,-0.055,-0.96,0.45,149.72,-1.38,1.06,-0.045,0.062,0.114,1474,1473,1535,1500,10.00,10.06,49.42,49.38
1787304099.795,30.529,True,1,3.100,2.769,-0.155,-0.402,9.409,9.408,0.300,2.110,-0.053,2.090,-0.028,0.259,0.043,-0.055,-0.96,0.45,149.72,-1.39,1.05,-0.046,0.061,0.114,1474,1473,1535,1499,10.00,10.06,59.42,59.37
1787304099.805,30.539,True,1,3.100,2.769,-0.155,-0.405,9.406,9.405,0.300,2.110,-0.053,2.091,-0.029,0.259,0.043,-0.055,-0.96,0.45,149.72,-1.40,1.05,-0.046,0.061,0.114,1474,1473,1535,1499,10.00,10.06,69.42,69.37
1787304099.815,30.549,True,1,3.100,2.769,-0.155,-0.409,9.403,9.402,0.300,2.110,-0.053,2.091,-0.030,0.259,0.043,-0.055,-0.96,0.45,149.72,-1.40,1.04,-0.047,0.060,0.114,1474,1473,1535,1499,10.00,10.06,79.42,79.37
1787304099.826,30.560,True,1,3.105,2.769,-0.189,-0.330,9.480,9.480,0.303,2.116,-0.059,2.092,-0.031,0.258,0.048,-0.021,-1.29,0.65,151.69,-1.01,1.21,0.029,0.057,0.028,1523,1473,1523,1502,10.00,10.06,-0.58,-0.63
1787304099.835,30.569,True,1,3.105,2.769,-0.189,-0.333,9.477,9.476,0.302,2.116,-0.059,2.093,-0.032,0.258,0.048,-0.021,-1.29,0.65,151.69,-1.02,1.20,0.028,0.057,0.028,1523,1473,1523,1502,10.00,10.06,9.42,9.37
1787304099.845,30.579,True,1,3.105,2.769,-0.189,-0.337,9.474,9.473,0.302,2.116,-0.059,2.094,-0.032,0.258,0.048,-0.021,-1.29,0.65,151.69,-1.02,1.19,0.027,0.056,0.028,1523,1473,1523,1502,10.00,10.06,19.42,19.37
1787304099.855,30.589,True,1,3.105,2.769,-0.189,-0.340,9.470,9.470,0.302,2.116,-0.059,2.095,-0.033,0.258,0.048,-0.021,-1.29,0.65,151.69,-1.03,1.19,0.027,0.055,0.028,1522,1473,1523,1502,10.00,10.06,29.42,29.37
1787304099.865,30.599,True,1,3.105,2.769,-0.189,-0.343,9.467,9.466,0.302,2.116,-0.059,2.095,-0.034,0.258,0.048,-0.021,-1.29,0.65,151.69,-1.03,1.18,0.026,0.055,0.028,1522,1473,1523,1502,10.00,10.06,39.42,39.37
1787304099.875,30.609,True,1,3.105,2.769,-0.189,-0.347,9.464,9.463,0.302,2.116,-0.059,2.096,-0.035,0.258,0.048,-0.021,-1.29,0.65,151.69,-1.04,1.18,0.025,0.054,0.028,1522,1473,1523,1501,10.00,10.06,49.42,49.37
1787304099.885,30.619,True,1,3.105,2.769,-0.189,-0.350,9.460,9.460,0.302,2.116,-0.059,2.097,-0.036,0.258,0.048,-0.021,-1.29,0.65,151.69,-1.05,1.17,0.025,0.054,0.028,1522,1474,1523,1501,10.00,10.06,59.42,59.37
1787304099.896,30.630,True,1,3.108,2.769,-0.211,-0.300,9.510,9.507,0.303,2.120,-0.063,2.097,-0.037,0.258,0.049,-0.007,-2.11,0.54,153.78,-0.86,1.25,0.131,0.078,-0.061,1534,1471,1471,1503,10.00,10.06,-0.46,-0.41
1787304099.905,30.639,True,1,3.108,2.769,-0.226,-0.259,9.551,9.547,0.305,2.122,-0.064,2.098,-0.038,0.257,0.049,0.000,-2.26,0.49,154.05,-0.79,1.28,0.155,0.085,-0.073,1537,1470,1469,1505,10.00,10.06,-0.11,-0.16
1787304099.915,30.649,True,1,3.108,2.769,-0.226,-0.263,9.547,9.543,0.305,2.122,-0.064,2.099,-0.038,0.257,0.049,0.000,-2.26,0.49,154.05,-0.79,1.27,0.154,0.085,-0.073,1537,1470,1469,1504,10.00,10.06,9.90,9.85
1787304099.925,30.659,True,1,3.108,2.769,-0.226,-0.266,9.544,9.540,0.304,2.122,-0.064,2.100,-0.039,0.257,0.049,0.000,-2.26,0.49,154.05,-0.80,1.27,0.154,0.084,-0.073,1536,1470,1469,1504,10.00,10.06,19.89,19.84
1787304099.935,30.669,True,1,3.108,2.769,-0.226,-0.269,9.541,9.537,0.304,2.122,-0.064,2.100,-0.040,0.257,0.049,0.000,-2.26,0.49,154.05,-0.81,1.26,0.153,0.084,-0.073,1536,1470,1469,1504,10.00,10.06,29.89,29.84
1787304099.945,30.679,True,1,3.108,2.769,-0.226,-0.273,9.537,9.533,0.304,2.122,-0.064,2.101,-0.041,0.257,0.049,0.000,-2.26,0.49,154.05,-0.81,1.26,0.153,0.083,-0.073,1536,1470,1469,1504,10.00,10.06,39.89,39.84
1787304099.955,30.689,True,1,3.108,2.769,-0.226,-0.276,9.534,9.530,0.304,2.122,-0.064,2.102,-0.042,0.257,0.049,0.000,-2.26,0.49,154.05,-0.82,1.25,0.152,0.083,-0.073,1536,1470,1469,1504,10.00,10.06,49.89,49.85
1787304099.965,30.699,True,1,3.108,2.769,-0.226,-0.280,9.530,9.527,0.304,2.122,-0.064,2.103,-0.042,0.257,0.049,0.000,-2.26,0.49,154.05,-0.82,1.25,0.151,0.082,-0.073,1536,1470,1469,1504,10.00,10.06,59.89,59.85
1787304099.975,30.709,True,1,3.108,2.769,-0.226,-0.283,9.527,9.523,0.304,2.122,-0.064,2.103,-0.043,0.257,0.049,0.000,-2.26,0.49,154.05,-0.83,1.24,0.151,0.082,-0.073,1536,1470,1469,1504,10.00,10.06,69.89,69.84
1787304099.985,30.719,True,1,3.108,2.769,-0.226,-0.286,9.524,9.520,0.304,2.122,-0.064,2.104,-0.044,0.257,0.049,0.000,-2.26,0.49,154.05,-0.83,1.24,0.150,0.081,-0.073,1536,1470,1469,1504,10.00,10.06,79.89,79.84
1787304099.996,30.730,True,1,3.109,2.769,-0.306,-0.053,9.757,9.746,0.311,2.128,-0.066,2.105,-0.045,0.254,0.045,0.011,-3.32,0.47,156.64,-0.68,1.32,0.278,0.100,-0.183,1550,1468,1454,1512,10.00,10.06,-0.58,-0.63
1787304100.005,30.739,True,1,3.109,2.769,-0.306,-0.056,9.754,9.742,0.311,2.128,-0.066,2.105,-0.045,0.254,0.045,0.011,-3.32,0.47,156.64,-0.68,1.32,0.277,0.100,-0.183,1550,1468,1454,1512,10.00,10.07,9.42,9.37
1787304100.015,30.749,True,1,3.109,2.769,-0.306,-0.060,9.750,9.739,0.311,2.128,-0.066,2.106,-0.046,0.254,0.045,0.011,-3.32,0.47,156.64,-0.69,1.31,0.277,0.099,-0.183,1550,1468,1454,1512,9.99,10.06,19.42,19.37
1787304100.025,30.759,True,1,3.109,2.769,-0.306,-0.063,9.747,9.735,0.311,2.128,-0.066,2.107,-0.047,0.254,0.045,0.011,-3.32,0.47,156.64,-0.69,1.31,0.276,0.099,-0.183,1550,1469,1454,1511,10.00,10.06,29.42,29.37
1787304100.035,30.769,True,1,3.109,2.769,-0.306,-0.067,9.743,9.732,0.311,2.128,-0.066,2.108,-0.047,0.254,0.045,0.011,-3.32,0.47,156.64,-0.70,1.30,0.276,0.098,-0.183,1550,1469,1454,1511,10.00,10.06,39.42,39.37
1787304100.045,30.779,True,1,3.109,2.769,-0.306,-0.070,9.740,9.729,0.311,2.128,-0.066,2.108,-0.048,0.254,0.045,0.011,-3.32,0.47,156.64,-0.70,1.30,0.275,0.098,-0.183,1550,1469,1454,1511,10.00,10.06,49.42,49.37
1787304100.056,30.790,True,1,3.111,2.769,-0.321,-0.037,9.773,9.759,0.311,2.133,-0.065,2.109,-0.048,0.250,0.058,0.041,-3.23,0.41,158.31,-0.33,1.30,0.306,0.109,-0.256,1553,1467,1444,1512,10.00,10.06,-0.37,-0.42
1787304100.065,30.799,True,1,3.111,2.769,-0.321,-0.040,9.769,9.757,0.311,2.133,-0.065,2.110,-0.049,0.250,0.058,0.041,-3.11,0.44,158.71,-0.32,1.30,0.294,0.105,-0.274,1552,1468,1441,1512,10.00,10.06,-0.07,9.58
1787304100.075,30.809,True,1,3.111,2.769,-0.310,-0.078,9.732,9.720,0.310,2.134,-0.065,2.111,-0.050,0.249,0.057,0.041,-2.99,0.51,158.96,-0.32,1.31,0.283,0.099,-0.285,1550,1469,1440,1511,10.00,10.06,-0.10,-0.05
1787304100.085,30.819,True,1,3.111,2.769,-0.310,-0.081,9.728,9.717,0.310,2.134,-0.065,2.111,-0.050,0.249,0.057,0.041,-2.99,0.51,158.96,-0.32,1.30,0.282,0.098,-0.285,1550,1469,1440,1511,10.00,10.06,9.90,9.95
1787304100.095,30.829,True,1,3.111,2.769,-0.310,-0.084,9.725,9.713,0.310,2.134,-0.065,2.112,-0.051,0.249,0.057,0.041,-2.99,0.51,158.96,-0.33,1.30,0.282,0.098,-0.285,1550,1469,1440,1511,10.00,10.06,19.90,19.95
1787304100.105,30.839,True,1,3.111,2.769,-0.310,-0.088,9.721,9.710,0.310,2.134,-0.065,2.113,-0.051,0.249,0.057,0.041,-2.99,0.51,158.96,-0.33,1.29,0.281,0.097,-0.285,1550,1469,1440,1510,10.00,10.06,29.90,29.95
1787304100.115,30.849,True,1,3.111,2.769,-0.310,-0.091,9.718,9.707,0.310,2.134,-0.065,2.114,-0.051,0.249,0.057,0.041,-2.99,0.51,158.96,-0.34,1.29,0.281,0.097,-0.285,1550,1469,1440,1510,10.00,10.06,39.90,39.95
1787304100.125,30.859,True,1,3.111,2.769,-0.310,-0.095,9.715,9.703,0.310,2.134,-0.065,2.114,-0.052,0.249,0.057,0.041,-2.99,0.51,158.96,-0.34,1.29,0.280,0.097,-0.285,1550,1469,1440,1510,10.00,10.06,49.90,49.95
1787304100.135,30.869,True,1,3.111,2.769,-0.310,-0.098,9.711,9.700,0.310,2.134,-0.065,2.115,-0.052,0.249,0.057,0.041,-2.99,0.51,158.96,-0.34,1.28,0.280,0.096,-0.285,1550,1469,1440,1510,10.00,10.06,59.90,59.95
1787304100.145,30.879,True,1,3.111,2.769,-0.310,-0.102,9.708,9.696,0.309,2.134,-0.065,2.116,-0.053,0.249,0.057,0.041,-2.99,0.51,158.96,-0.35,1.28,0.280,0.096,-0.286,1550,1469,1440,1510,10.00,10.06,69.90,69.95
1787304100.156,30.890,True,1,3.116,2.769,-0.318,-0.098,9.711,9.705,0.310,2.141,-0.062,2.116,-0.053,0.241,0.061,0.079,-1.90,0.82,160.71,0.09,1.39,0.213,0.071,-0.364,1543,1472,1429,1510,10.00,10.06,-0.50,-0.57
1787304100.165,30.899,True,1,3.116,2.769,-0.318,-0.102,9.708,9.701,0.310,2.141,-0.062,2.117,-0.053,0.241,0.061,0.079,-1.90,0.82,160.71,0.08,1.38,0.213,0.071,-0.364,1543,1472,1429,1510,10.00,10.06,9.50,9.44
1787304100.175,30.909,True,1,3.116,2.769,-0.318,-0.105,9.704,9.698,0.310,2.141,-0.062,2.118,-0.054,0.241,0.061,0.079,-1.90,0.82,160.71,0.08,1.38,0.213,0.070,-0.364,1543,1472,1429,1510,10.00,10.06,19.49,19.43
1787304100.185,30.919,True,1,3.116,2.769,-0.318,-0.109,9.701,9.695,0.309,2.141,-0.062,2.119,-0.054,0.241,0.061,0.079,-1.90,0.82,160.71,0.08,1.38,0.212,0.070,-0.364,1543,1472,1429,1510,10.01,10.07,29.50,29.44
1787304100.195,30.929,True,1,3.116,2.769,-0.318,-0.112,9.697,9.691,0.309,2.141,-0.062,2.120,-0.054,0.241,0.061,0.079,-1.90,0.82,160.71,0.08,1.37,0.212,0.070,-0.364,1543,1472,1429,1510,10.00,10.07,39.50,39.44
1787304100.205,30.939,True,1,3.116,2.769,-0.318,-0.116,9.694,9.688,0.309,2.141,-0.062,2.120,-0.054,0.241,0.061,0.079,-1.90,0.82,160.71,0.07,1.37,0.212,0.069,-0.364,1543,1472,1429,1510,10.00,10.06,49.50,49.43
1787304100.215,30.949,True,1,3.116,2.769,-0.318,-0.119,9.690,9.684,0.309,2.141,-0.062,2.121,-0.055,0.241,0.061,0.079,-1.90,0.82,160.71,0.07,1.36,0.212,0.069,-0.364,1543,1472,1429,1510,10.00,10.06,59.50,59.43
1787304100.225,30.959,True,1,3.116,2.769,-0.318,-0.123,9.687,9.681,0.309,2.141,-0.062,2.122,-0.055,0.241,0.061,0.079,-1.90,0.82,160.71,0.07,1.36,0.211,0.069,-0.364,1543,1472,1429,1509,10.00,10.06,69.49,69.43
1787304100.236,30.970,True,1,3.123,2.769,-0.323,-0.141,9.668,9.668,0.309,2.149,-0.057,2.123,-0.055,0.233,0.055,0.067,-0.14,1.31,162.11,-0.05,1.38,0.019,0.008,-0.427,1522,1479,1420,1509,10.00,10.06,-0.59,-0.64
1787304100.245,30.979,True,1,3.123,2.769,-0.323,-0.145,9.665,9.665,0.308,2.149,-0.057,2.123,-0.055,0.233,0.055,0.067,-0.14,1.31,162.11,-0.05,1.37,0.019,0.007,-0.427,1522,1479,1420,1509,10.00,10.07,9.41,9.36
1787304100.255,30.989,True,1,3.123,2.769,-0.323,-0.148,9.661,9.661,0.308,2.149,-0.057,2.124,-0.055,0.233,0.055,0.067,-0.14,1.31,162.11,-0.05,1.37,0.019,0.007,-0.427,1522,1479,1420,1509,9.99,10.06,19.40,19.36
1787304100.265,30.999,True,1,3.123,2.769,-0.323,-0.152,9.657,9.657,0.308,2.149,-0.057,2.125,-0.055,0.233,0.055,0.067,-0.14,1.31,162.11,-0.05,1.37,0.019,0.007,-0.427,1522,1479,1420,1509,10.00,10.06,29.41,29.36
1787304100.275,31.009,True,1,3.123,2.769,-0.323,-0.155,9.654,9.654,0.308,2.149,-0.057,2.126,-0.055,0.233,0.055,0.067,-0.14,1.31,162.11,-0.05,1.36,0.019,0.006,-0.427,1522,1479,1420,1508,10.00,10.06,39.41,39.36
1787304100.285,31.019,True,1,3.123,2.769,-0.323,-0.159,9.650,9.650,0.308,2.149,-0.057,2.127,-0.055,0.233,0.055,0.067,-0.14,1.31,162.11,-0.05,1.36,0.019,0.006,-0.427,1522,1479,1420,1508,10.00,10.06,49.41,49.36
1787304100.295,31.029,True,1,3.123,2.769,-0.323,-0.163,9.647,9.647,0.308,2.149,-0.057,2.127,-0.055,0.233,0.055,0.067,-0.14,1.31,162.11,-0.05,1.36,0.018,0.006,-0.427,1522,1479,1420,1508,10.00,10.06,59.41,59.36
1787304100.305,31.039,True,1,3.123,2.769,-0.323,-0.166,9.643,9.643,0.308,2.149,-0.057,2.128,-0.055,0.233,0.055,0.067,-0.14,1.31,162.11,-0.06,1.35,0.018,0.005,-0.427,1522,1479,1420,1508,10.00,10.06,69.41,69.36
1787304100.315,31.049,True,1,3.123,2.769,-0.323,-0.170,9.640,9.640,0.308,2.149,-0.057,2.129,-0.055,0.233,0.055,0.067,-0.14,1.31,162.11,-0.06,1.35,0.018,0.005,-0.427,1522,1479,1420,1508,10.00,10.06,79.41,79.36
1787304100.326,31.060,True,1,3.134,2.769,-0.274,-0.363,9.447,9.444,0.301,2.156,-0.052,2.130,-0.055,0.224,0.056,0.066,1.33,1.81,162.96,-0.04,1.36,-0.129,-0.058,-0.463,1465,1526,1415,1501,10.00,10.06,-0.58,-0.63
1787304100.335,31.069,True,1,3.134,2.769,-0.274,-0.366,9.443,9.440,0.301,2.156,-0.052,2.131,-0.055,0.224,0.056,0.066,1.33,1.81,162.96,-0.04,1.36,-0.129,-0.059,-0.463,1465,1526,1415,1501,10.00,10.06,9.42,9.37
1787304100.345,31.079,True,1,3.134,2.769,-0.274,-0.370,9.439,9.436,0.301,2.156,-0.052,2.131,-0.055,0.224,0.056,0.066,1.33,1.81,162.96,-0.05,1.35,-0.129,-0.059,-0.463,1465,1526,1415,1500,10.00,10.06,19.42,19.37
1787304100.355,31.089,True,1,3.134,2.769,-0.274,-0.374,9.436,9.433,0.301,2.156,-0.052,2.132,-0.055,0.224,0.056,0.066,1.33,1.81,162.96,-0.05,1.35,-0.129,-0.059,-0.463,1465,1526,1415,1500,10.00,10.06,29.42,29.37
1787304100.365,31.099,True,1,3.134,2.769,-0.274,-0.377,9.432,9.429,0.301,2.156,-0.052,2.133,-0.055,0.224,0.056,0.066,1.33,1.81,162.96,-0.05,1.35,-0.129,-0.060,-0.463,1465,1526,1415,1500,10.00,10.06,39.42,39.37
1787304100.375,31.109,True,1,3.134,2.769,-0.274,-0.381,9.428,9.425,0.301,2.156,-0.052,2.134,-0.055,0.224,0.056,0.066,1.33,1.81,162.96,-0.05,1.34,-0.129,-0.060,-0.463,1465,1526,1415,1500,10.00,10.06,49.42,49.37
1787304100.385,31.119,True,1,3.134,2.769,-0.274,-0.385,9.425,9.422,0.301,2.156,-0.052,2.135,-0.055,0.224,0.056,0.066,1.33,1.81,162.96,-0.05,1.34,-0.129,-0.060,-0.463,1465,1526,1415,1500,10.00,10.06,59.42,59.37
1787304100.395,31.129,True,1,3.134,2.769,-0.274,-0.388,9.421,9.418,0.301,2.156,-0.052,2.135,-0.055,0.224,0.056,0.066,1.33,1.81,162.96,-0.05,1.34,-0.129,-0.061,-0.463,1465,1526,1415,1500,10.00,10.06,69.42,69.37
1787304100.406,31.140,True,1,3.142,2.769,-0.257,-0.475,9.334,9.322,0.298,2.162,-0.050,2.136,-0.055,0.219,0.060,0.044,2.45,2.15,163.28,-0.25,1.23,-0.265,-0.117,-0.474,1450,1532,1414,1496,10.00,10.06,-0.58,-0.52
1787304100.415,31.149,True,1,3.142,2.769,-0.257,-0.479,9.330,9.318,0.297,2.162,-0.050,2.137,-0.054,0.219,0.060,0.044,2.45,2.15,163.28,-0.25,1.22,-0.265,-0.118,-0.474,1450,1533,1414,1496,10.00,10.06,9.42,9.48
1787304100.425,31.159,True,1,3.142,2.769,-0.257,-0.483,9.326,9.315,0.297,2.162,-0.050,2.138,-0.054,0.219,0.060,0.044,2.45,2.15,163.28,-0.25,1.22,-0.265,-0.118,-0.474,1450,1533,1414,1496,10.00,10.06,19.42,19.48
1787304100.435,31.169,True,1,3.142,2.769,-0.257,-0.486,9.322,9.311,0.297,2.162,-0.050,2.139,-0.054,0.219,0.060,0.044,2.45,2.15,163.28,-0.25,1.22,-0.265,-0.118,-0.474,1450,1533,1414,1496,10.00,10.06,29.42,29.48
1787304100.445,31.179,True,1,3.142,2.769,-0.257,-0.490,9.319,9.307,0.297,2.162,-0.050,2.139,-0.054,0.219,0.060,0.044,2.45,2.15,163.28,-0.25,1.21,-0.265,-0.119,-0.474,1450,1533,1414,1496,10.00,10.06,39.42,39.48
1787304100.455,31.189,True,1,3.142,2.769,-0.257,-0.494,9.315,9.303,0.297,2.162,-0.050,2.140,-0.054,0.219,0.060,0.044,2.45,2.15,163.28,-0.25,1.21,-0.265,-0.119,-0.474,1450,1533,1414,1495,10.00,10.06,49.42,49.48
1787304100.465,31.199,True,1,3.142,2.769,-0.257,-0.498,9.311,9.300,0.297,2.162,-0.050,2.141,-0.054,0.219,0.060,0.044,2.45,2.15,163.28,-0.25,1.21,-0.265,-0.119,-0.474,1450,1533,1414,1495,10.00,10.06,59.42,59.48
1787304100.475,31.209,True,1,3.142,2.769,-0.257,-0.501,9.308,9.296,0.297,2.162,-0.050,2.142,-0.054,0.219,0.060,0.044,2.45,2.15,163.28,-0.25,1.20,-0.266,-0.120,-0.474,1450,1533,1414,1495,10.00,10.06,69.42,69.48
1787304100.486,31.220,True,1,3.157,2.769,-0.207,-0.715,9.094,9.082,0.290,2.168,-0.050,2.143,-0.054,0.214,0.054,0.023,2.08,2.75,162.77,-0.52,1.23,-0.250,-0.176,-0.450,1452,1539,1417,1487,10.00,10.06,-0.51,-0.57
1787304100.495,31.229,True,1,3.157,2.769,-0.207,-0.719,9.090,9.078,0.290,2.168,-0.050,2.143,-0.053,0.214,0.054,0.023,2.08,2.75,162.77,-0.52,1.22,-0.250,-0.177,-0.450,1452,1539,1417,1487,10.00,10.06,9.50,9.44
1787304100.505,31.239,True,1,3.157,2.769,-0.207,-0.723,9.086,9.074,0.290,2.168,-0.050,2.144,-0.053,0.214,0.054,0.023,2.08,2.75,162.77,-0.52,1.22,-0.250,-0.177,-0.450,1452,1539,1417,1487,9.99,10.06,19.49,19.43
1787304100.515,31.249,True,1,3.157,2.769,-0.207,-0.727,9.082,9.070,0.289,2.168,-0.050,2.145,-0.053,0.214,0.054,0.023,2.08,2.75,162.77,-0.52,1.21,-0.250,-0.178,-0.450,1452,1539,1417,1487,10.00,10.06,29.50,29.43
1787304100.526,31.259,True,1,3.167,2.769,-0.240,-0.673,9.137,9.123,0.291,2.172,-0.051,2.146,-0.053,0.212,0.057,-0.017,1.64,2.81,162.24,-0.95,1.02,-0.250,-0.200,-0.427,1452,1542,1420,1489,10.00,10.06,-0.27,-0.32
1787304100.535,31.269,True,1,3.167,2.769,-0.240,-0.677,9.133,9.119,0.291,2.172,-0.051,2.147,-0.053,0.212,0.057,-0.017,1.64,2.81,162.24,-0.95,1.02,-0.250,-0.200,-0.427,1452,1542,1420,1489,10.00,10.06,9.73,9.68
1787304100.545,31.279,True,1,3.167,2.769,-0.240,-0.681,9.129,9.115,0.291,2.172,-0.051,2.148,-0.053,0.212,0.057,-0.017,1.64,2.81,162.24,-0.95,1.01,-0.250,-0.201,-0.427,1452,1542,1420,1488,10.01,10.08,19.75,19.70
1787304100.555,31.289,True,1,3.167,2.769,-0.240,-0.685,9.125,9.111,0.291,2.172,-0.051,2.148,-0.053,0.212,0.057,-0.017,1.64,2.81,162.24,-0.95,1.01,-0.250,-0.201,-0.427,1452,1542,1420,1488,9.99,10.06,29.73,29.69
1787304100.566,31.300,True,1,3.173,2.769,-0.247,-0.689,9.119,9.112,0.291,2.176,-0.052,2.149,-0.053,0.210,0.074,0.010,0.69,2.74,161.53,-0.61,0.91,-0.117,-0.197,-0.399,1467,1541,1424,1488,10.00,10.06,-0.31,-0.36
1787304100.575,31.309,True,1,3.173,2.769,-0.247,-0.693,9.115,9.108,0.291,2.176,-0.052,2.150,-0.053,0.210,0.074,0.010,0.69,2.74,161.53,-0.61,0.90,-0.117,-0.197,-0.399,1467,1541,1424,1488,10.00,10.06,9.69,9.64
1787304100.585,31.319,True,1,3.173,2.769,-0.247,-0.697,9.111,9.104,0.291,2.176,-0.052,2.151,-0.053,0.210,0.074,0.010,0.69,2.74,161.53,-0.61,0.90,-0.117,-0.198,-0.399,1467,1541,1424,1488,10.01,10.07,19.70,19.65
1787304100.595,31.329,True,1,3.173,2.769,-0.247,-0.701,9.107,9.100,0.290,2.176,-0.052,2.152,-0.053,0.210,0.074,0.010,0.69,2.74,161.53,-0.61,0.90,-0.117,-0.198,-0.399,1467,1541,1424,1488,9.99,10.06,29.69,29.64
1787304100.605,31.339,True,1,3.173,2.769,-0.247,-0.705,9.103,9.096,0.290,2.176,-0.052,2.153,-0.053,0.210,0.074,0.010,0.69,2.74,161.53,-0.61,0.89,-0.117,-0.198,-0.399,1467,1541,1424,1488,10.00,10.06,39.69,39.64
1787304100.615,31.349,True,1,3.173,2.769,-0.247,-0.709,9.099,9.092,0.290,2.176,-0.052,2.153,-0.053,0.210,0.074,0.010,0.69,2.74,161.53,-0.62,0.89,-0.117,-0.199,-0.399,1466,1541,1424,1488,10.00,10.06,49.69,49.64
1787304100.625,31.359,True,1,3.173,2.769,-0.247,-0.713,9.095,9.088,0.290,2.176,-0.052,2.154,-0.053,0.210,0.074,0.010,0.69,2.74,161.53,-0.62,0.88,-0.117,-0.199,-0.399,1466,1541,1424,1487,10.00,10.06,59.69,59.64
1787304100.635,31.369,True,1,3.173,2.769,-0.247,-0.717,9.091,9.084,0.290,2.176,-0.052,2.155,-0.053,0.210,0.074,0.010,0.69,2.74,161.53,-0.62,0.88,-0.117,-0.200,-0.399,1466,1541,1424,1487,10.00,10.06,69.68,69.64
1787304100.646,31.380,True,1,3.184,2.769,-0.236,-0.800,9.009,9.007,0.287,2.183,-0.055,2.156,-0.053,0.208,0.060,0.002,-1.54,1.97,160.05,-0.79,0.99,0.090,-0.094,-0.340,1530,1530,1432,1484,10.00,10.06,-0.60,-0.65
1787304100.655,31.389,True,1,3.184,2.769,-0.236,-0.804,9.004,9.002,0.287,2.183,-0.055,2.157,-0.053,0.208,0.060,0.002,-1.54,1.97,160.05,-0.79,0.98,0.090,-0.094,-0.340,1529,1530,1432,1484,10.00,10.06,9.40,9.35
1787304100.665,31.399,True,1,3.184,2.769,-0.236,-0.809,9.000,8.998,0.287,2.183,-0.055,2.158,-0.053,0.208,0.060,0.002,-1.54,1.97,160.05,-0.79,0.98,0.090,-0.095,-0.340,1529,1530,1432,1484,10.00,10.06,19.40,19.35
1787304100.676,31.409,True,1,3.192,2.769,-0.241,-0.829,8.979,8.977,0.287,2.186,-0.057,2.159,-0.053,0.207,0.067,0.008,-2.12,1.19,159.36,-0.72,0.92,0.153,-0.017,-0.308,1536,1521,1437,1483,10.00,10.06,-0.18,-0.23
1787304100.685,31.419,True,1,3.194,2.769,-0.254,-0.803,9.006,9.001,0.287,2.188,-0.057,2.160,-0.053,0.206,0.067,0.027,-2.36,0.93,159.17,-0.51,0.98,0.199,0.017,-0.299,1541,1478,1438,1484,10.01,10.06,-0.07,-0.13
1787304100.695,31.429,True,1,3.194,2.769,-0.254,-0.807,9.001,8.997,0.287,2.188,-0.057,2.161,-0.053,0.206,0.067,0.027,-2.36,0.93,159.17,-0.51,0.97,0.199,0.017,-0.299,1541,1478,1438,1484,10.00,10.06,9.93,9.87
1787304100.705,31.439,True,1,3.194,2.769,-0.254,-0.811,8.997,8.992,0.287,2.188,-0.057,2.161,-0.054,0.206,0.067,0.027,-2.36,0.93,159.17,-0.51,0.97,0.199,0.016,-0.299,1541,1478,1438,1484,10.00,10.06,19.93,19.87
1787304100.715,31.449,True,1,3.194,2.769,-0.254,-0.815,8.993,8.988,0.287,2.188,-0.057,2.162,-0.054,0.206,0.067,0.027,-2.36,0.93,159.17,-0.51,0.96,0.199,0.016,-0.299,1541,1478,1438,1484,10.00,10.06,29.93,29.87
1787304100.726,31.459,True,1,3.198,2.769,-0.244,-0.865,8.944,8.930,0.285,2.190,-0.057,2.163,-0.054,0.205,0.059,0.029,-3.44,-0.22,158.14,-0.54,1.05,0.303,0.147,-0.246,1553,1463,1445,1481,10.00,10.06,-0.27,-0.22
1787304100.735,31.469,True,1,3.198,2.769,-0.244,-0.869,8.940,8.926,0.285,2.190,-0.057,2.164,-0.054,0.205,0.059,0.029,-3.44,-0.22,158.14,-0.55,1.04,0.302,0.147,-0.246,1553,1463,1445,1481,10.00,10.06,9.74,9.78
1787304100.745,31.479,True,1,3.198,2.769,-0.244,-0.873,8.935,8.922,0.285,2.190,-0.057,2.165,-0.054,0.205,0.059,0.029,-3.44,-0.22,158.14,-0.55,1.04,0.302,0.146,-0.246,1553,1463,1445,1481,10.00,10.06,19.73,19.78
1787304100.755,31.489,True,1,3.198,2.769,-0.244,-0.878,8.931,8.917,0.285,2.190,-0.057,2.166,-0.054,0.205,0.059,0.029,-3.44,-0.22,158.14,-0.55,1.03,0.302,0.146,-0.246,1553,1463,1445,1481,10.00,10.06,29.73,29.78
1787304100.765,31.499,True,1,3.198,2.769,-0.244,-0.882,8.927,8.913,0.284,2.190,-0.057,2.167,-0.054,0.205,0.059,0.029,-3.44,-0.22,158.14,-0.55,1.03,0.302,0.145,-0.246,1553,1463,1445,1481,10.00,10.06,39.73,39.78
1787304100.775,31.509,True,1,3.198,2.769,-0.244,-0.886,8.922,8.909,0.284,2.190,-0.057,2.167,-0.054,0.205,0.059,0.029,-3.44,-0.22,158.14,-0.55,1.02,0.302,0.145,-0.246,1553,1463,1445,1481,10.00,10.06,49.73,49.78
1787304100.785,31.519,True,1,3.198,2.769,-0.244,-0.890,8.918,8.905,0.284,2.190,-0.057,2.168,-0.054,0.205,0.059,0.029,-3.44,-0.22,158.14,-0.55,1.02,0.302,0.144,-0.246,1553,1464,1445,1480,10.00,10.06,59.73,59.78
1787304100.795,31.529,True,1,3.198,2.769,-0.244,-0.895,8.914,8.900,0.284,2.190,-0.057,2.169,-0.055,0.205,0.059,0.029,-3.44,-0.22,158.14,-0.55,1.01,0.302,0.144,-0.246,1552,1464,1445,1480,10.00,10.06,69.74,69.78
1787304100.806,31.540,True,1,3.203,2.769,-0.285,-0.796,9.012,8.978,0.287,2.198,-0.057,2.170,-0.055,0.200,0.072,0.077,-4.60,-0.83,156.33,-0.02,1.07,0.477,0.212,-0.159,1571,1456,1457,1483,10.00,10.06,-0.65,-0.60
1787304100.815,31.549,True,1,3.203,2.769,-0.285,-0.800,9.008,8.974,0.286,2.198,-0.057,2.171,-0.055,0.200,0.072,0.077,-4.60,-0.83,156.33,-0.02,1.06,0.477,0.212,-0.159,1571,1456,1457,1483,10.00,10.06,9.35,9.40
1787304100.825,31.559,True,1,3.203,2.769,-0.285,-0.805,9.003,8.970,0.286,2.198,-0.057,2.172,-0.055,0.200,0.072,0.077,-4.60,-0.83,156.33,-0.02,1.05,0.477,0.211,-0.159,1571,1456,1457,1483,10.00,10.06,19.35,19.40
1787304100.835,31.569,True,1,3.203,2.769,-0.285,-0.809,8.999,8.965,0.286,2.198,-0.057,2.173,-0.055,0.200,0.072,0.077,-4.60,-0.83,156.33,-0.02,1.05,0.477,0.211,-0.159,1571,1456,1457,1483,10.00,10.06,29.35,29.40
1787304100.845,31.579,True,1,3.203,2.769,-0.285,-0.814,8.995,8.961,0.286,2.198,-0.057,2.173,-0.055,0.200,0.072,0.077,-4.60,-0.83,156.33,-0.02,1.04,0.477,0.210,-0.159,1571,1456,1457,1483,10.00,10.06,39.35,39.40
1787304100.855,31.589,True,1,3.203,2.769,-0.285,-0.818,8.990,8.957,0.286,2.198,-0.057,2.174,-0.055,0.200,0.072,0.077,-4.60,-0.83,156.33,-0.02,1.04,0.477,0.210,-0.159,1571,1456,1457,1482,10.00,10.06,49.35,49.40
1787304100.865,31.599,True,1,3.203,2.769,-0.285,-0.822,8.986,8.952,0.286,2.198,-0.057,2.175,-0.055,0.200,0.072,0.077,-4.60,-0.83,156.33,-0.02,1.04,0.477,0.209,-0.159,1571,1456,1457,1482,10.00,10.06,59.35,59.40
1787304100.876,31.610,True,1,3.200,2.769,-0.344,-0.637,9.172,9.133,0.291,2.206,-0.052,2.176,-0.055,0.192,0.066,0.116,-4.69,-0.39,155.09,0.33,1.26,0.524,0.182,-0.107,1576,1459,1465,1489,10.00,10.06,-0.42,-0.47
1787304100.885,31.619,True,1,3.200,2.769,-0.371,-0.563,9.246,9.210,0.294,2.207,-0.051,2.177,-0.055,0.190,0.066,0.122,-4.46,-0.15,154.65,0.38,1.28,0.506,0.156,-0.090,1574,1462,1467,1492,10.00,10.06,-0.06,-0.11
1787304100.895,31.629,True,1,3.200,2.769,-0.371,-0.567,9.242,9.206,0.294,2.207,-0.051,2.178,-0.055,0.190,0.066,0.122,-4.46,-0.15,154.65,0.38,1.27,0.506,0.156,-0.090,1574,1462,1467,1492,10.00,10.06,9.94,9.89
1787304100.905,31.639,True,1,3.200,2.769,-0.371,-0.572,9.237,9.202,0.294,2.207,-0.051,2.179,-0.055,0.190,0.066,0.122,-4.46,-0.15,154.65,0.38,1.27,0.507,0.155,-0.090,1574,1462,1467,1492,10.00,10.06,19.94,19.89
1787304100.915,31.649,True,1,3.200,2.769,-0.371,-0.576,9.233,9.197,0.294,2.207,-0.051,2.180,-0.054,0.190,0.066,0.122,-4.46,-0.15,154.65,0.38,1.26,0.507,0.155,-0.090,1574,1462,1467,1492,10.00,10.06,29.94,29.89
1787304100.925,31.659,True,1,3.200,2.769,-0.371,-0.580,9.229,9.193,0.293,2.207,-0.051,2.181,-0.054,0.190,0.066,0.122,-4.46,-0.15,154.65,0.38,1.26,0.507,0.154,-0.090,1574,1462,1467,1491,10.00,10.06,39.94,39.89
1787304100.935,31.669,True,1,3.200,2.769,-0.371,-0.585,9.224,9.189,0.293,2.207,-0.051,2.182,-0.054,0.190,0.066,0.122,-4.46,-0.15,154.65,0.38,1.25,0.507,0.154,-0.090,1574,1462,1467,1491,10.00,10.06,49.94,49.89
1787304100.945,31.679,True,1,3.200,2.769,-0.371,-0.589,9.220,9.184,0.293,2.207,-0.051,2.182,-0.054,0.190,0.066,0.122,-4.46,-0.15,154.65,0.39,1.25,0.507,0.154,-0.090,1574,1462,1467,1491,10.00,10.06,59.95,59.89
1787304100.956,31.690,True,1,3.191,2.769,-0.425,-0.394,9.417,9.394,0.300,2.213,-0.043,2.184,-0.054,0.180,0.059,0.165,-3.13,0.46,153.35,0.73,1.50,0.405,0.112,-0.039,1563,1467,1474,1499,10.00,10.06,-0.47,-0.52
1787304100.965,31.699,True,1,3.191,2.769,-0.425,-0.398,9.413,9.390,0.300,2.213,-0.043,2.185,-0.053,0.180,0.059,0.165,-3.13,0.46,153.35,0.74,1.50,0.405,0.111,-0.039,1564,1467,1474,1499,10.00,10.06,9.53,9.48
1787304100.975,31.709,True,1,3.191,2.769,-0.425,-0.402,9.409,9.386,0.300,2.213,-0.043,2.185,-0.053,0.180,0.059,0.165,-3.13,0.46,153.35,0.74,1.49,0.405,0.111,-0.039,1564,1467,1474,1499,10.00,10.06,19.53,19.48
1787304100.985,31.719,True,1,3.191,2.769,-0.425,-0.406,9.404,9.381,0.299,2.213,-0.043,2.186,-0.053,0.180,0.059,0.165,-3.13,0.46,153.35,0.74,1.49,0.406,0.111,-0.039,1564,1467,1474,1498,10.00,10.06,29.53,29.48
1787304100.995,31.729,True,1,3.191,2.769,-0.425,-0.410,9.400,9.377,0.299,2.213,-0.043,2.187,-0.052,0.180,0.059,0.165,-3.13,0.46,153.35,0.75,1.49,0.406,0.110,-0.039,1564,1467,1474,1498,10.00,10.06,39.53,39.49
1787304101.005,31.739,True,1,3.191,2.769,-0.425,-0.415,9.396,9.373,0.299,2.213,-0.043,2.188,-0.052,0.180,0.059,0.165,-3.13,0.46,153.35,0.75,1.48,0.406,0.110,-0.040,1564,1467,1474,1498,10.00,10.06,49.53,49.49
1787304101.015,31.749,True,1,3.191,2.769,-0.425,-0.419,9.392,9.369,0.299,2.213,-0.043,2.189,-0.052,0.180,0.059,0.165,-3.13,0.46,153.35,0.75,1.48,0.407,0.109,-0.040,1564,1467,1474,1498,10.00,10.06,59.53,59.48
1787304101.025,31.759,True,1,3.191,2.769,-0.425,-0.423,9.388,9.365,0.299,2.213,-0.043,2.190,-0.052,0.180,0.059,0.165,-3.13,0.46,153.35,0.75,1.48,0.407,0.109,-0.040,1564,1467,1474,1498,10.00,10.06,69.53,69.48
1787304101.035,31.769,True,1,3.191,2.769,-0.425,-0.427,9.383,9.360,0.299,2.213,-0.043,2.191,-0.051,0.180,0.059,0.165,-3.13,0.46,153.35,0.76,1.47,0.407,0.109,-0.040,1564,1467,1474,1498,10.00,10.06,79.53,79.48
1787304101.046,31.780,True,1,3.176,2.769,-0.496,-0.158,9.653,9.653,0.308,2.219,-0.034,2.191,-0.051,0.169,0.053,0.163,0.89,1.35,151.76,0.66,1.50,-0.025,0.016,0.024,1477,1478,1523,1508,10.00,10.06,-0.58,-0.63
1787304101.055,31.789,True,1,3.176,2.769,-0.496,-0.162,9.649,9.649,0.308,2.219,-0.034,2.192,-0.050,0.169,0.053,0.163,0.89,1.35,151.76,0.66,1.49,-0.024,0.015,0.024,1477,1478,1523,1508,10.01,10.06,9.43,9.38
1787304101.065,31.799,True,1,3.176,2.769,-0.496,-0.166,9.645,9.645,0.308,2.219,-0.034,2.193,-0.050,0.169,0.053,0.163,0.89,1.35,151.76,0.67,1.49,-0.024,0.015,0.024,1477,1478,1523,1508,9.99,10.06,19.42,19.37
1787304101.075,31.809,True,1,3.176,2.769,-0.496,-0.170,9.641,9.641,0.308,2.219,-0.034,2.194,-0.049,0.169,0.053,0.163,0.89,1.35,151.76,0.67,1.49,-0.023,0.015,0.024,1477,1478,1523,1508,10.00,10.06,29.42,29.37
1787304101.086,31.820,True,1,3.164,2.769,-0.536,-0.009,9.801,9.793,0.313,2.223,-0.028,2.195,-0.048,0.162,0.060,0.161,2.80,2.11,151.18,0.66,1.39,-0.225,-0.073,0.053,1455,1528,1527,1514,10.00,10.06,-0.27,-0.32
1787304101.095,31.829,True,1,3.164,2.769,-0.536,-0.013,9.797,9.789,0.312,2.223,-0.028,2.196,-0.048,0.162,0.060,0.161,2.80,2.11,151.18,0.67,1.39,-0.225,-0.073,0.053,1455,1528,1527,1513,10.00,10.06,9.73,9.68
1787304101.105,31.839,True,1,3.164,2.769,-0.536,-0.017,9.793,9.786,0.312,2.223,-0.028,2.197,-0.047,0.162,0.060,0.161,2.80,2.11,151.18,0.67,1.39,-0.224,-0.073,0.053,1455,1528,1527,1513,9.99,10.06,19.73,19.68
1787304101.115,31.849,True,1,3.164,2.769,-0.536,-0.021,9.789,9.782,0.312,2.223,-0.028,2.198,-0.047,0.162,0.060,0.161,2.80,2.11,151.18,0.68,1.39,-0.224,-0.073,0.053,1455,1528,1527,1513,10.00,10.06,29.73,29.68
1787304101.126,31.859,True,1,3.155,2.769,-0.551,0.060,9.869,9.851,0.314,2.226,-0.024,2.199,-0.046,0.157,0.049,0.147,3.78,2.46,150.84,0.49,1.40,-0.348,-0.106,0.071,1441,1531,1529,1516,10.00,10.06,-0.26,-0.31
1787304101.135,31.869,True,1,3.155,2.769,-0.551,0.056,9.866,9.848,0.314,2.226,-0.024,2.200,-0.045,0.157,0.049,0.147,3.78,2.46,150.84,0.49,1.40,-0.348,-0.107,0.071,1442,1531,1529,1515,10.00,10.06,9.74,9.69
1787304101.145,31.879,True,1,3.155,2.769,-0.551,0.052,9.862,9.844,0.314,2.226,-0.024,2.201,-0.044,0.157,0.049,0.147,3.78,2.46,150.84,0.50,1.39,-0.347,-0.107,0.071,1442,1531,1529,1515,10.00,10.06,19.74,19.70
1787304101.155,31.889,True,1,3.155,2.769,-0.551,0.048,9.858,9.840,0.314,2.226,-0.024,2.201,-0.044,0.157,0.049,0.147,3.78,2.46,150.84,0.50,1.39,-0.347,-0.107,0.071,1442,1531,1529,1515,10.00,10.06,29.74,29.69
1787304101.165,31.899,True,1,3.155,2.769,-0.551,0.044,9.854,9.836,0.314,2.226,-0.024,2.202,-0.043,0.157,0.049,0.147,3.78,2.46,150.84,0.51,1.39,-0.346,-0.107,0.071,1442,1531,1529,1515,10.00,10.06,39.74,39.69
1787304101.175,31.909,True,1,3.155,2.769,-0.551,0.040,9.850,9.832,0.314,2.226,-0.024,2.203,-0.042,0.157,0.049,0.147,3.78,2.46,150.84,0.51,1.39,-0.346,-0.107,0.071,1442,1531,1529,1515,10.00,10.06,49.74,49.69
1787304101.185,31.919,True,1,3.155,2.769,-0.551,0.036,9.846,9.829,0.314,2.226,-0.024,2.204,-0.042,0.157,0.049,0.147,3.78,2.46,150.84,0.51,1.39,-0.345,-0.108,0.071,1442,1531,1529,1515,10.00,10.07,59.75,59.70
1787304101.195,31.929,True,1,3.155,2.769,-0.551,0.033,9.842,9.825,0.314,2.226,-0.024,2.205,-0.041,0.157,0.049,0.147,3.78,2.46,150.84,0.52,1.38,-0.345,-0.108,0.071,1442,1531,1529,1515,9.99,10.06,69.74,69.69
1787304101.206,31.940,True,1,3.138,2.769,-0.585,0.197,10.006,9.964,0.318,2.230,-0.018,2.205,-0.040,0.150,0.051,0.115,5.21,2.88,150.38,0.23,1.18,-0.525,-0.170,0.100,1423,1538,1533,1520,10.00,10.06,-0.61,-0.56
1787304101.215,31.949,True,1,3.138,2.769,-0.585,0.193,10.002,9.960,0.318,2.230,-0.018,2.206,-0.040,0.150,0.051,0.115,5.21,2.88,150.38,0.24,1.18,-0.525,-0.170,0.100,1423,1538,1533,1520,10.00,10.06,9.39,9.44
1787304101.225,31.959,True,1,3.138,2.769,-0.585,0.190,9.999,9.957,0.318,2.230,-0.018,2.207,-0.039,0.150,0.051,0.115,5.21,2.88,150.38,0.24,1.18,-0.524,-0.170,0.100,1423,1538,1533,1519,10.00,10.06,19.39,19.44
1787304101.235,31.969,True,1,3.138,2.769,-0.585,0.186,9.995,9.953,0.318,2.230,-0.018,2.208,-0.038,0.150,0.051,0.115,5.21,2.88,150.38,0.25,1.18,-0.524,-0.170,0.100,1423,1538,1533,1519,10.00,10.06,29.39,29.44
1787304101.245,31.979,True,1,3.138,2.769,-0.585,0.182,9.991,9.949,0.318,2.230,-0.018,2.209,-0.038,0.150,0.051,0.115,5.21,2.88,150.38,0.25,1.18,-0.523,-0.171,0.100,1423,1538,1533,1519,10.00,10.06,39.39,39.44
1787304101.255,31.989,True,1,3.138,2.769,-0.585,0.179,9.988,9.946,0.317,2.230,-0.018,2.209,-0.037,0.150,0.051,0.115,5.21,2.88,150.38,0.25,1.17,-0.523,-0.171,0.100,1423,1538,1533,1519,10.00,10.06,49.39,49.44
1787304101.265,31.999,True,1,3.138,2.769,-0.585,0.175,9.984,9.942,0.317,2.230,-0.018,2.210,-0.036,0.150,0.051,0.115,5.21,2.88,150.38,0.26,1.17,-0.522,-0.171,0.100,1423,1538,1533,1519,10.00,10.06,59.39,59.44
1787304101.275,32.009,True,1,3.138,2.769,-0.585,0.171,9.980,9.939,0.317,2.230,-0.018,2.211,-0.036,0.150,0.051,0.115,5.21,2.88,150.38,0.26,1.17,-0.522,-0.171,0.100,1423,1538,1533,1519,10.00,10.06,69.39,69.44
1787304101.286,32.020,True,1,3.110,2.769,-0.616,0.374,10.182,10.158,0.324,2.236,-0.013,2.212,-0.035,0.142,0.054,0.095,3.57,2.93,150.25,0.10,1.02,-0.367,-0.194,0.102,1439,1541,1534,1527,10.00,10.06,-0.55,-0.60
1787304101.295,32.029,True,1,3.110,2.769,-0.616,0.371,10.179,10.155,0.324,2.236,-0.013,2.212,-0.034,0.142,0.054,0.095,3.57,2.93,150.25,0.11,1.02,-0.367,-0.194,0.102,1439,1541,1534,1526,10.01,10.07,9.46,9.40
1787304101.305,32.039,True,1,3.105,2.769,-0.617,0.391,10.199,10.187,0.325,2.238,-0.011,2.213,-0.034,0.140,0.060,0.080,2.22,2.44,150.34,0.01,0.89,-0.236,-0.159,0.092,1454,1537,1532,1528,9.99,10.06,-0.18,-0.13
1787304101.315,32.049,True,1,3.105,2.769,-0.617,0.388,10.195,10.184,0.325,2.238,-0.011,2.214,-0.033,0.140,0.060,0.080,2.22,2.44,150.34,0.01,0.89,-0.235,-0.160,0.092,1454,1537,1532,1528,10.00,10.06,9.82,9.87
1787304101.325,32.059,True,1,3.105,2.769,-0.617,0.384,10.192,10.181,0.325,2.238,-0.011,2.215,-0.032,0.140,0.060,0.080,2.22,2.44,150.34,0.02,0.88,-0.235,-0.160,0.092,1454,1537,1532,1527,10.00,10.06,19.83,19.87
1787304101.335,32.069,True,1,3.105,2.769,-0.617,0.381,10.189,10.177,0.325,2.238,-0.011,2.216,-0.031,0.140,0.060,0.080,2.22,2.44,150.34,0.02,0.88,-0.234,-0.160,0.092,1454,1537,1532,1527,10.00,10.06,29.82,29.87
1787304101.345,32.079,True,1,3.105,2.769,-0.617,0.378,10.185,10.174,0.325,2.238,-0.011,2.216,-0.031,0.140,0.060,0.080,2.22,2.44,150.34,0.03,0.88,-0.234,-0.160,0.092,1454,1537,1532,1527,10.00,10.06,39.83,39.87
1787304101.356,32.090,True,1,3.090,2.769,-0.629,0.469,10.276,10.273,0.328,2.242,-0.009,2.217,-0.030,0.135,0.074,0.076,0.70,1.95,150.40,0.07,0.73,-0.068,-0.127,0.085,1472,1534,1531,1531,10.00,10.07,-0.33,-0.37
1787304101.365,32.099,True,1,3.090,2.769,-0.629,0.465,10.273,10.270,0.328,2.242,-0.009,2.218,-0.029,0.135,0.074,0.076,0.70,1.95,150.40,0.07,0.73,-0.068,-0.127,0.085,1472,1534,1531,1531,9.99,10.06,9.67,9.62
1787304101.375,32.109,True,1,3.090,2.769,-0.629,0.462,10.270,10.267,0.328,2.242,-0.009,2.219,-0.029,0.135,0.074,0.076,0.70,1.95,150.40,0.08,0.73,-0.067,-0.127,0.085,1472,1534,1531,1530,10.00,10.06,19.67,19.62
1787304101.385,32.119,True,1,3.090,2.769,-0.629,0.459,10.266,10.263,0.328,2.242,-0.009,2.220,-0.028,0.135,0.074,0.076,0.70,1.95,150.40,0.08,0.73,-0.067,-0.127,0.085,1472,1534,1531,1530,10.00,10.06,29.67,29.62
1787304101.395,32.129,True,1,3.090,2.769,-0.629,0.456,10.263,10.260,0.327,2.242,-0.009,2.220,-0.027,0.135,0.074,0.076,0.70,1.95,150.40,0.09,0.73,-0.066,-0.127,0.085,1472,1534,1531,1530,10.00,10.06,39.67,39.62
1787304101.405,32.139,True,1,3.090,2.769,-0.629,0.453,10.260,10.257,0.327,2.242,-0.009,2.221,-0.027,0.135,0.074,0.076,0.70,1.95,150.40,0.09,0.73,-0.066,-0.128,0.085,1472,1534,1531,1530,10.00,10.06,49.67,49.62
1787304101.415,32.149,True,1,3.090,2.769,-0.629,0.449,10.257,10.254,0.327,2.242,-0.009,2.222,-0.026,0.135,0.074,0.076,0.70,1.95,150.40,0.10,0.72,-0.066,-0.128,0.085,1472,1534,1531,1530,10.00,10.06,59.67,59.62
1787304101.425,32.159,True,1,3.090,2.769,-0.629,0.446,10.254,10.251,0.327,2.242,-0.009,2.222,-0.025,0.135,0.074,0.076,0.70,1.95,150.40,0.10,0.72,-0.065,-0.128,0.085,1472,1534,1531,1530,10.00,10.06,69.67,69.62
1787304101.436,32.170,True,1,3.062,2.769,-0.647,0.609,10.416,10.403,0.332,2.249,-0.005,2.223,-0.025,0.129,0.079,0.065,-2.77,1.18,150.60,0.04,0.61,0.293,-0.063,0.071,1552,1527,1529,1535,10.00,10.06,-0.59,-0.64
1787304101.445,32.179,True,1,3.062,2.769,-0.647,0.606,10.413,10.400,0.332,2.249,-0.005,2.224,-0.024,0.129,0.079,0.065,-2.77,1.18,150.60,0.05,0.60,0.293,-0.064,0.071,1552,1527,1529,1535,10.00,10.06,9.41,9.36
1787304101.455,32.189,True,1,3.062,2.769,-0.647,0.603,10.410,10.397,0.332,2.249,-0.005,2.225,-0.024,0.129,0.079,0.065,-2.77,1.18,150.60,0.05,0.60,0.294,-0.064,0.071,1552,1527,1529,1535,10.00,10.06,19.41,19.36
1787304101.465,32.199,True,1,3.062,2.769,-0.647,0.600,10.407,10.394,0.332,2.249,-0.005,2.226,-0.023,0.129,0.079,0.065,-2.77,1.18,150.60,0.06,0.60,0.294,-0.064,0.071,1552,1527,1529,1535,10.00,10.06,29.41,29.36
1787304101.476,32.209,True,1,3.049,2.769,-0.616,0.556,10.364,10.347,0.330,2.253,-0.004,2.227,-0.022,0.125,0.078,0.065,-3.16,1.07,150.57,0.05,0.61,0.335,-0.052,0.073,1556,1525,1530,1533,10.00,10.06,-0.17,-0.22
1787304101.485,32.219,True,1,3.049,2.769,-0.616,0.554,10.361,10.344,0.330,2.253,-0.004,2.228,-0.022,0.125,0.078,0.065,-3.16,1.07,150.57,0.06,0.60,0.336,-0.053,0.073,1556,1525,1530,1533,10.00,10.06,9.83,9.78
1787304101.495,32.229,True,1,3.049,2.769,-0.616,0.551,10.358,10.341,0.330,2.253,-0.004,2.228,-0.021,0.125,0.078,0.065,-3.16,1.07,150.57,0.06,0.60,0.336,-0.053,0.073,1556,1525,1530,1533,10.00,10.06,19.82,19.78
1787304101.505,32.239,True,1,3.049,2.769,-0.616,0.548,10.355,10.338,0.330,2.253,-0.004,2.229,-0.020,0.125,0.078,0.065,-3.16,1.07,150.57,0.07,0.60,0.337,-0.053,0.073,1556,1525,1530,1533,10.00,10.06,29.83,29.78
1787304101.516,32.250,True,1,3.043,2.769,-0.598,0.515,10.323,10.301,0.329,2.258,-0.002,2.230,-0.020,0.121,0.081,0.089,-3.43,0.70,150.52,0.29,0.69,0.389,-0.006,0.078,1562,1520,1530,1532,10.00,10.06,-0.35,-0.31
1787304101.525,32.259,True,1,3.043,2.769,-0.598,0.512,10.320,10.298,0.329,2.258,-0.002,2.231,-0.019,0.121,0.081,0.089,-3.43,0.70,150.52,0.29,0.69,0.389,-0.006,0.078,1562,1520,1530,1532,10.00,10.06,9.65,9.69
1787304101.535,32.269,True,1,3.043,2.769,-0.598,0.510,10.317,10.295,0.329,2.258,-0.002,2.232,-0.019,0.121,0.081,0.089,-3.43,0.70,150.52,0.30,0.68,0.390,-0.007,0.078,1562,1520,1530,1531,10.00,10.06,19.64,19.69
1787304101.545,32.279,True,1,3.043,2.769,-0.598,0.507,10.315,10.293,0.329,2.258,-0.002,2.233,-0.018,0.121,0.081,0.089,-3.43,0.70,150.52,0.30,0.68,0.390,-0.007,0.078,1562,1520,1530,1531,10.00,10.06,29.65,29.70
1787304101.555,32.289,True,1,3.043,2.769,-0.598,0.504,10.312,10.290,0.328,2.258,-0.002,2.234,-0.018,0.121,0.081,0.089,-3.43,0.70,150.52,0.31,0.68,0.391,-0.007,0.078,1562,1520,1530,1531,10.00,10.06,39.65,39.69
1787304101.565,32.299,True,1,3.043,2.769,-0.598,0.502,10.309,10.287,0.328,2.258,-0.002,2.235,-0.017,0.121,0.081,0.089,-3.43,0.70,150.52,0.31,0.68,0.391,-0.007,0.078,1562,1520,1530,1531,10.00,10.06,49.65,49.70
1787304101.575,32.309,True,1,3.043,2.769,-0.598,0.499,10.306,10.284,0.328,2.258,-0.002,2.235,-0.017,0.121,0.081,0.089,-3.43,0.70,150.52,0.31,0.67,0.391,-0.008,0.078,1562,1520,1530,1531,10.00,10.06,59.65,59.69
1787304101.586,32.320,True,1,3.026,2.769,-0.552,0.428,10.236,10.218,0.326,2.270,0.004,2.237,-0.016,0.111,0.118,0.121,-2.65,0.51,150.37,0.79,0.51,0.360,-0.004,0.085,1559,1520,1531,1529,10.00,10.06,-0.43,-0.47
1787304101.595,32.329,True,1,3.020,2.769,-0.546,0.429,10.237,10.222,0.326,2.271,0.005,2.238,-0.015,0.109,0.102,0.118,-2.48,0.41,150.40,0.69,0.63,0.332,0.020,0.084,1556,1477,1531,1529,10.00,10.06,-0.07,-0.12
1787304101.605,32.339,True,1,3.020,2.769,-0.546,0.427,10.235,10.222,0.326,2.271,0.005,2.239,-0.015,0.109,0.102,0.118,-2.14,0.44,150.33,0.70,0.63,0.297,0.016,0.087,1552,1478,1532,1529,10.00,10.06,-0.12,9.87
1787304101.615,32.349,True,1,3.020,2.769,-0.546,0.424,10.232,10.220,0.326,2.271,0.005,2.240,-0.014,0.109,0.102,0.118,-2.14,0.44,150.33,0.70,0.63,0.297,0.016,0.087,1552,1478,1532,1529,10.00,10.06,9.88,19.88
1787304101.625,32.359,True,1,3.020,2.769,-0.546,0.422,10.230,10.217,0.326,2.271,0.005,2.241,-0.013,0.109,0.102,0.118,-2.14,0.44,150.33,0.71,0.62,0.298,0.015,0.087,1552,1478,1532,1529,10.00,10.06,19.88,29.88
1787304101.635,32.369,True,1,3.020,2.769,-0.546,0.419,10.227,10.215,0.326,2.271,0.005,2.242,-0.013,0.109,0.102,0.118,-2.14,0.44,150.33,0.72,0.62,0.298,0.015,0.087,1552,1478,1532,1529,10.00,10.06,29.87,39.87
1787304101.645,32.379,True,1,3.020,2.769,-0.546,0.417,10.225,10.212,0.326,2.271,0.005,2.243,-0.012,0.109,0.102,0.118,-2.14,0.44,150.33,0.72,0.61,0.299,0.015,0.087,1552,1478,1532,1528,10.01,10.06,39.88,49.88
1787304101.655,32.389,True,1,3.020,2.769,-0.546,0.414,10.222,10.210,0.326,2.271,0.005,2.244,-0.012,0.109,0.102,0.118,-2.14,0.44,150.33,0.73,0.61,0.299,0.014,0.087,1552,1478,1532,1528,10.00,10.06,49.88,59.87
1787304101.665,32.399,True,1,3.020,2.769,-0.546,0.412,10.220,10.207,0.326,2.271,0.005,2.245,-0.011,0.109,0.102,0.118,-2.14,0.44,150.33,0.73,0.61,0.300,0.014,0.087,1552,1478,1532,1528,10.00,10.06,59.87,69.87
1787304101.675,32.409,True,1,3.020,2.769,-0.546,0.409,10.217,10.204,0.326,2.271,0.005,2.245,-0.010,0.109,0.102,0.118,-2.14,0.44,150.33,0.73,0.61,0.300,0.014,0.087,1552,1478,1532,1528,10.00,10.06,69.88,79.87
1787304101.686,32.420,True,1,3.007,2.769,-0.516,0.370,10.178,10.177,0.325,2.283,0.013,2.247,-0.010,0.097,0.100,0.116,0.65,-0.07,150.09,0.71,0.61,0.007,0.072,0.096,1520,1471,1533,1527,10.00,10.06,-0.61,-0.56
1787304101.695,32.429,True,1,3.004,2.769,-0.482,0.280,10.088,10.087,0.322,2.286,0.016,2.248,-0.009,0.093,0.099,0.115,0.65,-0.07,150.09,0.71,0.61,0.007,0.073,0.096,1520,1471,1533,1524,10.00,10.06,9.39,-0.09
1787304101.705,32.439,True,1,3.004,2.769,-0.482,0.278,10.086,10.085,0.322,2.286,0.016,2.249,-0.008,0.093,0.099,0.115,0.65,-0.07,150.09,0.72,0.61,0.008,0.072,0.096,1520,1471,1533,1524,10.00,10.06,19.39,9.91
1787304101.715,32.449,True,1,3.004,2.769,-0.482,0.275,10.083,10.083,0.322,2.286,0.016,2.251,-0.007,0.093,0.099,0.115,0.65,-0.07,150.09,0.73,0.60,0.009,0.072,0.096,1520,1472,1533,1524,10.00,10.06,29.39,19.91
1787304101.725,32.459,True,1,3.004,2.769,-0.482,0.273,10.081,10.080,0.322,2.286,0.016,2.252,-0.006,0.093,0.099,0.115,0.65,-0.07,150.09,0.73,0.60,0.009,0.071,0.096,1521,1472,1533,1524,10.00,10.06,39.38,29.91
1787304101.735,32.469,True,1,3.004,2.769,-0.482,0.271,10.079,10.078,0.322,2.286,0.016,2.253,-0.006,0.093,0.099,0.115,0.65,-0.07,150.09,0.74,0.59,0.010,0.071,0.096,1521,1472,1533,1524,10.01,10.06,49.39,39.91
1787304101.745,32.479,True,1,3.004,2.769,-0.482,0.268,10.076,10.076,0.322,2.286,0.016,2.254,-0.005,0.093,0.099,0.115,0.65,-0.07,150.09,0.75,0.59,0.011,0.070,0.096,1521,1472,1533,1524,10.00,10.06,59.39,49.91
1787304101.755,32.489,True,1,3.004,2.769,-0.482,0.266,10.074,10.073,0.322,2.286,0.016,2.255,-0.004,0.093,0.099,0.115,0.65,-0.07,150.09,0.75,0.59,0.011,0.070,0.096,1521,1472,1533,1524,10.00,10.06,69.39,59.91
1787304101.766,32.500,True,1,2.990,2.769,-0.409,0.100,9.910,9.905,0.316,2.294,0.025,2.256,-0.003,0.082,0.091,0.142,2.50,0.08,149.73,0.97,0.81,-0.160,0.082,0.109,1462,1470,1535,1518,10.00,10.06,-0.46,-0.50
1787304101.775,32.509,True,1,2.990,2.769,-0.409,0.098,9.907,9.903,0.316,2.294,0.025,2.258,-0.002,0.082,0.091,0.142,2.50,0.08,149.73,0.98,0.81,-0.160,0.082,0.109,1462,1470,1535,1517,10.00,10.06,9.54,9.49
1787304101.785,32.519,True,1,2.990,2.769,-0.409,0.096,9.905,9.901,0.316,2.294,0.025,2.259,-0.001,0.082,0.091,0.142,2.50,0.08,149.73,0.99,0.81,-0.159,0.081,0.109,1462,1470,1535,1517,10.00,10.06,19.54,19.49
1787304101.795,32.529,True,1,2.990,2.769,-0.409,0.094,9.903,9.899,0.316,2.294,0.025,2.260,-0.000,0.082,0.091,0.142,2.50,0.08,149.73,1.00,0.80,-0.158,0.081,0.109,1462,1471,1535,1517,10.00,10.06,29.54,29.49
1787304101.805,32.539,True,1,2.990,2.769,-0.409,0.092,9.901,9.897,0.316,2.294,0.025,2.261,0.000,0.082,0.091,0.142,2.50,0.08,149.73,1.01,0.80,-0.157,0.080,0.109,1462,1471,1535,1517,10.00,10.06,39.54,39.49
1787304101.816,32.550,True,1,2.985,2.769,-0.387,0.042,9.851,9.839,0.314,2.297,0.030,2.262,0.001,0.077,0.057,0.117,3.35,0.04,149.69,0.62,0.98,-0.286,0.104,0.108,1448,1468,1535,1515,10.00,10.06,-0.28,-0.33
1787304101.825,32.559,True,1,2.985,2.769,-0.387,0.040,9.849,9.837,0.314,2.297,0.030,2.264,0.002,0.077,0.057,0.117,3.35,0.04,149.69,0.63,0.97,-0.285,0.104,0.108,1448,1468,1535,1515,10.00,10.06,9.71,9.66
1787304101.835,32.569,True,1,2.985,2.769,-0.387,0.038,9.847,9.835,0.314,2.297,0.030,2.265,0.003,0.077,0.057,0.117,3.35,0.04,149.69,0.64,0.97,-0.284,0.103,0.108,1448,1468,1535,1515,10.00,10.06,19.71,19.66
1787304101.846,32.579,True,1,2.978,2.769,-0.338,-0.084,9.725,9.708,0.310,2.300,0.034,2.266,0.004,0.072,0.062,0.110,3.93,0.25,149.75,0.62,0.89,-0.347,0.075,0.107,1442,1471,1534,1510,10.00,10.06,-0.26,-0.31
1787304101.855,32.589,True,1,2.978,2.769,-0.338,-0.086,9.722,9.706,0.310,2.300,0.034,2.267,0.005,0.072,0.062,0.110,3.93,0.25,149.75,0.62,0.89,-0.347,0.075,0.107,1442,1471,1534,1510,10.00,10.06,9.74,9.69
1787304101.865,32.599,True,1,2.978,2.769,-0.338,-0.088,9.720,9.704,0.310,2.300,0.034,2.268,0.006,0.072,0.062,0.110,3.93,0.25,149.75,0.63,0.89,-0.346,0.075,0.107,1442,1471,1534,1510,10.00,10.06,19.74,19.69
1787304101.875,32.609,True,1,2.978,2.769,-0.338,-0.090,9.718,9.702,0.310,2.300,0.034,2.269,0.007,0.072,0.062,0.110,3.93,0.25,149.75,0.64,0.88,-0.345,0.074,0.107,1442,1471,1534,1510,10.00,10.06,29.74,29.69
1787304101.886,32.619,True,1,2.979,2.769,-0.316,-0.164,9.645,9.629,0.307,2.301,0.036,2.270,0.008,0.070,0.054,0.102,3.85,0.65,149.84,0.54,0.92,-0.348,0.036,0.106,1441,1475,1534,1508,10.00,10.06,-0.17,-0.22
1787304101.895,32.629,True,1,2.979,2.769,-0.316,-0.166,9.643,9.627,0.307,2.301,0.036,2.271,0.009,0.070,0.054,0.102,3.85,0.65,149.84,0.55,0.92,-0.348,0.036,0.106,1442,1475,1534,1507,10.00,10.06,9.82,9.78
1787304101.905,32.639,True,1,2.979,2.769,-0.316,-0.168,9.641,9.625,0.307,2.301,0.036,2.272,0.010,0.070,0.054,0.102,3.85,0.65,149.84,0.55,0.92,-0.347,0.036,0.106,1442,1476,1534,1507,10.00,10.06,19.83,19.78
1787304101.915,32.649,True,1,2.979,2.769,-0.316,-0.170,9.639,9.623,0.307,2.301,0.036,2.273,0.011,0.070,0.054,0.102,3.85,0.65,149.84,0.56,0.92,-0.346,0.035,0.106,1442,1476,1534,1507,10.00,10.06,29.83,29.78
1787304101.926,32.660,True,1,2.981,2.769,-0.290,-0.256,9.552,9.538,0.304,2.302,0.037,2.274,0.012,0.068,0.030,0.079,3.33,1.49,149.97,0.24,1.01,-0.326,-0.044,0.105,1444,1524,1534,1504,10.05,10.12,-0.35,-0.31
1787304101.935,32.669,True,1,2.981,2.769,-0.290,-0.258,9.550,9.536,0.304,2.302,0.037,2.275,0.013,0.068,0.030,0.079,3.33,1.49,149.97,0.25,1.01,-0.326,-0.044,0.105,1444,1524,1534,1504,9.94,10.06,9.59,9.64
1787304101.945,32.679,True,1,2.981,2.769,-0.290,-0.260,9.548,9.534,0.304,2.302,0.037,2.276,0.013,0.068,0.030,0.079,3.33,1.49,149.97,0.25,1.01,-0.325,-0.045,0.105,1444,1524,1534,1504,10.00,10.06,19.59,19.64
1787304101.955,32.689,True,1,2.981,2.769,-0.290,-0.262,9.546,9.532,0.304,2.302,0.037,2.277,0.014,0.068,0.030,0.079,3.33,1.49,149.97,0.26,1.01,-0.324,-0.045,0.105,1444,1525,1534,1504,10.00,10.06,29.59,29.64
1787304101.965,32.699,True,1,2.981,2.769,-0.290,-0.265,9.544,9.530,0.304,2.302,0.037,2.278,0.015,0.068,0.030,0.079,3.33,1.49,149.97,0.27,1.00,-0.323,-0.045,0.105,1444,1525,1534,1504,10.00,10.06,39.59,39.64
1787304101.975,32.709,True,1,2.981,2.769,-0.290,-0.267,9.542,9.528,0.304,2.302,0.037,2.279,0.016,0.068,0.030,0.079,3.33,1.49,149.97,0.27,1.00,-0.323,-0.045,0.105,1444,1525,1534,1504,10.00,10.06,49.59,49.64
1787304101.986,32.720,True,1,2.982,2.769,-0.259,-0.367,9.441,9.432,0.301,2.303,0.039,2.279,0.016,0.066,0.010,0.056,2.21,2.20,150.08,-0.05,1.07,-0.240,-0.114,0.102,1453,1532,1534,1500,10.00,10.06,-0.42,-0.37
1787304101.995,32.729,True,1,2.982,2.769,-0.259,-0.369,9.439,9.430,0.301,2.303,0.039,2.280,0.017,0.066,0.010,0.056,2.21,2.20,150.08,-0.04,1.07,-0.239,-0.114,0.102,1453,1532,1534,1500,10.00,10.06,9.57,9.62
1787304102.005,32.739,True,1,2.984,2.769,-0.226,-0.478,9.330,9.323,0.298,2.304,0.040,2.281,0.018,0.066,0.010,0.058,1.82,2.32,150.09,-0.02,1.09,-0.197,-0.125,0.101,1458,1533,1534,1496,10.00,10.06,-0.13,-0.18
1787304102.015,32.749,True,1,2.984,2.769,-0.226,-0.480,9.328,9.321,0.298,2.304,0.040,2.282,0.019,0.066,0.010,0.058,1.82,2.32,150.09,-0.02,1.09,-0.196,-0.125,0.101,1458,1533,1534,1496,10.00,10.06,9.87,9.82
1787304102.025,32.759,True,1,2.984,2.769,-0.226,-0.482,9.326,9.319,0.297,2.304,0.040,2.282,0.019,0.066,0.010,0.058,1.82,2.32,150.09,-0.01,1.09,-0.196,-0.125,0.101,1458,1533,1534,1496,10.00,10.06,19.88,19.83
1787304102.035,32.769,True,1,2.984,2.769,-0.226,-0.484,9.324,9.317,0.297,2.304,0.040,2.283,0.020,0.066,0.010,0.058,1.82,2.32,150.09,-0.00,1.09,-0.195,-0.126,0.101,1458,1533,1534,1496,10.00,10.06,29.88,29.83
1787304102.045,32.779,True,1,2.984,2.769,-0.226,-0.487,9.322,9.315,0.297,2.304,0.040,2.284,0.021,0.066,0.010,0.058,1.82,2.32,150.09,0.00,1.08,-0.195,-0.126,0.101,1458,1533,1534,1496,10.00,10.06,39.88,39.83
1787304102.055,32.789,True,1,2.984,2.769,-0.226,-0.489,9.320,9.313,0.297,2.304,0.040,2.284,0.021,0.066,0.010,0.058,1.82,2.32,150.09,0.01,1.08,-0.194,-0.126,0.101,1458,1533,1534,1496,10.00,10.06,49.88,49.83
1787304102.065,32.799,True,1,2.984,2.769,-0.226,-0.491,9.317,9.311,0.297,2.304,0.040,2.285,0.022,0.066,0.010,0.058,1.82,2.32,150.09,0.01,1.08,-0.193,-0.126,0.101,1458,1533,1534,1496,10.00,10.06,59.87,59.82
1787304102.075,32.809,True,1,2.984,2.769,-0.226,-0.493,9.315,9.309,0.297,2.304,0.040,2.286,0.023,0.066,0.010,0.058,1.82,2.32,150.09,0.02,1.08,-0.193,-0.126,0.101,1458,1533,1534,1496,10.00,10.06,69.87,69.82
1787304102.085,32.819,True,1,2.984,2.769,-0.226,-0.495,9.313,9.306,0.297,2.304,0.040,2.286,0.023,0.066,0.010,0.058,1.82,2.32,150.09,0.02,1.08,-0.192,-0.127,0.101,1458,1534,1534,1496,10.00,10.06,79.88,79.83
1787304102.096,32.830,True,1,2.985,2.769,-0.201,-0.576,9.232,9.228,0.295,2.304,0.040,2.287,0.024,0.065,0.010,0.061,-0.04,2.68,149.89,0.06,1.10,0.006,-0.166,0.105,1520,1538,1534,1493,10.00,10.06,-0.58,-0.63
1787304102.105,32.839,True,1,2.985,2.769,-0.201,-0.579,9.230,9.226,0.294,2.304,0.040,2.287,0.024,0.065,0.010,0.061,-0.04,2.68,149.89,0.06,1.10,0.006,-0.166,0.105,1520,1538,1534,1493,10.00,10.06,9.42,9.37
1787304102.115,32.849,True,1,2.985,2.769,-0.201,-0.581,9.228,9.224,0.294,2.304,0.040,2.288,0.025,0.065,0.010,0.061,-0.04,2.68,149.89,0.07,1.10,0.007,-0.166,0.105,1520,1538,1534,1493,10.00,10.06,19.42,19.37
1787304102.125,32.859,True,1,2.985,2.769,-0.201,-0.583,9.225,9.222,0.294,2.304,0.040,2.289,0.025,0.065,0.010,0.061,-0.04,2.68,149.89,0.07,1.09,0.007,-0.167,0.105,1520,1538,1534,1492,10.00,10.06,29.42,29.37
1787304102.135,32.869,True,1,2.985,2.769,-0.201,-0.585,9.223,9.220,0.294,2.304,0.040,2.289,0.026,0.065,0.010,0.061,-0.04,2.68,149.89,0.08,1.09,0.008,-0.167,0.105,1520,1538,1534,1492,10.00,10.06,39.42,39.37
1787304102.145,32.879,True,1,2.985,2.769,-0.201,-0.587,9.221,9.218,0.294,2.304,0.040,2.290,0.026,0.065,0.010,0.061,-0.04,2.68,149.89,0.08,1.09,0.008,-0.167,0.105,1520,1538,1534,1492,10.00,10.06,49.42,49.37
1787304102.155,32.889,True,1,2.985,2.769,-0.201,-0.589,9.219,9.215,0.294,2.304,0.040,2.290,0.027,0.065,0.010,0.061,-0.04,2.68,149.89,0.09,1.09,0.008,-0.167,0.105,1520,1538,1534,1492,10.00,10.06,59.42,59.37
1787304102.165,32.899,True,1,2.985,2.769,-0.201,-0.592,9.217,9.213,0.294,2.304,0.040,2.291,0.027,0.065,0.010,0.061,-0.04,2.68,149.89,0.09,1.09,0.009,-0.167,0.105,1520,1538,1534,1492,10.00,10.06,69.42,69.37
1787304102.176,32.910,True,1,2.982,2.769,-0.215,-0.541,9.267,9.262,0.296,2.306,0.041,2.291,0.028,0.064,0.013,0.054,-1.26,2.39,149.48,0.04,1.01,0.130,-0.147,0.120,1534,1536,1536,1494,10.00,10.06,-0.58,-0.63
1787304102.185,32.919,True,1,2.982,2.769,-0.215,-0.543,9.265,9.260,0.296,2.306,0.041,2.292,0.028,0.064,0.013,0.054,-1.26,2.39,149.48,0.04,1.01,0.131,-0.147,0.120,1534,1536,1536,1494,10.00,10.06,9.43,9.38
1787304102.195,32.929,True,1,2.982,2.769,-0.215,-0.545,9.263,9.258,0.295,2.306,0.041,2.292,0.029,0.064,0.013,0.054,-1.26,2.39,149.48,0.05,1.01,0.131,-0.147,0.120,1534,1536,1536,1494,10.00,10.06,19.42,19.38
1787304102.205,32.939,True,1,2.982,2.769,-0.215,-0.547,9.261,9.256,0.295,2.306,0.041,2.292,0.029,0.064,0.013,0.054,-1.26,2.39,149.48,0.05,1.01,0.131,-0.147,0.120,1534,1536,1536,1494,10.00,10.06,29.42,29.37
1787304102.215,32.949,True,1,2.982,2.769,-0.215,-0.549,9.259,9.254,0.295,2.306,0.041,2.293,0.029,0.064,0.013,0.054,-1.26,2.39,149.48,0.05,1.01,0.132,-0.147,0.120,1534,1536,1536,1494,10.00,10.06,39.42,39.37
1787304102.225,32.959,True,1,2.982,2.769,-0.215,-0.551,9.257,9.251,0.295,2.306,0.041,2.293,0.030,0.064,0.013,0.054,-1.26,2.39,149.48,0.06,1.01,0.132,-0.147,0.120,1534,1536,1536,1494,10.00,10.06,49.42,49.37
1787304102.235,32.969,True,1,2.982,2.769,-0.215,-0.554,9.254,9.249,0.295,2.306,0.041,2.294,0.030,0.064,0.013,0.054,-1.26,2.39,149.48,0.06,1.01,0.132,-0.147,0.120,1534,1536,1536,1493,10.00,10.06,59.42,59.37
1787304102.246,32.980,True,1,2.981,2.769,-0.226,-0.516,9.292,9.286,0.296,2.307,0.041,2.294,0.031,0.063,0.028,0.062,-1.66,1.64,149.15,0.21,0.90,0.192,-0.081,0.136,1541,1529,1538,1495,10.00,10.06,-0.49,-0.44
1787304102.255,32.989,True,1,2.981,2.769,-0.226,-0.518,9.289,9.284,0.296,2.307,0.041,2.295,0.031,0.063,0.028,0.062,-1.66,1.64,149.15,0.21,0.90,0.193,-0.082,0.136,1541,1529,1538,1495,10.00,10.06,9.51,9.56
1787304102.265,32.999,True,1,2.979,2.769,-0.222,-0.525,9.283,9.277,0.296,2.308,0.042,2.295,0.031,0.063,0.023,0.069,-1.69,1.63,149.10,0.26,0.99,0.199,-0.071,0.138,1541,1527,1539,1494,10.00,10.06,-0.12,-0.18
1787304102.275,33.009,True,1,2.979,2.769,-0.222,-0.528,9.281,9.275,0.296,2.308,0.042,2.296,0.032,0.063,0.023,0.069,-1.69,1.63,149.10,0.26,0.99,0.200,-0.071,0.138,1541,1527,1539,1494,10.00,10.06,9.87,9.82
1787304102.285,33.019,True,1,2.979,2.769,-0.222,-0.530,9.278,9.273,0.296,2.308,0.042,2.296,0.032,0.063,0.023,0.069,-1.69,1.63,149.10,0.26,0.99,0.200,-0.071,0.138,1542,1527,1539,1494,10.01,10.07,19.88,19.83
1787304102.295,33.029,True,1,2.979,2.769,-0.222,-0.532,9.276,9.270,0.296,2.308,0.042,2.296,0.032,0.063,0.023,0.069,-1.69,1.63,149.10,0.27,0.99,0.200,-0.071,0.138,1542,1527,1539,1494,9.99,10.06,29.88,29.82
1787304102.305,33.039,True,1,2.979,2.769,-0.222,-0.534,9.274,9.268,0.296,2.308,0.042,2.297,0.033,0.063,0.023,0.069,-1.69,1.63,149.10,0.27,0.99,0.201,-0.071,0.138,1542,1527,1539,1494,10.00,10.06,39.87,39.82
1787304102.315,33.049,True,1,2.979,2.769,-0.222,-0.536,9.272,9.266,0.296,2.308,0.042,2.297,0.033,0.063,0.023,0.069,-1.69,1.63,149.10,0.27,0.99,0.201,-0.071,0.138,1542,1527,1539,1494,10.00,10.06,49.88,49.83
1787304102.326,33.060,True,1,2.977,2.769,-0.252,-0.439,9.369,9.363,0.299,2.309,0.043,2.298,0.033,0.061,0.031,0.078,-1.77,0.71,148.99,0.40,0.96,0.225,0.021,0.145,1544,1477,1540,1498,10.00,10.06,-0.37,-0.42
1787304102.335,33.069,True,1,2.977,2.769,-0.252,-0.441,9.367,9.360,0.299,2.309,0.043,2.298,0.034,0.061,0.031,0.078,-1.77,0.71,148.99,0.40,0.95,0.225,0.021,0.145,1544,1477,1540,1498,10.00,10.06,9.63,9.58
1787304102.345,33.079,True,1,2.976,2.769,-0.271,-0.383,9.425,9.419,0.301,2.310,0.044,2.298,0.034,0.061,0.024,0.058,-1.78,0.34,149.00,0.18,0.90,0.204,0.054,0.146,1542,1474,1540,1500,10.00,10.06,-0.18,-0.13
1787304102.355,33.089,True,1,2.976,2.769,-0.271,-0.385,9.423,9.417,0.301,2.310,0.044,2.299,0.034,0.061,0.024,0.058,-1.78,0.34,149.00,0.18,0.90,0.205,0.053,0.146,1542,1474,1540,1500,10.00,10.06,9.82,9.87
1787304102.365,33.099,True,1,2.976,2.769,-0.271,-0.387,9.421,9.415,0.301,2.310,0.044,2.299,0.035,0.061,0.024,0.058,-1.78,0.34,149.00,0.18,0.89,0.205,0.053,0.146,1542,1474,1540,1500,10.00,10.06,19.82,19.87
1787304102.375,33.109,True,1,2.976,2.769,-0.271,-0.389,9.419,9.413,0.300,2.310,0.044,2.299,0.035,0.061,0.024,0.058,-1.78,0.34,149.00,0.18,0.89,0.205,0.053,0.146,1542,1474,1540,1500,10.00,10.06,29.82,29.87
1787304102.385,33.119,True,1,2.976,2.769,-0.271,-0.391,9.417,9.411,0.300,2.310,0.044,2.300,0.035,0.061,0.024,0.058,-1.78,0.34,149.00,0.19,0.89,0.206,0.053,0.146,1542,1474,1540,1499,10.00,10.06,39.82,39.87
1787304102.395,33.129,True,1,2.976,2.769,-0.271,-0.393,9.415,9.409,0.300,2.310,0.044,2.300,0.035,0.061,0.024,0.058,-1.78,0.34,149.00,0.19,0.89,0.206,0.053,0.146,1542,1474,1540,1499,10.00,10.06,49.82,49.87
1787304102.405,33.139,True,1,2.976,2.769,-0.271,-0.395,9.413,9.407,0.300,2.310,0.044,2.300,0.036,0.061,0.024,0.058,-1.78,0.34,149.00,0.19,0.89,0.206,0.053,0.146,1542,1474,1540,1499,10.00,10.06,59.82,59.87
1787304102.415,33.149,True,1,2.976,2.769,-0.271,-0.397,9.411,9.405,0.300,2.310,0.044,2.301,0.036,0.061,0.024,0.058,-1.78,0.34,149.00,0.19,0.89,0.206,0.053,0.146,1542,1474,1540,1499,10.00,10.06,69.82,69.87
1787304102.426,33.160,True,1,2.968,2.769,-0.300,-0.278,9.530,9.522,0.304,2.312,0.048,2.301,0.036,0.056,0.019,0.093,-1.17,-0.52,149.11,0.50,1.11,0.176,0.168,0.143,1539,1461,1539,1504,10.00,10.06,-0.62,-0.57
1787304102.435,33.169,True,1,2.968,2.769,-0.300,-0.280,9.528,9.520,0.304,2.312,0.048,2.301,0.037,0.056,0.019,0.093,-1.17,-0.52,149.11,0.50,1.11,0.176,0.168,0.143,1539,1461,1539,1504,10.00,10.06,9.38,9.43
1787304102.445,33.179,True,1,2.968,2.769,-0.300,-0.282,9.526,9.518,0.304,2.312,0.048,2.302,0.037,0.056,0.019,0.093,-1.17,-0.52,149.11,0.50,1.11,0.177,0.168,0.143,1539,1461,1539,1503,10.00,10.06,19.37,19.42
1787304102.455,33.189,True,1,2.968,2.769,-0.300,-0.284,9.524,9.516,0.304,2.312,0.048,2.302,0.037,0.056,0.019,0.093,-1.17,-0.52,149.11,0.51,1.11,0.177,0.168,0.143,1539,1461,1539,1503,10.00,10.06,29.38,29.42
1787304102.465,33.199,True,1,2.968,2.769,-0.300,-0.286,9.522,9.515,0.304,2.312,0.048,2.303,0.038,0.056,0.019,0.093,-1.17,-0.52,149.11,0.51,1.11,0.177,0.168,0.143,1539,1461,1539,1503,10.00,10.06,39.38,39.43
1787304102.475,33.209,True,1,2.968,2.769,-0.300,-0.288,9.520,9.513,0.304,2.312,0.048,2.303,0.038,0.056,0.019,0.093,-1.17,-0.52,149.11,0.51,1.11,0.178,0.168,0.143,1539,1461,1539,1503,10.00,10.06,49.38,49.43
1787304102.485,33.219,True,1,2.968,2.769,-0.300,-0.290,9.518,9.511,0.304,2.312,0.048,2.303,0.039,0.056,0.019,0.093,-1.17,-0.52,149.11,0.51,1.11,0.178,0.168,0.143,1539,1461,1539,1503,10.00,10.06,59.38,59.43
1787304102.496,33.230,True,1,2.956,2.769,-0.334,-0.146,9.664,9.655,0.308,2.314,0.056,2.304,0.039,0.049,0.011,0.114,-0.62,-0.79,149.26,0.66,1.28,0.136,0.215,0.136,1535,1456,1538,1508,10.00,10.06,-0.42,-0.47
1787304102.505,33.239,True,1,2.955,2.769,-0.348,-0.102,9.707,9.700,0.310,2.314,0.056,2.304,0.040,0.048,0.007,0.104,-0.31,-0.78,149.36,0.54,1.25,0.091,0.212,0.130,1530,1456,1538,1510,10.00,10.06,-0.05,-0.11
1787304102.515,33.249,True,1,2.955,2.769,-0.348,-0.104,9.705,9.698,0.310,2.314,0.056,2.304,0.040,0.048,0.007,0.104,-0.31,-0.78,149.36,0.55,1.25,0.092,0.212,0.130,1530,1456,1538,1510,10.00,10.06,9.95,9.89
1787304102.525,33.259,True,1,2.955,2.769,-0.348,-0.106,9.703,9.696,0.309,2.314,0.056,2.304,0.041,0.048,0.007,0.104,-0.31,-0.78,149.36,0.55,1.25,0.092,0.212,0.130,1530,1456,1538,1510,10.00,10.06,19.95,19.89
1787304102.535,33.269,True,1,2.955,2.769,-0.348,-0.108,9.702,9.694,0.309,2.314,0.056,2.305,0.041,0.048,0.007,0.104,-0.31,-0.78,149.36,0.55,1.25,0.092,0.212,0.130,1530,1456,1538,1510,10.00,10.06,29.95,29.89
1787304102.545,33.279,True,1,2.955,2.769,-0.348,-0.110,9.700,9.692,0.309,2.314,0.056,2.305,0.042,0.048,0.007,0.104,-0.31,-0.78,149.36,0.56,1.25,0.093,0.212,0.130,1530,1456,1538,1510,10.00,10.06,39.95,39.89
1787304102.555,33.289,True,1,2.955,2.769,-0.348,-0.112,9.698,9.691,0.309,2.314,0.056,2.305,0.042,0.048,0.007,0.104,-0.31,-0.78,149.36,0.56,1.25,0.093,0.212,0.130,1530,1456,1538,1510,10.00,10.06,49.95,49.89
1787304102.566,33.300,True,1,2.946,2.769,-0.336,-0.112,9.699,9.693,0.309,2.313,0.062,2.306,0.043,0.042,-0.002,0.133,0.44,-0.47,149.49,0.78,1.49,0.037,0.207,0.121,1524,1457,1536,1510,10.00,10.06,-0.37,-0.42
1787304102.575,33.309,True,1,2.943,2.769,-0.366,-0.011,9.799,9.794,0.313,2.313,0.065,2.306,0.044,0.040,-0.003,0.124,0.54,-0.37,149.53,0.69,1.44,0.017,0.190,0.120,1521,1458,1536,1514,10.00,10.06,-0.07,-0.12
1787304102.585,33.319,True,1,2.943,2.769,-0.366,-0.013,9.797,9.793,0.313,2.313,0.065,2.306,0.044,0.040,-0.003,0.124,0.54,-0.37,149.53,0.70,1.44,0.017,0.190,0.120,1521,1458,1536,1513,10.00,10.06,9.93,9.88
1787304102.595,33.329,True,1,2.943,2.769,-0.366,-0.015,9.796,9.791,0.312,2.313,0.065,2.306,0.045,0.040,-0.003,0.124,0.54,-0.37,149.53,0.70,1.44,0.018,0.190,0.120,1521,1458,1536,1513,10.00,10.06,19.93,19.88
1787304102.605,33.339,True,1,2.943,2.769,-0.366,-0.016,9.794,9.789,0.312,2.313,0.065,2.307,0.046,0.040,-0.003,0.124,0.54,-0.37,149.53,0.71,1.44,0.018,0.191,0.120,1522,1458,1536,1513,10.00,10.06,29.93,29.88
1787304102.615,33.349,True,1,2.943,2.769,-0.366,-0.018,9.792,9.787,0.312,2.313,0.065,2.307,0.046,0.040,-0.003,0.124,0.54,-0.37,149.53,0.71,1.44,0.019,0.191,0.120,1522,1458,1536,1513,10.00,10.06,39.93,39.88
1787304102.626,33.360,True,1,2.936,2.769,-0.360,-0.010,9.801,9.800,0.313,2.313,0.068,2.307,0.047,0.036,-0.004,0.136,1.10,0.52,149.68,0.83,1.52,-0.030,0.107,0.113,1476,1468,1535,1514,10.00,10.06,-0.35,-0.31
1787304102.635,33.369,True,1,2.936,2.769,-0.360,-0.012,9.799,9.798,0.313,2.313,0.068,2.307,0.048,0.036,-0.004,0.136,1.10,0.52,149.68,0.83,1.52,-0.029,0.107,0.113,1476,1468,1535,1514,10.00,10.06,9.65,9.69
1787304102.645,33.379,True,1,2.936,2.769,-0.360,-0.013,9.798,9.796,0.313,2.313,0.068,2.307,0.048,0.036,-0.004,0.136,1.10,0.52,149.68,0.84,1.52,-0.029,0.108,0.113,1476,1468,1535,1514,10.00,10.06,19.65,19.70
1787304102.655,33.389,True,1,2.936,2.769,-0.360,-0.015,9.796,9.795,0.313,2.313,0.068,2.308,0.049,0.036,-0.004,0.136,1.10,0.52,149.68,0.84,1.52,-0.028,0.108,0.113,1476,1468,1535,1514,10.00,10.06,29.65,29.69
1787304102.666,33.400,True,1,2.927,2.769,-0.364,0.032,9.843,9.842,0.314,2.312,0.073,2.308,0.050,0.031,-0.014,0.135,1.37,1.13,149.74,0.79,1.60,-0.063,0.052,0.111,1472,1474,1535,1515,10.00,10.06,-0.31,-0.36
1787304102.675,33.409,True,1,2.927,2.769,-0.364,0.030,9.842,9.841,0.314,2.312,0.073,2.308,0.051,0.031,-0.014,0.135,1.37,1.13,149.74,0.79,1.60,-0.063,0.052,0.111,1472,1474,1535,1515,10.00,10.06,9.69,9.64
1787304102.685,33.419,True,1,2.927,2.769,-0.364,0.029,9.840,9.839,0.314,2.312,0.073,2.308,0.051,0.031,-0.014,0.135,1.37,1.13,149.74,0.79,1.60,-0.062,0.052,0.111,1473,1474,1535,1515,10.00,10.06,19.69,19.64
1787304102.695,33.429,True,1,2.927,2.769,-0.364,0.027,9.838,9.838,0.314,2.312,0.073,2.308,0.052,0.031,-0.014,0.135,1.37,1.13,149.74,0.80,1.60,-0.062,0.053,0.111,1473,1474,1535,1515,10.00,10.06,29.69,29.64
1787304102.705,33.439,True,1,2.927,2.769,-0.364,0.025,9.837,9.836,0.314,2.312,0.073,2.308,0.053,0.031,-0.014,0.135,1.37,1.13,149.74,0.80,1.60,-0.062,0.053,0.111,1473,1474,1535,1515,10.00,10.06,39.69,39.64
1787304102.715,33.449,True,1,2.927,2.769,-0.364,0.024,9.835,9.834,0.314,2.312,0.073,2.308,0.053,0.031,-0.014,0.135,1.37,1.13,149.74,0.81,1.61,-0.061,0.053,0.111,1473,1474,1535,1515,10.00,10.06,49.69,49.64
1787304102.726,33.460,True,1,2.919,2.769,-0.362,0.048,9.859,9.855,0.315,2.311,0.078,2.309,0.054,0.026,-0.011,0.109,1.88,2.22,149.68,0.59,1.44,-0.140,-0.078,0.117,1464,1528,1536,1516,10.00,10.06,-0.37,-0.42
1787304102.735,33.469,True,1,2.915,2.769,-0.348,0.020,9.831,9.827,0.314,2.311,0.080,2.309,0.055,0.024,-0.010,0.121,1.98,2.54,149.65,0.70,1.50,-0.138,-0.105,0.120,1464,1531,1536,1515,10.00,10.06,-0.08,-0.14
1787304102.745,33.479,True,1,2.915,2.769,-0.348,0.019,9.830,9.826,0.314,2.311,0.080,2.309,0.056,0.024,-0.010,0.121,1.98,2.54,149.65,0.71,1.50,-0.138,-0.105,0.120,1464,1531,1536,1515,10.00,10.06,9.92,9.86
1787304102.755,33.489,True,1,2.915,2.769,-0.348,0.017,9.828,9.824,0.314,2.311,0.080,2.309,0.057,0.024,-0.010,0.121,1.98,2.54,149.65,0.71,1.50,-0.137,-0.104,0.120,1464,1531,1536,1515,10.00,10.06,19.92,19.87
1787304102.765,33.499,True,1,2.915,2.769,-0.348,0.016,9.827,9.823,0.314,2.311,0.080,2.309,0.058,0.024,-0.010,0.121,1.98,2.54,149.65,0.72,1.50,-0.137,-0.104,0.120,1464,1531,1536,1515,10.00,10.06,29.92,29.86
1787304102.775,33.509,True,1,2.915,2.769,-0.348,0.014,9.825,9.821,0.313,2.311,0.080,2.309,0.058,0.024,-0.010,0.121,1.98,2.54,149.65,0.72,1.51,-0.136,-0.104,0.120,1464,1531,1536,1515,10.00,10.06,39.92,39.86
1787304102.786,33.520,True,1,2.910,2.769,-0.336,-0.002,9.808,9.798,0.313,2.311,0.083,2.309,0.059,0.022,-0.016,0.096,2.42,3.18,149.54,0.47,1.44,-0.211,-0.177,0.128,1456,1539,1537,1514,10.00,10.06,-0.29,-0.34
1787304102.795,33.529,True,1,2.910,2.769,-0.347,0.032,9.842,9.828,0.314,2.311,0.084,2.309,0.060,0.021,-0.009,0.086,2.61,3.38,149.46,0.41,1.32,-0.237,-0.210,0.134,1453,1543,1538,1515,10.00,10.06,-0.06,-0.12
1787304102.805,33.539,True,1,2.910,2.769,-0.347,0.031,9.841,9.827,0.314,2.311,0.084,2.309,0.061,0.021,-0.009,0.086,2.61,3.38,149.46,0.42,1.32,-0.237,-0.210,0.134,1453,1543,1538,1515,10.00,10.06,9.94,9.88
1787304102.815,33.549,True,1,2.910,2.769,-0.347,0.030,9.839,9.826,0.314,2.311,0.084,2.309,0.062,0.021,-0.009,0.086,2.61,3.38,149.46,0.42,1.33,-0.236,-0.209,0.134,1454,1543,1538,1515,10.00,10.06,19.94,19.88
1787304102.826,33.559,True,1,2.908,2.769,-0.329,-0.023,9.786,9.770,0.312,2.311,0.085,2.309,0.062,0.020,-0.007,0.085,2.77,3.59,149.40,0.43,1.31,-0.253,-0.233,0.138,1452,1545,1539,1513,10.00,10.06,-0.18,-0.22
1787304102.835,33.569,True,1,2.908,2.769,-0.329,-0.025,9.785,9.769,0.312,2.311,0.085,2.309,0.063,0.020,-0.007,0.085,2.77,3.59,149.40,0.43,1.31,-0.253,-0.233,0.138,1452,1545,1539,1513,10.00,10.06,9.83,9.78
1787304102.845,33.579,True,1,2.908,2.769,-0.329,-0.026,9.783,9.767,0.312,2.311,0.085,2.309,0.064,0.020,-0.007,0.085,2.77,3.59,149.40,0.44,1.31,-0.252,-0.233,0.138,1452,1545,1539,1513,10.00,10.06,19.82,19.78
1787304102.855,33.589,True,1,2.908,2.769,-0.329,-0.028,9.782,9.766,0.312,2.311,0.085,2.309,0.065,0.020,-0.007,0.085,2.77,3.59,149.40,0.44,1.31,-0.252,-0.232,0.138,1452,1545,1539,1513,10.00,10.06,29.83,29.78
1787304102.865,33.599,True,1,2.908,2.769,-0.329,-0.029,9.781,9.765,0.312,2.311,0.085,2.309,0.065,0.020,-0.007,0.085,2.77,3.59,149.40,0.45,1.32,-0.252,-0.232,0.138,1452,1545,1539,1512,10.00,10.06,39.83,39.78
1787304102.875,33.609,True,1,2.908,2.769,-0.329,-0.030,9.779,9.763,0.312,2.311,0.085,2.309,0.066,0.020,-0.007,0.085,2.77,3.59,149.40,0.45,1.32,-0.251,-0.232,0.138,1452,1545,1539,1512,10.00,10.06,49.83,49.78
1787304102.885,33.619,True,1,2.908,2.769,-0.329,-0.032,9.778,9.762,0.312,2.311,0.085,2.310,0.066,0.020,-0.007,0.085,2.77,3.59,149.40,0.45,1.32,-0.251,-0.232,0.138,1452,1545,1539,1512,10.00,10.06,59.82,59.77
1787304102.895,33.629,True,1,2.908,2.769,-0.329,-0.033,9.776,9.761,0.312,2.311,0.085,2.310,0.067,0.020,-0.007,0.085,2.77,3.59,149.40,0.46,1.32,-0.251,-0.232,0.138,1452,1545,1539,1512,10.00,10.06,69.82,69.78
1787304102.906,33.640,True,1,2.905,2.769,-0.306,-0.087,9.721,9.703,0.310,2.312,0.086,2.310,0.068,0.019,-0.004,0.040,2.69,3.44,149.22,0.07,1.07,-0.283,-0.241,0.146,1448,1546,1540,1510,10.00,10.06,-0.57,-0.51
1787304102.915,33.649,True,1,2.905,2.769,-0.306,-0.088,9.720,9.702,0.310,2.312,0.086,2.310,0.068,0.019,-0.004,0.040,2.69,3.44,149.22,0.07,1.07,-0.283,-0.241,0.146,1448,1546,1540,1510,10.00,10.06,9.42,9.49
1787304102.925,33.659,True,1,2.905,2.769,-0.306,-0.090,9.719,9.700,0.310,2.312,0.086,2.310,0.069,0.019,-0.004,0.040,2.69,3.44,149.22,0.08,1.07,-0.282,-0.241,0.146,1449,1546,1540,1510,10.00,10.06,19.42,19.49
1787304102.935,33.669,True,1,2.905,2.769,-0.306,-0.091,9.717,9.699,0.310,2.312,0.086,2.310,0.069,0.019,-0.004,0.040,2.69,3.44,149.22,0.08,1.07,-0.282,-0.241,0.146,1449,1546,1540,1510,10.00,10.06,29.42,29.49
1787304102.946,33.679,True,1,2.901,2.769,-0.292,-0.119,9.689,9.678,0.309,2.313,0.086,2.310,0.070,0.019,0.002,0.022,1.97,2.78,149.24,-0.05,0.92,-0.217,-0.190,0.141,1456,1540,1539,1509,10.00,10.06,-0.32,-0.27
1787304102.955,33.689,True,1,2.901,2.769,-0.292,-0.120,9.688,9.676,0.309,2.313,0.086,2.310,0.071,0.019,0.002,0.022,1.97,2.78,149.24,-0.05,0.92,-0.217,-0.190,0.141,1456,1540,1539,1509,10.00,10.06,9.68,9.73
1787304102.965,33.699,True,1,2.902,2.769,-0.261,-0.219,9.588,9.580,0.306,2.314,0.086,2.310,0.071,0.019,0.009,0.028,1.74,2.65,149.25,0.05,0.90,-0.184,-0.180,0.139,1459,1539,1539,1506,10.00,10.06,-0.11,-0.16
1787304102.975,33.709,True,1,2.902,2.769,-0.261,-0.221,9.587,9.578,0.306,2.314,0.086,2.310,0.072,0.019,0.009,0.028,1.74,2.65,149.25,0.05,0.90,-0.184,-0.179,0.139,1459,1539,1539,1506,10.00,10.06,9.90,9.85
1787304102.985,33.719,True,1,2.899,2.769,-0.262,-0.210,9.598,9.594,0.306,2.314,0.086,2.310,0.072,0.018,0.008,0.029,1.18,2.16,149.29,0.06,0.92,-0.122,-0.127,0.135,1466,1534,1538,1506,10.00,10.06,-0.15,-0.10
1787304102.995,33.729,True,1,2.899,2.769,-0.262,-0.211,9.597,9.593,0.306,2.314,0.086,2.311,0.072,0.018,0.008,0.029,1.18,2.16,149.29,0.06,0.92,-0.122,-0.127,0.135,1466,1534,1538,1506,10.00,10.06,9.84,9.89
1787304103.005,33.739,True,1,2.899,2.769,-0.262,-0.212,9.596,9.592,0.306,2.314,0.086,2.311,0.073,0.018,0.008,0.029,1.18,2.16,149.29,0.07,0.92,-0.121,-0.127,0.135,1466,1534,1538,1506,10.00,10.06,19.85,19.90
1787304103.015,33.749,True,1,2.899,2.769,-0.262,-0.213,9.594,9.590,0.306,2.314,0.086,2.311,0.073,0.018,0.008,0.029,1.18,2.16,149.29,0.07,0.92,-0.121,-0.127,0.135,1466,1534,1538,1506,10.00,10.06,29.85,29.90
1787304103.025,33.759,True,1,2.899,2.769,-0.262,-0.215,9.593,9.589,0.306,2.314,0.086,2.311,0.074,0.018,0.008,0.029,1.18,2.16,149.29,0.07,0.92,-0.121,-0.127,0.135,1466,1534,1538,1506,10.00,10.06,39.85,39.90
1787304103.035,33.769,True,1,2.899,2.769,-0.262,-0.216,9.592,9.588,0.306,2.314,0.086,2.311,0.074,0.018,0.008,0.029,1.18,2.16,149.29,0.08,0.92,-0.121,-0.127,0.135,1466,1534,1538,1506,10.00,10.06,49.85,49.90
1787304103.046,33.780,True,1,2.900,2.769,-0.285,-0.148,9.660,9.660,0.308,2.316,0.085,2.311,0.075,0.019,0.003,-0.004,0.04,1.13,149.44,-0.25,0.78,-0.033,-0.036,0.125,1476,1524,1537,1509,10.00,10.06,-0.42,-0.37
1787304103.055,33.789,True,1,2.900,2.769,-0.285,-0.149,9.659,9.659,0.308,2.316,0.085,2.311,0.075,0.019,0.003,-0.004,0.04,1.13,149.44,-0.25,0.78,-0.033,-0.036,0.125,1476,1524,1537,1509,10.00,10.06,9.58,9.63
1787304103.065,33.799,True,1,2.900,2.769,-0.262,-0.221,9.587,9.586,0.306,2.317,0.084,2.311,0.075,0.020,0.010,0.023,-0.44,0.65,149.52,0.04,0.88,0.049,0.023,0.122,1525,1477,1536,1506,10.00,10.06,-0.13,-0.18
1787304103.075,33.809,True,1,2.900,2.769,-0.262,-0.222,9.585,9.585,0.306,2.317,0.084,2.312,0.076,0.020,0.010,0.023,-0.44,0.65,149.52,0.04,0.88,0.049,0.023,0.122,1525,1477,1536,1506,10.00,10.06,9.87,9.82
1787304103.085,33.819,True,1,2.900,2.769,-0.262,-0.224,9.584,9.584,0.306,2.317,0.084,2.312,0.076,0.020,0.010,0.023,-0.44,0.65,149.52,0.05,0.88,0.049,0.023,0.122,1525,1477,1536,1506,10.00,10.06,19.87,19.82
1787304103.095,33.829,True,1,2.900,2.769,-0.262,-0.225,9.583,9.582,0.306,2.317,0.084,2.312,0.076,0.020,0.010,0.023,-0.44,0.65,149.52,0.05,0.88,0.049,0.023,0.122,1525,1477,1536,1506,10.00,10.06,29.87,29.82
1787304103.105,33.839,True,1,2.900,2.769,-0.262,-0.226,9.582,9.581,0.306,2.317,0.084,2.312,0.076,0.020,0.010,0.023,-0.44,0.65,149.52,0.05,0.88,0.050,0.023,0.122,1525,1477,1536,1506,10.00,10.06,39.87,39.82
1787304103.115,33.849,True,1,2.900,2.769,-0.262,-0.228,9.580,9.580,0.306,2.317,0.084,2.312,0.077,0.020,0.010,0.023,-0.44,0.65,149.52,0.05,0.88,0.050,0.023,0.122,1525,1477,1536,1506,10.00,10.06,49.87,49.82
1787304103.125,33.859,True,1,2.900,2.769,-0.262,-0.229,9.579,9.579,0.306,2.317,0.084,2.312,0.077,0.020,0.010,0.023,-0.44,0.65,149.52,0.05,0.88,0.050,0.023,0.122,1525,1477,1536,1506,10.00,10.06,59.87,59.82
1787304103.135,33.869,True,1,2.900,2.769,-0.262,-0.230,9.578,9.577,0.306,2.317,0.084,2.313,0.077,0.020,0.010,0.023,-0.44,0.65,149.52,0.06,0.88,0.050,0.023,0.122,1525,1477,1536,1506,10.00,10.06,69.87,69.82
1787304103.145,33.879,True,1,2.900,2.769,-0.262,-0.231,9.576,9.576,0.306,2.317,0.084,2.313,0.077,0.020,0.010,0.023,-0.44,0.65,149.52,0.06,0.88,0.050,0.023,0.122,1525,1477,1536,1506,10.00,10.06,79.87,79.82
1787304103.156,33.890,True,1,2.894,2.769,-0.281,-0.153,9.655,9.646,0.308,2.319,0.084,2.313,0.078,0.020,0.008,0.038,-1.81,-0.56,149.78,0.19,0.96,0.210,0.156,0.116,1543,1462,1536,1508,10.00,10.06,-0.58,-0.63
1787304103.165,33.899,True,1,2.894,2.769,-0.281,-0.154,9.654,9.644,0.308,2.319,0.084,2.313,0.078,0.020,0.008,0.038,-1.81,-0.56,149.78,0.19,0.96,0.210,0.156,0.116,1543,1462,1536,1508,10.00,10.06,9.42,9.37
1787304103.175,33.909,True,1,2.894,2.769,-0.281,-0.156,9.652,9.643,0.308,2.319,0.084,2.313,0.078,0.020,0.008,0.038,-1.81,-0.56,149.78,0.19,0.96,0.210,0.156,0.116,1543,1462,1536,1508,10.00,10.06,19.42,19.37
1787304103.185,33.919,True,1,2.894,2.769,-0.281,-0.157,9.651,9.642,0.308,2.319,0.084,2.314,0.078,0.020,0.008,0.038,-1.81,-0.56,149.78,0.19,0.96,0.210,0.156,0.116,1543,1462,1536,1508,10.00,10.06,29.43,29.38
1787304103.195,33.929,True,1,2.894,2.769,-0.281,-0.158,9.650,9.641,0.308,2.319,0.084,2.314,0.078,0.020,0.008,0.038,-1.81,-0.56,149.78,0.20,0.96,0.211,0.156,0.116,1543,1462,1536,1508,10.00,10.06,39.42,39.37
1787304103.205,33.939,True,1,2.894,2.769,-0.281,-0.159,9.649,9.639,0.308,2.319,0.084,2.314,0.079,0.020,0.008,0.038,-1.81,-0.56,149.78,0.20,0.96,0.211,0.156,0.116,1543,1462,1536,1508,10.01,10.07,49.43,49.38
1787304103.216,33.950,True,1,2.892,2.769,-0.300,-0.094,9.714,9.706,0.310,2.320,0.085,2.314,0.079,0.020,-0.000,0.025,-1.69,-0.66,149.95,0.04,0.96,0.182,0.167,0.108,1540,1461,1535,1510,9.99,10.06,-0.48,-0.44
1787304103.225,33.959,True,1,2.892,2.769,-0.300,-0.095,9.713,9.705,0.310,2.320,0.085,2.314,0.079,0.020,-0.000,0.025,-1.69,-0.66,149.95,0.04,0.96,0.182,0.167,0.108,1540,1461,1535,1510,10.01,10.06,9.52,9.57
1787304103.235,33.969,True,1,2.889,2.769,-0.303,-0.074,9.734,9.727,0.310,2.321,0.086,2.315,0.079,0.019,0.002,0.025,-1.61,-0.57,149.97,0.05,0.93,0.176,0.155,0.106,1539,1462,1534,1511,10.00,10.06,-0.13,-0.18
1787304103.245,33.979,True,1,2.889,2.769,-0.303,-0.075,9.733,9.725,0.310,2.321,0.086,2.315,0.080,0.019,0.002,0.025,-1.61,-0.57,149.97,0.06,0.93,0.176,0.155,0.106,1539,1462,1534,1511,10.00,10.06,9.87,9.82
1787304103.255,33.989,True,1,2.889,2.769,-0.303,-0.076,9.732,9.724,0.310,2.321,0.086,2.315,0.080,0.019,0.002,0.025,-1.61,-0.57,149.97,0.06,0.93,0.176,0.155,0.106,1539,1462,1534,1511,10.00,10.06,19.87,19.82
1787304103.265,33.999,True,1,2.889,2.769,-0.303,-0.078,9.730,9.723,0.310,2.321,0.086,2.315,0.080,0.019,0.002,0.025,-1.61,-0.57,149.97,0.06,0.93,0.176,0.155,0.106,1539,1462,1534,1511,10.00,10.06,29.87,29.82
1787304103.275,34.009,True,1,2.889,2.769,-0.303,-0.079,9.729,9.722,0.310,2.321,0.086,2.315,0.080,0.019,0.002,0.025,-1.61,-0.57,149.97,0.06,0.93,0.176,0.155,0.106,1539,1462,1534,1511,10.00,10.06,39.87,39.82
1787304103.285,34.019,True,1,2.889,2.769,-0.303,-0.080,9.728,9.721,0.310,2.321,0.086,2.316,0.080,0.019,0.002,0.025,-1.61,-0.57,149.97,0.06,0.93,0.177,0.155,0.106,1539,1462,1534,1511,10.00,10.06,49.87,49.82
1787304103.295,34.029,True,1,2.889,2.769,-0.303,-0.081,9.727,9.719,0.310,2.321,0.086,2.316,0.080,0.019,0.002,0.025,-1.61,-0.57,149.97,0.06,0.93,0.177,0.154,0.106,1539,1462,1534,1511,10.00,10.06,59.87,59.82
1787304103.305,34.039,True,1,2.889,2.769,-0.303,-0.082,9.726,9.718,0.310,2.321,0.086,2.316,0.081,0.019,0.002,0.025,-1.61,-0.57,149.97,0.07,0.93,0.177,0.154,0.106,1539,1462,1534,1511,10.00,10.06,69.87,69.82
1787304103.316,34.050,True,1,2.884,2.769,-0.282,-0.128,9.681,9.676,0.309,2.321,0.088,2.316,0.081,0.017,0.002,0.075,-0.80,-0.04,150.03,0.53,1.20,0.139,0.129,0.101,1535,1465,1534,1509,10.00,10.06,-0.59,-0.52
1787304103.325,34.059,True,1,2.884,2.769,-0.282,-0.129,9.680,9.675,0.309,2.321,0.088,2.316,0.081,0.017,0.002,0.075,-0.80,-0.04,150.03,0.53,1.20,0.139,0.129,0.101,1535,1465,1534,1509,10.00,10.06,9.41,9.48
1787304103.335,34.069,True,1,2.884,2.769,-0.282,-0.131,9.679,9.674,0.309,2.321,0.088,2.316,0.081,0.017,0.002,0.075,-0.80,-0.04,150.03,0.53,1.20,0.139,0.129,0.101,1535,1465,1534,1509,10.00,10.06,19.41,19.48
1787304103.345,34.079,True,1,2.884,2.769,-0.282,-0.132,9.677,9.673,0.309,2.321,0.088,2.317,0.082,0.017,0.002,0.075,-0.80,-0.04,150.03,0.53,1.20,0.139,0.129,0.101,1535,1465,1534,1509,10.00,10.06,29.40,29.47
1787304103.355,34.089,True,1,2.884,2.769,-0.282,-0.133,9.676,9.671,0.309,2.321,0.088,2.317,0.082,0.017,0.002,0.075,-0.80,-0.04,150.03,0.53,1.20,0.139,0.129,0.101,1535,1465,1534,1509,10.00,10.06,39.41,39.48
1787304103.365,34.099,True,1,2.884,2.769,-0.282,-0.134,9.675,9.670,0.309,2.321,0.088,2.317,0.082,0.017,0.002,0.075,-0.80,-0.04,150.03,0.54,1.20,0.140,0.129,0.101,1535,1465,1534,1509,10.00,10.06,49.41,49.48
1787304103.375,34.109,True,1,2.884,2.769,-0.282,-0.135,9.674,9.669,0.309,2.321,0.088,2.317,0.082,0.017,0.002,0.075,-0.80,-0.04,150.03,0.54,1.20,0.140,0.129,0.101,1535,1465,1534,1509,10.00,10.06,59.40,59.47
1787304103.385,34.119,True,1,2.884,2.769,-0.282,-0.136,9.673,9.668,0.309,2.321,0.088,2.317,0.082,0.017,0.002,0.075,-0.80,-0.04,150.03,0.54,1.20,0.140,0.129,0.101,1535,1465,1534,1509,10.00,10.06,69.40,69.47
1787304103.395,34.129,True,1,2.884,2.769,-0.282,-0.137,9.672,9.667,0.309,2.321,0.088,2.317,0.083,0.017,0.002,0.075,-0.80,-0.04,150.03,0.54,1.20,0.140,0.129,0.101,1535,1465,1534,1509,10.00,10.06,79.41,79.48
1787304103.406,34.140,True,1,2.876,2.769,-0.274,-0.131,9.677,9.677,0.309,2.322,0.092,2.317,0.083,0.014,-0.005,0.050,0.70,0.92,149.82,0.27,1.13,-0.047,0.023,0.108,1474,1477,1535,1509,10.00,10.06,-0.64,-0.59
1787304103.415,34.149,True,1,2.876,2.769,-0.274,-0.132,9.676,9.676,0.309,2.322,0.092,2.318,0.083,0.014,-0.005,0.050,0.70,0.92,149.82,0.27,1.13,-0.047,0.023,0.108,1474,1477,1535,1509,10.00,10.06,9.36,9.41
1787304103.425,34.159,True,1,2.876,2.769,-0.274,-0.133,9.675,9.675,0.309,2.322,0.092,2.318,0.083,0.014,-0.005,0.050,0.70,0.92,149.82,0.27,1.13,-0.047,0.023,0.108,1474,1477,1535,1509,10.00,10.06,19.36,19.41
1787304103.435,34.169,True,1,2.876,2.769,-0.274,-0.135,9.674,9.674,0.309,2.322,0.092,2.318,0.084,0.014,-0.005,0.050,0.70,0.92,149.82,0.28,1.13,-0.047,0.023,0.108,1474,1477,1535,1509,10.00,10.06,29.36,29.41
1787304103.445,34.179,True,1,2.876,2.769,-0.274,-0.136,9.673,9.673,0.309,2.322,0.092,2.318,0.084,0.014,-0.005,0.050,0.70,0.92,149.82,0.28,1.13,-0.047,0.023,0.108,1474,1477,1535,1509,10.00,10.06,39.36,39.41
1787304103.455,34.189,True,1,2.876,2.769,-0.274,-0.137,9.672,9.672,0.309,2.322,0.092,2.318,0.084,0.014,-0.005,0.050,0.70,0.92,149.82,0.28,1.13,-0.046,0.023,0.108,1474,1477,1535,1509,10.00,10.06,49.36,49.41
1787304103.466,34.200,True,1,2.867,2.769,-0.265,-0.128,9.681,9.675,0.309,2.322,0.093,2.318,0.085,0.012,-0.016,0.036,2.01,1.62,149.57,0.09,1.16,-0.205,-0.044,0.121,1457,1524,1536,1509,10.00,10.06,-0.42,-0.47
1787304103.475,34.209,True,1,2.867,2.769,-0.258,-0.150,9.659,9.649,0.308,2.322,0.093,2.318,0.085,0.012,-0.017,0.036,2.54,1.87,149.47,0.09,1.17,-0.261,-0.067,0.127,1451,1527,1537,1508,10.00,10.06,-0.07,-0.13
1787304103.485,34.219,True,1,2.867,2.769,-0.258,-0.151,9.658,9.648,0.308,2.322,0.093,2.319,0.085,0.012,-0.017,0.036,2.54,1.87,149.47,0.09,1.17,-0.261,-0.067,0.127,1451,1527,1537,1508,10.00,10.06,9.94,9.88
1787304103.495,34.229,True,1,2.867,2.769,-0.258,-0.152,9.657,9.648,0.308,2.322,0.093,2.319,0.085,0.012,-0.017,0.036,2.54,1.87,149.47,0.09,1.17,-0.261,-0.067,0.127,1451,1527,1537,1508,10.00,10.06,19.93,19.87
1787304103.505,34.239,True,1,2.867,2.769,-0.258,-0.153,9.656,9.647,0.308,2.322,0.093,2.319,0.086,0.012,-0.017,0.036,2.54,1.87,149.47,0.09,1.17,-0.261,-0.067,0.127,1451,1527,1537,1508,10.00,10.06,29.93,29.87
1787304103.515,34.249,True,1,2.867,2.769,-0.258,-0.154,9.655,9.646,0.308,2.322,0.093,2.319,0.086,0.012,-0.017,0.036,2.54,1.87,149.47,0.10,1.17,-0.261,-0.067,0.127,1451,1527,1537,1508,10.00,10.06,39.93,39.87
1787304103.525,34.259,True,1,2.867,2.769,-0.258,-0.155,9.654,9.645,0.308,2.322,0.093,2.319,0.086,0.012,-0.017,0.036,2.54,1.87,149.47,0.10,1.17,-0.260,-0.067,0.127,1451,1527,1537,1508,10.00,10.06,49.93,49.87
1787304103.535,34.269,True,1,2.867,2.769,-0.258,-0.155,9.653,9.644,0.308,2.322,0.093,2.319,0.086,0.012,-0.017,0.036,2.54,1.87,149.47,0.10,1.17,-0.260,-0.067,0.127,1451,1527,1537,1508,10.00,10.06,59.93,59.87
1787304103.545,34.279,True,1,2.867,2.769,-0.258,-0.156,9.652,9.643,0.308,2.322,0.093,2.319,0.087,0.012,-0.017,0.036,2.54,1.87,149.47,0.10,1.17,-0.260,-0.067,0.127,1451,1527,1537,1508,10.00,10.06,69.94,69.88
1787304103.556,34.290,True,1,2.858,2.769,-0.295,-0.010,9.797,9.767,0.312,2.321,0.092,2.319,0.087,0.013,-0.009,-0.039,3.69,2.35,149.29,-0.54,0.68,-0.448,-0.166,0.143,1431,1538,1539,1513,10.00,10.06,-0.47,-0.52
1787304103.565,34.299,True,1,2.858,2.769,-0.295,-0.011,9.797,9.766,0.312,2.321,0.092,2.319,0.087,0.013,-0.009,-0.039,3.69,2.35,149.29,-0.54,0.68,-0.448,-0.166,0.143,1431,1538,1539,1513,10.00,10.06,9.53,9.48
1787304103.575,34.309,True,1,2.858,2.769,-0.295,-0.012,9.796,9.765,0.312,2.321,0.092,2.319,0.087,0.013,-0.009,-0.039,3.69,2.35,149.29,-0.54,0.68,-0.448,-0.166,0.143,1431,1538,1539,1512,10.00,10.06,19.53,19.48
1787304103.585,34.319,True,1,2.858,2.769,-0.295,-0.013,9.795,9.764,0.312,2.321,0.092,2.319,0.087,0.013,-0.009,-0.039,3.69,2.35,149.29,-0.54,0.68,-0.448,-0.166,0.143,1431,1538,1539,1512,10.00,10.06,29.53,29.48
1787304103.595,34.329,True,1,2.858,2.769,-0.295,-0.014,9.794,9.763,0.312,2.321,0.092,2.319,0.087,0.013,-0.009,-0.039,3.69,2.35,149.29,-0.54,0.68,-0.448,-0.166,0.143,1431,1538,1539,1512,10.00,10.06,39.53,39.48
1787304103.605,34.339,True,1,2.858,2.769,-0.295,-0.015,9.793,9.762,0.312,2.321,0.092,2.319,0.088,0.013,-0.009,-0.039,3.69,2.35,149.29,-0.54,0.68,-0.448,-0.166,0.143,1431,1538,1539,1512,10.00,10.06,49.53,49.48
1787304103.615,34.349,True,1,2.858,2.769,-0.295,-0.016,9.792,9.761,0.312,2.321,0.092,2.319,0.088,0.013,-0.009,-0.039,3.69,2.35,149.29,-0.54,0.68,-0.448,-0.166,0.143,1431,1538,1539,1512,10.00,10.06,59.53,59.48
1787304103.625,34.359,True,1,2.858,2.769,-0.295,-0.016,9.791,9.761,0.312,2.321,0.092,2.320,0.088,0.013,-0.009,-0.039,3.69,2.35,149.29,-0.53,0.68,-0.448,-0.166,0.143,1431,1538,1539,1512,10.00,10.06,69.53,69.48
1787304103.635,34.369,True,1,2.858,2.769,-0.295,-0.017,9.790,9.760,0.312,2.321,0.092,2.320,0.088,0.013,-0.009,-0.039,3.69,2.35,149.29,-0.53,0.68,-0.448,-0.166,0.143,1431,1538,1539,1512,10.00,10.06,79.53,79.48
1787304103.646,34.380,True,1,2.846,2.769,-0.310,0.074,9.882,9.845,0.314,2.319,0.086,2.320,0.088,0.018,-0.019,-0.072,3.66,2.56,149.33,-0.88,0.58,-0.481,-0.198,0.143,1427,1541,1539,1515,10.00,10.06,-0.67,-0.71
1787304103.655,34.389,True,1,2.846,2.769,-0.310,0.073,9.881,9.845,0.314,2.319,0.086,2.319,0.088,0.018,-0.019,-0.072,3.66,2.56,149.33,-0.88,0.58,-0.481,-0.198,0.143,1427,1541,1539,1515,10.00,10.06,9.33,9.29
1787304103.665,34.399,True,1,2.846,2.769,-0.310,0.072,9.881,9.844,0.314,2.319,0.086,2.319,0.088,0.018,-0.019,-0.072,3.66,2.56,149.33,-0.88,0.58,-0.481,-0.198,0.143,1427,1541,1539,1515,10.00,10.06,19.33,19.29
1787304103.675,34.409,True,1,2.846,2.769,-0.310,0.072,9.880,9.843,0.314,2.319,0.086,2.319,0.088,0.018,-0.019,-0.072,3.66,2.56,149.33,-0.88,0.58,-0.481,-0.198,0.143,1427,1541,1539,1515,10.00,10.06,29.33,29.29
1787304103.685,34.419,True,1,2.846,2.769,-0.310,0.071,9.879,9.842,0.314,2.319,0.086,2.319,0.088,0.018,-0.019,-0.072,3.66,2.56,149.33,-0.88,0.58,-0.481,-0.198,0.143,1427,1541,1539,1515,10.01,10.07,39.34,39.29
1787304103.695,34.429,True,1,2.846,2.769,-0.310,0.070,9.878,9.842,0.314,2.319,0.086,2.319,0.088,0.018,-0.019,-0.072,3.66,2.56,149.33,-0.88,0.58,-0.481,-0.198,0.143,1427,1541,1539,1515,10.00,10.06,49.34,49.29
1787304103.705,34.439,True,1,2.846,2.769,-0.310,0.069,9.878,9.841,0.314,2.319,0.086,2.319,0.088,0.018,-0.019,-0.072,3.66,2.56,149.33,-0.88,0.58,-0.481,-0.198,0.143,1427,1541,1539,1515,10.00,10.06,59.33,59.29
1787304103.716,34.450,True,1,2.835,2.769,-0.325,0.157,9.965,9.947,0.317,2.315,0.077,2.319,0.087,0.027,-0.016,-0.096,2.09,1.89,149.69,-1.07,0.43,-0.334,-0.148,0.120,1443,1536,1536,1519,10.00,10.06,-0.48,-0.54
1787304103.725,34.459,True,1,2.835,2.769,-0.325,0.156,9.965,9.946,0.317,2.315,0.077,2.319,0.087,0.027,-0.016,-0.096,2.09,1.89,149.69,-1.07,0.43,-0.335,-0.149,0.120,1443,1536,1536,1519,10.00,10.06,9.52,9.46
1787304103.735,34.469,True,1,2.835,2.769,-0.325,0.155,9.964,9.946,0.317,2.315,0.077,2.319,0.087,0.027,-0.016,-0.096,2.09,1.89,149.69,-1.07,0.43,-0.335,-0.149,0.120,1443,1536,1536,1519,10.00,10.06,19.52,19.46
1787304103.745,34.479,True,1,2.835,2.769,-0.325,0.155,9.963,9.945,0.317,2.315,0.077,2.319,0.086,0.027,-0.016,-0.096,2.09,1.89,149.69,-1.08,0.43,-0.335,-0.149,0.120,1443,1536,1536,1519,10.00,10.06,29.52,29.46
1787304103.755,34.489,True,1,2.835,2.769,-0.325,0.154,9.963,9.944,0.317,2.315,0.077,2.319,0.086,0.027,-0.016,-0.096,2.09,1.89,149.69,-1.08,0.43,-0.335,-0.149,0.120,1443,1536,1536,1519,10.00,10.06,39.52,39.46
1787304103.765,34.499,True,1,2.835,2.769,-0.325,0.153,9.962,9.944,0.317,2.315,0.077,2.319,0.086,0.027,-0.016,-0.096,2.09,1.89,149.69,-1.08,0.43,-0.336,-0.149,0.120,1443,1536,1536,1519,10.00,10.06,49.52,49.46
1787304103.776,34.510,True,1,2.824,2.769,-0.356,0.292,10.101,10.099,0.322,2.313,0.070,2.318,0.085,0.034,-0.025,-0.121,-0.35,1.01,150.32,-1.34,0.39,-0.105,-0.065,0.086,1468,1527,1532,1524,10.00,10.06,-0.47,-0.42
1787304103.785,34.519,True,1,2.824,2.769,-0.356,0.291,10.101,10.099,0.322,2.313,0.070,2.318,0.085,0.034,-0.025,-0.121,-0.35,1.01,150.32,-1.34,0.39,-0.105,-0.065,0.086,1468,1527,1532,1524,10.00,10.06,9.53,9.58
1787304103.795,34.529,True,1,2.819,2.769,-0.332,0.240,10.049,10.048,0.321,2.312,0.067,2.318,0.084,0.037,-0.018,-0.099,-0.88,0.82,150.44,-1.12,0.44,-0.026,-0.041,0.081,1477,1524,1531,1523,10.00,10.06,-0.12,-0.17
1787304103.805,34.539,True,1,2.819,2.769,-0.332,0.239,10.048,10.048,0.321,2.312,0.067,2.318,0.083,0.037,-0.018,-0.099,-0.88,0.82,150.44,-1.12,0.44,-0.026,-0.041,0.081,1477,1524,1531,1523,10.00,10.06,9.88,9.83
1787304103.815,34.549,True,1,2.819,2.769,-0.332,0.239,10.048,10.047,0.321,2.312,0.067,2.318,0.083,0.037,-0.018,-0.099,-0.88,0.82,150.44,-1.12,0.44,-0.026,-0.041,0.081,1477,1524,1531,1523,10.00,10.06,19.88,19.83
1787304103.825,34.559,True,1,2.819,2.769,-0.332,0.238,10.047,10.047,0.321,2.312,0.067,2.317,0.082,0.037,-0.018,-0.099,-0.88,0.82,150.44,-1.13,0.44,-0.027,-0.041,0.081,1476,1524,1531,1523,10.00,10.06,29.88,29.83
1787304103.835,34.569,True,1,2.819,2.769,-0.332,0.238,10.047,10.046,0.321,2.312,0.067,2.317,0.082,0.037,-0.018,-0.099,-0.88,0.82,150.44,-1.13,0.44,-0.027,-0.041,0.081,1476,1524,1531,1523,10.00,10.06,39.88,39.83
1787304103.845,34.579,True,1,2.819,2.769,-0.332,0.237,10.046,10.046,0.321,2.312,0.067,2.317,0.081,0.037,-0.018,-0.099,-0.88,0.82,150.44,-1.14,0.44,-0.028,-0.041,0.081,1476,1524,1531,1523,10.00,10.06,49.88,49.83
1787304103.856,34.590,True,1,2.803,2.769,-0.364,0.395,10.203,10.195,0.325,2.309,0.061,2.317,0.081,0.044,-0.003,-0.087,-3.16,0.16,151.10,-0.94,0.37,0.232,0.019,0.054,1545,1477,1527,1528,10.00,10.06,-0.37,-0.41
1787304103.865,34.599,True,1,2.803,2.769,-0.364,0.395,10.203,10.195,0.325,2.309,0.061,2.317,0.080,0.044,-0.003,-0.087,-3.16,0.16,151.10,-0.94,0.37,0.232,0.019,0.054,1545,1477,1527,1528,10.00,10.06,9.64,9.59
1787304103.875,34.609,True,1,2.800,2.769,-0.382,0.461,10.270,10.256,0.327,2.309,0.059,2.316,0.079,0.045,-0.003,-0.108,-4.03,-0.09,151.42,-1.13,0.27,0.303,0.035,0.041,1553,1476,1525,1530,10.00,10.06,-0.17,-0.13
1787304103.885,34.619,True,1,2.800,2.769,-0.382,0.461,10.269,10.256,0.327,2.309,0.059,2.316,0.079,0.045,-0.003,-0.108,-4.03,-0.09,151.42,-1.14,0.26,0.303,0.034,0.041,1553,1476,1525,1530,10.00,10.06,9.83,9.88
1787304103.895,34.629,True,1,2.800,2.769,-0.382,0.460,10.269,10.256,0.327,2.309,0.059,2.316,0.078,0.045,-0.003,-0.108,-4.03,-0.09,151.42,-1.14,0.26,0.302,0.034,0.041,1553,1476,1525,1530,10.00,10.06,19.83,19.88
1787304103.905,34.639,True,1,2.800,2.769,-0.382,0.460,10.269,10.256,0.327,2.309,0.059,2.316,0.077,0.045,-0.003,-0.108,-4.03,-0.09,151.42,-1.15,0.26,0.302,0.034,0.041,1552,1476,1525,1530,10.01,10.07,29.83,29.88
1787304103.915,34.649,True,1,2.800,2.769,-0.382,0.460,10.269,10.255,0.327,2.309,0.059,2.315,0.077,0.045,-0.003,-0.108,-4.03,-0.09,151.42,-1.15,0.26,0.301,0.034,0.041,1552,1476,1525,1530,10.00,10.07,39.83,39.88
1787304103.925,34.659,True,1,2.800,2.769,-0.382,0.459,10.268,10.255,0.327,2.309,0.059,2.315,0.076,0.045,-0.003,-0.108,-4.03,-0.09,151.42,-1.16,0.26,0.301,0.034,0.041,1552,1476,1525,1530,9.99,10.06,49.83,49.87
1787304103.935,34.669,True,1,2.800,2.769,-0.382,0.459,10.268,10.255,0.327,2.309,0.059,2.315,0.076,0.045,-0.003,-0.108,-4.03,-0.09,151.42,-1.16,0.26,0.300,0.034,0.041,1552,1476,1525,1530,10.00,10.06,59.83,59.88
1787304103.945,34.679,True,1,2.800,2.769,-0.382,0.459,10.268,10.255,0.327,2.309,0.059,2.315,0.075,0.045,-0.003,-0.108,-4.03,-0.09,151.42,-1.16,0.26,0.300,0.034,0.041,1552,1476,1525,1530,10.00,10.06,69.82,69.87
1787304103.955,34.689,True,1,2.800,2.769,-0.382,0.459,10.267,10.254,0.327,2.309,0.059,2.315,0.075,0.045,-0.003,-0.108,-4.03,-0.09,151.42,-1.17,0.26,0.299,0.034,0.041,1552,1476,1525,1530,10.00,10.06,79.83,79.88
1787304103.966,34.700,True,1,2.775,2.769,-0.397,0.603,10.410,10.373,0.331,2.306,0.054,2.314,0.074,0.052,0.008,-0.058,-5.45,-0.27,152.35,-0.66,0.41,0.501,0.071,0.005,1574,1472,1520,1534,10.01,10.07,-0.63,-0.58
1787304103.975,34.709,True,1,2.775,2.769,-0.397,0.603,10.410,10.373,0.331,2.306,0.054,2.314,0.073,0.052,0.008,-0.058,-5.45,-0.27,152.35,-0.67,0.41,0.501,0.071,0.005,1574,1472,1520,1534,9.99,10.06,9.36,9.41
1787304103.985,34.719,True,1,2.775,2.769,-0.397,0.603,10.410,10.373,0.331,2.306,0.054,2.314,0.073,0.052,0.008,-0.058,-5.45,-0.27,152.35,-0.67,0.41,0.500,0.070,0.005,1574,1472,1520,1534,10.00,10.06,19.36,19.41
1787304103.995,34.729,True,1,2.775,2.769,-0.397,0.603,10.410,10.373,0.331,2.306,0.054,2.313,0.072,0.052,0.008,-0.058,-5.45,-0.27,152.35,-0.68,0.41,0.500,0.070,0.005,1573,1472,1520,1534,10.00,10.06,29.36,29.41
1787304104.006,34.740,True,1,2.761,2.769,-0.404,0.681,10.488,10.449,0.334,2.304,0.052,2.313,0.071,0.054,0.016,-0.031,-5.33,-0.03,152.77,-0.40,0.46,0.516,0.053,-0.015,1575,1474,1477,1537,10.00,10.06,-0.32,-0.28
1787304104.015,34.749,True,1,2.761,2.769,-0.404,0.681,10.488,10.449,0.334,2.304,0.052,2.313,0.071,0.054,0.016,-0.031,-5.33,-0.03,152.77,-0.41,0.46,0.515,0.053,-0.015,1575,1474,1477,1537,10.00,10.06,9.68,9.73
1787304104.025,34.759,True,1,2.761,2.769,-0.404,0.681,10.488,10.450,0.334,2.304,0.052,2.312,0.070,0.054,0.016,-0.031,-5.33,-0.03,152.77,-0.41,0.46,0.515,0.053,-0.015,1575,1474,1477,1537,10.00,10.06,19.68,19.73
1787304104.036,34.769,True,1,2.747,2.769,-0.397,0.718,10.525,10.494,0.335,2.302,0.051,2.312,0.069,0.055,0.021,-0.017,-4.66,0.14,153.03,-0.26,0.48,0.461,0.038,-0.028,1569,1475,1476,1538,10.00,10.06,-0.21,-0.26
1787304104.045,34.779,True,1,2.747,2.769,-0.397,0.718,10.525,10.494,0.335,2.302,0.051,2.312,0.069,0.055,0.021,-0.017,-4.66,0.14,153.03,-0.27,0.48,0.460,0.038,-0.028,1569,1475,1476,1538,10.00,10.06,9.79,9.74
1787304104.055,34.789,True,1,2.747,2.769,-0.397,0.718,10.525,10.494,0.335,2.302,0.051,2.311,0.068,0.055,0.021,-0.017,-4.66,0.14,153.03,-0.27,0.48,0.460,0.038,-0.028,1569,1475,1476,1538,10.00,10.06,19.79,19.74
1787304104.065,34.799,True,1,2.747,2.769,-0.397,0.718,10.525,10.494,0.335,2.302,0.051,2.311,0.068,0.055,0.021,-0.017,-4.66,0.14,153.03,-0.28,0.48,0.459,0.038,-0.028,1569,1475,1476,1538,10.00,10.06,29.79,29.74
1787304104.075,34.809,True,1,2.747,2.769,-0.397,0.719,10.526,10.495,0.335,2.302,0.051,2.311,0.067,0.055,0.021,-0.017,-4.66,0.14,153.03,-0.28,0.48,0.459,0.038,-0.028,1569,1475,1476,1538,10.00,10.06,39.79,39.74
1787304104.085,34.819,True,1,2.747,2.769,-0.397,0.719,10.526,10.495,0.335,2.302,0.051,2.311,0.066,0.055,0.021,-0.017,-4.66,0.14,153.03,-0.29,0.48,0.458,0.038,-0.028,1569,1475,1476,1538,10.00,10.06,49.79,49.74
1787304104.097,34.831,True,1,2.747,2.769,-0.397,0.719,10.526,10.495,0.335,2.302,0.051,2.310,0.066,0.055,0.021,-0.017,-4.66,0.14,153.03,-0.29,0.48,0.458,0.038,-0.028,1569,1475,1476,1538,10.00,10.06,59.79,59.74
1787304104.105,34.839,True,1,2.747,2.769,-0.397,0.719,10.526,10.496,0.335,2.302,0.051,2.310,0.065,0.055,0.021,-0.017,-4.66,0.14,153.03,-0.30,0.48,0.457,0.038,-0.028,1569,1475,1476,1538,10.00,10.06,69.79,69.74
1787304104.116,34.850,True,1,2.728,2.769,-0.389,0.768,10.575,10.560,0.337,2.300,0.051,2.310,0.065,0.056,0.024,0.030,-2.92,0.24,153.53,0.12,0.66,0.319,0.046,-0.051,1554,1474,1472,1541,10.00,10.06,-0.51,-0.57
1787304104.125,34.859,True,1,2.728,2.769,-0.389,0.768,10.576,10.560,0.337,2.300,0.051,2.309,0.065,0.056,0.024,0.030,-2.92,0.24,153.53,0.12,0.66,0.319,0.046,-0.051,1554,1474,1472,1541,10.00,10.06,9.49,9.42
1787304104.135,34.869,True,1,2.728,2.769,-0.389,0.769,10.576,10.561,0.337,2.300,0.051,2.309,0.064,0.056,0.024,0.030,-2.92,0.24,153.53,0.12,0.66,0.319,0.046,-0.051,1554,1474,1472,1541,10.00,10.06,19.49,19.43
1787304104.145,34.879,True,1,2.728,2.769,-0.389,0.769,10.576,10.561,0.337,2.300,0.051,2.309,0.064,0.056,0.024,0.030,-2.92,0.24,153.53,0.11,0.66,0.318,0.046,-0.051,1554,1474,1472,1541,10.00,10.06,29.49,29.42
1787304104.155,34.889,True,1,2.728,2.769,-0.389,0.770,10.577,10.562,0.337,2.300,0.051,2.308,0.063,0.056,0.024,0.030,-2.92,0.24,153.53,0.11,0.66,0.318,0.046,-0.051,1554,1474,1472,1541,10.00,10.06,39.49,39.43
1787304104.165,34.899,True,1,2.728,2.769,-0.389,0.770,10.577,10.562,0.337,2.300,0.051,2.308,0.063,0.056,0.024,0.030,-2.92,0.24,153.53,0.10,0.66,0.317,0.046,-0.051,1554,1474,1472,1541,10.01,10.07,49.49,49.43
1787304104.175,34.909,True,1,2.728,2.769,-0.389,0.770,10.578,10.563,0.337,2.300,0.051,2.308,0.062,0.056,0.024,0.030,-2.92,0.24,153.53,0.10,0.66,0.317,0.046,-0.051,1554,1474,1472,1541,9.99,10.06,59.49,59.42
1787304104.185,34.919,True,1,2.728,2.769,-0.389,0.771,10.578,10.563,0.337,2.300,0.051,2.308,0.062,0.056,0.024,0.030,-2.92,0.24,153.53,0.10,0.66,0.317,0.047,-0.051,1554,1474,1472,1541,10.01,10.06,69.49,69.43
1787304104.196,34.930,True,1,2.710,2.769,-0.366,0.779,10.586,10.586,0.338,2.300,0.054,2.307,0.062,0.053,0.031,0.042,-0.01,0.36,154.25,0.24,0.66,0.027,0.031,-0.085,1523,1476,1468,1542,10.00,10.06,-0.63,-0.68
1787304104.205,34.939,True,1,2.710,2.769,-0.366,0.779,10.587,10.586,0.338,2.300,0.054,2.307,0.061,0.053,0.031,0.042,-0.01,0.36,154.25,0.24,0.66,0.027,0.031,-0.085,1522,1476,1468,1542,10.01,10.07,9.38,9.33
1787304104.215,34.949,True,1,2.710,2.769,-0.366,0.780,10.587,10.587,0.338,2.300,0.054,2.307,0.061,0.053,0.031,0.042,-0.01,0.36,154.25,0.24,0.66,0.027,0.031,-0.085,1522,1476,1468,1542,9.99,10.06,19.37,19.32
1787304104.225,34.959,True,1,2.710,2.769,-0.366,0.780,10.588,10.588,0.338,2.300,0.054,2.307,0.061,0.053,0.031,0.042,-0.01,0.36,154.25,0.23,0.66,0.026,0.031,-0.085,1522,1476,1468,1542,10.00,10.06,29.37,29.32
1787304104.235,34.969,True,1,2.710,2.769,-0.366,0.781,10.588,10.588,0.338,2.300,0.054,2.306,0.061,0.053,0.031,0.042,-0.01,0.36,154.25,0.23,0.66,0.026,0.031,-0.085,1522,1476,1468,1542,10.00,10.06,39.37,39.32
1787304104.245,34.979,True,1,2.710,2.769,-0.366,0.782,10.589,10.589,0.338,2.300,0.054,2.306,0.060,0.053,0.031,0.042,-0.01,0.36,154.25,0.23,0.66,0.026,0.031,-0.085,1522,1476,1468,1542,10.00,10.07,49.37,49.33
1787304104.255,34.989,True,1,2.710,2.769,-0.366,0.782,10.590,10.589,0.338,2.300,0.054,2.306,0.060,0.053,0.031,0.042,-0.01,0.36,154.25,0.23,0.66,0.025,0.031,-0.085,1522,1476,1468,1542,10.00,10.06,59.37,59.32
1787304104.266,35.000,True,1,2.698,2.769,-0.328,0.713,10.520,10.517,0.336,2.300,0.056,2.306,0.060,0.051,0.030,0.039,1.71,0.50,154.75,0.20,0.66,-0.157,0.013,-0.107,1462,1478,1465,1539,10.00,10.06,-0.49,-0.44
1787304104.275,35.009,True,1,2.697,2.769,-0.336,0.743,10.550,10.545,0.337,2.301,0.056,2.306,0.060,0.051,0.031,0.030,1.92,0.56,154.83,0.12,0.61,-0.188,0.001,-0.110,1459,1479,1464,1540,10.00,10.06,-0.11,-0.06
1787304104.285,35.019,True,1,2.694,2.769,-0.324,0.721,10.528,10.523,0.336,2.301,0.056,2.306,0.060,0.050,0.028,0.031,1.92,0.56,154.83,0.12,0.64,-0.188,0.004,-0.110,1459,1479,1464,1539,10.00,10.06,9.89,-0.06
1787304104.295,35.029,True,1,2.694,2.769,-0.324,0.722,10.529,10.524,0.336,2.301,0.056,2.305,0.060,0.050,0.028,0.031,1.92,0.56,154.83,0.11,0.64,-0.189,0.005,-0.110,1459,1479,1464,1539,10.00,10.06,19.88,9.93
1787304104.305,35.039,True,1,2.694,2.769,-0.324,0.722,10.530,10.524,0.336,2.301,0.056,2.305,0.060,0.050,0.028,0.031,1.92,0.56,154.83,0.11,0.64,-0.189,0.005,-0.110,1459,1479,1464,1539,10.00,10.06,29.88,19.93
1787304104.315,35.049,True,1,2.694,2.769,-0.324,0.723,10.531,10.525,0.336,2.301,0.056,2.305,0.059,0.050,0.028,0.031,1.92,0.56,154.83,0.11,0.64,-0.189,0.005,-0.110,1459,1479,1464,1539,10.00,10.06,39.89,29.94
1787304104.325,35.059,True,1,2.694,2.769,-0.324,0.724,10.531,10.526,0.336,2.301,0.056,2.305,0.059,0.050,0.028,0.031,1.92,0.56,154.83,0.11,0.64,-0.189,0.005,-0.110,1459,1479,1464,1539,10.00,10.06,49.88,39.93
1787304104.335,35.069,True,1,2.694,2.769,-0.324,0.725,10.532,10.527,0.336,2.301,0.056,2.305,0.059,0.050,0.028,0.031,1.92,0.56,154.83,0.11,0.64,-0.189,0.005,-0.110,1459,1479,1464,1540,10.00,10.06,59.88,49.93
1787304104.346,35.080,True,1,2.685,2.769,-0.276,0.616,10.424,10.413,0.332,2.302,0.057,2.305,0.059,0.050,0.024,0.041,2.75,0.75,155.21,0.19,0.72,-0.267,-0.009,-0.126,1450,1520,1462,1536,10.00,10.06,-0.37,-0.42
1787304104.355,35.089,True,1,2.685,2.769,-0.276,0.617,10.425,10.414,0.332,2.302,0.057,2.305,0.059,0.050,0.024,0.041,2.75,0.75,155.21,0.18,0.72,-0.267,-0.009,-0.126,1450,1520,1462,1536,10.00,10.06,9.63,9.58
1787304104.365,35.099,True,1,2.684,2.769,-0.277,0.626,10.433,10.420,0.333,2.302,0.057,2.304,0.059,0.050,0.015,0.010,2.76,0.75,155.36,-0.13,0.67,-0.301,-0.014,-0.132,1447,1521,1461,1536,10.00,10.06,-0.18,-0.13
1787304104.375,35.109,True,1,2.680,2.769,-0.279,0.648,10.455,10.443,0.333,2.302,0.057,2.304,0.059,0.049,0.025,0.018,2.76,0.75,155.36,-0.02,0.62,-0.290,-0.020,-0.132,1448,1522,1461,1537,10.00,10.06,9.82,-0.07
1787304104.385,35.119,True,1,2.680,2.769,-0.279,0.649,10.456,10.444,0.333,2.302,0.057,2.304,0.059,0.049,0.025,0.018,2.76,0.75,155.36,-0.02,0.62,-0.290,-0.020,-0.132,1448,1522,1461,1537,10.00,10.06,19.83,9.94
1787304104.395,35.129,True,1,2.680,2.769,-0.279,0.650,10.457,10.445,0.333,2.302,0.057,2.304,0.059,0.049,0.025,0.018,2.76,0.75,155.36,-0.02,0.62,-0.290,-0.020,-0.132,1448,1522,1461,1537,10.00,10.06,29.83,19.94
1787304104.405,35.139,True,1,2.680,2.769,-0.279,0.651,10.458,10.446,0.333,2.302,0.057,2.304,0.059,0.049,0.025,0.018,2.76,0.75,155.36,-0.02,0.62,-0.290,-0.020,-0.132,1448,1522,1461,1537,10.00,10.06,39.83,29.94
1787304104.415,35.149,True,1,2.680,2.769,-0.279,0.652,10.459,10.446,0.333,2.302,0.057,2.304,0.059,0.049,0.025,0.018,2.76,0.75,155.36,-0.02,0.62,-0.290,-0.020,-0.132,1448,1522,1461,1537,10.01,10.07,49.83,39.94
1787304104.425,35.159,True,1,2.680,2.769,-0.279,0.652,10.460,10.447,0.333,2.302,0.057,2.304,0.059,0.049,0.025,0.018,2.76,0.75,155.36,-0.03,0.62,-0.290,-0.020,-0.132,1448,1522,1461,1537,10.00,10.06,59.83,49.94
1787304104.435,35.169,True,1,2.680,2.769,-0.279,0.653,10.461,10.448,0.333,2.302,0.057,2.304,0.059,0.049,0.025,0.018,2.76,0.75,155.36,-0.03,0.62,-0.290,-0.020,-0.132,1448,1522,1461,1537,10.00,10.06,69.82,59.93
1787304104.445,35.179,True,1,2.680,2.769,-0.279,0.654,10.461,10.449,0.334,2.302,0.057,2.304,0.059,0.049,0.025,0.018,2.76,0.75,155.36,-0.03,0.62,-0.290,-0.020,-0.132,1448,1522,1461,1537,10.00,10.06,79.82,69.93
1787304104.456,35.190,True,1,2.672,2.769,-0.232,0.544,10.351,10.347,0.330,2.301,0.056,2.304,0.058,0.050,0.017,-0.001,1.38,0.65,155.71,-0.23,0.62,-0.167,-0.007,-0.148,1461,1520,1459,1533,10.00,10.06,-0.57,-0.50
1787304104.465,35.199,True,1,2.672,2.769,-0.232,0.545,10.352,10.348,0.330,2.301,0.056,2.304,0.058,0.050,0.017,-0.001,1.38,0.65,155.71,-0.23,0.62,-0.167,-0.007,-0.148,1461,1520,1459,1533,10.00,10.06,9.43,9.49
1787304104.475,35.209,True,1,2.672,2.769,-0.232,0.546,10.353,10.349,0.330,2.301,0.056,2.304,0.058,0.050,0.017,-0.001,1.38,0.65,155.71,-0.23,0.62,-0.167,-0.007,-0.148,1461,1520,1459,1533,10.00,10.06,19.43,19.50
1787304104.485,35.219,True,1,2.672,2.769,-0.232,0.547,10.354,10.350,0.330,2.301,0.056,2.304,0.058,0.050,0.017,-0.001,1.38,0.65,155.71,-0.24,0.62,-0.167,-0.007,-0.148,1461,1520,1459,1533,10.03,10.09,29.46,29.52
1787304104.495,35.229,True,1,2.672,2.769,-0.232,0.548,10.355,10.351,0.330,2.301,0.056,2.303,0.058,0.050,0.017,-0.001,1.38,0.65,155.71,-0.24,0.62,-0.167,-0.007,-0.148,1461,1520,1459,1533,9.99,10.08,39.45,39.52
1787304104.505,35.239,True,1,2.672,2.769,-0.232,0.549,10.356,10.352,0.330,2.301,0.056,2.303,0.058,0.050,0.017,-0.001,1.38,0.65,155.71,-0.24,0.62,-0.168,-0.007,-0.148,1461,1520,1459,1533,9.98,10.06,49.43,49.50
1787304104.515,35.249,True,1,2.672,2.769,-0.232,0.550,10.357,10.353,0.330,2.301,0.056,2.303,0.058,0.050,0.017,-0.001,1.38,0.65,155.71,-0.24,0.62,-0.168,-0.007,-0.148,1461,1520,1459,1533,9.99,10.06,59.42,59.49
1787304104.526,35.260,True,1,2.664,2.769,-0.175,0.413,10.221,10.221,0.326,2.301,0.054,2.303,0.058,0.052,0.010,0.002,-0.33,0.67,155.93,-0.24,0.71,0.011,0.005,-0.158,1521,1479,1458,1529,10.01,10.07,-0.59,-0.63
1787304104.535,35.269,True,1,2.664,2.769,-0.175,0.414,10.222,10.222,0.326,2.301,0.054,2.303,0.058,0.052,0.010,0.002,-0.33,0.67,155.93,-0.24,0.71,0.011,0.005,-0.158,1521,1479,1458,1529,10.01,10.08,9.43,9.38
1787304104.545,35.279,True,1,2.664,2.769,-0.175,0.415,10.223,10.223,0.326,2.301,0.054,2.303,0.058,0.052,0.010,0.002,-0.33,0.67,155.93,-0.24,0.71,0.010,0.005,-0.158,1521,1479,1458,1529,9.98,10.06,19.41,19.36
1787304104.555,35.289,True,1,2.664,2.769,-0.175,0.416,10.224,10.224,0.326,2.301,0.054,2.303,0.058,0.052,0.010,0.002,-0.33,0.67,155.93,-0.25,0.71,0.010,0.005,-0.158,1521,1479,1458,1529,10.00,10.06,29.41,29.36
1787304104.566,35.299,True,1,2.663,2.769,-0.170,0.405,10.213,10.212,0.326,2.301,0.054,2.303,0.057,0.053,0.019,0.002,-0.71,0.76,155.94,-0.21,0.62,0.054,-0.013,-0.158,1525,1521,1457,1529,10.01,10.07,-0.19,-0.24
1787304104.575,35.309,True,1,2.663,2.769,-0.170,0.406,10.214,10.213,0.326,2.301,0.054,2.303,0.057,0.053,0.019,0.002,-0.71,0.76,155.94,-0.21,0.62,0.054,-0.013,-0.158,1525,1521,1457,1529,9.99,10.06,9.80,9.75
1787304104.585,35.319,True,1,2.663,2.769,-0.170,0.408,10.215,10.214,0.326,2.301,0.054,2.303,0.057,0.053,0.019,0.002,-0.71,0.76,155.94,-0.22,0.62,0.053,-0.013,-0.158,1525,1521,1457,1529,10.00,10.06,19.80,19.75
1787304104.595,35.329,True,1,2.663,2.769,-0.170,0.409,10.216,10.215,0.326,2.301,0.054,2.303,0.057,0.053,0.019,0.002,-0.71,0.76,155.94,-0.22,0.62,0.053,-0.013,-0.158,1525,1521,1457,1529,10.00,10.06,29.80,29.75
1787304104.606,35.340,True,1,2.662,2.769,-0.127,0.285,10.092,10.089,0.322,2.300,0.053,2.303,0.057,0.053,0.015,0.008,-1.63,0.72,155.96,-0.18,0.70,0.155,0.002,-0.159,1537,1479,1457,1524,10.00,10.06,-0.34,-0.39
1787304104.615,35.349,True,1,2.662,2.769,-0.127,0.286,10.093,10.090,0.322,2.300,0.053,2.303,0.057,0.053,0.015,0.008,-1.63,0.72,155.96,-0.18,0.70,0.155,0.002,-0.159,1537,1479,1457,1524,10.00,10.06,9.66,9.61
1787304104.625,35.359,True,1,2.662,2.769,-0.127,0.287,10.094,10.091,0.322,2.300,0.053,2.303,0.057,0.053,0.015,0.008,-1.63,0.72,155.96,-0.18,0.70,0.154,0.002,-0.159,1537,1479,1457,1524,10.00,10.06,19.66,19.61
1787304104.636,35.369,True,1,2.662,2.769,-0.118,0.264,10.071,10.064,0.321,2.300,0.053,2.302,0.057,0.053,0.028,0.019,-2.15,0.60,155.98,-0.02,0.62,0.225,0.008,-0.160,1544,1479,1457,1523,10.00,10.06,-0.17,-0.22
1787304104.645,35.379,True,1,2.662,2.769,-0.118,0.265,10.072,10.065,0.321,2.300,0.053,2.302,0.056,0.053,0.028,0.019,-2.15,0.60,155.98,-0.02,0.62,0.225,0.008,-0.160,1544,1479,1457,1523,10.01,10.07,9.84,9.79
1787304104.655,35.389,True,1,2.662,2.769,-0.118,0.266,10.073,10.066,0.321,2.300,0.053,2.302,0.056,0.053,0.028,0.019,-2.15,0.60,155.98,-0.02,0.62,0.225,0.008,-0.160,1544,1479,1457,1523,9.99,10.06,19.83,19.78
1787304104.665,35.399,True,1,2.662,2.769,-0.118,0.267,10.074,10.067,0.321,2.300,0.053,2.302,0.056,0.053,0.028,0.019,-2.15,0.60,155.98,-0.02,0.62,0.224,0.008,-0.160,1544,1479,1457,1523,10.00,10.06,29.83,29.78
1787304104.675,35.409,True,1,2.662,2.769,-0.118,0.268,10.075,10.068,0.321,2.300,0.053,2.302,0.056,0.053,0.028,0.019,-2.15,0.60,155.98,-0.03,0.62,0.224,0.008,-0.160,1544,1479,1457,1523,10.00,10.07,39.84,39.79
1787304104.686,35.420,True,1,2.663,2.769,-0.120,0.269,10.076,10.066,0.321,2.300,0.053,2.302,0.056,0.053,0.024,0.013,-2.74,0.63,155.93,-0.11,0.63,0.278,0.008,-0.158,1550,1479,1458,1523,10.00,10.07,-0.38,-0.33
1787304104.695,35.429,True,1,2.663,2.769,-0.120,0.270,10.077,10.067,0.321,2.300,0.053,2.302,0.056,0.053,0.024,0.013,-2.74,0.63,155.93,-0.11,0.63,0.278,0.008,-0.158,1550,1479,1458,1523,9.99,10.06,9.61,9.66
1787304104.705,35.439,True,1,2.663,2.769,-0.086,0.170,9.977,9.962,0.318,2.300,0.054,2.302,0.056,0.053,0.036,0.049,-2.83,0.63,155.92,0.28,0.68,0.328,0.013,-0.157,1555,1478,1458,1520,10.00,10.06,-0.13,-0.18
1787304104.715,35.449,True,1,2.663,2.769,-0.086,0.171,9.978,9.963,0.318,2.300,0.054,2.302,0.056,0.053,0.036,0.049,-2.83,0.63,155.92,0.28,0.68,0.327,0.013,-0.157,1555,1478,1458,1520,10.00,10.06,9.87,9.82
1787304104.725,35.459,True,1,2.663,2.769,-0.086,0.172,9.979,9.965,0.318,2.300,0.054,2.302,0.056,0.053,0.036,0.049,-2.83,0.63,155.92,0.28,0.68,0.327,0.013,-0.157,1555,1478,1458,1520,10.00,10.06,19.87,19.82
1787304104.735,35.469,True,1,2.663,2.769,-0.086,0.173,9.980,9.966,0.318,2.300,0.054,2.302,0.056,0.053,0.036,0.049,-2.83,0.63,155.92,0.28,0.68,0.327,0.013,-0.157,1555,1478,1458,1520,10.01,10.07,29.88,29.83
1787304104.745,35.479,True,1,2.663,2.769,-0.086,0.174,9.981,9.967,0.318,2.300,0.054,2.302,0.056,0.053,0.036,0.049,-2.83,0.63,155.92,0.27,0.68,0.327,0.013,-0.157,1555,1478,1458,1520,10.00,10.06,39.87,39.82
1787304104.755,35.489,True,1,2.663,2.769,-0.086,0.175,9.982,9.968,0.318,2.300,0.054,2.302,0.056,0.053,0.036,0.049,-2.83,0.63,155.92,0.27,0.68,0.327,0.013,-0.157,1555,1478,1458,1520,10.00,10.06,49.88,49.83
1787304104.766,35.500,True,1,2.664,2.769,-0.084,0.165,9.972,9.961,0.318,2.300,0.056,2.302,0.056,0.051,0.039,0.047,-2.44,0.66,155.78,0.27,0.65,0.286,0.005,-0.151,1551,1479,1458,1520,10.00,10.06,-0.45,-0.40
1787304104.775,35.509,True,1,2.664,2.769,-0.084,0.166,9.973,9.962,0.318,2.300,0.056,2.302,0.056,0.051,0.039,0.047,-2.44,0.66,155.78,0.27,0.65,0.286,0.005,-0.151,1551,1479,1458,1520,10.00,10.06,9.55,9.60
1787304104.785,35.519,True,1,2.664,2.769,-0.084,0.167,9.974,9.963,0.318,2.300,0.056,2.302,0.056,0.051,0.039,0.047,-2.44,0.66,155.78,0.27,0.65,0.286,0.005,-0.151,1551,1479,1458,1520,10.00,10.06,19.55,19.60
1787304104.795,35.529,True,1,2.664,2.769,-0.084,0.168,9.975,9.964,0.318,2.300,0.056,2.301,0.056,0.051,0.039,0.047,-2.44,0.66,155.78,0.27,0.65,0.286,0.005,-0.151,1551,1479,1458,1520,10.00,10.06,29.55,29.60
1787304104.805,35.539,True,1,2.664,2.769,-0.084,0.169,9.976,9.965,0.318,2.300,0.056,2.301,0.056,0.051,0.039,0.047,-2.44,0.66,155.78,0.27,0.65,0.286,0.005,-0.151,1551,1479,1458,1520,10.00,10.06,39.55,39.60
1787304104.815,35.549,True,1,2.664,2.769,-0.084,0.170,9.977,9.966,0.318,2.300,0.056,2.301,0.056,0.051,0.039,0.047,-2.44,0.66,155.78,0.27,0.65,0.286,0.005,-0.151,1551,1479,1458,1520,10.00,10.06,49.55,49.60
1787304104.826,35.560,True,1,2.669,2.769,-0.066,0.101,9.908,9.902,0.316,2.300,0.059,2.301,0.056,0.048,0.047,0.068,-1.63,0.86,155.59,0.50,0.67,0.224,-0.016,-0.144,1544,1521,1460,1517,10.00,10.06,-0.42,-0.37
1787304104.835,35.569,True,1,2.669,2.769,-0.066,0.102,9.909,9.903,0.316,2.300,0.059,2.301,0.056,0.048,0.047,0.068,-1.63,0.86,155.59,0.50,0.67,0.224,-0.016,-0.144,1544,1521,1460,1517,10.00,10.06,9.58,9.63
1787304104.845,35.579,True,1,2.671,2.769,-0.066,0.094,9.901,9.896,0.316,2.300,0.061,2.301,0.056,0.046,0.048,0.070,-1.30,0.87,155.52,0.52,0.67,0.193,-0.018,-0.140,1541,1521,1460,1517,10.00,10.06,-0.12,-0.17
1787304104.855,35.589,True,1,2.671,2.769,-0.066,0.095,9.902,9.897,0.316,2.300,0.061,2.301,0.056,0.046,0.048,0.070,-1.30,0.87,155.52,0.52,0.67,0.193,-0.017,-0.140,1541,1521,1460,1517,10.00,10.06,9.87,9.82
1787304104.865,35.599,True,1,2.671,2.769,-0.066,0.096,9.903,9.898,0.316,2.300,0.061,2.301,0.056,0.046,0.048,0.070,-1.30,0.87,155.52,0.52,0.67,0.193,-0.017,-0.140,1541,1521,1460,1517,10.00,10.06,19.88,19.83
1787304104.875,35.609,True,1,2.671,2.769,-0.066,0.097,9.904,9.899,0.316,2.300,0.061,2.301,0.057,0.046,0.048,0.070,-1.30,0.87,155.52,0.52,0.67,0.193,-0.017,-0.140,1541,1521,1460,1517,10.00,10.06,29.87,29.82
1787304104.885,35.619,True,1,2.671,2.769,-0.066,0.098,9.905,9.900,0.316,2.300,0.061,2.301,0.057,0.046,0.048,0.070,-1.30,0.87,155.52,0.52,0.67,0.193,-0.017,-0.140,1541,1521,1460,1517,10.00,10.06,39.87,39.82
1787304104.895,35.629,True,1,2.671,2.769,-0.066,0.099,9.906,9.901,0.316,2.300,0.061,2.301,0.057,0.046,0.048,0.070,-1.30,0.87,155.52,0.52,0.67,0.193,-0.017,-0.140,1541,1521,1460,1517,10.00,10.06,49.88,49.83
1787304104.905,35.639,True,1,2.671,2.769,-0.066,0.100,9.907,9.902,0.316,2.300,0.061,2.301,0.057,0.046,0.048,0.070,-1.30,0.87,155.52,0.52,0.67,0.193,-0.017,-0.140,1541,1521,1460,1517,10.00,10.06,59.87,59.82
1787304104.916,35.650,True,1,2.676,2.769,-0.042,0.006,9.814,9.813,0.313,2.300,0.068,2.301,0.057,0.040,0.055,0.091,-0.05,1.08,155.20,0.76,0.71,0.087,-0.038,-0.126,1529,1524,1462,1514,10.00,10.06,-0.46,-0.51
1787304104.925,35.659,True,1,2.676,2.769,-0.042,0.007,9.815,9.814,0.313,2.300,0.068,2.301,0.058,0.040,0.055,0.091,-0.05,1.08,155.20,0.76,0.71,0.087,-0.038,-0.126,1529,1524,1462,1514,10.00,10.06,9.54,9.49
1787304104.935,35.669,True,1,2.676,2.769,-0.042,0.008,9.816,9.815,0.313,2.300,0.068,2.301,0.058,0.040,0.055,0.091,-0.05,1.08,155.20,0.76,0.71,0.087,-0.038,-0.126,1529,1524,1462,1514,10.00,10.06,19.54,19.49
1787304104.945,35.679,True,1,2.676,2.769,-0.042,0.009,9.817,9.816,0.313,2.300,0.068,2.301,0.058,0.040,0.055,0.091,-0.05,1.08,155.20,0.76,0.72,0.087,-0.037,-0.126,1529,1524,1462,1514,10.00,10.06,29.54,29.49
1787304104.955,35.689,True,1,2.676,2.769,-0.042,0.010,9.818,9.817,0.313,2.300,0.068,2.301,0.059,0.040,0.055,0.091,-0.05,1.08,155.20,0.76,0.72,0.087,-0.037,-0.126,1529,1524,1462,1514,10.00,10.06,39.54,39.49
1787304104.965,35.699,True,1,2.676,2.769,-0.042,0.011,9.819,9.818,0.313,2.300,0.068,2.301,0.059,0.040,0.055,0.091,-0.05,1.08,155.20,0.76,0.72,0.088,-0.037,-0.126,1529,1524,1462,1514,10.00,10.06,49.54,49.49
1787304104.976,35.710,True,1,2.679,2.769,-0.013,-0.088,9.721,9.721,0.310,2.299,0.073,2.301,0.059,0.036,0.050,0.115,0.97,1.01,154.76,0.98,0.88,0.003,-0.015,-0.107,1520,1521,1465,1511,10.00,10.06,-0.37,-0.42
1787304104.985,35.719,True,1,2.679,2.769,-0.013,-0.087,9.722,9.722,0.310,2.299,0.073,2.301,0.060,0.036,0.050,0.115,1.03,0.96,154.70,0.98,0.89,-0.003,-0.009,-0.104,1479,1521,1465,1511,10.00,10.06,-0.07,9.58
1787304104.995,35.729,True,1,2.679,2.769,-0.013,-0.086,9.723,9.723,0.310,2.299,0.073,2.301,0.060,0.036,0.050,0.115,1.03,0.96,154.70,0.98,0.89,-0.003,-0.009,-0.104,1479,1521,1465,1511,10.00,10.06,9.93,19.58
1787304105.005,35.739,True,1,2.681,2.769,-0.021,-0.066,9.743,9.743,0.311,2.298,0.075,2.301,0.061,0.034,0.047,0.102,1.18,0.90,154.57,0.84,0.86,-0.035,-0.006,-0.098,1476,1520,1466,1512,10.00,10.06,-0.11,-0.16
1787304105.015,35.749,True,1,2.681,2.769,-0.021,-0.065,9.744,9.744,0.311,2.298,0.075,2.301,0.061,0.034,0.047,0.102,1.18,0.90,154.57,0.84,0.86,-0.035,-0.006,-0.098,1476,1520,1466,1512,10.00,10.06,9.89,9.84
1787304105.025,35.759,True,1,2.681,2.769,-0.021,-0.064,9.745,9.745,0.311,2.298,0.075,2.300,0.062,0.034,0.047,0.102,1.18,0.90,154.57,0.84,0.86,-0.034,-0.006,-0.098,1476,1520,1466,1512,10.00,10.06,19.89,19.84
1787304105.035,35.769,True,1,2.681,2.769,-0.021,-0.063,9.746,9.746,0.311,2.298,0.075,2.300,0.062,0.034,0.047,0.102,1.18,0.90,154.57,0.84,0.86,-0.034,-0.005,-0.098,1476,1520,1466,1512,10.00,10.06,29.89,29.84
1787304105.045,35.779,True,1,2.681,2.769,-0.021,-0.062,9.747,9.747,0.311,2.298,0.075,2.300,0.063,0.034,0.047,0.102,1.18,0.90,154.57,0.84,0.86,-0.034,-0.005,-0.098,1476,1520,1466,1512,10.00,10.06,39.89,39.84
1787304105.055,35.789,True,1,2.681,2.769,-0.021,-0.061,9.748,9.747,0.311,2.298,0.075,2.300,0.063,0.034,0.047,0.102,1.18,0.90,154.57,0.85,0.87,-0.034,-0.005,-0.098,1476,1520,1466,1512,10.00,10.06,49.89,49.84
1787304105.066,35.800,True,1,2.684,2.769,-0.004,-0.123,9.687,9.686,0.309,2.297,0.081,2.300,0.064,0.030,0.046,0.117,1.51,0.60,154.06,0.99,0.96,-0.054,0.036,-0.077,1474,1475,1469,1510,10.00,10.06,-0.36,-0.41
1787304105.075,35.809,True,1,2.684,2.769,-0.004,-0.122,9.687,9.687,0.309,2.297,0.081,2.300,0.064,0.030,0.046,0.117,1.54,0.54,153.95,0.99,0.96,-0.057,0.042,-0.073,1473,1475,1469,1510,10.00,10.06,-0.07,9.59
1787304105.085,35.819,True,1,2.684,2.769,-0.021,-0.073,9.736,9.734,0.311,2.296,0.082,2.300,0.065,0.030,0.030,0.082,1.64,0.54,153.83,0.58,0.95,-0.111,0.041,-0.067,1467,1475,1470,1511,10.00,10.06,-0.11,-0.05
1787304105.095,35.829,True,1,2.684,2.769,-0.021,-0.072,9.737,9.735,0.311,2.296,0.082,2.300,0.065,0.030,0.030,0.082,1.64,0.54,153.83,0.58,0.95,-0.111,0.041,-0.067,1467,1475,1470,1511,10.00,10.06,9.89,9.95
1787304105.105,35.839,True,1,2.684,2.769,-0.021,-0.071,9.738,9.736,0.311,2.296,0.082,2.300,0.066,0.030,0.030,0.082,1.64,0.54,153.83,0.58,0.96,-0.110,0.041,-0.067,1467,1475,1470,1511,10.00,10.06,19.90,19.95
1787304105.115,35.849,True,1,2.684,2.769,-0.021,-0.070,9.738,9.736,0.311,2.296,0.082,2.300,0.067,0.030,0.030,0.082,1.64,0.54,153.83,0.58,0.96,-0.110,0.042,-0.067,1467,1475,1470,1511,10.00,10.06,29.90,29.95
1787304105.125,35.859,True,1,2.684,2.769,-0.021,-0.069,9.739,9.737,0.311,2.296,0.082,2.299,0.067,0.030,0.030,0.082,1.64,0.54,153.83,0.59,0.96,-0.110,0.042,-0.067,1467,1475,1470,1511,10.00,10.06,39.89,39.95
1787304105.135,35.869,True,1,2.684,2.769,-0.021,-0.068,9.740,9.738,0.311,2.296,0.082,2.299,0.068,0.030,0.030,0.082,1.64,0.54,153.83,0.59,0.96,-0.109,0.042,-0.067,1467,1475,1470,1512,10.00,10.06,49.89,49.95
1787304105.145,35.879,True,1,2.684,2.769,-0.021,-0.068,9.741,9.739,0.311,2.296,0.082,2.299,0.068,0.030,0.030,0.082,1.64,0.54,153.83,0.59,0.97,-0.109,0.042,-0.067,1467,1475,1470,1512,10.00,10.06,59.89,59.95
1787304105.156,35.890,True,1,2.686,2.769,-0.022,-0.075,9.734,9.732,0.311,2.293,0.090,2.299,0.069,0.027,0.024,0.086,1.68,0.35,153.26,0.59,1.06,-0.114,0.073,-0.044,1467,1471,1473,1511,10.00,10.06,-0.41,-0.46
1787304105.165,35.899,True,1,2.686,2.769,-0.022,-0.074,9.735,9.733,0.311,2.293,0.090,2.299,0.070,0.027,0.024,0.086,1.68,0.35,153.26,0.59,1.06,-0.113,0.074,-0.044,1467,1471,1473,1511,10.01,10.06,9.59,9.54
1787304105.175,35.909,True,1,2.687,2.769,-0.032,-0.044,9.765,9.763,0.312,2.293,0.091,2.299,0.070,0.027,0.027,0.098,1.61,0.37,153.02,0.72,1.10,-0.092,0.076,-0.033,1469,1471,1475,1512,9.99,10.06,-0.15,-0.11
1787304105.185,35.919,True,1,2.687,2.769,-0.032,-0.043,9.766,9.764,0.312,2.293,0.091,2.298,0.071,0.027,0.027,0.098,1.61,0.37,153.02,0.73,1.10,-0.092,0.076,-0.033,1469,1471,1475,1512,10.01,10.07,9.85,9.90
1787304105.195,35.929,True,1,2.687,2.769,-0.032,-0.042,9.767,9.765,0.312,2.293,0.091,2.298,0.072,0.027,0.027,0.098,1.61,0.37,153.02,0.73,1.10,-0.091,0.076,-0.033,1469,1471,1475,1512,10.00,10.06,19.85,19.90
1787304105.206,35.939,True,1,2.689,2.769,-0.025,-0.070,9.740,9.738,0.311,2.291,0.094,2.298,0.072,0.027,0.023,0.096,1.37,0.32,152.72,0.69,1.13,-0.072,0.085,-0.020,1472,1470,1477,1512,10.00,10.06,-0.25,-0.20
1787304105.215,35.949,True,1,2.689,2.769,-0.025,-0.069,9.741,9.739,0.311,2.291,0.094,2.298,0.073,0.027,0.023,0.096,1.37,0.32,152.72,0.69,1.14,-0.071,0.085,-0.020,1472,1470,1477,1512,10.00,10.06,9.76,9.80
1787304105.225,35.959,True,1,2.689,2.769,-0.025,-0.068,9.741,9.740,0.311,2.291,0.094,2.298,0.074,0.027,0.023,0.096,1.37,0.32,152.72,0.69,1.14,-0.071,0.085,-0.020,1472,1470,1477,1512,10.00,10.06,19.75,19.80
1787304105.235,35.969,True,1,2.689,2.769,-0.025,-0.067,9.742,9.740,0.311,2.291,0.094,2.297,0.074,0.027,0.023,0.096,1.37,0.32,152.72,0.70,1.14,-0.071,0.086,-0.020,1472,1470,1477,1512,10.00,10.06,29.75,29.80
1787304105.245,35.979,True,1,2.689,2.769,-0.025,-0.066,9.743,9.741,0.311,2.291,0.094,2.297,0.075,0.027,0.023,0.096,1.37,0.32,152.72,0.70,1.15,-0.070,0.086,-0.020,1472,1470,1477,1512,10.00,10.06,39.76,39.80
1787304105.256,35.990,True,1,2.690,2.769,-0.055,0.019,9.828,9.827,0.314,2.290,0.099,2.297,0.076,0.027,0.010,0.080,0.90,0.47,152.33,0.48,1.19,-0.043,0.075,-0.002,1475,1471,1479,1515,10.00,10.06,-0.34,-0.39
1787304105.265,35.999,True,1,2.690,2.769,-0.055,0.020,9.829,9.828,0.314,2.290,0.099,2.297,0.077,0.027,0.010,0.080,0.90,0.47,152.33,0.49,1.19,-0.043,0.076,-0.002,1475,1471,1479,1515,9.99,10.06,9.66,9.61
1787304105.275,36.009,True,1,2.692,2.769,-0.048,-0.006,9.803,9.803,0.313,2.289,0.100,2.296,0.077,0.028,0.014,0.094,0.48,0.60,152.07,0.64,1.23,0.016,0.067,0.010,1521,1472,1521,1514,10.00,10.06,-0.18,-0.13
1787304105.285,36.019,True,1,2.692,2.769,-0.055,0.014,9.823,9.823,0.314,2.289,0.101,2.296,0.078,0.028,0.015,0.083,0.48,0.60,152.07,0.54,1.18,0.006,0.060,0.010,1520,1473,1521,1515,10.00,10.06,9.82,-0.05
1787304105.295,36.029,True,1,2.692,2.769,-0.055,0.015,9.824,9.824,0.314,2.289,0.101,2.296,0.079,0.028,0.015,0.083,0.48,0.60,152.07,0.54,1.18,0.006,0.061,0.010,1520,1473,1521,1515,10.00,10.06,19.82,9.95
1787304105.305,36.039,True,1,2.692,2.769,-0.055,0.016,9.825,9.824,0.314,2.289,0.101,2.296,0.080,0.028,0.015,0.083,0.48,0.60,152.07,0.55,1.18,0.007,0.061,0.010,1520,1473,1521,1515,10.00,10.06,29.82,19.95
1787304105.315,36.049,True,1,2.692,2.769,-0.055,0.016,9.826,9.825,0.314,2.289,0.101,2.295,0.080,0.028,0.015,0.083,0.48,0.60,152.07,0.55,1.19,0.007,0.062,0.010,1520,1473,1521,1515,10.00,10.06,39.82,29.95
1787304105.325,36.059,True,1,2.692,2.769,-0.055,0.017,9.826,9.826,0.314,2.289,0.101,2.295,0.081,0.028,0.015,0.083,0.48,0.60,152.07,0.55,1.19,0.007,0.062,0.010,1520,1473,1521,1515,10.00,10.06,49.82,39.95
1787304105.336,36.070,True,1,2.693,2.769,-0.074,0.069,9.878,9.877,0.315,2.288,0.105,2.295,0.082,0.029,0.008,0.082,-0.01,0.81,151.62,0.50,1.26,0.053,0.047,0.030,1525,1474,1524,1517,10.00,10.06,-0.36,-0.41
1787304105.345,36.079,True,1,2.693,2.769,-0.074,0.069,9.879,9.878,0.315,2.288,0.105,2.295,0.083,0.029,0.008,0.082,-0.01,0.81,151.62,0.50,1.26,0.054,0.047,0.030,1525,1474,1524,1517,10.00,10.06,9.64,9.59
1787304105.355,36.089,True,1,2.693,2.769,-0.074,0.070,9.879,9.879,0.315,2.288,0.105,2.294,0.083,0.029,0.008,0.082,-0.01,0.81,151.62,0.51,1.26,0.054,0.047,0.030,1525,1474,1524,1517,10.00,10.06,19.64,19.59
1787304105.365,36.099,True,1,2.694,2.769,-0.068,0.051,9.861,9.859,0.315,2.287,0.105,2.294,0.084,0.029,0.015,0.096,-0.12,0.88,151.42,0.67,1.27,0.082,0.040,0.039,1529,1475,1525,1516,10.00,10.06,-0.17,-0.13
1787304105.375,36.109,True,1,2.696,2.769,-0.075,0.064,9.874,9.873,0.315,2.287,0.107,2.294,0.085,0.029,0.018,0.096,-0.12,0.88,151.42,0.69,1.25,0.084,0.038,0.039,1529,1475,1525,1516,10.00,10.06,9.83,-0.06
1787304105.385,36.119,True,1,2.697,2.769,-0.082,0.084,9.894,9.893,0.316,2.287,0.107,2.294,0.086,0.030,0.018,0.093,-0.12,1.06,151.25,0.66,1.24,0.081,0.018,0.047,1528,1478,1526,1517,10.00,10.06,-0.06,-0.11
1787304105.395,36.129,True,1,2.697,2.769,-0.082,0.085,9.894,9.893,0.316,2.287,0.107,2.294,0.086,0.030,0.018,0.093,-0.12,1.06,151.25,0.67,1.24,0.081,0.018,0.047,1528,1477,1526,1517,10.00,10.06,9.94,9.89
1787304105.405,36.139,True,1,2.697,2.769,-0.082,0.086,9.895,9.894,0.316,2.287,0.107,2.293,0.087,0.030,0.018,0.093,-0.12,1.06,151.25,0.67,1.24,0.081,0.019,0.047,1529,1477,1526,1517,10.00,10.06,19.95,19.89
1787304105.415,36.149,True,1,2.697,2.769,-0.082,0.086,9.896,9.895,0.316,2.287,0.107,2.293,0.088,0.030,0.018,0.093,-0.12,1.06,151.25,0.67,1.25,0.082,0.019,0.047,1529,1477,1526,1517,10.00,10.06,29.94,29.89
1787304105.426,36.159,True,1,2.698,2.769,-0.090,0.105,9.914,9.913,0.316,2.287,0.110,2.293,0.088,0.030,0.010,0.092,-0.14,1.17,151.00,0.61,1.32,0.077,0.016,0.057,1528,1478,1527,1518,10.00,10.06,-0.26,-0.31
1787304105.435,36.169,True,1,2.698,2.769,-0.090,0.105,9.915,9.914,0.316,2.287,0.110,2.293,0.089,0.030,0.010,0.092,-0.14,1.17,151.00,0.62,1.32,0.078,0.016,0.057,1528,1478,1527,1518,10.00,10.06,9.74,9.69
1787304105.445,36.179,True,1,2.698,2.769,-0.090,0.106,9.916,9.915,0.316,2.287,0.110,2.293,0.090,0.030,0.010,0.092,-0.14,1.17,151.00,0.62,1.33,0.078,0.016,0.057,1528,1478,1527,1518,10.00,10.06,19.74,19.69
1787304105.455,36.189,True,1,2.698,2.769,-0.090,0.107,9.917,9.916,0.316,2.287,0.110,2.292,0.090,0.030,0.010,0.092,-0.14,1.17,151.00,0.62,1.33,0.078,0.017,0.057,1528,1478,1527,1518,10.00,10.06,29.74,29.69
1787304105.466,36.199,True,1,2.701,2.769,-0.093,0.104,9.914,9.913,0.316,2.287,0.112,2.292,0.091,0.031,0.023,0.099,-0.06,1.34,150.79,0.76,1.26,0.084,-0.009,0.067,1529,1520,1529,1518,10.00,10.06,-0.17,-0.22
1787304105.475,36.209,True,1,2.702,2.769,-0.099,0.119,9.929,9.928,0.317,2.287,0.113,2.292,0.092,0.031,0.014,0.077,-0.06,1.42,150.67,0.51,1.23,0.057,-0.020,0.072,1526,1522,1529,1518,10.00,10.06,-0.05,-0.10
1787304105.485,36.219,True,1,2.703,2.769,-0.096,0.105,9.915,9.914,0.316,2.287,0.114,2.292,0.093,0.031,0.018,0.089,-0.06,1.47,150.62,0.64,1.26,0.071,-0.022,0.074,1527,1522,1530,1518,10.00,10.06,-0.05,-0.10
1787304105.495,36.229,True,1,2.703,2.769,-0.096,0.106,9.916,9.915,0.316,2.287,0.114,2.292,0.093,0.031,0.018,0.089,-0.06,1.47,150.62,0.64,1.26,0.072,-0.022,0.074,1527,1522,1530,1518,10.00,10.06,9.95,9.90
1787304105.505,36.239,True,1,2.704,2.769,-0.081,0.060,9.870,9.869,0.315,2.287,0.114,2.292,0.094,0.031,0.018,0.094,-0.03,1.54,150.49,0.69,1.30,0.074,-0.026,0.079,1528,1522,1531,1516,10.00,10.06,-0.16,-0.12
1787304105.515,36.249,True,1,2.704,2.769,-0.081,0.060,9.870,9.869,0.315,2.287,0.114,2.291,0.095,0.031,0.018,0.094,-0.03,1.54,150.49,0.70,1.30,0.074,-0.025,0.079,1528,1522,1531,1516,10.00,10.06,9.84,9.89
1787304105.525,36.259,True,1,2.704,2.769,-0.081,0.061,9.871,9.870,0.315,2.287,0.114,2.291,0.095,0.031,0.018,0.094,-0.03,1.54,150.49,0.70,1.30,0.074,-0.025,0.079,1528,1522,1531,1516,10.00,10.06,19.84,19.88
1787304105.535,36.269,True,1,2.704,2.769,-0.081,0.062,9.872,9.871,0.315,2.287,0.114,2.291,0.096,0.031,0.018,0.094,-0.03,1.54,150.49,0.70,1.31,0.075,-0.025,0.079,1528,1522,1531,1516,10.00,10.06,29.84,29.89
1787304105.545,36.279,True,1,2.704,2.769,-0.081,0.062,9.872,9.871,0.315,2.287,0.114,2.291,0.097,0.031,0.018,0.094,-0.03,1.54,150.49,0.71,1.31,0.075,-0.024,0.079,1528,1522,1531,1516,10.00,10.06,39.84,39.89
1787304105.556,36.290,True,1,2.707,2.769,-0.090,0.079,9.888,9.888,0.316,2.287,0.118,2.291,0.097,0.032,0.025,0.080,0.26,1.66,150.26,0.61,1.19,0.034,-0.049,0.090,1523,1525,1532,1517,10.00,10.06,-0.34,-0.29
1787304105.565,36.299,True,1,2.707,2.769,-0.090,0.080,9.889,9.888,0.316,2.287,0.118,2.291,0.098,0.032,0.025,0.080,0.26,1.66,150.26,0.62,1.19,0.035,-0.049,0.090,1523,1525,1532,1517,10.00,10.06,9.66,9.71
1787304105.575,36.309,True,1,2.707,2.769,-0.090,0.080,9.890,9.889,0.316,2.287,0.118,2.291,0.099,0.032,0.025,0.080,0.26,1.66,150.26,0.62,1.19,0.035,-0.048,0.090,1523,1525,1532,1517,10.00,10.06,19.66,19.71
1787304105.585,36.319,True,1,2.707,2.769,-0.090,0.081,9.890,9.890,0.316,2.287,0.118,2.290,0.099,0.032,0.025,0.080,0.26,1.66,150.26,0.62,1.20,0.035,-0.048,0.090,1523,1525,1532,1517,10.00,10.06,29.66,29.71
1787304105.596,36.330,True,1,2.710,2.769,-0.082,0.046,9.855,9.855,0.315,2.288,0.120,2.290,0.100,0.033,0.029,0.084,0.52,1.70,150.16,0.68,1.19,0.013,-0.053,0.094,1521,1525,1533,1516,10.00,10.06,-0.39,-0.27
1787304105.605,36.339,True,1,2.710,2.769,-0.082,0.046,9.856,9.855,0.315,2.288,0.120,2.290,0.101,0.033,0.029,0.084,0.52,1.70,150.16,0.68,1.19,0.014,-0.053,0.094,1521,1525,1533,1516,10.00,10.06,9.61,9.73
1787304105.615,36.349,True,1,2.710,2.769,-0.082,0.047,9.856,9.856,0.315,2.288,0.120,2.290,0.101,0.033,0.029,0.084,0.52,1.70,150.16,0.69,1.19,0.014,-0.053,0.094,1521,1525,1533,1516,10.00,10.06,19.61,19.73
1787304105.625,36.359,True,1,2.710,2.769,-0.082,0.048,9.857,9.857,0.315,2.288,0.120,2.290,0.102,0.033,0.029,0.084,0.52,1.70,150.16,0.69,1.20,0.014,-0.052,0.094,1521,1525,1533,1516,10.00,10.06,29.61,29.73
1787304105.635,36.369,True,1,2.710,2.769,-0.082,0.048,9.858,9.857,0.315,2.288,0.120,2.290,0.103,0.033,0.029,0.084,0.52,1.70,150.16,0.69,1.20,0.015,-0.052,0.094,1521,1525,1533,1516,10.00,10.06,39.61,39.73
1787304105.645,36.379,True,1,2.710,2.769,-0.082,0.049,9.858,9.858,0.315,2.288,0.120,2.290,0.103,0.033,0.029,0.084,0.52,1.70,150.16,0.69,1.20,0.015,-0.052,0.094,1521,1525,1533,1516,10.00,10.06,49.61,49.73
1787304105.656,36.390,True,1,2.713,2.769,-0.050,-0.060,9.750,9.749,0.311,2.289,0.124,2.290,0.104,0.034,0.045,0.096,0.86,1.77,150.04,0.90,1.13,0.001,-0.066,0.100,1520,1527,1533,1512,10.00,10.06,-0.42,-0.37
1787304105.665,36.399,True,1,2.713,2.769,-0.050,-0.059,9.750,9.750,0.311,2.289,0.124,2.290,0.104,0.034,0.045,0.096,0.86,1.77,150.04,0.90,1.13,0.001,-0.065,0.100,1520,1527,1533,1512,10.00,10.06,9.59,9.63
1787304105.675,36.409,True,1,2.715,2.769,-0.071,-0.003,9.805,9.805,0.313,2.289,0.125,2.290,0.105,0.034,0.035,0.066,0.90,1.71,150.05,0.58,1.07,-0.037,-0.066,0.100,1475,1527,1533,1514,10.00,10.06,-0.12,-0.17
1787304105.685,36.419,True,1,2.715,2.769,-0.071,-0.003,9.806,9.805,0.313,2.289,0.125,2.290,0.106,0.034,0.035,0.066,0.90,1.71,150.05,0.59,1.07,-0.036,-0.065,0.100,1475,1527,1533,1514,10.00,10.07,9.88,9.83
1787304105.695,36.429,True,1,2.715,2.769,-0.071,-0.002,9.807,9.806,0.313,2.289,0.125,2.290,0.106,0.034,0.035,0.066,0.90,1.71,150.05,0.59,1.07,-0.036,-0.065,0.100,1475,1527,1533,1514,9.99,10.06,19.87,19.83
1787304105.705,36.439,True,1,2.715,2.769,-0.071,-0.002,9.807,9.806,0.313,2.289,0.125,2.290,0.107,0.034,0.035,0.066,0.90,1.71,150.05,0.59,1.07,-0.036,-0.065,0.100,1476,1527,1533,1514,10.00,10.06,29.88,29.83
1787304105.715,36.449,True,1,2.715,2.769,-0.071,-0.001,9.808,9.807,0.313,2.289,0.125,2.290,0.108,0.034,0.035,0.066,0.90,1.71,150.05,0.60,1.08,-0.035,-0.065,0.100,1476,1527,1533,1514,10.00,10.06,39.87,39.82
1787304105.725,36.459,True,1,2.715,2.769,-0.071,-0.001,9.808,9.808,0.313,2.289,0.125,2.290,0.108,0.034,0.035,0.066,0.90,1.71,150.05,0.60,1.08,-0.035,-0.064,0.100,1476,1527,1533,1514,10.00,10.06,49.88,49.83
1787304105.735,36.469,True,1,2.715,2.769,-0.071,-0.000,9.809,9.808,0.313,2.289,0.125,2.290,0.109,0.034,0.035,0.066,0.90,1.71,150.05,0.60,1.08,-0.035,-0.064,0.100,1476,1527,1533,1514,10.00,10.06,59.87,59.83
1787304105.745,36.479,True,1,2.715,2.769,-0.071,0.000,9.809,9.809,0.313,2.289,0.125,2.290,0.109,0.034,0.035,0.066,0.90,1.71,150.05,0.61,1.08,-0.034,-0.064,0.100,1476,1527,1533,1514,10.00,10.06,69.87,69.82
1787304105.755,36.489,True,1,2.715,2.769,-0.071,0.001,9.810,9.809,0.313,2.289,0.125,2.290,0.110,0.034,0.035,0.066,0.90,1.71,150.05,0.61,1.09,-0.034,-0.064,0.100,1476,1527,1533,1514,10.00,10.06,79.88,79.83
1787304105.766,36.500,True,1,2.720,2.769,-0.047,-0.092,9.717,9.717,0.310,2.291,0.129,2.290,0.110,0.036,0.038,0.068,1.21,1.41,150.09,0.65,1.08,-0.062,-0.033,0.098,1473,1523,1533,1511,10.00,10.06,-0.59,-0.64
1787304105.775,36.509,True,1,2.720,2.769,-0.047,-0.091,9.718,9.717,0.310,2.291,0.129,2.290,0.111,0.036,0.038,0.068,1.21,1.41,150.09,0.65,1.09,-0.061,-0.032,0.098,1473,1523,1533,1511,10.00,10.06,9.41,9.36
1787304105.785,36.519,True,1,2.720,2.769,-0.047,-0.091,9.718,9.718,0.310,2.291,0.129,2.290,0.112,0.036,0.038,0.068,1.21,1.41,150.09,0.66,1.09,-0.061,-0.032,0.098,1473,1523,1533,1511,10.00,10.06,19.41,19.36
1787304105.795,36.529,True,1,2.720,2.769,-0.047,-0.090,9.719,9.718,0.310,2.291,0.129,2.290,0.112,0.036,0.038,0.068,1.21,1.41,150.09,0.66,1.09,-0.060,-0.032,0.098,1473,1523,1533,1511,10.00,10.06,29.41,29.36
1787304105.805,36.539,True,1,2.720,2.769,-0.047,-0.090,9.719,9.719,0.310,2.291,0.129,2.290,0.113,0.036,0.038,0.068,1.21,1.41,150.09,0.66,1.09,-0.060,-0.032,0.098,1473,1523,1533,1511,10.00,10.06,39.42,39.37
1787304105.815,36.549,True,1,2.720,2.769,-0.047,-0.089,9.720,9.719,0.310,2.291,0.129,2.290,0.113,0.036,0.038,0.068,1.21,1.41,150.09,0.67,1.09,-0.060,-0.031,0.098,1473,1523,1533,1511,10.00,10.06,49.41,49.36
1787304105.825,36.559,True,1,2.720,2.769,-0.047,-0.089,9.720,9.720,0.310,2.291,0.129,2.290,0.114,0.036,0.038,0.068,1.21,1.41,150.09,0.67,1.10,-0.059,-0.031,0.098,1473,1523,1533,1511,10.00,10.06,59.41,59.36
1787304105.835,36.569,True,1,2.720,2.769,-0.047,-0.088,9.721,9.720,0.310,2.291,0.129,2.290,0.114,0.036,0.038,0.068,1.21,1.41,150.09,0.67,1.10,-0.059,-0.031,0.098,1473,1523,1533,1511,10.00,10.06,69.41,69.36
1787304105.846,36.580,True,1,2.727,2.769,-0.047,-0.114,9.695,9.694,0.309,2.292,0.132,2.290,0.115,0.037,0.035,0.056,1.36,1.05,150.30,0.56,1.07,-0.085,0.004,0.088,1470,1479,1532,1510,10.00,10.06,-0.58,-0.63
1787304105.855,36.589,True,1,2.727,2.769,-0.047,-0.114,9.695,9.694,0.309,2.292,0.132,2.290,0.116,0.037,0.035,0.056,1.36,1.05,150.30,0.56,1.07,-0.085,0.004,0.088,1470,1479,1532,1510,10.00,10.06,9.43,9.38
1787304105.865,36.599,True,1,2.727,2.769,-0.047,-0.113,9.695,9.695,0.309,2.292,0.132,2.290,0.116,0.037,0.035,0.056,1.36,1.05,150.30,0.57,1.07,-0.085,0.004,0.088,1470,1479,1532,1510,9.99,10.06,19.42,19.37
1787304105.875,36.609,True,1,2.727,2.769,-0.047,-0.113,9.696,9.695,0.309,2.292,0.132,2.290,0.117,0.037,0.035,0.056,1.36,1.05,150.30,0.57,1.07,-0.084,0.004,0.088,1470,1479,1532,1510,10.00,10.06,29.42,29.37
1787304105.885,36.619,True,1,2.727,2.769,-0.047,-0.112,9.696,9.695,0.309,2.292,0.132,2.290,0.117,0.037,0.035,0.056,1.36,1.05,150.30,0.58,1.07,-0.084,0.005,0.088,1470,1479,1532,1510,10.00,10.06,39.42,39.37
1787304105.895,36.629,True,1,2.727,2.769,-0.047,-0.112,9.697,9.696,0.309,2.292,0.132,2.290,0.118,0.037,0.035,0.056,1.36,1.05,150.30,0.58,1.08,-0.084,0.005,0.088,1470,1479,1532,1510,10.00,10.06,49.42,49.37
1787304105.905,36.639,True,1,2.727,2.769,-0.047,-0.112,9.697,9.696,0.309,2.292,0.132,2.290,0.118,0.037,0.035,0.056,1.36,1.05,150.30,0.58,1.08,-0.083,0.005,0.088,1470,1479,1532,1510,10.00,10.06,59.42,59.37
1787304105.915,36.649,True,1,2.727,2.769,-0.047,-0.111,9.698,9.697,0.309,2.292,0.132,2.290,0.119,0.037,0.035,0.056,1.36,1.05,150.30,0.58,1.08,-0.083,0.005,0.088,1470,1479,1532,1510,10.00,10.06,69.42,69.37
1787304105.925,36.659,True,1,2.727,2.769,-0.047,-0.111,9.698,9.697,0.310,2.292,0.132,2.290,0.119,0.037,0.035,0.056,1.36,1.05,150.30,0.59,1.08,-0.083,0.005,0.088,1470,1479,1532,1510,10.00,10.06,79.42,79.37
1787304105.936,36.670,True,1,2.732,2.769,-0.049,-0.127,9.682,9.682,0.309,2.294,0.135,2.291,0.120,0.038,0.038,0.051,0.99,0.77,150.62,0.57,1.02,-0.045,0.028,0.073,1474,1476,1530,1509,10.00,10.06,-0.58,-0.63
1787304105.945,36.679,True,1,2.732,2.769,-0.049,-0.126,9.682,9.682,0.309,2.294,0.135,2.291,0.120,0.038,0.038,0.051,0.99,0.77,150.62,0.57,1.02,-0.045,0.028,0.073,1474,1476,1530,1509,10.00,10.06,9.42,9.37
1787304105.955,36.689,True,1,2.732,2.769,-0.049,-0.126,9.683,9.682,0.309,2.294,0.135,2.291,0.121,0.038,0.038,0.051,0.99,0.77,150.62,0.58,1.02,-0.044,0.028,0.073,1475,1476,1530,1509,10.00,10.06,19.42,19.37
1787304105.965,36.699,True,1,2.732,2.769,-0.049,-0.126,9.683,9.683,0.309,2.294,0.135,2.291,0.121,0.038,0.038,0.051,0.99,0.77,150.62,0.58,1.02,-0.044,0.028,0.073,1475,1476,1530,1509,10.00,10.06,29.42,29.37
1787304105.975,36.709,True,1,2.732,2.769,-0.049,-0.125,9.683,9.683,0.309,2.294,0.135,2.291,0.122,0.038,0.038,0.051,0.99,0.77,150.62,0.58,1.02,-0.044,0.028,0.073,1475,1476,1530,1510,10.00,10.06,39.42,39.37
1787304105.985,36.719,True,1,2.732,2.769,-0.049,-0.125,9.684,9.684,0.309,2.294,0.135,2.291,0.122,0.038,0.038,0.051,0.99,0.77,150.62,0.59,1.02,-0.043,0.028,0.073,1475,1476,1530,1510,10.00,10.06,49.42,49.37
1787304105.996,36.730,True,1,2.735,2.769,-0.060,-0.104,9.705,9.704,0.310,2.294,0.137,2.291,0.123,0.040,0.033,0.044,0.63,0.71,150.88,0.50,1.03,-0.014,0.034,0.062,1478,1476,1528,1510,10.00,10.06,-0.47,-0.42
1787304106.005,36.739,True,1,2.735,2.769,-0.060,-0.104,9.705,9.705,0.310,2.294,0.137,2.291,0.123,0.040,0.033,0.044,0.63,0.71,150.88,0.50,1.03,-0.014,0.034,0.062,1478,1476,1528,1510,10.00,10.06,9.53,9.58
1787304106.015,36.749,True,1,2.736,2.769,-0.060,-0.105,9.704,9.704,0.310,2.295,0.138,2.291,0.124,0.040,0.032,0.053,0.57,0.71,150.91,0.59,1.09,0.001,0.041,0.061,1520,1475,1528,1510,10.00,10.06,-0.11,-0.17
1787304106.025,36.759,True,1,2.736,2.769,-0.060,-0.105,9.704,9.704,0.310,2.295,0.138,2.291,0.124,0.040,0.032,0.053,0.57,0.71,150.91,0.59,1.09,0.001,0.041,0.061,1520,1475,1528,1510,10.00,10.06,9.88,9.83
1787304106.035,36.769,True,1,2.736,2.769,-0.060,-0.104,9.705,9.704,0.310,2.295,0.138,2.292,0.124,0.040,0.032,0.053,0.57,0.71,150.91,0.59,1.09,0.002,0.041,0.061,1520,1475,1528,1510,10.00,10.06,19.89,19.84
1787304106.045,36.779,True,1,2.736,2.769,-0.060,-0.104,9.705,9.705,0.310,2.295,0.138,2.292,0.125,0.040,0.032,0.053,0.57,0.71,150.91,0.60,1.10,0.002,0.041,0.061,1520,1475,1528,1510,10.00,10.06,29.89,29.84
1787304106.055,36.789,True,1,2.736,2.769,-0.060,-0.104,9.705,9.705,0.310,2.295,0.138,2.292,0.125,0.040,0.032,0.053,0.57,0.71,150.91,0.60,1.10,0.002,0.041,0.061,1520,1475,1528,1510,10.00,10.06,39.89,39.84
1787304106.065,36.799,True,1,2.736,2.769,-0.060,-0.103,9.706,9.706,0.310,2.295,0.138,2.292,0.126,0.040,0.032,0.053,0.57,0.71,150.91,0.60,1.10,0.003,0.041,0.061,1520,1475,1528,1510,10.00,10.06,49.89,49.83
1787304106.076,36.810,True,1,2.736,2.769,-0.095,0.000,9.809,9.809,0.313,2.295,0.140,2.292,0.126,0.042,0.040,0.045,0.29,0.95,151.01,0.57,0.98,0.029,0.003,0.057,1523,1479,1527,1514,10.00,10.06,-0.36,-0.41
1787304106.085,36.819,True,1,2.736,2.769,-0.095,0.001,9.809,9.809,0.313,2.295,0.140,2.292,0.127,0.042,0.040,0.045,0.29,0.95,151.01,0.57,0.98,0.029,0.003,0.057,1523,1479,1527,1514,10.00,10.06,9.64,9.59
1787304106.095,36.829,True,1,2.736,2.769,-0.099,0.016,9.824,9.824,0.314,2.295,0.140,2.292,0.127,0.042,0.032,0.038,0.20,1.07,151.03,0.46,1.01,0.026,-0.005,0.056,1522,1520,1527,1515,10.00,10.06,-0.17,-0.12
1787304106.105,36.839,True,1,2.736,2.769,-0.099,0.016,9.824,9.824,0.314,2.295,0.140,2.292,0.128,0.042,0.032,0.038,0.20,1.07,151.03,0.46,1.02,0.027,-0.005,0.056,1522,1520,1527,1515,10.00,10.06,9.83,9.88
1787304106.115,36.849,True,1,2.736,2.769,-0.099,0.016,9.825,9.825,0.314,2.295,0.140,2.292,0.128,0.042,0.032,0.038,0.20,1.07,151.03,0.47,1.02,0.027,-0.005,0.056,1523,1520,1527,1515,10.00,10.06,19.83,19.88
1787304106.125,36.859,True,1,2.736,2.769,-0.099,0.017,9.825,9.825,0.314,2.295,0.140,2.292,0.128,0.042,0.032,0.038,0.20,1.07,151.03,0.47,1.02,0.027,-0.005,0.056,1523,1520,1527,1515,10.00,10.06,29.83,29.87
1787304106.135,36.869,True,1,2.736,2.769,-0.099,0.017,9.825,9.825,0.314,2.295,0.140,2.293,0.129,0.042,0.032,0.038,0.20,1.07,151.03,0.47,1.02,0.028,-0.005,0.056,1523,1520,1527,1515,10.00,10.06,39.83,39.87
1787304106.145,36.879,True,1,2.736,2.769,-0.099,0.017,9.826,9.826,0.314,2.295,0.140,2.293,0.129,0.042,0.032,0.038,0.20,1.07,151.03,0.48,1.02,0.028,-0.005,0.056,1523,1520,1527,1515,10.00,10.06,49.83,49.88
1787304106.156,36.890,True,1,2.734,2.769,-0.127,0.110,9.918,9.918,0.317,2.295,0.142,2.293,0.130,0.043,0.030,0.029,0.30,1.27,150.97,0.39,0.98,0.008,-0.030,0.059,1520,1523,1528,1518,10.00,10.06,-0.41,-0.36
1787304106.165,36.899,True,1,2.734,2.769,-0.127,0.110,9.919,9.919,0.317,2.295,0.142,2.293,0.130,0.043,0.030,0.029,0.30,1.27,150.97,0.39,0.98,0.008,-0.030,0.059,1520,1523,1528,1518,10.00,10.06,9.59,9.64
1787304106.175,36.909,True,1,2.732,2.769,-0.111,0.070,9.878,9.878,0.315,2.295,0.142,2.293,0.130,0.044,0.034,0.040,0.31,1.21,150.92,0.52,1.01,0.020,-0.020,0.061,1522,1522,1528,1517,10.00,10.06,-0.12,-0.17
1787304106.185,36.919,True,1,2.732,2.769,-0.111,0.070,9.879,9.879,0.315,2.295,0.142,2.293,0.131,0.044,0.034,0.040,0.31,1.21,150.92,0.52,1.01,0.020,-0.020,0.061,1522,1522,1528,1517,10.01,10.07,9.88,9.83
1787304106.195,36.929,True,1,2.732,2.769,-0.111,0.070,9.879,9.879,0.315,2.295,0.142,2.293,0.131,0.044,0.034,0.040,0.31,1.21,150.92,0.52,1.02,0.020,-0.020,0.061,1522,1522,1528,1517,10.00,10.06,19.88,19.83
1787304106.205,36.939,True,1,2.732,2.769,-0.111,0.071,9.879,9.879,0.315,2.295,0.142,2.293,0.132,0.044,0.034,0.040,0.31,1.21,150.92,0.52,1.02,0.021,-0.020,0.061,1522,1522,1528,1517,10.00,10.06,29.88,29.83
1787304106.215,36.949,True,1,2.732,2.769,-0.111,0.071,9.880,9.880,0.315,2.295,0.142,2.293,0.132,0.044,0.034,0.040,0.31,1.21,150.92,0.53,1.02,0.021,-0.020,0.061,1522,1522,1528,1517,10.00,10.06,39.88,39.83
1787304106.225,36.959,True,1,2.732,2.769,-0.111,0.072,9.880,9.880,0.315,2.295,0.142,2.293,0.132,0.044,0.034,0.040,0.31,1.21,150.92,0.53,1.02,0.021,-0.020,0.061,1522,1522,1528,1517,10.00,10.06,49.88,49.83
1787304106.235,36.969,True,1,2.732,2.769,-0.111,0.072,9.881,9.880,0.315,2.295,0.142,2.293,0.133,0.044,0.034,0.040,0.31,1.21,150.92,0.53,1.02,0.021,-0.020,0.061,1522,1522,1528,1517,10.00,10.06,59.88,59.83
1787304106.245,36.979,True,1,2.732,2.769,-0.111,0.072,9.881,9.881,0.315,2.295,0.142,2.293,0.133,0.044,0.034,0.040,0.31,1.21,150.92,0.53,1.02,0.022,-0.020,0.061,1522,1522,1528,1517,10.00,10.06,69.88,69.83
1787304106.256,36.990,True,1,2.725,2.769,-0.128,0.152,9.961,9.960,0.318,2.296,0.144,2.293,0.133,0.045,0.028,0.039,1.12,1.45,150.49,0.48,1.07,-0.069,-0.039,0.080,1472,1524,1531,1520,10.00,10.06,-0.60,-0.65
1787304106.265,36.999,True,1,2.725,2.769,-0.128,0.153,9.961,9.961,0.318,2.296,0.144,2.294,0.134,0.045,0.028,0.039,1.12,1.45,150.49,0.49,1.07,-0.069,-0.039,0.080,1472,1524,1531,1520,10.00,10.06,9.40,9.35
1787304106.275,37.009,True,1,2.725,2.769,-0.128,0.153,9.962,9.961,0.318,2.296,0.144,2.294,0.134,0.045,0.028,0.039,1.12,1.45,150.49,0.49,1.07,-0.068,-0.038,0.080,1472,1524,1531,1520,9.99,10.06,19.40,19.35
1787304106.285,37.019,True,1,2.725,2.769,-0.128,0.153,9.962,9.961,0.318,2.296,0.144,2.294,0.134,0.045,0.028,0.039,1.12,1.45,150.49,0.49,1.07,-0.068,-0.038,0.080,1472,1524,1531,1520,10.00,10.06,29.40,29.35
1787304106.295,37.029,True,1,2.725,2.769,-0.128,0.154,9.963,9.962,0.318,2.296,0.144,2.294,0.135,0.045,0.028,0.039,1.12,1.45,150.49,0.49,1.07,-0.068,-0.038,0.080,1472,1524,1531,1520,10.00,10.06,39.40,39.35
1787304106.305,37.039,True,1,2.725,2.769,-0.128,0.154,9.963,9.962,0.318,2.296,0.144,2.294,0.135,0.045,0.028,0.039,1.12,1.45,150.49,0.50,1.07,-0.068,-0.038,0.080,1472,1524,1531,1520,10.00,10.06,49.40,49.35
1787304106.315,37.049,True,1,2.725,2.769,-0.128,0.155,9.964,9.963,0.318,2.296,0.144,2.294,0.135,0.045,0.028,0.039,1.12,1.45,150.49,0.50,1.07,-0.067,-0.038,0.080,1472,1524,1531,1520,10.00,10.06,59.40,59.35
1787304106.325,37.059,True,1,2.725,2.769,-0.128,0.155,9.964,9.963,0.318,2.296,0.144,2.294,0.136,0.045,0.028,0.039,1.12,1.45,150.49,0.50,1.07,-0.067,-0.038,0.080,1472,1524,1531,1520,10.00,10.06,69.40,69.35
1787304106.335,37.069,True,1,2.725,2.769,-0.128,0.156,9.964,9.964,0.318,2.296,0.144,2.294,0.136,0.045,0.028,0.039,1.12,1.45,150.49,0.50,1.07,-0.067,-0.038,0.080,1472,1524,1531,1520,10.00,10.06,79.40,79.35
1787304106.346,37.080,True,1,2.718,2.769,-0.145,0.235,10.043,10.037,0.320,2.297,0.144,2.294,0.136,0.044,0.017,0.005,2.11,1.26,149.92,0.13,0.99,-0.209,-0.024,0.105,1456,1522,1534,1522,10.00,10.06,-0.61,-0.66
1787304106.355,37.089,True,1,2.718,2.769,-0.145,0.236,10.044,10.038,0.320,2.297,0.144,2.294,0.136,0.044,0.017,0.005,2.11,1.26,149.92,0.13,0.99,-0.209,-0.024,0.105,1456,1522,1534,1522,10.00,10.06,9.39,9.34
1787304106.365,37.099,True,1,2.718,2.769,-0.145,0.236,10.044,10.038,0.320,2.297,0.144,2.294,0.137,0.044,0.017,0.005,2.11,1.26,149.92,0.14,0.99,-0.209,-0.024,0.105,1456,1522,1534,1522,9.99,10.06,19.39,19.34
1787304106.375,37.109,True,1,2.718,2.769,-0.145,0.237,10.045,10.039,0.320,2.297,0.144,2.294,0.137,0.044,0.017,0.005,2.11,1.26,149.92,0.14,1.00,-0.208,-0.024,0.105,1457,1522,1534,1522,10.00,10.06,29.39,29.34
1787304106.385,37.119,True,1,2.718,2.769,-0.145,0.237,10.045,10.039,0.320,2.297,0.144,2.294,0.137,0.044,0.017,0.005,2.11,1.26,149.92,0.14,1.00,-0.208,-0.024,0.105,1457,1522,1534,1522,10.00,10.06,39.39,39.34
1787304106.395,37.129,True,1,2.718,2.769,-0.145,0.238,10.046,10.040,0.320,2.297,0.144,2.294,0.137,0.044,0.017,0.005,2.11,1.26,149.92,0.14,1.00,-0.208,-0.024,0.105,1457,1522,1534,1522,10.00,10.06,49.39,49.34
1787304106.405,37.139,True,1,2.718,2.769,-0.145,0.238,10.046,10.040,0.320,2.297,0.144,2.295,0.138,0.044,0.017,0.005,2.11,1.26,149.92,0.14,1.00,-0.208,-0.024,0.105,1457,1522,1534,1522,10.00,10.06,59.39,59.34
1787304106.415,37.149,True,1,2.718,2.769,-0.145,0.239,10.047,10.041,0.320,2.297,0.144,2.295,0.138,0.044,0.017,0.005,2.11,1.26,149.92,0.14,1.00,-0.208,-0.023,0.105,1457,1522,1534,1522,10.00,10.06,69.39,69.34
1787304106.426,37.160,True,1,2.710,2.769,-0.178,0.370,10.178,10.164,0.324,2.297,0.142,2.295,0.138,0.042,0.009,-0.018,2.90,0.73,149.37,-0.11,0.94,-0.317,0.028,0.127,1445,1476,1537,1527,10.00,10.06,-0.59,-0.52
1787304106.435,37.169,True,1,2.710,2.769,-0.178,0.370,10.178,10.164,0.324,2.297,0.142,2.295,0.138,0.042,0.009,-0.018,2.90,0.73,149.37,-0.11,0.94,-0.317,0.029,0.127,1445,1476,1537,1527,10.00,10.06,9.41,9.48
1787304106.445,37.179,True,1,2.706,2.769,-0.182,0.397,10.205,10.189,0.325,2.297,0.140,2.295,0.138,0.041,-0.000,-0.036,2.94,0.58,149.26,-0.31,0.92,-0.341,0.043,0.131,1442,1475,1538,1528,10.00,10.06,-0.13,-0.18
1787304106.455,37.189,True,1,2.706,2.769,-0.182,0.398,10.206,10.189,0.325,2.297,0.140,2.295,0.138,0.041,-0.000,-0.036,2.94,0.58,149.26,-0.31,0.92,-0.341,0.043,0.131,1442,1475,1538,1528,10.00,10.06,9.87,9.82
1787304106.465,37.199,True,1,2.706,2.769,-0.182,0.398,10.207,10.190,0.325,2.297,0.140,2.295,0.138,0.041,-0.000,-0.036,2.94,0.58,149.26,-0.31,0.92,-0.341,0.043,0.131,1442,1475,1538,1528,10.00,10.06,19.88,19.83
1787304106.475,37.209,True,1,2.706,2.769,-0.182,0.399,10.207,10.191,0.325,2.297,0.140,2.295,0.138,0.041,-0.000,-0.036,2.94,0.58,149.26,-0.31,0.92,-0.341,0.043,0.131,1442,1475,1538,1528,10.00,10.06,29.87,29.82
1787304106.485,37.219,True,1,2.706,2.769,-0.182,0.400,10.208,10.191,0.325,2.297,0.140,2.295,0.138,0.041,-0.000,-0.036,2.94,0.58,149.26,-0.31,0.92,-0.341,0.043,0.131,1442,1475,1538,1528,10.00,10.06,39.87,39.82
1787304106.495,37.229,True,1,2.706,2.769,-0.182,0.400,10.209,10.192,0.325,2.297,0.140,2.295,0.138,0.041,-0.000,-0.036,2.94,0.58,149.26,-0.31,0.92,-0.341,0.043,0.131,1442,1475,1538,1528,10.00,10.06,49.88,49.83
1787304106.506,37.240,True,1,2.699,2.769,-0.189,0.451,10.259,10.243,0.327,2.296,0.137,2.295,0.138,0.039,-0.013,-0.036,2.81,0.19,149.01,-0.38,1.03,-0.334,0.095,0.140,1443,1469,1539,1530,10.00,10.06,-0.45,-0.40
1787304106.515,37.249,True,1,2.699,2.769,-0.189,0.452,10.260,10.243,0.327,2.296,0.137,2.295,0.138,0.039,-0.013,-0.036,2.81,0.19,149.01,-0.38,1.03,-0.334,0.095,0.140,1443,1469,1539,1530,10.00,10.06,9.56,9.60
1787304106.525,37.259,True,1,2.699,2.769,-0.189,0.452,10.261,10.244,0.327,2.296,0.137,2.295,0.138,0.039,-0.013,-0.036,2.81,0.19,149.01,-0.38,1.03,-0.334,0.095,0.140,1443,1469,1539,1530,10.00,10.06,19.55,19.60
1787304106.535,37.269,True,1,2.699,2.769,-0.189,0.453,10.262,10.245,0.327,2.296,0.137,2.295,0.138,0.039,-0.013,-0.036,2.81,0.19,149.01,-0.38,1.03,-0.334,0.095,0.140,1443,1469,1539,1530,10.00,10.06,29.55,29.60
1787304106.545,37.279,True,1,2.699,2.769,-0.189,0.454,10.262,10.245,0.327,2.296,0.137,2.295,0.138,0.039,-0.013,-0.036,2.81,0.19,149.01,-0.38,1.03,-0.334,0.095,0.140,1443,1469,1539,1530,10.00,10.06,39.55,39.60
1787304106.555,37.289,True,1,2.699,2.769,-0.189,0.454,10.263,10.246,0.327,2.296,0.137,2.295,0.138,0.039,-0.013,-0.036,2.81,0.19,149.01,-0.38,1.03,-0.334,0.095,0.140,1443,1469,1539,1530,10.01,10.07,49.56,49.61
1787304106.565,37.299,True,1,2.699,2.769,-0.189,0.455,10.264,10.247,0.327,2.296,0.137,2.295,0.138,0.039,-0.013,-0.036,2.81,0.19,149.01,-0.38,1.03,-0.334,0.095,0.140,1443,1469,1539,1530,9.99,10.06,59.55,59.60
1787304106.575,37.309,True,1,2.699,2.769,-0.189,0.456,10.264,10.247,0.327,2.296,0.137,2.295,0.138,0.039,-0.013,-0.036,2.81,0.19,149.01,-0.38,1.03,-0.334,0.095,0.140,1443,1469,1539,1530,10.01,10.07,69.56,69.61
1787304106.585,37.319,True,1,2.699,2.769,-0.189,0.457,10.265,10.248,0.327,2.296,0.137,2.295,0.138,0.039,-0.013,-0.036,2.81,0.19,149.01,-0.38,1.03,-0.334,0.095,0.140,1443,1469,1539,1530,10.00,10.07,79.56,79.61
1787304106.596,37.330,True,1,2.684,2.769,-0.230,0.640,10.449,10.439,0.333,2.295,0.130,2.295,0.138,0.034,-0.023,-0.065,1.75,0.05,148.94,-0.67,0.95,-0.254,0.098,0.144,1452,1469,1540,1536,10.00,10.06,-0.66,-0.71
1787304106.605,37.339,True,1,2.684,2.769,-0.230,0.641,10.450,10.439,0.333,2.295,0.130,2.295,0.138,0.034,-0.023,-0.065,1.75,0.05,148.94,-0.67,0.95,-0.254,0.098,0.144,1452,1469,1540,1536,10.00,10.06,9.34,9.29
1787304106.615,37.349,True,1,2.684,2.769,-0.230,0.642,10.451,10.440,0.333,2.295,0.130,2.295,0.137,0.034,-0.023,-0.065,1.75,0.05,148.94,-0.67,0.95,-0.254,0.098,0.144,1452,1469,1540,1537,10.00,10.06,19.34,19.29
1787304106.625,37.359,True,1,2.684,2.769,-0.230,0.643,10.452,10.441,0.333,2.295,0.130,2.295,0.137,0.034,-0.023,-0.065,1.75,0.05,148.94,-0.67,0.95,-0.254,0.098,0.144,1452,1469,1540,1537,10.00,10.06,29.34,29.29
1787304106.635,37.369,True,1,2.684,2.769,-0.230,0.644,10.453,10.442,0.333,2.295,0.130,2.295,0.137,0.034,-0.023,-0.065,1.75,0.05,148.94,-0.67,0.95,-0.254,0.098,0.144,1452,1469,1540,1537,10.01,10.07,39.35,39.29
1787304106.645,37.379,True,1,2.684,2.769,-0.230,0.645,10.453,10.443,0.333,2.295,0.130,2.295,0.137,0.034,-0.023,-0.065,1.75,0.05,148.94,-0.67,0.95,-0.254,0.098,0.144,1452,1469,1540,1537,10.00,10.06,49.34,49.29
1787304106.656,37.390,True,1,2.672,2.769,-0.235,0.708,10.518,10.515,0.336,2.293,0.125,2.295,0.136,0.032,-0.039,-0.079,0.18,0.22,149.17,-0.87,1.00,-0.111,0.082,0.137,1467,1470,1539,1539,10.00,10.06,-0.48,-0.44
1787304106.665,37.399,True,1,2.672,2.769,-0.235,0.709,10.519,10.516,0.336,2.293,0.125,2.295,0.136,0.032,-0.039,-0.079,0.18,0.22,149.17,-0.87,1.00,-0.111,0.082,0.137,1467,1470,1539,1539,10.00,10.06,9.51,9.56
1787304106.675,37.409,True,1,2.669,2.769,-0.204,0.633,10.442,10.440,0.333,2.293,0.123,2.295,0.135,0.030,-0.040,-0.057,-0.17,0.28,149.23,-0.69,1.13,-0.056,0.088,0.135,1473,1470,1538,1537,10.00,10.06,-0.11,-0.17
1787304106.685,37.419,True,1,2.669,2.769,-0.204,0.634,10.443,10.441,0.333,2.293,0.123,2.295,0.135,0.030,-0.040,-0.057,-0.17,0.28,149.23,-0.70,1.13,-0.056,0.088,0.135,1473,1470,1538,1537,10.00,10.06,9.89,9.84
1787304106.695,37.429,True,1,2.669,2.769,-0.204,0.635,10.444,10.442,0.333,2.293,0.123,2.295,0.135,0.030,-0.040,-0.057,-0.17,0.28,149.23,-0.70,1.13,-0.056,0.088,0.135,1473,1470,1538,1537,10.00,10.06,19.89,19.84
1787304106.705,37.439,True,1,2.669,2.769,-0.204,0.636,10.445,10.443,0.333,2.293,0.123,2.295,0.134,0.030,-0.040,-0.057,-0.17,0.28,149.23,-0.70,1.12,-0.057,0.088,0.135,1473,1470,1538,1537,10.00,10.06,29.88,29.83
1787304106.715,37.449,True,1,2.669,2.769,-0.204,0.637,10.446,10.444,0.333,2.293,0.123,2.295,0.134,0.030,-0.040,-0.057,-0.17,0.28,149.23,-0.70,1.12,-0.057,0.088,0.135,1473,1470,1538,1537,10.00,10.06,39.88,39.83
1787304106.725,37.459,True,1,2.669,2.769,-0.204,0.638,10.447,10.445,0.333,2.293,0.123,2.295,0.134,0.030,-0.040,-0.057,-0.17,0.28,149.23,-0.70,1.12,-0.057,0.088,0.135,1473,1470,1538,1537,10.00,10.06,49.89,49.83
1787304106.735,37.469,True,1,2.669,2.769,-0.204,0.639,10.448,10.446,0.333,2.293,0.123,2.295,0.133,0.030,-0.040,-0.057,-0.17,0.28,149.23,-0.71,1.12,-0.057,0.088,0.135,1473,1470,1538,1537,10.00,10.06,59.89,59.83
1787304106.745,37.479,True,1,2.669,2.769,-0.204,0.640,10.449,10.447,0.333,2.293,0.123,2.295,0.133,0.030,-0.040,-0.057,-0.17,0.28,149.23,-0.71,1.12,-0.057,0.088,0.135,1473,1470,1538,1537,10.00,10.06,69.88,69.83
1787304106.756,37.490,True,1,2.655,2.769,-0.228,0.764,10.573,10.570,0.337,2.292,0.117,2.295,0.132,0.028,-0.025,-0.074,-2.11,0.80,149.81,-0.76,0.91,0.140,0.007,0.109,1535,1479,1535,1541,10.00,10.06,-0.59,-0.53
1787304106.765,37.499,True,1,2.655,2.769,-0.228,0.765,10.574,10.571,0.337,2.292,0.117,2.294,0.132,0.028,-0.025,-0.074,-2.11,0.80,149.81,-0.76,0.91,0.140,0.007,0.109,1535,1479,1535,1541,10.00,10.06,9.41,9.48
1787304106.775,37.509,True,1,2.651,2.769,-0.210,0.730,10.539,10.535,0.336,2.292,0.116,2.294,0.131,0.027,-0.022,-0.059,-2.11,0.80,149.81,-0.63,0.96,0.153,0.013,0.110,1536,1478,1535,1540,9.99,10.06,19.41,-0.07
1787304106.785,37.519,True,1,2.651,2.769,-0.210,0.731,10.540,10.536,0.336,2.292,0.116,2.294,0.131,0.027,-0.022,-0.059,-2.11,0.80,149.81,-0.64,0.96,0.153,0.013,0.110,1536,1478,1535,1540,10.00,10.06,29.41,9.93
1787304106.795,37.529,True,1,2.651,2.769,-0.210,0.732,10.541,10.538,0.336,2.292,0.116,2.294,0.130,0.027,-0.022,-0.059,-2.11,0.80,149.81,-0.64,0.96,0.153,0.013,0.110,1536,1478,1535,1540,10.00,10.06,39.41,19.93
1787304106.805,37.539,True,1,2.651,2.769,-0.210,0.734,10.542,10.539,0.336,2.292,0.116,2.294,0.130,0.027,-0.022,-0.059,-2.11,0.80,149.81,-0.64,0.96,0.152,0.013,0.110,1536,1478,1535,1540,10.00,10.06,49.41,29.93
1787304106.815,37.549,True,1,2.651,2.769,-0.210,0.735,10.544,10.540,0.336,2.292,0.116,2.294,0.129,0.027,-0.022,-0.059,-2.11,0.80,149.81,-0.65,0.96,0.152,0.012,0.110,1536,1478,1535,1540,10.00,10.06,59.41,39.93
1787304106.825,37.559,True,1,2.651,2.769,-0.210,0.736,10.545,10.541,0.336,2.292,0.116,2.294,0.129,0.027,-0.022,-0.059,-2.11,0.80,149.81,-0.65,0.96,0.152,0.012,0.110,1536,1478,1535,1540,10.00,10.06,69.41,49.93
1787304106.835,37.569,True,1,2.651,2.769,-0.210,0.737,10.546,10.542,0.336,2.292,0.116,2.294,0.128,0.027,-0.022,-0.059,-2.11,0.80,149.81,-0.65,0.96,0.151,0.012,0.110,1536,1478,1535,1540,10.00,10.06,79.41,59.93
1787304106.846,37.580,True,1,2.638,2.769,-0.184,0.716,10.524,10.512,0.336,2.293,0.112,2.294,0.128,0.025,-0.008,-0.041,-3.07,1.27,150.63,-0.42,0.93,0.276,-0.039,0.071,1550,1524,1529,1539,10.00,10.06,-0.57,-0.51
1787304106.855,37.589,True,1,2.638,2.769,-0.184,0.717,10.525,10.514,0.336,2.293,0.112,2.294,0.127,0.025,-0.008,-0.041,-3.07,1.27,150.63,-0.42,0.93,0.276,-0.039,0.071,1550,1524,1529,1539,10.00,10.06,9.43,9.49
1787304106.865,37.599,True,1,2.638,2.769,-0.184,0.718,10.527,10.515,0.336,2.293,0.112,2.294,0.127,0.025,-0.008,-0.041,-3.07,1.27,150.63,-0.42,0.93,0.275,-0.039,0.071,1550,1524,1529,1539,10.00,10.06,19.43,19.49
1787304106.875,37.609,True,1,2.638,2.769,-0.184,0.720,10.528,10.516,0.336,2.293,0.112,2.294,0.126,0.025,-0.008,-0.041,-3.07,1.27,150.63,-0.43,0.93,0.275,-0.040,0.071,1550,1524,1529,1539,10.00,10.06,29.43,29.49
1787304106.885,37.619,True,1,2.638,2.769,-0.184,0.721,10.529,10.518,0.336,2.293,0.112,2.294,0.126,0.025,-0.008,-0.041,-3.07,1.27,150.63,-0.43,0.93,0.275,-0.040,0.071,1550,1524,1529,1539,10.00,10.06,39.43,39.50
1787304106.895,37.629,True,1,2.638,2.769,-0.184,0.722,10.531,10.519,0.336,2.293,0.112,2.294,0.125,0.025,-0.008,-0.041,-3.07,1.27,150.63,-0.43,0.93,0.274,-0.040,0.071,1550,1524,1529,1539,10.00,10.06,49.43,49.49
1787304106.905,37.639,True,1,2.638,2.769,-0.184,0.723,10.532,10.521,0.336,2.293,0.112,2.294,0.125,0.025,-0.008,-0.041,-3.07,1.27,150.63,-0.43,0.93,0.274,-0.040,0.071,1550,1524,1529,1539,10.00,10.06,59.43,59.49
1787304106.915,37.649,True,1,2.638,2.769,-0.184,0.725,10.533,10.522,0.336,2.293,0.112,2.294,0.124,0.025,-0.008,-0.041,-3.07,1.27,150.63,-0.44,0.92,0.274,-0.040,0.071,1550,1524,1529,1539,10.00,10.06,69.43,69.49
1787304106.926,37.660,True,1,2.620,2.769,-0.163,0.732,10.540,10.526,0.336,2.294,0.109,2.294,0.124,0.023,0.022,-0.015,-2.95,1.62,151.61,-0.06,0.78,0.302,-0.089,0.026,1553,1529,1523,1539,10.00,10.06,-0.51,-0.58
1787304106.935,37.669,True,1,2.620,2.769,-0.163,0.734,10.542,10.527,0.336,2.294,0.109,2.294,0.123,0.023,0.022,-0.015,-2.95,1.62,151.61,-0.06,0.78,0.302,-0.090,0.026,1553,1529,1523,1540,10.00,10.06,9.48,9.42
1787304106.945,37.679,True,1,2.620,2.769,-0.163,0.735,10.543,10.529,0.336,2.294,0.109,2.294,0.123,0.023,0.022,-0.015,-2.95,1.62,151.61,-0.07,0.78,0.302,-0.090,0.026,1553,1529,1523,1540,10.00,10.06,19.49,19.42
1787304106.956,37.689,True,1,2.615,2.769,-0.137,0.679,10.487,10.472,0.334,2.296,0.108,2.294,0.123,0.021,0.036,0.003,-2.74,1.69,151.88,0.15,0.75,0.303,-0.099,0.014,1553,1531,1521,1538,10.00,10.06,-0.18,-0.23
1787304106.965,37.699,True,1,2.615,2.769,-0.137,0.681,10.488,10.473,0.334,2.296,0.108,2.294,0.122,0.021,0.036,0.003,-2.74,1.69,151.88,0.15,0.75,0.302,-0.100,0.014,1553,1531,1521,1538,10.00,10.06,9.83,9.78
1787304106.975,37.709,True,1,2.614,2.769,-0.131,0.670,10.477,10.464,0.334,2.296,0.108,2.294,0.122,0.021,0.039,0.003,-2.50,1.69,152.20,0.18,0.72,0.280,-0.101,0.000,1550,1531,1520,1537,10.00,10.06,-0.05,-0.11
1787304106.985,37.719,True,1,2.613,2.769,-0.134,0.686,10.493,10.482,0.335,2.296,0.108,2.294,0.121,0.021,0.042,-0.005,-2.36,1.71,152.33,0.11,0.66,0.258,-0.110,-0.005,1548,1532,1479,1538,10.00,10.06,-0.05,-0.11
1787304106.995,37.729,True,1,2.610,2.769,-0.108,0.618,10.426,10.415,0.332,2.297,0.108,2.294,0.121,0.020,0.044,0.016,-2.17,1.72,152.47,0.31,0.74,0.259,-0.103,-0.011,1548,1531,1478,1536,10.00,10.06,-0.06,-0.11
1787304107.005,37.739,True,1,2.610,2.769,-0.108,0.620,10.428,10.416,0.332,2.297,0.108,2.294,0.120,0.020,0.044,0.016,-2.17,1.72,152.47,0.31,0.73,0.259,-0.103,-0.011,1548,1531,1478,1536,10.00,10.06,9.94,9.89
1787304107.015,37.749,True,1,2.610,2.769,-0.108,0.621,10.429,10.418,0.333,2.297,0.108,2.294,0.120,0.020,0.044,0.016,-2.17,1.72,152.47,0.30,0.73,0.259,-0.103,-0.011,1548,1531,1478,1536,10.00,10.06,19.94,19.89
1787304107.025,37.759,True,1,2.610,2.769,-0.108,0.623,10.431,10.419,0.333,2.297,0.108,2.294,0.119,0.020,0.044,0.016,-2.17,1.72,152.47,0.30,0.73,0.259,-0.103,-0.011,1548,1531,1478,1536,10.00,10.06,29.94,29.89
1787304107.036,37.769,True,1,2.607,2.769,-0.103,0.620,10.428,10.420,0.333,2.299,0.108,2.295,0.119,0.018,0.059,0.005,-1.57,1.76,152.94,0.28,0.55,0.195,-0.127,-0.031,1541,1534,1475,1536,10.00,10.06,-0.17,-0.22
1787304107.045,37.779,True,1,2.607,2.769,-0.103,0.622,10.429,10.421,0.333,2.299,0.108,2.295,0.119,0.018,0.059,0.005,-1.57,1.76,152.94,0.27,0.55,0.195,-0.127,-0.031,1541,1534,1475,1536,10.00,10.06,9.83,9.78
1787304107.055,37.789,True,1,2.607,2.769,-0.103,0.624,10.431,10.423,0.333,2.299,0.108,2.295,0.118,0.018,0.059,0.005,-1.57,1.76,152.94,0.27,0.54,0.194,-0.127,-0.031,1541,1534,1475,1536,10.00,10.06,19.83,19.78
1787304107.065,37.799,True,1,2.607,2.769,-0.103,0.625,10.432,10.425,0.333,2.299,0.108,2.295,0.118,0.018,0.059,0.005,-1.57,1.76,152.94,0.27,0.54,0.194,-0.127,-0.031,1541,1534,1475,1536,10.00,10.06,29.83,29.78
1787304107.075,37.809,True,1,2.607,2.769,-0.103,0.627,10.434,10.426,0.333,2.299,0.108,2.295,0.118,0.018,0.059,0.005,-1.57,1.76,152.94,0.27,0.54,0.194,-0.127,-0.031,1541,1534,1475,1536,10.00,10.06,39.83,39.78
1787304107.086,37.820,True,1,2.603,2.769,-0.072,0.555,10.362,10.357,0.331,2.302,0.108,2.295,0.117,0.015,0.071,0.000,-0.44,1.91,153.71,0.29,0.41,0.079,-0.156,-0.062,1528,1537,1471,1534,10.00,10.06,-0.36,-0.41
1787304107.095,37.829,True,1,2.603,2.769,-0.072,0.556,10.363,10.359,0.331,2.302,0.108,2.296,0.117,0.015,0.071,0.000,-0.44,1.91,153.71,0.29,0.41,0.079,-0.156,-0.062,1528,1537,1471,1534,10.00,10.06,9.63,9.59
1787304107.105,37.839,True,1,2.601,2.769,-0.067,0.547,10.354,10.350,0.330,2.304,0.108,2.296,0.117,0.013,0.073,0.003,0.08,1.94,154.07,0.32,0.39,0.028,-0.162,-0.076,1523,1537,1469,1533,10.00,10.06,-0.18,-0.13
1787304107.115,37.849,True,1,2.601,2.769,-0.067,0.549,10.356,10.352,0.330,2.304,0.108,2.296,0.116,0.013,0.073,0.003,0.08,1.94,154.07,0.32,0.39,0.028,-0.162,-0.076,1523,1537,1469,1533,10.00,10.06,9.82,9.87
1787304107.125,37.859,True,1,2.601,2.769,-0.067,0.550,10.357,10.354,0.330,2.304,0.108,2.296,0.116,0.013,0.073,0.003,0.08,1.94,154.07,0.32,0.39,0.028,-0.163,-0.076,1523,1537,1469,1533,10.00,10.06,19.82,19.87
1787304107.135,37.869,True,1,2.601,2.769,-0.067,0.552,10.359,10.355,0.331,2.304,0.108,2.297,0.116,0.013,0.073,0.003,0.08,1.94,154.07,0.32,0.39,0.028,-0.163,-0.076,1523,1537,1469,1534,10.00,10.06,29.82,29.87
1787304107.145,37.879,True,1,2.601,2.769,-0.067,0.554,10.361,10.357,0.331,2.304,0.108,2.297,0.116,0.013,0.073,0.003,0.08,1.94,154.07,0.32,0.39,0.027,-0.163,-0.076,1523,1538,1469,1534,10.00,10.06,39.82,39.87
1787304107.155,37.889,True,1,2.601,2.769,-0.067,0.555,10.362,10.359,0.331,2.304,0.108,2.297,0.115,0.013,0.073,0.003,0.08,1.94,154.07,0.32,0.38,0.027,-0.163,-0.076,1523,1538,1469,1534,10.00,10.06,49.83,49.87
1787304107.166,37.900,True,1,2.599,2.769,-0.045,0.502,10.309,10.305,0.329,2.308,0.108,2.297,0.115,0.009,0.080,-0.003,1.11,1.75,154.73,0.30,0.29,-0.082,-0.155,-0.102,1470,1537,1465,1532,10.00,10.06,-0.40,-0.36
1787304107.175,37.909,True,1,2.599,2.769,-0.045,0.504,10.311,10.307,0.329,2.308,0.108,2.298,0.115,0.009,0.080,-0.003,1.11,1.75,154.73,0.30,0.29,-0.082,-0.155,-0.102,1470,1537,1465,1532,10.00,10.06,9.60,9.64
1787304107.185,37.919,True,1,2.599,2.769,-0.045,0.506,10.313,10.308,0.329,2.308,0.108,2.298,0.115,0.009,0.080,-0.003,1.11,1.75,154.73,0.30,0.29,-0.082,-0.155,-0.102,1470,1537,1465,1532,10.00,10.06,19.60,19.64
1787304107.195,37.929,True,1,2.599,2.769,-0.045,0.508,10.314,10.310,0.329,2.308,0.108,2.298,0.114,0.009,0.080,-0.003,1.11,1.75,154.73,0.29,0.29,-0.082,-0.156,-0.102,1470,1537,1465,1532,10.00,10.06,29.59,29.64
1787304107.205,37.939,True,1,2.599,2.769,-0.045,0.509,10.316,10.312,0.329,2.308,0.108,2.299,0.114,0.009,0.080,-0.003,1.11,1.75,154.73,0.29,0.28,-0.082,-0.156,-0.102,1470,1537,1465,1532,10.00,10.06,39.59,39.64
1787304107.216,37.950,True,1,2.600,2.769,-0.025,0.446,10.253,10.247,0.327,2.314,0.107,2.299,0.114,0.004,0.084,-0.028,1.73,1.19,155.32,0.09,0.14,-0.169,-0.114,-0.128,1461,1532,1462,1530,10.00,10.06,-0.41,-0.37
1787304107.225,37.959,True,1,2.600,2.769,-0.025,0.448,10.254,10.249,0.327,2.314,0.107,2.300,0.114,0.004,0.084,-0.028,1.73,1.19,155.32,0.09,0.14,-0.169,-0.114,-0.128,1461,1532,1462,1530,10.00,10.06,9.59,9.63
1787304107.235,37.969,True,1,2.600,2.769,-0.025,0.449,10.256,10.250,0.327,2.314,0.107,2.300,0.113,0.004,0.084,-0.028,1.73,1.19,155.32,0.09,0.14,-0.169,-0.115,-0.128,1461,1532,1462,1530,10.00,10.06,19.59,19.63
1787304107.245,37.979,True,1,2.600,2.769,0.004,0.365,10.172,10.167,0.325,2.315,0.106,2.301,0.113,0.002,0.082,-0.008,1.79,1.05,155.44,0.27,0.23,-0.157,-0.091,-0.134,1462,1530,1461,1527,10.00,10.06,-0.14,-0.19
1787304107.255,37.989,True,1,2.600,2.769,0.004,0.367,10.174,10.169,0.325,2.315,0.106,2.301,0.113,0.002,0.082,-0.008,1.79,1.05,155.44,0.27,0.22,-0.157,-0.091,-0.134,1462,1530,1461,1527,10.00,10.06,9.86,9.81
1787304107.265,37.999,True,1,2.600,2.769,0.004,0.368,10.175,10.171,0.325,2.315,0.106,2.302,0.113,0.002,0.082,-0.008,1.79,1.05,155.44,0.27,0.22,-0.158,-0.092,-0.134,1462,1530,1461,1527,10.00,10.06,19.86,19.81
1787304107.275,38.009,True,1,2.600,2.769,0.004,0.370,10.177,10.172,0.325,2.315,0.106,2.302,0.113,0.002,0.082,-0.008,1.79,1.05,155.44,0.26,0.22,-0.158,-0.092,-0.134,1462,1530,1461,1527,10.00,10.06,29.86,29.81
1787304107.286,38.019,True,1,2.603,2.769,0.024,0.302,10.109,10.106,0.323,2.319,0.105,2.303,0.112,0.003,0.076,-0.009,1.77,0.43,155.78,0.24,0.27,-0.159,-0.021,-0.151,1462,1522,1459,1525,10.00,10.06,-0.27,-0.32
1787304107.295,38.029,True,1,2.603,2.769,0.024,0.304,10.111,10.107,0.323,2.319,0.105,2.303,0.112,0.003,0.076,-0.009,1.77,0.43,155.78,0.24,0.27,-0.159,-0.021,-0.151,1462,1522,1459,1525,10.00,10.06,9.74,9.69
1787304107.305,38.039,True,1,2.603,2.769,0.024,0.306,10.113,10.109,0.323,2.319,0.105,2.304,0.112,0.003,0.076,-0.009,1.77,0.43,155.78,0.24,0.26,-0.159,-0.022,-0.151,1462,1522,1459,1525,10.00,10.06,19.73,19.68
1787304107.316,38.049,True,1,2.604,2.769,-0.005,0.386,10.193,10.188,0.325,2.322,0.103,2.304,0.111,0.005,0.074,-0.048,1.67,0.09,155.94,-0.14,0.11,-0.189,-0.002,-0.158,1459,1520,1457,1528,10.00,10.06,-0.16,-0.21
1787304107.325,38.059,True,1,2.604,2.769,-0.005,0.388,10.194,10.189,0.325,2.322,0.103,2.305,0.111,0.005,0.074,-0.048,1.67,0.09,155.94,-0.14,0.11,-0.189,-0.002,-0.158,1459,1520,1457,1528,10.00,10.06,9.83,9.78
1787304107.335,38.069,True,1,2.604,2.769,-0.005,0.389,10.196,10.191,0.325,2.322,0.103,2.306,0.111,0.005,0.074,-0.048,1.67,0.09,155.94,-0.14,0.11,-0.189,-0.003,-0.158,1459,1520,1457,1528,10.00,10.06,19.84,19.79
1787304107.346,38.079,True,1,2.605,2.769,0.019,0.316,10.123,10.119,0.323,2.324,0.102,2.306,0.111,0.007,0.067,-0.034,1.43,-0.34,156.13,-0.03,0.23,-0.154,0.055,-0.168,1462,1473,1456,1525,10.00,10.06,-0.17,-0.22
1787304107.355,38.089,True,1,2.605,2.769,0.019,0.318,10.124,10.120,0.323,2.324,0.102,2.307,0.110,0.007,0.067,-0.034,1.43,-0.34,156.13,-0.03,0.22,-0.154,0.055,-0.168,1462,1473,1456,1525,10.00,10.06,9.83,9.78
1787304107.365,38.099,True,1,2.608,2.769,0.010,0.336,10.143,10.140,0.324,2.326,0.101,2.307,0.110,0.010,0.065,-0.039,1.11,-0.68,156.26,-0.08,0.22,-0.127,0.090,-0.174,1465,1469,1455,1526,10.00,10.06,-0.15,-0.20
1787304107.375,38.109,True,1,2.608,2.769,0.010,0.338,10.145,10.141,0.324,2.326,0.101,2.308,0.110,0.010,0.065,-0.039,1.11,-0.68,156.26,-0.08,0.21,-0.127,0.090,-0.174,1465,1470,1455,1526,10.00,10.06,9.85,9.80
1787304107.385,38.119,True,1,2.608,2.769,0.010,0.340,10.146,10.143,0.324,2.326,0.101,2.309,0.109,0.010,0.065,-0.039,1.11,-0.68,156.26,-0.08,0.21,-0.127,0.089,-0.174,1465,1470,1455,1526,10.00,10.06,19.85,19.80
1787304107.396,38.129,True,1,2.609,2.769,0.025,0.288,10.095,10.092,0.322,2.328,0.100,2.309,0.109,0.012,0.057,-0.033,0.77,-0.87,156.36,-0.07,0.30,-0.090,0.120,-0.178,1469,1466,1455,1524,10.00,10.06,-0.17,-0.21
1787304107.405,38.139,True,1,2.609,2.769,0.025,0.290,10.097,10.094,0.322,2.328,0.100,2.310,0.109,0.012,0.057,-0.033,0.77,-0.87,156.36,-0.07,0.29,-0.091,0.120,-0.178,1469,1466,1455,1524,10.00,10.06,9.84,9.79
1787304107.415,38.149,True,1,2.609,2.769,0.025,0.291,10.098,10.095,0.322,2.328,0.100,2.310,0.109,0.012,0.057,-0.033,0.77,-0.87,156.36,-0.07,0.29,-0.091,0.119,-0.178,1469,1466,1455,1524,10.00,10.06,19.84,19.79
1787304107.425,38.159,True,1,2.609,2.769,0.025,0.293,10.100,10.097,0.322,2.328,0.100,2.311,0.108,0.012,0.057,-0.033,0.77,-0.87,156.36,-0.07,0.29,-0.091,0.119,-0.178,1469,1466,1455,1524,10.00,10.06,29.83,29.79
1787304107.435,38.169,True,1,2.609,2.769,0.025,0.295,10.101,10.098,0.322,2.328,0.100,2.312,0.108,0.012,0.057,-0.033,0.77,-0.87,156.36,-0.07,0.28,-0.091,0.118,-0.178,1469,1466,1455,1524,10.00,10.06,39.83,39.79
1787304107.445,38.179,True,1,2.609,2.769,0.025,0.296,10.103,10.100,0.322,2.328,0.100,2.312,0.108,0.012,0.057,-0.033,0.77,-0.87,156.36,-0.07,0.28,-0.091,0.118,-0.178,1469,1466,1455,1525,10.00,10.06,49.84,49.79
1787304107.455,38.189,True,1,2.609,2.769,0.025,0.298,10.105,10.102,0.322,2.328,0.100,2.313,0.107,0.012,0.057,-0.033,0.77,-0.87,156.36,-0.07,0.27,-0.091,0.117,-0.178,1469,1466,1455,1525,10.00,10.06,59.83,59.79
1787304107.465,38.199,True,1,2.609,2.769,0.025,0.300,10.106,10.103,0.322,2.328,0.100,2.313,0.107,0.012,0.057,-0.033,0.77,-0.87,156.36,-0.07,0.27,-0.091,0.117,-0.178,1469,1467,1455,1525,10.00,10.06,69.83,69.78
1787304107.475,38.209,True,1,2.609,2.769,0.025,0.301,10.108,10.105,0.323,2.328,0.100,2.314,0.107,0.012,0.057,-0.033,0.77,-0.87,156.36,-0.07,0.27,-0.091,0.117,-0.178,1469,1467,1455,1525,10.00,10.06,79.84,79.79
1787304107.486,38.220,True,1,2.614,2.769,0.020,0.299,10.106,10.102,0.322,2.333,0.095,2.314,0.106,0.019,0.043,-0.039,-0.57,-1.11,156.49,-0.19,0.37,0.036,0.157,-0.181,1524,1462,1454,1525,10.00,10.06,-0.58,-0.63
1787304107.495,38.229,True,1,2.614,2.769,0.020,0.300,10.107,10.104,0.322,2.333,0.095,2.315,0.106,0.019,0.043,-0.039,-0.57,-1.11,156.49,-0.19,0.37,0.036,0.157,-0.181,1524,1462,1454,1525,10.00,10.06,9.43,9.38
1787304107.505,38.239,True,1,2.614,2.769,0.020,0.302,10.109,10.105,0.323,2.333,0.095,2.316,0.106,0.019,0.043,-0.039,-0.57,-1.11,156.49,-0.19,0.36,0.036,0.156,-0.181,1524,1462,1454,1525,10.00,10.06,19.42,19.37
1787304107.515,38.249,True,1,2.614,2.769,0.020,0.304,10.110,10.107,0.323,2.333,0.095,2.316,0.105,0.019,0.043,-0.039,-0.57,-1.11,156.49,-0.19,0.36,0.036,0.156,-0.181,1524,1462,1454,1525,10.00,10.06,29.42,29.37
1787304107.525,38.259,True,1,2.614,2.769,0.020,0.305,10.112,10.109,0.323,2.333,0.095,2.317,0.105,0.019,0.043,-0.039,-0.57,-1.11,156.49,-0.19,0.35,0.036,0.155,-0.181,1524,1462,1454,1525,10.00,10.06,39.42,39.38
1787304107.535,38.269,True,1,2.614,2.769,0.020,0.307,10.114,10.110,0.323,2.333,0.095,2.317,0.105,0.019,0.043,-0.039,-0.57,-1.11,156.49,-0.19,0.35,0.036,0.155,-0.181,1524,1462,1454,1525,10.00,10.07,49.43,49.38
1787304107.545,38.279,True,1,2.614,2.769,0.020,0.308,10.115,10.112,0.323,2.333,0.095,2.318,0.104,0.019,0.043,-0.039,-0.57,-1.11,156.49,-0.19,0.34,0.036,0.154,-0.181,1524,1462,1454,1525,9.99,10.06,59.42,59.37
1787304107.555,38.289,True,1,2.614,2.769,0.020,0.310,10.117,10.113,0.323,2.333,0.095,2.318,0.104,0.019,0.043,-0.039,-0.57,-1.11,156.49,-0.19,0.34,0.036,0.154,-0.181,1524,1462,1454,1525,10.00,10.06,69.42,69.37
1787304107.566,38.300,True,1,2.619,2.769,0.020,0.293,10.100,10.094,0.322,2.337,0.092,2.319,0.104,0.024,0.039,-0.020,-1.68,-0.50,156.31,-0.02,0.45,0.172,0.104,-0.172,1539,1468,1456,1524,10.00,10.06,-0.58,-0.52
1787304107.575,38.309,True,1,2.619,2.769,0.020,0.295,10.102,10.096,0.322,2.337,0.092,2.319,0.103,0.024,0.039,-0.020,-1.68,-0.50,156.31,-0.02,0.44,0.172,0.104,-0.172,1539,1468,1456,1524,10.00,10.06,9.42,9.48
1787304107.585,38.319,True,1,2.619,2.769,0.020,0.296,10.103,10.097,0.322,2.337,0.092,2.320,0.103,0.024,0.039,-0.020,-1.68,-0.50,156.31,-0.02,0.44,0.172,0.103,-0.172,1539,1468,1456,1524,10.00,10.06,19.42,19.48
1787304107.595,38.329,True,1,2.619,2.769,0.020,0.298,10.105,10.099,0.322,2.337,0.092,2.321,0.103,0.024,0.039,-0.020,-1.68,-0.50,156.31,-0.02,0.44,0.172,0.103,-0.172,1538,1468,1456,1524,10.00,10.06,29.41,29.48
1787304107.605,38.339,True,1,2.619,2.769,0.020,0.299,10.106,10.100,0.322,2.337,0.092,2.321,0.102,0.024,0.039,-0.020,-1.68,-0.50,156.31,-0.02,0.43,0.172,0.102,-0.172,1538,1468,1456,1525,10.00,10.06,39.42,39.48
1787304107.616,38.350,True,1,2.624,2.769,0.004,0.329,10.136,10.129,0.323,2.341,0.090,2.322,0.102,0.028,0.035,-0.022,-2.09,0.05,156.03,-0.07,0.45,0.212,0.048,-0.161,1543,1474,1457,1526,10.00,10.06,-0.41,-0.46
1787304107.625,38.359,True,1,2.624,2.769,0.004,0.330,10.137,10.131,0.323,2.341,0.090,2.322,0.101,0.028,0.035,-0.022,-2.09,0.05,156.03,-0.07,0.44,0.211,0.047,-0.161,1543,1474,1457,1526,10.00,10.06,9.58,9.53
1787304107.635,38.369,True,1,2.624,2.769,0.000,0.342,10.149,10.142,0.324,2.341,0.090,2.323,0.101,0.028,0.036,-0.026,-2.17,0.32,155.84,-0.10,0.41,0.218,0.016,-0.153,1543,1478,1458,1526,10.00,10.06,-0.17,-0.12
1787304107.645,38.379,True,1,2.624,2.769,0.000,0.343,10.150,10.144,0.324,2.341,0.090,2.324,0.101,0.028,0.036,-0.026,-2.17,0.32,155.84,-0.10,0.41,0.218,0.015,-0.153,1543,1478,1458,1526,10.00,10.06,9.83,9.88
1787304107.655,38.389,True,1,2.624,2.769,0.000,0.345,10.152,10.145,0.324,2.341,0.090,2.324,0.100,0.028,0.036,-0.026,-2.17,0.32,155.84,-0.10,0.40,0.218,0.015,-0.153,1543,1478,1458,1526,10.01,10.07,19.84,19.89
1787304107.665,38.399,True,1,2.624,2.769,0.000,0.346,10.153,10.147,0.324,2.341,0.090,2.325,0.100,0.028,0.036,-0.026,-2.17,0.32,155.84,-0.10,0.40,0.218,0.014,-0.153,1543,1478,1458,1526,9.99,10.06,29.83,29.88
1787304107.675,38.409,True,1,2.624,2.769,0.000,0.348,10.155,10.148,0.324,2.341,0.090,2.325,0.100,0.028,0.036,-0.026,-2.17,0.32,155.84,-0.10,0.39,0.218,0.014,-0.153,1543,1478,1458,1526,10.00,10.06,39.83,39.88
1787304107.685,38.419,True,1,2.624,2.769,0.000,0.349,10.156,10.149,0.324,2.341,0.090,2.326,0.099,0.028,0.036,-0.026,-2.17,0.32,155.84,-0.10,0.39,0.218,0.013,-0.153,1543,1478,1458,1526,10.00,10.06,49.83,49.88
1787304107.695,38.429,True,1,2.624,2.769,0.000,0.351,10.158,10.151,0.324,2.341,0.090,2.326,0.099,0.028,0.036,-0.026,-2.17,0.32,155.84,-0.10,0.39,0.217,0.013,-0.153,1543,1478,1458,1526,10.00,10.06,59.83,59.88
1787304107.705,38.439,True,1,2.624,2.769,0.000,0.352,10.159,10.152,0.324,2.341,0.090,2.327,0.099,0.028,0.036,-0.026,-2.17,0.32,155.84,-0.10,0.38,0.217,0.012,-0.153,1543,1478,1458,1526,10.00,10.06,69.83,69.88
1787304107.716,38.450,True,1,2.630,2.769,0.018,0.276,10.084,10.075,0.322,2.346,0.089,2.327,0.098,0.033,0.044,0.021,-1.97,1.06,155.16,0.36,0.51,0.247,-0.053,-0.126,1547,1525,1462,1524,10.00,10.06,-0.53,-0.59
1787304107.725,38.459,True,1,2.630,2.769,0.018,0.278,10.085,10.076,0.322,2.346,0.089,2.328,0.098,0.033,0.044,0.021,-1.97,1.06,155.16,0.36,0.50,0.247,-0.054,-0.126,1547,1525,1462,1524,10.00,10.06,9.47,9.41
1787304107.735,38.469,True,1,2.630,2.769,0.018,0.279,10.087,10.078,0.322,2.346,0.089,2.329,0.098,0.033,0.044,0.021,-1.97,1.06,155.16,0.36,0.50,0.247,-0.054,-0.126,1547,1526,1462,1524,10.00,10.06,19.47,19.41
1787304107.745,38.479,True,1,2.630,2.769,0.018,0.281,10.088,10.079,0.322,2.346,0.089,2.329,0.098,0.033,0.044,0.021,-1.97,1.06,155.16,0.36,0.49,0.247,-0.055,-0.126,1547,1526,1462,1524,10.00,10.06,29.47,29.41
1787304107.755,38.489,True,1,2.630,2.769,0.018,0.282,10.089,10.080,0.322,2.346,0.089,2.330,0.097,0.033,0.044,0.021,-1.97,1.06,155.16,0.36,0.49,0.247,-0.055,-0.126,1547,1526,1462,1524,10.00,10.06,39.48,39.41
1787304107.765,38.499,True,1,2.630,2.769,0.018,0.283,10.091,10.082,0.322,2.346,0.089,2.330,0.097,0.033,0.044,0.021,-1.97,1.06,155.16,0.36,0.48,0.247,-0.056,-0.126,1547,1526,1462,1524,10.00,10.06,49.47,49.41
1787304107.775,38.509,True,1,2.630,2.769,0.018,0.285,10.092,10.083,0.322,2.346,0.089,2.331,0.097,0.033,0.044,0.021,-1.97,1.06,155.16,0.36,0.48,0.247,-0.056,-0.126,1547,1526,1462,1524,10.00,10.06,59.47,59.41
1787304107.786,38.520,True,1,2.634,2.769,0.007,0.303,10.110,10.105,0.323,2.351,0.089,2.332,0.097,0.038,0.051,0.020,-1.11,1.44,154.48,0.37,0.41,0.158,-0.106,-0.097,1537,1531,1466,1525,10.00,10.06,-0.48,-0.52
1787304107.795,38.529,True,1,2.634,2.769,0.007,0.304,10.112,10.106,0.323,2.351,0.089,2.332,0.096,0.038,0.051,0.020,-1.11,1.44,154.48,0.37,0.40,0.158,-0.107,-0.097,1537,1531,1466,1525,10.00,10.06,9.53,9.48
1787304107.805,38.539,True,1,2.634,2.769,0.007,0.306,10.113,10.108,0.323,2.351,0.089,2.333,0.096,0.038,0.051,0.020,-1.11,1.44,154.48,0.37,0.40,0.158,-0.107,-0.097,1537,1531,1466,1525,10.00,10.06,19.52,19.48
1787304107.815,38.549,True,1,2.634,2.769,0.007,0.307,10.114,10.109,0.323,2.351,0.089,2.334,0.096,0.038,0.051,0.020,-1.11,1.44,154.48,0.37,0.40,0.158,-0.108,-0.097,1537,1531,1466,1525,10.00,10.06,29.52,29.48
1787304107.825,38.559,True,1,2.634,2.769,0.007,0.308,10.116,10.110,0.323,2.351,0.089,2.334,0.096,0.038,0.051,0.020,-1.11,1.44,154.48,0.37,0.39,0.158,-0.108,-0.097,1537,1532,1466,1525,10.00,10.06,39.52,39.48
1787304107.835,38.569,True,1,2.634,2.769,0.007,0.310,10.117,10.112,0.323,2.351,0.089,2.335,0.095,0.038,0.051,0.020,-1.11,1.44,154.48,0.37,0.39,0.158,-0.109,-0.097,1537,1532,1466,1525,10.00,10.06,49.52,49.48
1787304107.846,38.580,True,1,2.637,2.769,-0.001,0.324,10.131,10.128,0.323,2.356,0.089,2.335,0.095,0.042,0.064,0.013,-0.26,1.37,153.80,0.37,0.23,0.067,-0.118,-0.066,1527,1533,1470,1526,10.00,10.06,-0.37,-0.42
1787304107.855,38.589,True,1,2.637,2.769,-0.001,0.325,10.132,10.129,0.323,2.356,0.089,2.336,0.095,0.042,0.064,0.013,-0.26,1.37,153.80,0.37,0.23,0.067,-0.119,-0.066,1527,1533,1470,1526,10.00,10.06,9.63,9.58
1787304107.865,38.599,True,1,2.637,2.769,-0.001,0.326,10.133,10.131,0.323,2.356,0.089,2.337,0.095,0.042,0.064,0.013,-0.26,1.37,153.80,0.37,0.22,0.068,-0.119,-0.066,1527,1533,1470,1526,10.00,10.06,19.62,19.58
1787304107.876,38.609,True,1,2.639,2.769,0.010,0.285,10.093,10.091,0.322,2.358,0.088,2.337,0.094,0.044,0.060,0.037,0.10,1.33,153.54,0.57,0.36,0.051,-0.101,-0.053,1525,1531,1472,1524,10.00,10.06,-0.18,-0.23
1787304107.885,38.619,True,1,2.639,2.769,0.010,0.287,10.094,10.092,0.322,2.358,0.088,2.338,0.094,0.044,0.060,0.037,0.10,1.33,153.54,0.57,0.36,0.051,-0.102,-0.053,1525,1531,1472,1524,10.00,10.06,9.83,9.78
1787304107.895,38.629,True,1,2.639,2.769,0.010,0.288,10.095,10.094,0.322,2.358,0.088,2.339,0.094,0.044,0.060,0.037,0.10,1.33,153.54,0.58,0.35,0.051,-0.102,-0.053,1525,1531,1472,1524,10.00,10.06,19.82,19.77
1787304107.905,38.639,True,1,2.639,2.769,0.010,0.289,10.097,10.095,0.322,2.358,0.088,2.339,0.094,0.044,0.060,0.037,0.10,1.33,153.54,0.58,0.35,0.051,-0.103,-0.053,1525,1531,1472,1524,10.00,10.06,29.82,29.77
1787304107.915,38.649,True,1,2.639,2.769,0.010,0.291,10.098,10.096,0.322,2.358,0.088,2.340,0.094,0.044,0.060,0.037,0.10,1.33,153.54,0.58,0.34,0.051,-0.103,-0.053,1525,1531,1472,1524,10.00,10.06,39.82,39.77
1787304107.926,38.660,True,1,2.644,2.769,0.013,0.264,10.071,10.070,0.321,2.363,0.087,2.341,0.093,0.049,0.069,0.024,0.83,0.98,152.93,0.50,0.20,-0.035,-0.082,-0.026,1476,1529,1476,1523,10.00,10.06,-0.37,-0.42
1787304107.935,38.669,True,1,2.644,2.769,0.013,0.265,10.072,10.071,0.321,2.363,0.087,2.341,0.093,0.049,0.069,0.024,0.83,0.98,152.93,0.50,0.20,-0.035,-0.083,-0.026,1476,1529,1476,1523,10.00,10.06,9.63,9.58
1787304107.945,38.679,True,1,2.645,2.769,0.006,0.282,10.089,10.089,0.322,2.364,0.087,2.342,0.093,0.050,0.066,0.024,1.04,0.77,152.64,0.48,0.23,-0.058,-0.057,-0.013,1473,1526,1478,1524,10.00,10.06,-0.18,-0.13
1787304107.955,38.689,True,1,2.645,2.769,0.006,0.284,10.091,10.090,0.322,2.364,0.087,2.343,0.093,0.050,0.066,0.024,1.04,0.77,152.64,0.48,0.22,-0.058,-0.057,-0.013,1473,1526,1478,1524,10.00,10.06,9.82,9.87
1787304107.965,38.699,True,1,2.645,2.769,0.006,0.285,10.092,10.091,0.322,2.364,0.087,2.344,0.093,0.050,0.066,0.024,1.04,0.77,152.64,0.49,0.22,-0.058,-0.058,-0.013,1473,1526,1478,1524,10.00,10.06,19.82,19.87
1787304107.975,38.709,True,1,2.645,2.769,0.006,0.286,10.093,10.092,0.322,2.364,0.087,2.344,0.092,0.050,0.066,0.024,1.04,0.77,152.64,0.49,0.21,-0.058,-0.059,-0.013,1473,1526,1478,1524,10.00,10.06,29.82,29.87
1787304107.985,38.719,True,1,2.645,2.769,0.006,0.287,10.094,10.093,0.322,2.364,0.087,2.345,0.092,0.050,0.066,0.024,1.04,0.77,152.64,0.49,0.21,-0.058,-0.059,-0.013,1473,1526,1478,1524,10.00,10.06,39.83,39.88
1787304107.995,38.729,True,1,2.645,2.769,0.006,0.289,10.096,10.095,0.322,2.364,0.087,2.346,0.092,0.050,0.066,0.024,1.04,0.77,152.64,0.49,0.20,-0.057,-0.060,-0.013,1473,1526,1478,1524,10.00,10.06,49.83,49.87
1787304108.005,38.739,True,1,2.645,2.769,0.006,0.290,10.097,10.096,0.322,2.364,0.087,2.346,0.092,0.050,0.066,0.024,1.04,0.77,152.64,0.49,0.20,-0.057,-0.060,-0.013,1473,1526,1478,1524,10.00,10.06,59.82,59.87
1787304108.016,38.750,True,1,2.652,2.769,-0.004,0.294,10.100,10.099,0.322,2.370,0.086,2.347,0.092,0.056,0.067,0.004,1.16,0.21,152.06,0.31,0.09,-0.089,-0.013,0.011,1470,1521,1521,1524,10.00,10.06,-0.42,-0.47
1787304108.025,38.759,True,1,2.652,2.769,-0.004,0.295,10.102,10.100,0.322,2.370,0.086,2.348,0.091,0.056,0.067,0.004,1.16,0.21,152.06,0.31,0.08,-0.089,-0.014,0.011,1470,1521,1521,1525,10.00,10.06,9.59,9.54
1787304108.035,38.769,True,1,2.652,2.769,0.007,0.262,10.069,10.068,0.321,2.371,0.086,2.348,0.091,0.057,0.069,0.016,1.18,0.12,151.84,0.43,0.12,-0.078,0.000,0.021,1471,1479,1522,1523,10.00,10.06,-0.16,-0.11
1787304108.045,38.779,True,1,2.654,2.769,-0.002,0.280,10.087,10.085,0.322,2.373,0.086,2.349,0.091,0.059,0.062,0.004,1.18,0.12,151.84,0.29,0.12,-0.093,-0.000,0.021,1469,1520,1522,1524,10.00,10.06,9.84,-0.07
1787304108.055,38.789,True,1,2.654,2.769,-0.002,0.281,10.088,10.087,0.322,2.373,0.086,2.350,0.091,0.059,0.062,0.004,1.18,0.12,151.84,0.29,0.11,-0.092,-0.001,0.021,1469,1520,1522,1524,10.00,10.06,19.85,9.93
1787304108.065,38.799,True,1,2.654,2.769,-0.002,0.282,10.089,10.088,0.322,2.373,0.086,2.351,0.091,0.059,0.062,0.004,1.18,0.12,151.84,0.30,0.10,-0.092,-0.001,0.021,1469,1520,1522,1524,10.00,10.06,29.84,19.93
1787304108.075,38.809,True,1,2.654,2.769,-0.002,0.283,10.090,10.089,0.322,2.373,0.086,2.352,0.091,0.059,0.062,0.004,1.18,0.12,151.84,0.30,0.10,-0.092,-0.002,0.021,1469,1520,1522,1524,10.00,10.06,39.84,29.93
1787304108.085,38.819,True,1,2.654,2.769,-0.002,0.284,10.091,10.090,0.322,2.373,0.086,2.352,0.090,0.059,0.062,0.004,1.18,0.12,151.84,0.30,0.09,-0.092,-0.002,0.021,1469,1520,1522,1524,10.00,10.06,49.84,39.93
1787304108.095,38.829,True,1,2.654,2.769,-0.002,0.286,10.092,10.091,0.322,2.373,0.086,2.353,0.090,0.059,0.062,0.004,1.18,0.12,151.84,0.30,0.09,-0.092,-0.003,0.021,1469,1520,1522,1524,10.00,10.06,59.84,49.93
1787304108.105,38.839,True,1,2.654,2.769,-0.002,0.287,10.094,10.092,0.322,2.373,0.086,2.354,0.090,0.059,0.062,0.004,1.18,0.12,151.84,0.30,0.08,-0.092,-0.003,0.021,1469,1520,1522,1524,10.00,10.06,69.84,59.93
1787304108.116,38.850,True,1,2.659,2.769,0.013,0.224,10.031,10.030,0.320,2.377,0.084,2.354,0.090,0.064,0.054,0.024,0.89,-0.24,151.09,0.44,0.25,-0.047,0.053,0.052,1474,1474,1527,1522,10.00,10.06,-0.45,-0.50
1787304108.125,38.859,True,1,2.659,2.769,0.013,0.225,10.032,10.032,0.320,2.377,0.084,2.355,0.090,0.064,0.054,0.024,0.89,-0.24,151.09,0.44,0.25,-0.047,0.052,0.052,1474,1474,1527,1522,10.00,10.06,9.55,9.50
1787304108.135,38.869,True,1,2.659,2.769,0.013,0.226,10.033,10.033,0.320,2.377,0.084,2.356,0.089,0.064,0.054,0.024,0.89,-0.24,151.09,0.45,0.24,-0.047,0.052,0.052,1474,1474,1527,1522,10.00,10.06,19.55,19.50
1787304108.145,38.879,True,1,2.659,2.769,0.013,0.227,10.034,10.034,0.320,2.377,0.084,2.357,0.089,0.064,0.054,0.024,0.89,-0.24,151.09,0.45,0.24,-0.047,0.051,0.052,1474,1474,1527,1522,10.00,10.06,29.55,29.50
1787304108.155,38.889,True,1,2.659,2.769,0.013,0.228,10.035,10.035,0.320,2.377,0.084,2.357,0.089,0.064,0.054,0.024,0.89,-0.24,151.09,0.45,0.23,-0.046,0.051,0.052,1474,1474,1527,1522,10.00,10.06,39.55,39.50
1787304108.165,38.899,True,1,2.659,2.769,0.013,0.230,10.037,10.036,0.320,2.377,0.084,2.358,0.089,0.064,0.054,0.024,0.89,-0.24,151.09,0.45,0.23,-0.046,0.050,0.052,1474,1474,1527,1522,10.00,10.06,49.55,49.50
1787304108.175,38.909,True,1,2.659,2.769,0.013,0.231,10.038,10.037,0.320,2.377,0.084,2.358,0.089,0.064,0.054,0.024,0.89,-0.24,151.09,0.45,0.22,-0.046,0.050,0.052,1474,1474,1527,1522,10.00,10.06,59.55,59.50
1787304108.186,38.920,True,1,2.664,2.769,0.001,0.251,10.058,10.057,0.321,2.381,0.082,2.359,0.089,0.068,0.046,-0.012,0.54,-0.25,150.56,0.09,0.12,-0.046,0.039,0.076,1474,1475,1530,1523,10.01,10.07,-0.49,-0.55
1787304108.195,38.929,True,1,2.664,2.769,0.001,0.252,10.059,10.058,0.321,2.381,0.082,2.360,0.088,0.068,0.046,-0.012,0.54,-0.25,150.56,0.09,0.11,-0.046,0.039,0.076,1474,1475,1530,1523,10.00,10.06,9.51,9.45
1787304108.205,38.939,True,1,2.664,2.769,0.001,0.253,10.060,10.059,0.321,2.381,0.082,2.361,0.088,0.068,0.046,-0.012,0.54,-0.25,150.56,0.09,0.10,-0.046,0.038,0.076,1474,1475,1530,1523,10.00,10.06,19.50,19.44
1787304108.215,38.949,True,1,2.664,2.769,0.001,0.254,10.061,10.060,0.321,2.381,0.082,2.361,0.088,0.068,0.046,-0.012,0.54,-0.25,150.56,0.09,0.10,-0.046,0.038,0.076,1474,1475,1530,1523,10.00,10.06,29.50,29.44
1787304108.225,38.959,True,1,2.664,2.769,0.001,0.255,10.062,10.061,0.321,2.381,0.082,2.362,0.088,0.068,0.046,-0.012,0.54,-0.25,150.56,0.09,0.09,-0.046,0.037,0.076,1474,1475,1530,1523,10.00,10.06,39.50,39.44
1787304108.235,38.969,True,1,2.664,2.769,0.001,0.256,10.063,10.062,0.321,2.381,0.082,2.363,0.088,0.068,0.046,-0.012,0.54,-0.25,150.56,0.09,0.09,-0.046,0.037,0.076,1474,1475,1530,1523,10.00,10.06,49.51,49.45
1787304108.246,38.980,True,1,2.667,2.769,0.023,0.178,9.984,9.984,0.319,2.383,0.081,2.363,0.087,0.070,0.045,0.009,0.12,-0.01,150.12,0.28,0.20,0.016,0.023,0.096,1521,1477,1533,1520,10.00,10.06,-0.39,-0.44
1787304108.255,38.989,True,1,2.667,2.769,0.023,0.179,9.985,9.985,0.319,2.383,0.081,2.364,0.087,0.070,0.045,0.009,0.12,-0.01,150.12,0.28,0.20,0.016,0.022,0.096,1521,1477,1533,1520,10.00,10.06,9.61,9.56
1787304108.265,38.999,True,1,2.667,2.769,0.023,0.180,9.986,9.986,0.319,2.383,0.081,2.364,0.087,0.070,0.045,0.009,0.12,-0.01,150.12,0.28,0.19,0.016,0.022,0.096,1521,1477,1533,1520,10.00,10.06,19.61,19.56
1787304108.276,39.009,True,1,2.668,2.769,0.016,0.196,10.003,10.003,0.319,2.383,0.081,2.365,0.087,0.071,0.040,0.001,-0.10,0.10,150.00,0.18,0.19,0.029,0.009,0.101,1523,1479,1534,1521,10.00,10.06,-0.19,-0.24
1787304108.285,39.019,True,1,2.668,2.769,0.016,0.197,10.004,10.004,0.319,2.383,0.081,2.366,0.086,0.071,0.040,0.001,-0.10,0.10,150.00,0.18,0.18,0.029,0.008,0.101,1523,1479,1534,1521,10.00,10.06,9.81,9.76
1787304108.295,39.029,True,1,2.668,2.769,0.016,0.198,10.005,10.005,0.319,2.383,0.081,2.366,0.086,0.071,0.040,0.001,-0.10,0.10,150.00,0.18,0.18,0.029,0.008,0.101,1523,1479,1534,1521,10.00,10.06,19.81,19.76
1787304108.305,39.039,True,1,2.668,2.769,0.016,0.199,10.006,10.006,0.319,2.383,0.081,2.367,0.086,0.071,0.040,0.001,-0.10,0.10,150.00,0.18,0.17,0.029,0.007,0.101,1523,1479,1534,1521,10.00,10.06,29.81,29.76
1787304108.316,39.049,True,1,2.670,2.769,0.016,0.192,9.999,9.998,0.319,2.385,0.080,2.367,0.086,0.072,0.036,-0.005,-0.27,0.57,149.78,0.11,0.17,0.039,-0.042,0.110,1524,1524,1535,1521,10.00,10.06,-0.27,-0.32
1787304108.325,39.059,True,1,2.670,2.769,0.016,0.193,10.000,9.999,0.319,2.385,0.080,2.368,0.086,0.072,0.036,-0.005,-0.27,0.57,149.78,0.11,0.17,0.039,-0.042,0.110,1524,1524,1535,1521,10.00,10.06,9.72,9.68
1787304108.335,39.069,True,1,2.670,2.769,0.016,0.194,10.001,10.000,0.319,2.385,0.080,2.369,0.085,0.072,0.036,-0.005,-0.27,0.57,149.78,0.11,0.16,0.039,-0.043,0.110,1524,1524,1535,1521,10.00,10.06,19.73,19.68
1787304108.345,39.079,True,1,2.670,2.769,0.016,0.195,10.002,10.001,0.319,2.385,0.080,2.369,0.085,0.072,0.036,-0.005,-0.27,0.57,149.78,0.11,0.16,0.039,-0.043,0.110,1524,1524,1535,1521,10.00,10.06,29.72,29.68
1787304108.356,39.089,True,1,2.672,2.769,0.043,0.108,9.915,9.913,0.316,2.386,0.079,2.370,0.085,0.074,0.046,0.021,-0.40,0.82,149.66,0.39,0.21,0.082,-0.065,0.115,1529,1527,1535,1518,10.00,10.06,-0.26,-0.31
1787304108.365,39.099,True,1,2.672,2.769,0.043,0.109,9.916,9.914,0.316,2.386,0.079,2.370,0.085,0.074,0.046,0.021,-0.40,0.82,149.66,0.39,0.20,0.082,-0.066,0.115,1529,1527,1535,1518,10.00,10.06,9.74,9.70
1787304108.375,39.109,True,1,2.672,2.769,0.043,0.110,9.917,9.915,0.316,2.386,0.079,2.371,0.085,0.074,0.046,0.021,-0.40,0.82,149.66,0.40,0.20,0.082,-0.066,0.115,1529,1527,1535,1518,10.00,10.06,19.74,19.69
1787304108.385,39.119,True,1,2.672,2.769,0.043,0.111,9.918,9.916,0.316,2.386,0.079,2.371,0.085,0.074,0.046,0.021,-0.40,0.82,149.66,0.40,0.19,0.082,-0.067,0.115,1529,1527,1535,1518,10.00,10.06,29.75,29.70
1787304108.396,39.129,True,1,2.673,2.769,0.038,0.123,9.930,9.928,0.317,2.387,0.079,2.372,0.084,0.075,0.040,0.012,-0.58,0.94,149.62,0.29,0.19,0.089,-0.079,0.117,1529,1528,1536,1518,10.00,10.06,-0.18,-0.22
1787304108.405,39.139,True,1,2.673,2.769,0.038,0.124,9.931,9.929,0.317,2.387,0.079,2.372,0.084,0.075,0.040,0.012,-0.58,0.94,149.62,0.29,0.19,0.089,-0.080,0.117,1529,1528,1536,1518,10.00,10.06,9.83,9.78
1787304108.415,39.149,True,1,2.673,2.769,0.038,0.125,9.932,9.930,0.317,2.387,0.079,2.373,0.084,0.075,0.040,0.012,-0.58,0.94,149.62,0.29,0.19,0.089,-0.080,0.117,1529,1528,1536,1518,10.00,10.06,19.82,19.77
1787304108.425,39.159,True,1,2.673,2.769,0.038,0.126,9.933,9.931,0.317,2.387,0.079,2.373,0.084,0.075,0.040,0.012,-0.58,0.94,149.62,0.29,0.18,0.089,-0.081,0.117,1529,1528,1536,1518,10.00,10.06,29.82,29.77
1787304108.436,39.169,True,1,2.675,2.769,0.026,0.156,9.962,9.960,0.318,2.388,0.079,2.374,0.084,0.076,0.042,0.002,-0.62,1.07,149.59,0.21,0.11,0.085,-0.102,0.117,1529,1531,1536,1520,10.00,10.06,-0.35,-0.30
1787304108.445,39.179,True,1,2.675,2.769,0.026,0.157,9.963,9.961,0.318,2.388,0.079,2.374,0.084,0.076,0.042,0.002,-0.62,1.07,149.59,0.21,0.10,0.085,-0.102,0.117,1529,1531,1536,1520,10.00,10.06,9.66,9.70
1787304108.455,39.189,True,1,2.675,2.769,0.026,0.158,9.964,9.962,0.318,2.388,0.079,2.375,0.083,0.076,0.042,0.002,-0.62,1.07,149.59,0.21,0.10,0.085,-0.103,0.117,1529,1531,1536,1520,10.00,10.06,19.65,19.70
1787304108.465,39.199,True,1,2.675,2.769,0.026,0.158,9.965,9.963,0.318,2.388,0.079,2.375,0.083,0.076,0.042,0.002,-0.62,1.07,149.59,0.21,0.09,0.085,-0.103,0.117,1529,1531,1536,1520,10.00,10.06,29.65,29.70
1787304108.475,39.209,True,1,2.675,2.769,0.026,0.159,9.966,9.964,0.318,2.388,0.079,2.376,0.083,0.076,0.042,0.002,-0.62,1.07,149.59,0.22,0.09,0.085,-0.104,0.117,1529,1531,1536,1520,10.00,10.06,39.65,39.70
1787304108.485,39.219,True,1,2.675,2.769,0.026,0.160,9.967,9.965,0.318,2.388,0.079,2.376,0.083,0.076,0.042,0.002,-0.62,1.07,149.59,0.22,0.09,0.085,-0.104,0.117,1529,1531,1536,1520,10.01,10.07,49.66,49.71
1787304108.495,39.229,True,1,2.675,2.769,0.026,0.161,9.968,9.966,0.318,2.388,0.079,2.376,0.083,0.076,0.042,0.002,-0.62,1.07,149.59,0.22,0.08,0.085,-0.104,0.117,1529,1531,1536,1520,10.00,10.06,59.66,59.70
1787304108.506,39.240,True,1,2.678,2.769,0.041,0.106,9.913,9.911,0.316,2.391,0.078,2.377,0.083,0.079,0.048,0.015,-0.50,0.88,149.69,0.37,0.09,0.089,-0.084,0.114,1529,1529,1535,1518,10.00,10.06,-0.42,-0.47
1787304108.515,39.249,True,1,2.678,2.769,0.041,0.107,9.914,9.912,0.316,2.391,0.078,2.377,0.083,0.079,0.048,0.015,-0.50,0.88,149.69,0.37,0.09,0.089,-0.084,0.114,1529,1529,1535,1518,10.00,10.06,9.58,9.53
1787304108.525,39.259,True,1,2.678,2.769,0.038,0.114,9.921,9.919,0.317,2.392,0.079,2.378,0.082,0.079,0.048,0.018,-0.35,0.83,149.74,0.39,0.10,0.076,-0.077,0.112,1528,1528,1535,1518,10.00,10.06,-0.16,-0.11
1787304108.535,39.269,True,1,2.678,2.769,0.038,0.115,9.922,9.920,0.317,2.392,0.079,2.378,0.082,0.079,0.048,0.018,-0.35,0.83,149.74,0.39,0.10,0.077,-0.078,0.112,1528,1528,1535,1518,10.00,10.06,9.84,9.89
1787304108.545,39.279,True,1,2.678,2.769,0.038,0.116,9.923,9.921,0.317,2.392,0.079,2.379,0.082,0.079,0.048,0.018,-0.35,0.83,149.74,0.39,0.09,0.077,-0.078,0.112,1528,1528,1535,1518,10.00,10.06,19.84,19.89
1787304108.555,39.289,True,1,2.678,2.769,0.038,0.117,9.924,9.922,0.317,2.392,0.079,2.379,0.082,0.079,0.048,0.018,-0.35,0.83,149.74,0.40,0.09,0.077,-0.078,0.112,1528,1528,1535,1518,10.00,10.06,29.84,29.89
1787304108.566,39.300,True,1,2.679,2.769,0.026,0.151,9.958,9.957,0.318,2.394,0.079,2.380,0.082,0.081,0.053,0.010,-0.09,0.58,149.88,0.35,-0.00,0.046,-0.061,0.106,1525,1526,1534,1519,10.00,10.06,-0.32,-0.28
1787304108.575,39.309,True,1,2.679,2.769,0.026,0.152,9.959,9.958,0.318,2.394,0.079,2.380,0.082,0.081,0.053,0.010,-0.09,0.58,149.88,0.35,-0.01,0.046,-0.062,0.106,1525,1526,1534,1519,10.00,10.06,9.68,9.72
1787304108.585,39.319,True,1,2.679,2.769,0.026,0.153,9.960,9.959,0.318,2.394,0.079,2.381,0.082,0.081,0.053,0.010,-0.09,0.58,149.88,0.35,-0.01,0.046,-0.062,0.106,1525,1526,1534,1519,10.00,10.06,19.68,19.73
1787304108.596,39.329,True,1,2.680,2.769,0.032,0.134,9.941,9.940,0.317,2.396,0.079,2.381,0.082,0.083,0.053,0.027,-0.05,0.53,149.92,0.51,0.08,0.058,-0.047,0.105,1526,1525,1534,1519,10.00,10.06,-0.11,-0.24
1787304108.605,39.339,True,1,2.680,2.769,0.020,0.170,9.977,9.977,0.318,2.396,0.079,2.382,0.082,0.083,0.051,0.020,0.11,0.31,150.01,0.43,0.05,0.033,-0.027,0.101,1523,1523,1533,1520,10.00,10.06,-0.05,-0.11
1787304108.615,39.349,True,1,2.680,2.769,0.020,0.171,9.978,9.978,0.318,2.396,0.079,2.382,0.081,0.083,0.051,0.020,0.11,0.31,150.01,0.44,0.05,0.033,-0.028,0.101,1523,1523,1533,1520,10.00,10.06,9.95,9.90
1787304108.625,39.359,True,1,2.680,2.769,0.019,0.174,9.980,9.980,0.319,2.397,0.080,2.383,0.081,0.084,0.051,0.016,0.43,0.18,150.14,0.40,0.02,-0.003,-0.016,0.095,1479,1521,1533,1520,10.00,10.06,-0.17,-0.12
1787304108.635,39.369,True,1,2.680,2.769,0.019,0.174,9.981,9.981,0.319,2.397,0.080,2.383,0.081,0.084,0.051,0.016,0.43,0.18,150.14,0.41,0.02,-0.003,-0.016,0.095,1479,1521,1533,1520,10.00,10.06,9.83,9.88
1787304108.645,39.379,True,1,2.680,2.769,0.019,0.175,9.982,9.982,0.319,2.397,0.080,2.384,0.081,0.084,0.051,0.016,0.43,0.18,150.14,0.41,0.02,-0.003,-0.017,0.095,1479,1521,1533,1520,10.00,10.06,19.83,19.88
1787304108.655,39.389,True,1,2.680,2.769,0.019,0.176,9.983,9.983,0.319,2.397,0.080,2.384,0.081,0.084,0.051,0.016,0.43,0.18,150.14,0.41,0.01,-0.003,-0.017,0.095,1479,1521,1533,1520,10.00,10.06,29.83,29.88
1787304108.665,39.399,True,1,2.680,2.769,0.019,0.177,9.984,9.984,0.319,2.397,0.080,2.384,0.081,0.084,0.051,0.016,0.43,0.18,150.14,0.41,0.01,-0.003,-0.017,0.095,1479,1521,1533,1520,10.00,10.06,39.82,39.87
1787304108.675,39.409,True,1,2.680,2.769,0.019,0.178,9.985,9.985,0.319,2.397,0.080,2.385,0.081,0.084,0.051,0.016,0.43,0.18,150.14,0.41,0.01,-0.002,-0.018,0.095,1479,1521,1533,1520,10.00,10.06,49.83,49.88
1787304108.685,39.419,True,1,2.680,2.769,0.019,0.179,9.986,9.986,0.319,2.397,0.080,2.385,0.081,0.084,0.051,0.016,0.43,0.18,150.14,0.41,0.00,-0.002,-0.018,0.095,1479,1522,1533,1520,10.00,10.06,59.83,59.88
1787304108.696,39.430,True,1,2.679,2.769,0.011,0.207,10.014,10.013,0.320,2.399,0.081,2.386,0.081,0.086,0.036,0.024,0.97,-0.24,150.38,0.41,0.17,-0.059,0.044,0.083,1473,1475,1531,1521,10.00,10.06,-0.42,-0.47
1787304108.705,39.439,True,1,2.679,2.769,0.011,0.208,10.015,10.014,0.320,2.399,0.081,2.386,0.081,0.086,0.036,0.024,0.97,-0.24,150.38,0.41,0.16,-0.058,0.043,0.083,1473,1475,1531,1521,10.01,10.07,9.59,9.54
1787304108.715,39.449,True,1,2.679,2.769,0.011,0.209,10.016,10.015,0.320,2.399,0.081,2.387,0.081,0.086,0.036,0.024,0.97,-0.24,150.38,0.42,0.16,-0.058,0.043,0.083,1473,1475,1531,1521,9.99,10.06,19.58,19.53
1787304108.725,39.459,True,1,2.679,2.769,0.011,0.210,10.017,10.016,0.320,2.399,0.081,2.387,0.081,0.086,0.036,0.024,0.97,-0.24,150.38,0.42,0.16,-0.058,0.043,0.083,1473,1475,1531,1522,10.00,10.06,29.58,29.53
1787304108.735,39.469,True,1,2.679,2.769,0.011,0.211,10.018,10.017,0.320,2.399,0.081,2.388,0.081,0.086,0.036,0.024,0.97,-0.24,150.38,0.42,0.15,-0.058,0.042,0.083,1473,1475,1531,1522,10.00,10.06,39.58,39.53
1787304108.745,39.479,True,1,2.679,2.769,0.011,0.211,10.018,10.018,0.320,2.399,0.081,2.388,0.081,0.086,0.036,0.024,0.97,-0.24,150.38,0.42,0.15,-0.058,0.042,0.083,1473,1475,1531,1522,10.00,10.07,49.59,49.54
1787304108.755,39.489,True,1,2.679,2.769,0.011,0.212,10.019,10.019,0.320,2.399,0.081,2.388,0.081,0.086,0.036,0.024,0.97,-0.24,150.38,0.42,0.15,-0.058,0.042,0.083,1473,1475,1531,1522,9.99,10.06,59.58,59.53
1787304108.765,39.499,True,1,2.679,2.769,0.011,0.213,10.020,10.020,0.320,2.399,0.081,2.389,0.081,0.086,0.036,0.024,0.97,-0.24,150.38,0.42,0.14,-0.057,0.041,0.083,1473,1475,1531,1522,10.00,10.06,69.58,69.53
1787304108.776,39.510,True,1,2.677,2.769,0.002,0.250,10.057,10.054,0.321,2.401,0.083,2.389,0.081,0.087,0.025,0.033,1.31,-0.77,150.82,0.45,0.28,-0.089,0.111,0.062,1470,1467,1528,1523,10.00,10.06,-0.58,-0.63
1787304108.785,39.519,True,1,2.677,2.769,0.002,0.251,10.058,10.055,0.321,2.401,0.083,2.389,0.081,0.087,0.025,0.033,1.31,-0.77,150.82,0.45,0.28,-0.089,0.111,0.062,1470,1467,1528,1523,10.01,10.07,9.43,9.38
1787304108.795,39.529,True,1,2.677,2.769,0.002,0.252,10.059,10.056,0.321,2.401,0.083,2.390,0.081,0.087,0.025,0.033,1.31,-0.77,150.82,0.45,0.27,-0.089,0.110,0.062,1470,1467,1528,1523,9.99,10.06,19.42,19.37
1787304108.805,39.539,True,1,2.677,2.769,0.002,0.253,10.060,10.057,0.321,2.401,0.083,2.390,0.081,0.087,0.025,0.033,1.31,-0.77,150.82,0.45,0.27,-0.088,0.110,0.062,1470,1467,1528,1523,10.00,10.06,29.42,29.37
1787304108.815,39.549,True,1,2.677,2.769,0.002,0.254,10.061,10.058,0.321,2.401,0.083,2.391,0.081,0.087,0.025,0.033,1.31,-0.77,150.82,0.45,0.27,-0.088,0.110,0.062,1470,1467,1528,1523,10.01,10.07,39.43,39.38
1787304108.825,39.559,True,1,2.677,2.769,0.002,0.255,10.062,10.059,0.321,2.401,0.083,2.391,0.081,0.087,0.025,0.033,1.31,-0.77,150.82,0.46,0.26,-0.088,0.110,0.062,1470,1467,1528,1523,10.00,10.06,49.42,49.37
1787304108.835,39.569,True,1,2.677,2.769,0.002,0.255,10.063,10.060,0.321,2.401,0.083,2.391,0.081,0.087,0.025,0.033,1.31,-0.77,150.82,0.46,0.26,-0.088,0.109,0.062,1470,1467,1528,1523,10.00,10.06,59.42,59.37
1787304108.845,39.579,True,1,2.677,2.769,0.002,0.256,10.063,10.061,0.321,2.401,0.083,2.392,0.082,0.087,0.025,0.033,1.31,-0.77,150.82,0.46,0.26,-0.088,0.109,0.062,1470,1467,1528,1523,10.00,10.06,69.42,69.37
1787304108.856,39.590,True,1,2.672,2.769,-0.007,0.305,10.112,10.109,0.323,2.401,0.085,2.392,0.082,0.087,0.002,0.044,1.30,-0.76,151.37,0.44,0.51,-0.089,0.134,0.038,1470,1465,1525,1525,10.00,10.06,-0.59,-0.64
1787304108.865,39.599,True,1,2.672,2.769,-0.007,0.306,10.113,10.110,0.323,2.401,0.085,2.392,0.082,0.087,0.002,0.044,1.30,-0.76,151.37,0.45,0.51,-0.089,0.134,0.038,1470,1465,1525,1525,10.00,10.06,9.41,9.36
1787304108.875,39.609,True,1,2.672,2.769,-0.007,0.307,10.114,10.111,0.323,2.401,0.085,2.393,0.082,0.087,0.002,0.044,1.30,-0.76,151.37,0.45,0.51,-0.088,0.134,0.038,1470,1465,1525,1525,10.00,10.06,19.41,19.36
1787304108.885,39.619,True,1,2.672,2.769,-0.007,0.308,10.115,10.112,0.323,2.401,0.085,2.393,0.082,0.087,0.002,0.044,1.30,-0.76,151.37,0.45,0.50,-0.088,0.134,0.038,1470,1465,1525,1525,10.00,10.06,29.41,29.36
1787304108.895,39.629,True,1,2.672,2.769,-0.007,0.309,10.116,10.113,0.323,2.401,0.085,2.393,0.082,0.087,0.002,0.044,1.30,-0.76,151.37,0.45,0.50,-0.088,0.133,0.038,1470,1465,1525,1525,10.00,10.06,39.41,39.36
1787304108.905,39.639,True,1,2.672,2.769,-0.007,0.310,10.117,10.114,0.323,2.401,0.085,2.393,0.082,0.087,0.002,0.044,1.30,-0.76,151.37,0.45,0.50,-0.088,0.133,0.038,1470,1465,1525,1525,10.00,10.06,49.41,49.36
1787304108.915,39.649,True,1,2.672,2.769,-0.007,0.311,10.118,10.115,0.323,2.401,0.085,2.394,0.082,0.087,0.002,0.044,1.30,-0.76,151.37,0.45,0.50,-0.088,0.133,0.038,1470,1465,1525,1525,10.00,10.06,59.41,59.36
1787304108.926,39.660,True,1,2.669,2.769,-0.033,0.400,10.207,10.205,0.326,2.401,0.087,2.394,0.082,0.086,-0.004,0.035,0.92,-0.40,152.00,0.35,0.50,-0.060,0.095,0.012,1473,1469,1521,1528,10.00,10.06,-0.47,-0.42
1787304108.935,39.669,True,1,2.669,2.769,-0.033,0.401,10.208,10.206,0.326,2.401,0.087,2.394,0.083,0.086,-0.004,0.035,0.92,-0.40,152.00,0.35,0.50,-0.059,0.095,0.012,1473,1469,1521,1528,10.00,10.06,9.53,9.58
1787304108.945,39.679,True,1,2.668,2.769,-0.025,0.383,10.191,10.189,0.325,2.400,0.088,2.394,0.083,0.085,-0.010,0.026,0.88,-0.30,152.08,0.25,0.51,-0.066,0.085,0.009,1472,1470,1521,1528,10.00,10.06,-0.11,-0.16
1787304108.955,39.689,True,1,2.668,2.769,-0.025,0.384,10.192,10.190,0.325,2.400,0.088,2.395,0.083,0.085,-0.010,0.026,0.88,-0.30,152.08,0.25,0.51,-0.066,0.084,0.009,1472,1470,1521,1528,10.00,10.06,9.89,9.84
1787304108.965,39.699,True,1,2.668,2.769,-0.025,0.385,10.193,10.191,0.325,2.400,0.088,2.395,0.083,0.085,-0.010,0.026,0.88,-0.30,152.08,0.25,0.50,-0.066,0.084,0.009,1472,1470,1521,1528,10.00,10.06,19.89,19.84
1787304108.975,39.709,True,1,2.668,2.769,-0.025,0.386,10.194,10.192,0.325,2.400,0.088,2.395,0.083,0.085,-0.010,0.026,0.88,-0.30,152.08,0.25,0.50,-0.066,0.084,0.009,1472,1470,1521,1528,10.00,10.06,29.89,29.84
1787304108.985,39.719,True,1,2.668,2.769,-0.025,0.387,10.195,10.193,0.325,2.400,0.088,2.395,0.083,0.085,-0.010,0.026,0.88,-0.30,152.08,0.25,0.50,-0.066,0.084,0.009,1472,1470,1521,1528,10.00,10.06,39.89,39.83
1787304108.995,39.729,True,1,2.668,2.769,-0.025,0.388,10.196,10.194,0.325,2.400,0.088,2.395,0.084,0.085,-0.010,0.026,0.88,-0.30,152.08,0.25,0.50,-0.066,0.084,0.009,1472,1470,1521,1528,10.00,10.06,49.89,49.84
1787304109.005,39.739,True,1,2.668,2.769,-0.025,0.389,10.197,10.195,0.325,2.400,0.088,2.395,0.084,0.085,-0.010,0.026,0.88,-0.30,152.08,0.26,0.50,-0.065,0.084,0.009,1472,1470,1521,1528,10.00,10.06,59.89,59.84
1787304109.015,39.749,True,1,2.668,2.769,-0.025,0.391,10.198,10.196,0.325,2.400,0.088,2.396,0.084,0.085,-0.010,0.026,0.88,-0.30,152.08,0.26,0.50,-0.065,0.083,0.009,1472,1470,1521,1528,10.00,10.06,69.89,69.84
1787304109.026,39.760,True,1,2.665,2.769,-0.047,0.470,10.277,10.277,0.328,2.400,0.089,2.396,0.084,0.085,-0.018,0.015,0.29,0.48,152.84,0.13,0.51,-0.017,0.004,-0.023,1478,1479,1476,1531,10.00,10.06,-0.58,-0.51
1787304109.035,39.769,True,1,2.665,2.769,-0.047,0.471,10.278,10.278,0.328,2.400,0.089,2.396,0.084,0.085,-0.018,0.015,0.29,0.48,152.84,0.13,0.51,-0.017,0.004,-0.023,1478,1479,1476,1531,10.00,10.06,9.42,9.49
1787304109.045,39.779,True,1,2.665,2.769,-0.047,0.472,10.279,10.279,0.328,2.400,0.089,2.396,0.084,0.085,-0.018,0.015,0.29,0.48,152.84,0.13,0.51,-0.017,0.004,-0.023,1478,1479,1476,1531,10.00,10.06,19.42,19.49
1787304109.055,39.789,True,1,2.665,2.769,-0.047,0.473,10.280,10.280,0.328,2.400,0.089,2.396,0.084,0.085,-0.018,0.015,0.29,0.48,152.84,0.13,0.51,-0.016,0.003,-0.023,1478,1479,1476,1531,10.00,10.06,29.42,29.48
1787304109.065,39.799,True,1,2.665,2.769,-0.047,0.474,10.281,10.281,0.328,2.400,0.089,2.396,0.085,0.085,-0.018,0.015,0.29,0.48,152.84,0.13,0.51,-0.016,0.003,-0.023,1478,1479,1476,1531,10.00,10.06,39.43,39.49
1787304109.075,39.809,True,1,2.665,2.769,-0.047,0.475,10.283,10.282,0.328,2.400,0.089,2.396,0.085,0.085,-0.018,0.015,0.29,0.48,152.84,0.13,0.51,-0.016,0.003,-0.023,1478,1479,1476,1531,10.00,10.06,49.43,49.49
1787304109.085,39.819,True,1,2.665,2.769,-0.047,0.476,10.284,10.284,0.328,2.400,0.089,2.397,0.085,0.085,-0.018,0.015,0.29,0.48,152.84,0.14,0.50,-0.016,0.003,-0.023,1478,1479,1476,1531,10.00,10.06,59.42,59.49
1787304109.095,39.829,True,1,2.665,2.769,-0.047,0.478,10.285,10.285,0.328,2.400,0.089,2.397,0.085,0.085,-0.018,0.015,0.29,0.48,152.84,0.14,0.50,-0.016,0.003,-0.023,1478,1479,1476,1531,10.00,10.06,69.42,69.48
1787304109.106,39.840,True,1,2.663,2.769,-0.028,0.430,10.237,10.236,0.327,2.401,0.090,2.397,0.085,0.085,-0.016,0.039,-0.42,1.02,153.58,0.37,0.59,0.084,-0.044,-0.056,1529,1524,1472,1529,10.00,10.06,-0.62,-0.57
1787304109.115,39.849,True,1,2.663,2.769,-0.028,0.431,10.238,10.237,0.327,2.401,0.090,2.397,0.085,0.085,-0.016,0.039,-0.42,1.02,153.58,0.37,0.59,0.085,-0.044,-0.056,1529,1524,1472,1529,10.01,10.07,9.39,9.43
1787304109.125,39.859,True,1,2.663,2.769,-0.028,0.432,10.239,10.238,0.327,2.401,0.090,2.397,0.085,0.085,-0.016,0.039,-0.42,1.02,153.58,0.38,0.59,0.085,-0.045,-0.056,1529,1524,1472,1529,9.99,10.06,19.38,19.43
1787304109.135,39.869,True,1,2.662,2.769,-0.026,0.428,10.236,10.234,0.327,2.401,0.091,2.397,0.086,0.085,-0.011,0.037,-0.52,1.13,153.75,0.39,0.53,0.096,-0.062,-0.063,1530,1526,1471,1529,10.00,10.06,-0.13,-0.18
1787304109.145,39.879,True,1,2.662,2.769,-0.026,0.429,10.237,10.235,0.327,2.401,0.091,2.397,0.086,0.085,-0.011,0.037,-0.52,1.13,153.75,0.39,0.53,0.097,-0.062,-0.063,1530,1526,1471,1529,10.00,10.06,9.88,9.83
1787304109.155,39.889,True,1,2.662,2.769,-0.026,0.431,10.238,10.236,0.327,2.401,0.091,2.397,0.086,0.085,-0.011,0.037,-0.52,1.13,153.75,0.39,0.53,0.097,-0.062,-0.063,1530,1526,1471,1529,10.00,10.06,19.88,19.83
1787304109.165,39.899,True,1,2.662,2.769,-0.026,0.432,10.239,10.237,0.327,2.401,0.091,2.398,0.086,0.085,-0.011,0.037,-0.52,1.13,153.75,0.39,0.53,0.097,-0.062,-0.063,1530,1526,1471,1529,10.00,10.06,29.88,29.83
1787304109.176,39.909,True,1,2.662,2.769,-0.007,0.379,10.186,10.182,0.325,2.401,0.093,2.398,0.086,0.086,0.000,0.050,-0.83,1.23,153.99,0.56,0.48,0.147,-0.078,-0.074,1536,1528,1469,1527,10.00,10.06,-0.25,-0.30
1787304109.185,39.919,True,1,2.662,2.769,0.002,0.350,10.158,10.153,0.324,2.402,0.093,2.398,0.087,0.086,-0.000,0.058,-0.96,1.24,154.11,0.64,0.52,0.169,-0.074,-0.080,1538,1528,1468,1526,10.01,10.07,-0.10,-0.16
1787304109.195,39.929,True,1,2.662,2.769,0.002,0.351,10.159,10.154,0.324,2.402,0.093,2.398,0.087,0.086,-0.000,0.058,-0.96,1.24,154.11,0.64,0.52,0.170,-0.074,-0.080,1538,1528,1468,1526,10.00,10.06,9.90,9.84
1787304109.205,39.939,True,1,2.662,2.769,0.002,0.352,10.160,10.155,0.324,2.402,0.093,2.398,0.087,0.086,-0.000,0.058,-0.96,1.24,154.11,0.65,0.52,0.170,-0.074,-0.080,1538,1528,1468,1526,10.00,10.06,19.90,19.83
1787304109.215,39.949,True,1,2.662,2.769,0.002,0.353,10.161,10.156,0.324,2.402,0.093,2.398,0.087,0.086,-0.000,0.058,-0.96,1.24,154.11,0.65,0.52,0.170,-0.074,-0.080,1538,1528,1468,1527,10.00,10.06,29.90,29.83
1787304109.225,39.959,True,1,2.662,2.769,0.002,0.354,10.162,10.157,0.324,2.402,0.093,2.398,0.087,0.086,-0.000,0.058,-0.96,1.24,154.11,0.65,0.52,0.170,-0.074,-0.080,1538,1528,1468,1527,10.00,10.06,39.90,39.83
1787304109.235,39.969,True,1,2.662,2.769,0.002,0.356,10.163,10.158,0.324,2.402,0.093,2.398,0.088,0.086,-0.000,0.058,-0.96,1.24,154.11,0.65,0.52,0.170,-0.074,-0.080,1538,1528,1468,1527,10.00,10.06,49.90,49.84
1787304109.246,39.980,True,1,2.662,2.769,0.020,0.302,10.110,10.103,0.322,2.403,0.095,2.399,0.088,0.087,0.010,0.079,-1.19,1.15,154.40,0.89,0.51,0.220,-0.065,-0.092,1544,1527,1467,1525,10.00,10.06,-0.38,-0.43
1787304109.255,39.989,True,1,2.663,2.769,-0.001,0.363,10.171,10.165,0.324,2.404,0.096,2.399,0.088,0.087,0.008,0.048,-1.23,1.09,154.46,0.60,0.38,0.193,-0.072,-0.095,1541,1528,1466,1527,10.00,10.06,-0.07,-0.12
1787304109.265,39.999,True,1,2.663,2.769,-0.001,0.364,10.172,10.166,0.324,2.404,0.096,2.399,0.088,0.087,0.008,0.048,-1.23,1.09,154.46,0.60,0.38,0.193,-0.072,-0.095,1541,1528,1466,1527,10.00,10.06,9.94,9.88
1787304109.275,40.009,True,1,2.663,2.769,-0.001,0.365,10.173,10.167,0.325,2.404,0.096,2.399,0.089,0.087,0.008,0.048,-1.23,1.09,154.46,0.60,0.38,0.193,-0.073,-0.095,1541,1528,1466,1527,10.00,10.06,19.93,19.88
1787304109.285,40.019,True,1,2.663,2.769,-0.001,0.367,10.174,10.168,0.325,2.404,0.096,2.399,0.089,0.087,0.008,0.048,-1.23,1.09,154.46,0.61,0.38,0.194,-0.073,-0.095,1541,1528,1466,1527,10.00,10.06,29.93,29.88
1787304109.295,40.029,True,1,2.663,2.769,-0.001,0.368,10.175,10.169,0.325,2.404,0.096,2.399,0.089,0.087,0.008,0.048,-1.23,1.09,154.46,0.61,0.38,0.194,-0.073,-0.095,1541,1528,1466,1527,10.00,10.06,39.93,39.88
1787304109.305,40.039,True,1,2.663,2.769,-0.001,0.369,10.176,10.170,0.325,2.404,0.096,2.399,0.089,0.087,0.008,0.048,-1.23,1.09,154.46,0.61,0.38,0.194,-0.073,-0.095,1541,1528,1466,1527,10.00,10.06,49.93,49.88
1787304109.315,40.049,True,1,2.663,2.769,-0.001,0.370,10.177,10.171,0.325,2.404,0.096,2.400,0.090,0.087,0.008,0.048,-1.23,1.09,154.46,0.61,0.38,0.194,-0.073,-0.095,1541,1528,1466,1527,10.00,10.06,59.93,59.88
1787304109.326,40.060,True,1,2.665,2.769,0.020,0.303,10.111,10.105,0.323,2.406,0.099,2.400,0.090,0.089,0.024,0.082,-1.01,0.78,154.64,1.00,0.38,0.212,-0.039,-0.102,1543,1524,1465,1525,10.00,10.06,-0.47,-0.43
1787304109.335,40.069,True,1,2.665,2.769,0.020,0.304,10.112,10.106,0.323,2.406,0.099,2.400,0.090,0.089,0.024,0.082,-1.01,0.78,154.64,1.01,0.38,0.213,-0.040,-0.102,1543,1524,1465,1525,10.00,10.06,9.53,9.58
1787304109.345,40.079,True,1,2.665,2.769,0.010,0.332,10.140,10.135,0.323,2.407,0.101,2.400,0.091,0.090,0.021,0.059,-0.92,0.73,154.65,0.79,0.31,0.180,-0.043,-0.103,1539,1524,1465,1526,9.99,10.06,-0.11,-0.16
1787304109.355,40.089,True,1,2.665,2.769,0.010,0.333,10.141,10.136,0.324,2.407,0.101,2.400,0.091,0.090,0.021,0.059,-0.92,0.73,154.65,0.79,0.31,0.181,-0.043,-0.103,1539,1524,1465,1526,10.00,10.06,9.89,9.84
1787304109.365,40.099,True,1,2.665,2.769,0.010,0.334,10.142,10.137,0.324,2.407,0.101,2.401,0.091,0.090,0.021,0.059,-0.92,0.73,154.65,0.79,0.31,0.181,-0.043,-0.103,1539,1524,1465,1526,10.00,10.06,19.89,19.84
1787304109.375,40.109,True,1,2.665,2.769,0.010,0.335,10.143,10.138,0.324,2.407,0.101,2.401,0.092,0.090,0.021,0.059,-0.92,0.73,154.65,0.79,0.31,0.181,-0.043,-0.103,1539,1524,1465,1526,10.00,10.06,29.89,29.84
1787304109.385,40.119,True,1,2.665,2.769,0.010,0.337,10.144,10.139,0.324,2.407,0.101,2.401,0.092,0.090,0.021,0.059,-0.92,0.73,154.65,0.80,0.30,0.181,-0.043,-0.103,1539,1524,1465,1526,10.00,10.06,39.90,39.85
1787304109.395,40.129,True,1,2.665,2.769,0.010,0.338,10.145,10.140,0.324,2.407,0.101,2.401,0.092,0.090,0.021,0.059,-0.92,0.73,154.65,0.80,0.30,0.182,-0.043,-0.103,1540,1524,1465,1526,10.00,10.06,49.90,49.85
1787304109.405,40.139,True,1,2.665,2.769,0.010,0.339,10.146,10.141,0.324,2.407,0.101,2.401,0.092,0.090,0.021,0.059,-0.92,0.73,154.65,0.80,0.30,0.182,-0.044,-0.103,1540,1524,1465,1526,10.00,10.06,59.89,59.84
1787304109.415,40.149,True,1,2.665,2.769,0.010,0.340,10.147,10.143,0.324,2.407,0.101,2.402,0.093,0.090,0.021,0.059,-0.92,0.73,154.65,0.80,0.30,0.182,-0.044,-0.103,1540,1524,1465,1526,10.00,10.06,69.89,69.84
1787304109.426,40.160,True,1,2.668,2.769,0.032,0.265,10.074,10.072,0.321,2.410,0.106,2.402,0.093,0.094,0.029,0.087,0.08,0.44,154.52,1.10,0.35,0.108,-0.009,-0.096,1531,1521,1466,1524,10.00,10.06,-0.58,-0.51
1787304109.435,40.169,True,1,2.668,2.769,0.032,0.266,10.075,10.073,0.322,2.410,0.106,2.402,0.094,0.094,0.029,0.087,0.08,0.44,154.52,1.10,0.35,0.108,-0.009,-0.096,1532,1521,1466,1524,10.00,10.06,9.42,9.49
1787304109.445,40.179,True,1,2.668,2.769,0.032,0.267,10.076,10.074,0.322,2.410,0.106,2.402,0.094,0.094,0.029,0.087,0.08,0.44,154.52,1.11,0.35,0.109,-0.010,-0.096,1532,1521,1466,1524,9.99,10.06,19.42,19.49
1787304109.455,40.189,True,1,2.668,2.769,0.032,0.268,10.077,10.075,0.322,2.410,0.106,2.403,0.094,0.094,0.029,0.087,0.08,0.44,154.52,1.11,0.34,0.109,-0.010,-0.096,1532,1521,1466,1524,10.00,10.06,29.42,29.49
1787304109.465,40.199,True,1,2.668,2.769,0.032,0.269,10.078,10.076,0.322,2.410,0.106,2.403,0.095,0.094,0.029,0.087,0.08,0.44,154.52,1.11,0.34,0.109,-0.010,-0.096,1532,1521,1466,1524,10.00,10.06,39.42,39.49
1787304109.475,40.209,True,1,2.668,2.769,0.032,0.270,10.079,10.077,0.322,2.410,0.106,2.403,0.095,0.094,0.029,0.087,0.08,0.44,154.52,1.12,0.34,0.110,-0.010,-0.096,1532,1521,1466,1524,10.00,10.06,49.42,49.49
1787304109.485,40.219,True,1,2.668,2.769,0.032,0.271,10.080,10.078,0.322,2.410,0.106,2.403,0.095,0.094,0.029,0.087,0.08,0.44,154.52,1.12,0.34,0.110,-0.010,-0.096,1532,1521,1466,1524,10.00,10.06,59.42,59.49
1787304109.495,40.229,True,1,2.668,2.769,0.032,0.272,10.081,10.079,0.322,2.410,0.106,2.404,0.096,0.094,0.029,0.087,0.08,0.44,154.52,1.12,0.34,0.110,-0.010,-0.096,1532,1521,1466,1524,10.00,10.06,69.42,69.49
1787304109.506,40.240,True,1,2.672,2.769,0.034,0.252,10.061,10.061,0.321,2.414,0.113,2.404,0.096,0.098,0.025,0.086,1.31,0.22,154.17,1.11,0.37,-0.021,0.015,-0.082,1477,1478,1468,1523,10.00,10.06,-0.62,-0.57
1787304109.515,40.249,True,1,2.672,2.769,0.034,0.253,10.062,10.062,0.321,2.414,0.113,2.404,0.097,0.098,0.025,0.086,1.31,0.22,154.17,1.11,0.37,-0.021,0.015,-0.082,1477,1478,1468,1523,10.00,10.06,9.38,9.43
1787304109.525,40.259,True,1,2.672,2.769,0.034,0.254,10.063,10.063,0.321,2.414,0.113,2.405,0.097,0.098,0.025,0.086,1.31,0.22,154.17,1.11,0.37,-0.021,0.014,-0.082,1477,1478,1468,1523,9.99,10.06,19.38,19.43
1787304109.535,40.269,True,1,2.672,2.769,0.034,0.255,10.064,10.064,0.321,2.414,0.113,2.405,0.098,0.098,0.025,0.086,1.31,0.22,154.17,1.12,0.37,-0.020,0.014,-0.082,1477,1478,1468,1523,10.00,10.06,29.38,29.43
1787304109.545,40.279,True,1,2.672,2.769,0.034,0.256,10.065,10.065,0.321,2.414,0.113,2.405,0.098,0.098,0.025,0.086,1.31,0.22,154.17,1.12,0.37,-0.020,0.014,-0.082,1477,1478,1468,1523,10.00,10.06,39.38,39.43
1787304109.555,40.289,True,1,2.672,2.769,0.034,0.257,10.066,10.066,0.321,2.414,0.113,2.406,0.099,0.098,0.025,0.086,1.31,0.22,154.17,1.13,0.37,-0.019,0.014,-0.082,1477,1478,1468,1523,10.00,10.06,49.38,49.43
1787304109.566,40.300,True,1,2.674,2.769,0.040,0.229,10.038,10.037,0.320,2.416,0.118,2.406,0.100,0.101,0.019,0.084,1.94,0.07,153.89,1.09,0.42,-0.088,0.035,-0.070,1470,1476,1470,1522,10.00,10.06,-0.42,-0.37
1787304109.575,40.309,True,1,2.676,2.769,0.053,0.181,9.990,9.989,0.319,2.417,0.120,2.406,0.100,0.102,0.014,0.097,1.94,0.07,153.89,1.19,0.52,-0.078,0.045,-0.070,1471,1474,1470,1521,10.00,10.06,9.58,-0.14
1787304109.585,40.319,True,1,2.676,2.769,0.053,0.182,9.991,9.990,0.319,2.417,0.120,2.407,0.101,0.102,0.014,0.097,1.94,0.07,153.89,1.20,0.52,-0.077,0.045,-0.070,1471,1474,1470,1521,10.00,10.06,19.58,9.86
1787304109.595,40.329,True,1,2.677,2.769,0.050,0.190,9.999,9.998,0.319,2.418,0.120,2.407,0.102,0.102,0.014,0.096,2.13,0.10,153.76,1.20,0.52,-0.097,0.041,-0.065,1469,1475,1470,1521,10.00,10.06,-0.06,-0.11
1787304109.605,40.339,True,1,2.677,2.769,0.050,0.191,10.000,9.999,0.319,2.418,0.120,2.407,0.102,0.102,0.014,0.096,2.13,0.10,153.76,1.20,0.52,-0.097,0.041,-0.065,1469,1475,1470,1521,10.00,10.06,9.95,9.89
1787304109.615,40.349,True,1,2.677,2.769,0.050,0.192,10.001,10.000,0.319,2.418,0.120,2.408,0.103,0.102,0.014,0.096,2.13,0.10,153.76,1.21,0.52,-0.096,0.041,-0.065,1469,1475,1470,1521,10.00,10.06,19.95,19.89
1787304109.625,40.359,True,1,2.677,2.769,0.050,0.193,10.002,10.001,0.319,2.418,0.120,2.408,0.103,0.102,0.014,0.096,2.13,0.10,153.76,1.21,0.52,-0.096,0.041,-0.065,1469,1475,1470,1521,10.00,10.06,29.94,29.89
1787304109.635,40.369,True,1,2.677,2.769,0.050,0.194,10.003,10.002,0.319,2.418,0.120,2.408,0.104,0.102,0.014,0.096,2.13,0.10,153.76,1.22,0.52,-0.095,0.041,-0.065,1469,1475,1470,1521,10.00,10.06,39.95,39.89
1787304109.646,40.380,True,1,2.682,2.769,0.045,0.192,10.001,9.998,0.319,2.419,0.125,2.409,0.105,0.105,0.007,0.080,2.43,0.08,153.47,1.04,0.52,-0.146,0.044,-0.052,1463,1475,1472,1521,10.00,10.06,-0.37,-0.42
1787304109.655,40.389,True,1,2.682,2.769,0.045,0.193,10.002,9.999,0.319,2.419,0.125,2.409,0.105,0.105,0.007,0.080,2.43,0.08,153.47,1.04,0.52,-0.145,0.044,-0.052,1463,1475,1472,1521,10.00,10.06,9.63,9.58
1787304109.665,40.399,True,1,2.682,2.769,0.045,0.194,10.003,10.000,0.319,2.419,0.125,2.409,0.106,0.105,0.007,0.080,2.43,0.08,153.47,1.05,0.52,-0.145,0.044,-0.052,1463,1475,1472,1521,10.00,10.06,19.63,19.58
1787304109.676,40.409,True,1,2.684,2.769,0.057,0.147,9.956,9.953,0.318,2.420,0.127,2.410,0.107,0.106,0.003,0.082,2.39,0.12,153.26,1.06,0.56,-0.139,0.045,-0.043,1464,1474,1473,1519,10.00,10.06,-0.17,-0.22
1787304109.685,40.419,True,1,2.684,2.769,0.057,0.148,9.957,9.954,0.318,2.420,0.127,2.410,0.107,0.106,0.003,0.082,2.39,0.12,153.26,1.07,0.56,-0.138,0.045,-0.043,1464,1474,1473,1519,10.00,10.06,9.83,9.78
1787304109.695,40.429,True,1,2.684,2.769,0.057,0.149,9.958,9.955,0.318,2.420,0.127,2.411,0.108,0.106,0.003,0.082,2.39,0.12,153.26,1.07,0.56,-0.138,0.045,-0.043,1464,1475,1473,1519,10.00,10.06,19.83,19.78
1787304109.705,40.439,True,1,2.684,2.769,0.057,0.150,9.959,9.956,0.318,2.420,0.127,2.411,0.109,0.106,0.003,0.082,2.39,0.12,153.26,1.08,0.56,-0.137,0.045,-0.043,1464,1475,1473,1519,10.00,10.06,29.83,29.78
1787304109.715,40.449,True,1,2.684,2.769,0.057,0.151,9.960,9.957,0.318,2.420,0.127,2.411,0.109,0.106,0.003,0.082,2.39,0.12,153.26,1.08,0.56,-0.136,0.045,-0.043,1464,1475,1473,1519,10.00,10.06,39.83,39.78
1787304109.726,40.460,True,1,2.688,2.769,0.045,0.170,9.978,9.976,0.318,2.422,0.130,2.412,0.110,0.109,-0.004,0.067,2.05,0.16,152.99,0.91,0.56,-0.120,0.041,-0.031,1466,1475,1475,1520,10.00,10.06,-0.28,-0.33
1787304109.735,40.469,True,1,2.688,2.769,0.045,0.170,9.979,9.977,0.318,2.422,0.130,2.412,0.111,0.109,-0.004,0.067,2.05,0.16,152.99,0.91,0.56,-0.119,0.040,-0.031,1466,1475,1475,1520,10.00,10.06,9.71,9.66
1787304109.745,40.479,True,1,2.688,2.769,0.045,0.171,9.980,9.977,0.318,2.422,0.130,2.412,0.111,0.109,-0.004,0.067,2.05,0.16,152.99,0.92,0.56,-0.119,0.040,-0.031,1466,1475,1475,1520,10.00,10.06,19.72,19.67
1787304109.755,40.489,True,1,2.688,2.769,0.045,0.172,9.980,9.978,0.318,2.422,0.130,2.413,0.112,0.109,-0.004,0.067,2.05,0.16,152.99,0.92,0.56,-0.118,0.040,-0.031,1466,1475,1475,1520,10.00,10.06,29.71,29.66
1787304109.766,40.499,True,1,2.692,2.769,0.057,0.125,9.933,9.932,0.317,2.423,0.132,2.413,0.113,0.110,-0.006,0.075,1.70,0.22,152.79,1.00,0.62,-0.074,0.041,-0.022,1471,1475,1476,1519,10.00,10.06,-0.27,-0.31
1787304109.775,40.509,True,1,2.692,2.769,0.057,0.125,9.934,9.933,0.317,2.423,0.132,2.413,0.113,0.110,-0.006,0.075,1.70,0.22,152.79,1.00,0.62,-0.073,0.041,-0.022,1471,1475,1476,1519,10.00,10.06,9.74,9.69
1787304109.785,40.519,True,1,2.693,2.769,0.032,0.196,10.004,10.003,0.319,2.424,0.133,2.414,0.114,0.111,-0.005,0.056,1.44,0.33,152.61,0.84,0.52,-0.063,0.019,-0.014,1473,1477,1478,1521,10.00,10.06,-0.17,-0.12
1787304109.795,40.529,True,1,2.693,2.769,0.032,0.197,10.005,10.004,0.319,2.424,0.133,2.414,0.114,0.111,-0.005,0.056,1.44,0.33,152.61,0.84,0.52,-0.062,0.019,-0.014,1473,1477,1478,1521,10.00,10.06,9.83,9.88
1787304109.805,40.539,True,1,2.693,2.769,0.032,0.197,10.005,10.005,0.319,2.424,0.133,2.414,0.115,0.111,-0.005,0.056,1.44,0.33,152.61,0.85,0.51,-0.062,0.019,-0.014,1473,1477,1478,1521,10.00,10.06,19.83,19.88
1787304109.815,40.549,True,1,2.693,2.769,0.032,0.198,10.006,10.006,0.319,2.424,0.133,2.415,0.116,0.111,-0.005,0.056,1.44,0.33,152.61,0.85,0.51,-0.061,0.019,-0.014,1473,1477,1478,1521,10.00,10.06,29.83,29.88
1787304109.825,40.559,True,1,2.693,2.769,0.032,0.199,10.007,10.006,0.319,2.424,0.133,2.415,0.116,0.111,-0.005,0.056,1.44,0.33,152.61,0.86,0.51,-0.061,0.019,-0.014,1473,1477,1478,1521,10.00,10.06,39.83,39.88
1787304109.835,40.569,True,1,2.693,2.769,0.032,0.200,10.008,10.007,0.319,2.424,0.133,2.415,0.117,0.111,-0.005,0.056,1.44,0.33,152.61,0.86,0.51,-0.060,0.019,-0.014,1473,1477,1478,1521,10.00,10.06,49.83,49.88
1787304109.846,40.580,True,1,2.698,2.769,0.060,0.095,9.904,9.904,0.316,2.426,0.136,2.416,0.117,0.114,-0.005,0.082,0.75,0.46,152.32,1.11,0.65,0.038,0.020,-0.001,1524,1477,1479,1518,10.00,10.06,-0.40,-0.45
1787304109.855,40.589,True,1,2.698,2.769,0.060,0.096,9.905,9.905,0.316,2.426,0.136,2.416,0.118,0.114,-0.005,0.082,0.75,0.46,152.32,1.11,0.65,0.039,0.020,-0.001,1524,1477,1479,1518,10.00,10.06,9.60,9.55
1787304109.865,40.599,True,1,2.698,2.769,0.060,0.097,9.906,9.905,0.316,2.426,0.136,2.416,0.119,0.114,-0.005,0.082,0.75,0.46,152.32,1.12,0.65,0.039,0.019,-0.001,1524,1477,1479,1518,9.99,10.06,19.59,19.55
1787304109.875,40.609,True,1,2.698,2.769,0.060,0.097,9.906,9.906,0.316,2.426,0.136,2.417,0.119,0.114,-0.005,0.082,0.75,0.46,152.32,1.13,0.64,0.040,0.019,-0.001,1524,1477,1479,1518,10.00,10.06,29.60,29.55
1787304109.885,40.619,True,1,2.698,2.769,0.060,0.098,9.907,9.907,0.316,2.426,0.136,2.417,0.120,0.114,-0.005,0.082,0.75,0.46,152.32,1.13,0.64,0.040,0.019,-0.001,1524,1477,1479,1518,10.00,10.06,39.60,39.55
1787304109.895,40.629,True,1,2.698,2.769,0.060,0.099,9.908,9.908,0.316,2.426,0.136,2.417,0.120,0.114,-0.005,0.082,0.75,0.46,152.32,1.14,0.64,0.041,0.019,-0.001,1524,1477,1479,1518,10.00,10.06,49.60,49.55
1787304109.905,40.639,True,1,2.698,2.769,0.060,0.099,9.909,9.908,0.316,2.426,0.136,2.417,0.121,0.114,-0.005,0.082,0.75,0.46,152.32,1.14,0.64,0.041,0.019,-0.001,1524,1477,1479,1518,10.00,10.06,59.60,59.55
1787304109.915,40.649,True,1,2.698,2.769,0.060,0.100,9.909,9.909,0.316,2.426,0.136,2.418,0.121,0.114,-0.005,0.082,0.75,0.46,152.32,1.14,0.64,0.042,0.019,-0.001,1524,1477,1479,1518,10.00,10.06,69.60,69.55
1787304109.925,40.659,True,1,2.698,2.769,0.060,0.101,9.910,9.910,0.316,2.426,0.136,2.418,0.122,0.114,-0.005,0.082,0.75,0.46,152.32,1.15,0.64,0.042,0.019,-0.001,1524,1477,1479,1518,10.00,10.06,79.60,79.55
1787304109.936,40.670,True,1,2.703,2.769,0.035,0.159,9.968,9.966,0.318,2.428,0.142,2.418,0.123,0.118,-0.007,0.075,-0.06,0.58,151.89,1.07,0.62,0.118,0.005,0.019,1533,1479,1522,1520,10.00,10.06,-0.57,-0.62
1787304109.945,40.679,True,1,2.703,2.769,0.035,0.159,9.968,9.966,0.318,2.428,0.142,2.419,0.123,0.118,-0.007,0.075,-0.06,0.58,151.89,1.08,0.62,0.118,0.004,0.019,1533,1479,1522,1520,10.00,10.06,9.43,9.38
1787304109.955,40.689,True,1,2.703,2.769,0.035,0.160,9.969,9.967,0.318,2.428,0.142,2.419,0.124,0.118,-0.007,0.075,-0.06,0.58,151.89,1.08,0.62,0.119,0.004,0.019,1533,1479,1522,1520,9.99,10.06,19.43,19.37
1787304109.965,40.699,True,1,2.703,2.769,0.035,0.161,9.970,9.968,0.318,2.428,0.142,2.419,0.124,0.118,-0.007,0.075,-0.06,0.58,151.89,1.09,0.62,0.120,0.004,0.019,1533,1479,1522,1520,10.00,10.06,29.43,29.37
1787304109.975,40.709,True,1,2.703,2.769,0.035,0.161,9.970,9.968,0.318,2.428,0.142,2.420,0.125,0.118,-0.007,0.075,-0.06,0.58,151.89,1.09,0.62,0.120,0.004,0.019,1533,1479,1522,1520,10.00,10.06,39.43,39.38
1787304109.985,40.719,True,1,2.703,2.769,0.035,0.162,9.971,9.969,0.318,2.428,0.142,2.420,0.126,0.118,-0.007,0.075,-0.06,0.58,151.89,1.10,0.62,0.121,0.004,0.019,1533,1479,1522,1520,10.00,10.06,49.43,49.38
1787304109.995,40.729,True,1,2.703,2.769,0.035,0.163,9.972,9.970,0.318,2.428,0.142,2.420,0.126,0.118,-0.007,0.075,-0.06,0.58,151.89,1.10,0.62,0.121,0.004,0.019,1533,1479,1522,1520,10.00,10.06,59.43,59.38
1787304110.005,40.739,True,1,2.703,2.769,0.035,0.163,9.972,9.970,0.318,2.428,0.142,2.420,0.127,0.118,-0.007,0.075,-0.06,0.58,151.89,1.11,0.62,0.122,0.004,0.019,1533,1479,1522,1520,10.00,10.06,69.43,69.37
1787304110.016,40.750,True,1,2.708,2.769,0.031,0.154,9.963,9.961,0.318,2.430,0.147,2.421,0.127,0.121,-0.005,0.070,-0.10,0.71,151.57,1.08,0.58,0.123,-0.013,0.032,1533,1521,1524,1520,10.00,10.06,-0.59,-0.63
1787304110.025,40.759,True,1,2.708,2.769,0.031,0.155,9.964,9.962,0.318,2.430,0.147,2.421,0.128,0.121,-0.005,0.070,-0.10,0.71,151.57,1.08,0.58,0.124,-0.013,0.032,1533,1521,1524,1520,10.00,10.06,9.42,9.37
1787304110.035,40.769,True,1,2.708,2.769,0.031,0.155,9.964,9.962,0.318,2.430,0.147,2.421,0.129,0.121,-0.005,0.070,-0.10,0.71,151.57,1.09,0.58,0.125,-0.013,0.032,1533,1521,1524,1520,9.99,10.06,19.41,19.36
1787304110.045,40.779,True,1,2.708,2.769,0.031,0.156,9.965,9.963,0.318,2.430,0.147,2.422,0.129,0.121,-0.005,0.070,-0.10,0.71,151.57,1.10,0.58,0.125,-0.013,0.032,1533,1521,1524,1520,10.00,10.06,29.42,29.37
1787304110.055,40.789,True,1,2.708,2.769,0.031,0.157,9.966,9.963,0.318,2.430,0.147,2.422,0.130,0.121,-0.005,0.070,-0.10,0.71,151.57,1.10,0.58,0.126,-0.014,0.032,1533,1521,1524,1520,10.00,10.06,39.42,39.37
1787304110.065,40.799,True,1,2.708,2.769,0.031,0.157,9.966,9.964,0.318,2.430,0.147,2.422,0.130,0.121,-0.005,0.070,-0.10,0.71,151.57,1.11,0.58,0.126,-0.014,0.032,1533,1521,1524,1520,10.00,10.06,49.42,49.37
1787304110.075,40.809,True,1,2.708,2.769,0.031,0.158,9.967,9.965,0.318,2.430,0.147,2.422,0.131,0.121,-0.005,0.070,-0.10,0.71,151.57,1.11,0.58,0.127,-0.014,0.032,1534,1521,1524,1520,10.00,10.06,59.41,59.37
1787304110.086,40.820,True,1,2.712,2.769,0.037,0.127,9.937,9.935,0.317,2.432,0.151,2.423,0.132,0.124,0.004,0.108,0.29,0.74,151.44,1.51,0.68,0.127,-0.006,0.038,1534,1520,1525,1519,10.00,10.06,-0.46,-0.41
1787304110.095,40.829,True,1,2.712,2.769,0.037,0.127,9.938,9.936,0.317,2.432,0.151,2.423,0.132,0.124,0.004,0.108,0.29,0.74,151.44,1.51,0.68,0.127,-0.006,0.038,1534,1520,1525,1519,10.00,10.06,9.54,9.59
1787304110.105,40.839,True,1,2.713,2.769,0.045,0.098,9.909,9.907,0.316,2.433,0.153,2.423,0.133,0.126,0.006,0.111,0.43,0.76,151.42,1.56,0.68,0.118,-0.008,0.039,1533,1520,1525,1518,9.99,10.06,-0.11,-0.15
1787304110.115,40.849,True,1,2.713,2.769,0.045,0.098,9.909,9.907,0.316,2.433,0.153,2.424,0.134,0.126,0.006,0.111,0.43,0.76,151.42,1.57,0.68,0.119,-0.008,0.039,1533,1520,1525,1518,10.00,10.06,9.90,9.85
1787304110.125,40.859,True,1,2.713,2.769,0.045,0.099,9.910,9.908,0.316,2.433,0.153,2.424,0.134,0.126,0.006,0.111,0.43,0.76,151.42,1.58,0.68,0.120,-0.008,0.039,1533,1520,1525,1518,10.00,10.06,19.89,19.85
1787304110.135,40.869,True,1,2.713,2.769,0.045,0.099,9.910,9.908,0.316,2.433,0.153,2.424,0.135,0.126,0.006,0.111,0.43,0.76,151.42,1.58,0.68,0.120,-0.008,0.039,1533,1520,1525,1518,10.00,10.06,29.90,29.85
1787304110.145,40.879,True,1,2.713,2.769,0.045,0.100,9.911,9.909,0.316,2.433,0.153,2.425,0.135,0.126,0.006,0.111,0.43,0.76,151.42,1.59,0.68,0.121,-0.008,0.039,1533,1520,1525,1518,10.00,10.06,39.89,39.85
1787304110.155,40.889,True,1,2.713,2.769,0.045,0.100,9.911,9.909,0.316,2.433,0.153,2.425,0.136,0.126,0.006,0.111,0.43,0.76,151.42,1.59,0.68,0.121,-0.008,0.039,1533,1520,1525,1518,10.00,10.06,49.89,49.85
1787304110.166,40.900,True,1,2.716,2.769,0.009,0.198,10.008,10.008,0.319,2.435,0.156,2.425,0.137,0.130,0.001,0.071,1.07,0.70,151.35,1.20,0.52,0.013,-0.018,0.042,1521,1522,1525,1521,10.00,10.06,-0.37,-0.41
1787304110.175,40.909,True,1,2.716,2.769,0.009,0.199,10.008,10.008,0.319,2.435,0.156,2.426,0.137,0.130,0.001,0.071,1.32,0.77,151.33,1.20,0.52,-0.013,-0.025,0.044,1478,1522,1526,1521,10.00,10.06,-0.07,9.59
1787304110.185,40.919,True,1,2.716,2.769,0.037,0.113,9.924,9.924,0.317,2.435,0.157,2.426,0.138,0.130,0.009,0.106,1.39,0.74,151.33,1.57,0.63,0.018,-0.010,0.043,1522,1521,1525,1518,10.01,10.07,-0.16,-0.10
1787304110.195,40.929,True,1,2.716,2.769,0.037,0.114,9.925,9.925,0.317,2.435,0.157,2.426,0.139,0.130,0.009,0.106,1.39,0.74,151.33,1.58,0.63,0.019,-0.010,0.043,1522,1521,1525,1518,10.00,10.07,9.84,9.90
1787304110.205,40.939,True,1,2.716,2.769,0.037,0.114,9.925,9.925,0.317,2.435,0.157,2.427,0.139,0.130,0.009,0.106,1.39,0.74,151.33,1.59,0.63,0.020,-0.010,0.043,1522,1521,1525,1518,9.99,10.06,19.83,19.89
1787304110.215,40.949,True,1,2.716,2.769,0.037,0.115,9.926,9.926,0.317,2.435,0.157,2.427,0.140,0.130,0.009,0.106,1.39,0.74,151.33,1.59,0.63,0.020,-0.010,0.043,1522,1521,1525,1518,10.00,10.06,29.83,29.90
1787304110.225,40.959,True,1,2.716,2.769,0.037,0.115,9.926,9.926,0.317,2.435,0.157,2.427,0.140,0.130,0.009,0.106,1.39,0.74,151.33,1.60,0.63,0.021,-0.011,0.043,1522,1521,1525,1518,10.00,10.06,39.83,39.89
1787304110.235,40.969,True,1,2.716,2.769,0.037,0.116,9.927,9.927,0.317,2.435,0.157,2.427,0.141,0.130,0.009,0.106,1.39,0.74,151.33,1.60,0.63,0.021,-0.011,0.043,1522,1521,1525,1518,10.00,10.06,49.83,49.89
1787304110.245,40.979,True,1,2.716,2.769,0.037,0.116,9.927,9.927,0.317,2.435,0.157,2.428,0.142,0.130,0.009,0.106,1.39,0.74,151.33,1.61,0.63,0.022,-0.011,0.043,1522,1521,1525,1518,10.00,10.06,59.83,59.89
1787304110.255,40.989,True,1,2.716,2.769,0.037,0.117,9.928,9.928,0.317,2.435,0.157,2.428,0.142,0.130,0.009,0.106,1.39,0.74,151.33,1.61,0.62,0.022,-0.011,0.043,1522,1521,1525,1518,10.00,10.06,69.83,69.89
1787304110.266,41.000,True,1,2.719,2.769,0.030,0.128,9.938,9.936,0.317,2.437,0.163,2.428,0.143,0.134,0.000,0.079,2.24,0.78,151.30,1.33,0.57,-0.096,-0.020,0.045,1469,1522,1526,1519,10.00,10.06,-0.52,-0.59
1787304110.275,41.009,True,1,2.719,2.769,0.030,0.128,9.938,9.937,0.317,2.437,0.163,2.429,0.143,0.134,0.000,0.079,2.24,0.78,151.30,1.34,0.57,-0.095,-0.020,0.045,1469,1522,1526,1519,10.00,10.06,9.48,9.41
1787304110.285,41.019,True,1,2.719,2.769,0.030,0.129,9.939,9.938,0.317,2.437,0.163,2.429,0.144,0.134,0.000,0.079,2.24,0.78,151.30,1.34,0.57,-0.095,-0.020,0.045,1469,1522,1526,1519,10.00,10.06,19.48,19.41
1787304110.295,41.029,True,1,2.719,2.769,0.030,0.129,9.939,9.938,0.317,2.437,0.163,2.429,0.145,0.134,0.000,0.079,2.24,0.78,151.30,1.35,0.56,-0.094,-0.021,0.045,1469,1522,1526,1519,10.00,10.06,29.48,29.41
1787304110.305,41.039,True,1,2.719,2.769,0.030,0.130,9.940,9.939,0.317,2.437,0.163,2.429,0.145,0.134,0.000,0.079,2.24,0.78,151.30,1.35,0.56,-0.094,-0.021,0.045,1469,1522,1526,1519,10.00,10.06,39.48,39.41
1787304110.315,41.049,True,1,2.719,2.769,0.030,0.130,9.940,9.939,0.317,2.437,0.163,2.430,0.146,0.134,0.000,0.079,2.24,0.78,151.30,1.36,0.56,-0.093,-0.021,0.045,1469,1522,1526,1519,10.00,10.06,49.48,49.41
1787304110.325,41.059,True,1,2.719,2.769,0.030,0.131,9.941,9.940,0.317,2.437,0.163,2.430,0.146,0.134,0.000,0.079,2.24,0.78,151.30,1.37,0.56,-0.092,-0.021,0.045,1469,1522,1526,1519,10.00,10.06,59.48,59.41
1787304110.335,41.069,True,1,2.719,2.769,0.030,0.131,9.941,9.940,0.317,2.437,0.163,2.430,0.147,0.134,0.000,0.079,2.24,0.78,151.30,1.37,0.56,-0.092,-0.021,0.045,1469,1522,1526,1519,10.00,10.06,69.48,69.41
1787304110.346,41.080,True,1,2.721,2.769,0.004,0.199,10.008,10.002,0.319,2.438,0.168,2.430,0.148,0.137,-0.009,0.046,2.95,0.93,151.25,1.01,0.48,-0.203,-0.045,0.049,1457,1525,1526,1521,10.00,10.06,-0.57,-0.63
1787304110.355,41.089,True,1,2.721,2.769,0.004,0.200,10.008,10.002,0.319,2.438,0.168,2.431,0.148,0.137,-0.009,0.046,2.95,0.93,151.25,1.02,0.48,-0.203,-0.045,0.049,1457,1525,1526,1521,10.00,10.06,9.43,9.38
1787304110.365,41.099,True,1,2.721,2.769,0.004,0.200,10.009,10.003,0.319,2.438,0.168,2.431,0.149,0.137,-0.009,0.046,2.95,0.93,151.25,1.03,0.48,-0.202,-0.045,0.049,1457,1525,1526,1521,9.99,10.06,19.42,19.37
1787304110.375,41.109,True,1,2.721,2.769,0.004,0.201,10.009,10.003,0.319,2.438,0.168,2.431,0.150,0.137,-0.009,0.046,2.95,0.93,151.25,1.03,0.48,-0.201,-0.045,0.049,1457,1525,1526,1521,10.00,10.06,29.42,29.37
1787304110.385,41.119,True,1,2.721,2.769,0.004,0.201,10.010,10.004,0.319,2.438,0.168,2.431,0.150,0.137,-0.009,0.046,2.95,0.93,151.25,1.04,0.48,-0.201,-0.045,0.049,1457,1525,1526,1521,10.00,10.06,39.42,39.37
1787304110.395,41.129,True,1,2.721,2.769,0.004,0.202,10.010,10.004,0.319,2.438,0.168,2.432,0.151,0.137,-0.009,0.046,2.95,0.93,151.25,1.04,0.48,-0.200,-0.046,0.049,1457,1525,1526,1521,10.00,10.06,49.43,49.37
1787304110.405,41.139,True,1,2.721,2.769,0.004,0.202,10.011,10.005,0.319,2.438,0.168,2.432,0.151,0.137,-0.009,0.046,2.95,0.93,151.25,1.05,0.48,-0.200,-0.046,0.049,1457,1525,1526,1521,10.00,10.06,59.43,59.38
1787304110.415,41.149,True,1,2.721,2.769,0.004,0.203,10.011,10.005,0.319,2.438,0.168,2.432,0.152,0.137,-0.009,0.046,2.95,0.93,151.25,1.05,0.47,-0.199,-0.046,0.049,1458,1525,1526,1521,10.00,10.06,69.42,69.37
1787304110.425,41.159,True,1,2.721,2.769,0.004,0.203,10.012,10.006,0.319,2.438,0.168,2.432,0.153,0.137,-0.009,0.046,2.95,0.93,151.25,1.06,0.47,-0.199,-0.046,0.049,1458,1525,1526,1521,10.00,10.06,79.42,79.37
1787304110.436,41.170,True,1,2.723,2.769,0.002,0.204,10.012,10.003,0.319,2.438,0.171,2.432,0.153,0.138,-0.028,0.020,3.14,1.00,151.21,0.74,0.51,-0.253,-0.048,0.051,1452,1525,1527,1521,10.00,10.06,-0.57,-0.62
1787304110.445,41.179,True,1,2.723,2.769,0.002,0.205,10.013,10.004,0.319,2.438,0.171,2.433,0.154,0.138,-0.028,0.020,3.14,1.00,151.21,0.74,0.51,-0.252,-0.048,0.051,1452,1525,1527,1521,10.00,10.06,9.43,9.38
1787304110.455,41.189,True,1,2.723,2.769,0.002,0.205,10.013,10.004,0.319,2.438,0.171,2.433,0.154,0.138,-0.028,0.020,3.14,1.00,151.21,0.75,0.51,-0.252,-0.048,0.051,1452,1525,1527,1521,10.00,10.06,19.42,19.37
1787304110.465,41.199,True,1,2.723,2.769,0.002,0.206,10.014,10.005,0.319,2.438,0.171,2.433,0.155,0.138,-0.028,0.020,3.14,1.00,151.21,0.75,0.51,-0.251,-0.048,0.051,1452,1525,1527,1521,10.00,10.06,29.42,29.37
1787304110.475,41.209,True,1,2.723,2.769,0.002,0.206,10.014,10.005,0.319,2.438,0.171,2.433,0.155,0.138,-0.028,0.020,3.14,1.00,151.21,0.76,0.51,-0.251,-0.048,0.051,1452,1525,1527,1521,10.00,10.06,39.43,39.38
1787304110.485,41.219,True,1,2.723,2.769,0.002,0.207,10.015,10.006,0.319,2.438,0.171,2.433,0.156,0.138,-0.028,0.020,3.14,1.00,151.21,0.76,0.51,-0.250,-0.048,0.051,1452,1525,1527,1521,10.00,10.06,49.43,49.38
1787304110.495,41.229,True,1,2.723,2.769,0.002,0.207,10.015,10.006,0.319,2.438,0.171,2.433,0.156,0.138,-0.028,0.020,3.14,1.00,151.21,0.76,0.51,-0.250,-0.048,0.051,1452,1525,1527,1521,10.00,10.06,59.43,59.38
1787304110.505,41.239,True,1,2.723,2.769,0.002,0.208,10.016,10.007,0.319,2.438,0.171,2.434,0.157,0.138,-0.028,0.020,3.14,1.00,151.21,0.77,0.51,-0.249,-0.048,0.051,1452,1525,1527,1521,10.00,10.06,69.42,69.37
1787304110.516,41.250,True,1,2.724,2.769,-0.011,0.241,10.049,10.042,0.321,2.436,0.171,2.434,0.157,0.137,-0.041,0.011,2.76,0.84,151.22,0.63,0.59,-0.223,-0.024,0.049,1455,1522,1526,1522,10.00,10.06,-0.57,-0.62
1787304110.525,41.259,True,1,2.724,2.769,-0.011,0.241,10.049,10.042,0.321,2.436,0.171,2.434,0.158,0.137,-0.041,0.011,2.76,0.84,151.22,0.64,0.59,-0.223,-0.024,0.049,1455,1522,1526,1522,10.00,10.06,9.44,9.38
1787304110.535,41.269,True,1,2.724,2.769,-0.011,0.242,10.050,10.043,0.321,2.436,0.171,2.434,0.158,0.137,-0.041,0.011,2.76,0.84,151.22,0.64,0.59,-0.222,-0.024,0.049,1455,1522,1526,1522,10.00,10.06,19.43,19.38
1787304110.545,41.279,True,1,2.724,2.769,-0.011,0.242,10.050,10.043,0.321,2.436,0.171,2.434,0.159,0.137,-0.041,0.011,2.76,0.84,151.22,0.65,0.59,-0.222,-0.024,0.049,1455,1522,1526,1523,10.00,10.06,29.43,29.38
1787304110.555,41.289,True,1,2.724,2.769,-0.011,0.243,10.051,10.044,0.321,2.436,0.171,2.434,0.159,0.137,-0.041,0.011,2.76,0.84,151.22,0.65,0.59,-0.222,-0.024,0.049,1455,1522,1526,1523,10.00,10.06,39.43,39.38
1787304110.565,41.299,True,1,2.724,2.769,-0.011,0.243,10.051,10.044,0.321,2.436,0.171,2.434,0.159,0.137,-0.041,0.011,2.76,0.84,151.22,0.65,0.59,-0.221,-0.024,0.049,1455,1522,1526,1523,10.00,10.06,49.43,49.38
1787304110.575,41.309,True,1,2.724,2.769,-0.011,0.244,10.051,10.045,0.321,2.436,0.171,2.434,0.160,0.137,-0.041,0.011,2.76,0.84,151.22,0.66,0.59,-0.221,-0.024,0.049,1455,1522,1526,1523,10.00,10.06,59.43,59.38
1787304110.585,41.319,True,1,2.724,2.769,-0.011,0.244,10.052,10.045,0.321,2.436,0.171,2.434,0.160,0.137,-0.041,0.011,2.76,0.84,151.22,0.66,0.59,-0.220,-0.024,0.049,1455,1522,1526,1523,10.00,10.06,69.43,69.38
1787304110.596,41.330,True,1,2.725,2.769,-0.035,0.317,10.124,10.119,0.323,2.434,0.170,2.434,0.161,0.135,-0.053,-0.025,2.01,0.66,151.30,0.27,0.51,-0.182,-0.014,0.045,1459,1521,1526,1525,10.00,10.06,-0.55,-0.60
1787304110.605,41.339,True,1,2.725,2.769,-0.035,0.317,10.124,10.120,0.323,2.434,0.170,2.434,0.161,0.135,-0.053,-0.025,2.01,0.66,151.30,0.28,0.51,-0.182,-0.014,0.045,1459,1521,1526,1525,10.00,10.06,9.45,9.40
1787304110.615,41.349,True,1,2.725,2.769,-0.035,0.318,10.125,10.120,0.323,2.434,0.170,2.434,0.161,0.135,-0.053,-0.025,2.01,0.66,151.30,0.28,0.51,-0.182,-0.014,0.045,1459,1521,1526,1525,10.00,10.06,19.45,19.40
1787304110.625,41.359,True,1,2.725,2.769,-0.035,0.318,10.125,10.121,0.323,2.434,0.170,2.434,0.161,0.135,-0.053,-0.025,2.01,0.66,151.30,0.28,0.51,-0.181,-0.014,0.045,1459,1521,1526,1525,10.00,10.06,29.45,29.40
1787304110.635,41.369,True,1,2.725,2.769,-0.035,0.319,10.126,10.121,0.323,2.434,0.170,2.434,0.162,0.135,-0.053,-0.025,2.01,0.66,151.30,0.28,0.51,-0.181,-0.014,0.045,1460,1521,1526,1525,10.00,10.06,39.45,39.40
1787304110.645,41.379,True,1,2.725,2.769,-0.035,0.319,10.126,10.122,0.323,2.434,0.170,2.434,0.162,0.135,-0.053,-0.025,2.01,0.66,151.30,0.29,0.51,-0.181,-0.014,0.045,1460,1521,1526,1525,10.00,10.06,49.45,49.40
1787304110.655,41.389,True,1,2.725,2.769,-0.035,0.320,10.127,10.122,0.323,2.434,0.170,2.434,0.162,0.135,-0.053,-0.025,2.01,0.66,151.30,0.29,0.51,-0.180,-0.014,0.045,1460,1521,1526,1525,10.00,10.06,59.45,59.40
1787304110.666,41.400,True,1,2.724,2.769,-0.039,0.336,10.144,10.143,0.324,2.433,0.168,2.434,0.162,0.133,-0.053,-0.012,1.09,0.23,151.46,0.41,0.58,-0.072,0.038,0.037,1472,1475,1525,1526,10.00,10.06,-0.46,-0.41
1787304110.675,41.409,True,1,2.723,2.769,-0.025,0.294,10.102,10.101,0.322,2.432,0.168,2.434,0.163,0.131,-0.054,-0.013,0.95,0.18,151.52,0.40,0.58,-0.057,0.043,0.034,1473,1475,1524,1525,10.00,10.06,-0.11,-0.15
1787304110.685,41.419,True,1,2.723,2.769,-0.025,0.295,10.102,10.102,0.322,2.432,0.168,2.434,0.163,0.131,-0.054,-0.013,0.95,0.18,151.52,0.40,0.58,-0.057,0.043,0.034,1473,1475,1524,1525,10.00,10.06,9.90,9.85
1787304110.695,41.429,True,1,2.723,2.769,-0.025,0.295,10.103,10.102,0.322,2.432,0.168,2.434,0.163,0.131,-0.054,-0.013,0.95,0.18,151.52,0.41,0.58,-0.057,0.043,0.034,1473,1475,1524,1525,10.00,10.06,19.90,19.85
