t_wall,t_rel,armed,mode,alt,alt_sp,climb_rate,a_up,a_total,a_cmd,thrust,x,y,x_filt,y_filt,dxy,vx,vy,roll_deg,pitch_deg,yaw_deg,roll_ref_deg,pitch_ref_deg,roll_rate,pitch_rate,yaw_rate,pwm_roll,pwm_pitch,pwm_yaw,pwm_thr,dt_ms,sched_slip_ms,att_age_ms,pos_age_ms
1787303438.543,16.704,True,1,-0.039,-0.039,-0.123,0.368,10.175,10.173,0.325,0.917,-0.430,0.918,-0.454,0.023,-0.005,-0.004,-0.57,0.77,13.86,0.02,-0.06,0.062,-0.087,-0.001,1526,1529,1479,1527,0.00,10.00,10.19,10.14
1787303438.553,16.714,True,1,-0.039,-0.036,-0.123,0.380,10.187,10.185,0.325,0.917,-0.430,0.918,-0.453,0.023,-0.005,-0.004,-0.57,0.77,13.86,0.02,-0.06,0.062,-0.086,-0.001,1526,1529,1479,1528,10.07,10.07,20.26,20.21
1787303438.563,16.724,True,1,-0.039,-0.033,-0.123,0.392,10.199,10.197,0.325,0.917,-0.430,0.918,-0.452,0.023,-0.005,-0.004,-0.57,0.77,13.86,0.01,-0.05,0.061,-0.086,-0.001,1526,1529,1479,1528,10.00,10.06,30.25,30.21
1787303438.573,16.735,True,1,-0.040,-0.030,-0.123,0.409,10.216,10.214,0.326,0.917,-0.430,0.918,-0.452,0.024,-0.004,-0.004,-0.57,0.77,13.86,0.01,-0.05,0.061,-0.086,-0.001,1526,1529,1479,1529,10.00,10.06,-0.20,-0.25
1787303438.583,16.744,True,1,-0.040,-0.027,-0.123,0.421,10.228,10.227,0.326,0.917,-0.430,0.918,-0.451,0.024,-0.004,-0.004,-0.57,0.77,13.86,0.01,-0.05,0.061,-0.086,-0.001,1526,1529,1479,1529,10.00,10.06,9.80,9.75
1787303438.593,16.754,True,1,-0.040,-0.024,-0.123,0.434,10.240,10.239,0.327,0.917,-0.430,0.918,-0.450,0.024,-0.004,-0.004,-0.57,0.77,13.86,0.00,-0.05,0.060,-0.086,-0.001,1526,1529,1479,1529,10.01,10.07,19.81,19.76
1787303438.603,16.764,True,1,-0.040,-0.021,-0.123,0.446,10.252,10.251,0.327,0.917,-0.430,0.918,-0.450,0.024,-0.004,-0.004,-0.57,0.77,13.86,-0.00,-0.05,0.060,-0.086,-0.001,1526,1529,1479,1530,9.99,10.06,29.80,29.75
1787303438.613,16.775,True,1,-0.041,-0.018,-0.124,0.465,10.271,10.270,0.328,0.917,-0.430,0.918,-0.449,0.024,-0.004,-0.004,-0.57,0.77,13.86,-0.00,-0.04,0.060,-0.085,-0.001,1526,1529,1479,1531,10.00,10.06,-0.36,-0.31
1787303438.623,16.784,True,1,-0.041,-0.015,-0.124,0.477,10.283,10.282,0.328,0.917,-0.430,0.918,-0.448,0.024,-0.004,-0.004,-0.57,0.77,13.86,-0.01,-0.04,0.059,-0.085,-0.001,1526,1529,1479,1531,10.00,10.06,9.64,9.69
1787303438.633,16.794,True,1,-0.041,-0.012,-0.124,0.489,10.296,10.294,0.329,0.917,-0.430,0.918,-0.448,0.024,-0.004,-0.004,-0.57,0.77,13.86,-0.01,-0.04,0.059,-0.085,-0.001,1526,1529,1479,1531,10.00,10.06,19.64,19.69
1787303438.643,16.804,True,1,-0.041,-0.009,-0.124,0.501,10.308,10.307,0.329,0.917,-0.430,0.918,-0.447,0.024,-0.004,-0.004,-0.57,0.77,13.86,-0.02,-0.04,0.058,-0.085,-0.001,1526,1529,1479,1532,10.01,10.07,29.64,29.69
1787303438.653,16.814,True,1,-0.041,-0.006,-0.124,0.514,10.320,10.319,0.329,0.917,-0.430,0.918,-0.446,0.024,-0.004,-0.004,-0.57,0.77,13.86,-0.02,-0.04,0.058,-0.085,-0.001,1526,1529,1479,1532,10.00,10.06,39.64,39.69
1787303438.663,16.824,True,1,-0.041,-0.003,-0.124,0.526,10.333,10.331,0.330,0.917,-0.430,0.918,-0.446,0.024,-0.004,-0.004,-0.57,0.77,13.86,-0.02,-0.04,0.058,-0.085,-0.001,1526,1529,1479,1533,10.00,10.07,49.64,49.69
1787303438.673,16.834,True,1,-0.041,0.000,-0.124,0.539,10.345,10.344,0.330,0.917,-0.430,0.918,-0.445,0.024,-0.004,-0.004,-0.57,0.77,13.86,-0.03,-0.04,0.057,-0.085,-0.001,1526,1529,1479,1533,9.99,10.06,59.64,59.69
1787303438.683,16.845,True,1,-0.044,0.003,-0.125,0.566,10.372,10.371,0.331,0.917,-0.428,0.918,-0.445,0.026,-0.004,-0.003,-0.57,0.78,13.86,-0.04,-0.03,0.056,-0.085,-0.001,1526,1529,1479,1534,10.00,10.06,-0.41,-0.46
1787303438.693,16.854,True,1,-0.044,0.006,-0.125,0.578,10.385,10.383,0.331,0.917,-0.428,0.917,-0.444,0.026,-0.004,-0.003,-0.57,0.78,13.86,-0.04,-0.03,0.056,-0.085,-0.001,1526,1529,1479,1535,10.00,10.06,9.59,9.54
1787303438.703,16.864,True,1,-0.045,0.009,-0.125,0.597,10.404,10.402,0.332,0.917,-0.428,0.917,-0.444,0.026,-0.004,-0.004,-0.57,0.77,13.86,-0.04,-0.03,0.055,-0.084,-0.001,1526,1529,1479,1535,10.00,10.06,-0.16,-0.11
1787303438.713,16.874,True,1,-0.045,0.012,-0.125,0.610,10.416,10.415,0.332,0.917,-0.428,0.917,-0.443,0.026,-0.004,-0.004,-0.57,0.77,13.86,-0.04,-0.03,0.055,-0.084,-0.001,1526,1529,1479,1536,10.01,10.07,9.85,9.90
1787303438.723,16.884,True,1,-0.045,0.015,-0.125,0.622,10.429,10.427,0.333,0.917,-0.428,0.917,-0.443,0.026,-0.004,-0.004,-0.57,0.77,13.86,-0.05,-0.03,0.055,-0.084,-0.001,1526,1529,1479,1536,9.99,10.06,19.84,19.89
1787303438.733,16.894,True,1,-0.045,0.018,-0.125,0.635,10.442,10.440,0.333,0.917,-0.428,0.917,-0.442,0.026,-0.004,-0.004,-0.57,0.77,13.86,-0.05,-0.03,0.054,-0.084,-0.001,1526,1529,1479,1536,10.00,10.06,29.84,29.89
1787303438.743,16.904,True,1,-0.045,0.021,-0.125,0.648,10.454,10.453,0.334,0.917,-0.428,0.917,-0.442,0.026,-0.004,-0.004,-0.57,0.77,13.86,-0.05,-0.03,0.054,-0.084,-0.001,1526,1529,1479,1537,10.00,10.07,39.84,39.89
1787303438.753,16.915,True,1,-0.047,0.024,-0.125,0.667,10.474,10.472,0.334,0.917,-0.427,0.917,-0.441,0.027,-0.003,-0.003,-0.57,0.78,13.86,-0.06,-0.02,0.053,-0.084,-0.001,1525,1529,1479,1538,10.00,10.06,-0.41,-0.36
1787303438.763,16.924,True,1,-0.047,0.027,-0.125,0.680,10.487,10.485,0.335,0.917,-0.427,0.917,-0.441,0.027,-0.003,-0.003,-0.57,0.78,13.86,-0.07,-0.02,0.053,-0.084,-0.001,1525,1529,1479,1538,10.00,10.06,9.58,9.63
1787303438.773,16.934,True,1,-0.046,0.030,-0.125,0.689,10.495,10.494,0.335,0.917,-0.426,0.917,-0.440,0.028,-0.003,-0.003,-0.57,0.78,13.86,-0.07,-0.02,0.053,-0.083,-0.001,1525,1529,1479,1538,10.00,10.06,19.59,-0.07
1787303438.783,16.944,True,1,-0.046,0.033,-0.125,0.700,10.506,10.505,0.335,0.917,-0.426,0.917,-0.440,0.028,-0.002,-0.003,-0.57,0.77,13.86,-0.07,-0.01,0.053,-0.082,-0.001,1525,1529,1479,1539,10.00,10.06,-0.05,-0.11
1787303438.793,16.954,True,1,-0.046,0.036,-0.125,0.713,10.519,10.518,0.336,0.917,-0.426,0.917,-0.439,0.028,-0.002,-0.003,-0.57,0.77,13.86,-0.07,-0.01,0.052,-0.082,-0.001,1525,1529,1479,1539,10.00,10.06,9.95,9.89
1787303438.803,16.964,True,1,-0.046,0.039,-0.125,0.725,10.532,10.531,0.336,0.917,-0.426,0.917,-0.439,0.028,-0.002,-0.003,-0.57,0.77,13.86,-0.07,-0.01,0.052,-0.082,-0.001,1525,1529,1479,1540,10.00,10.06,19.95,19.89
1787303438.813,16.974,True,1,-0.047,0.042,-0.125,0.742,10.548,10.547,0.337,0.917,-0.426,0.917,-0.438,0.028,-0.002,-0.003,-0.57,0.77,13.86,-0.07,-0.01,0.052,-0.082,-0.001,1525,1529,1479,1540,10.00,10.06,-0.17,-0.21
1787303438.823,16.984,True,1,-0.047,0.045,-0.125,0.755,10.561,10.560,0.337,0.917,-0.426,0.917,-0.438,0.028,-0.002,-0.003,-0.57,0.77,13.86,-0.08,-0.01,0.052,-0.082,-0.001,1525,1529,1479,1541,10.00,10.06,9.84,9.79
1787303438.833,16.994,True,1,-0.047,0.048,-0.125,0.768,10.574,10.573,0.337,0.917,-0.426,0.917,-0.438,0.028,-0.002,-0.003,-0.57,0.77,13.86,-0.08,-0.00,0.051,-0.082,-0.001,1525,1529,1479,1541,10.00,10.06,19.83,19.79
1787303438.843,17.004,True,1,-0.047,0.051,-0.125,0.781,10.587,10.586,0.338,0.917,-0.426,0.917,-0.437,0.028,-0.002,-0.003,-0.57,0.77,13.86,-0.08,-0.00,0.051,-0.081,-0.001,1525,1529,1479,1542,10.00,10.06,29.83,29.79
1787303438.853,17.015,True,1,-0.047,0.054,-0.125,0.794,10.600,10.599,0.338,0.917,-0.425,0.917,-0.437,0.029,-0.001,-0.003,-0.57,0.77,13.87,-0.08,0.01,0.051,-0.080,-0.001,1525,1528,1479,1542,10.00,10.06,-0.25,-0.30
1787303438.863,17.024,True,1,-0.047,0.057,-0.125,0.807,10.613,10.612,0.339,0.917,-0.425,0.917,-0.436,0.029,-0.001,-0.003,-0.57,0.77,13.87,-0.08,0.01,0.051,-0.080,-0.001,1525,1528,1479,1542,10.00,10.06,9.75,9.70
1787303438.873,17.034,True,1,-0.047,0.060,-0.125,0.820,10.626,10.625,0.339,0.917,-0.425,0.917,-0.436,0.029,-0.001,-0.003,-0.57,0.77,13.87,-0.09,0.01,0.051,-0.080,-0.001,1525,1528,1479,1543,10.00,10.06,19.75,19.70
1787303438.883,17.044,True,1,-0.047,0.063,-0.125,0.833,10.640,10.638,0.340,0.917,-0.425,0.917,-0.436,0.029,-0.001,-0.003,-0.57,0.77,13.87,-0.09,0.01,0.050,-0.080,-0.001,1525,1528,1479,1543,10.00,10.06,29.75,29.70
1787303438.893,17.054,True,1,-0.047,0.066,-0.125,0.846,10.653,10.651,0.340,0.917,-0.425,0.917,-0.435,0.029,-0.001,-0.003,-0.57,0.77,13.87,-0.09,0.01,0.050,-0.080,-0.001,1525,1528,1479,1544,10.00,10.06,39.75,39.70
1787303438.903,17.064,True,1,-0.047,0.069,-0.125,0.859,10.666,10.665,0.340,0.917,-0.425,0.917,-0.435,0.029,-0.001,-0.003,-0.57,0.77,13.87,-0.09,0.01,0.050,-0.080,-0.001,1525,1528,1479,1544,10.00,10.06,49.75,49.70
1787303438.913,17.074,True,1,-0.047,0.072,-0.125,0.872,10.679,10.678,0.341,0.917,-0.425,0.917,-0.435,0.029,-0.001,-0.003,-0.57,0.77,13.87,-0.10,0.01,0.050,-0.080,-0.001,1525,1528,1479,1545,10.00,10.06,59.75,59.70
1787303438.923,17.085,True,1,-0.048,0.075,-0.125,0.892,10.699,10.698,0.341,0.918,-0.424,0.917,-0.434,0.030,0.000,-0.003,-0.57,0.77,13.87,-0.10,0.02,0.049,-0.078,-0.001,1525,1528,1479,1545,10.00,10.06,-0.47,-0.42
1787303438.933,17.094,True,1,-0.048,0.078,-0.126,0.908,10.715,10.713,0.342,0.918,-0.423,0.917,-0.434,0.030,0.001,-0.004,-0.57,0.77,13.87,-0.10,0.03,0.049,-0.078,-0.001,1525,1528,1479,1546,10.00,10.06,-0.12,-0.17
1787303438.943,17.104,True,1,-0.048,0.081,-0.126,0.921,10.728,10.727,0.342,0.918,-0.423,0.917,-0.434,0.030,0.001,-0.004,-0.57,0.77,13.87,-0.10,0.03,0.049,-0.078,-0.001,1525,1528,1479,1546,10.00,10.06,9.88,9.83
1787303438.953,17.114,True,1,-0.048,0.084,-0.126,0.934,10.741,10.740,0.343,0.918,-0.423,0.917,-0.433,0.030,0.001,-0.004,-0.57,0.77,13.87,-0.10,0.03,0.049,-0.078,-0.001,1525,1528,1479,1547,10.00,10.06,19.88,19.83
1787303438.963,17.124,True,1,-0.048,0.087,-0.126,0.948,10.755,10.753,0.343,0.918,-0.423,0.917,-0.433,0.030,0.001,-0.004,-0.57,0.77,13.87,-0.10,0.03,0.049,-0.078,-0.001,1525,1528,1479,1547,10.00,10.06,29.88,29.83
1787303438.973,17.134,True,1,-0.048,0.090,-0.126,0.961,10.768,10.767,0.344,0.918,-0.423,0.917,-0.433,0.030,0.001,-0.004,-0.57,0.77,13.87,-0.10,0.03,0.049,-0.078,-0.001,1525,1528,1479,1548,10.00,10.06,39.88,39.83
1787303438.983,17.145,True,1,-0.048,0.093,-0.125,0.972,10.779,10.778,0.344,0.918,-0.422,0.917,-0.432,0.032,0.000,-0.003,-0.57,0.77,13.87,-0.11,0.03,0.048,-0.078,-0.001,1525,1528,1479,1548,10.00,10.06,-0.28,-0.33
1787303438.993,17.154,True,1,-0.048,0.096,-0.125,0.986,10.792,10.791,0.344,0.918,-0.422,0.917,-0.432,0.032,0.000,-0.003,-0.57,0.77,13.87,-0.12,0.03,0.048,-0.078,-0.001,1525,1528,1479,1549,10.00,10.06,9.72,9.67
1787303439.003,17.164,True,1,-0.048,0.099,-0.125,0.999,10.806,10.804,0.345,0.918,-0.422,0.917,-0.432,0.032,0.000,-0.003,-0.57,0.77,13.87,-0.12,0.03,0.047,-0.078,-0.001,1525,1528,1479,1549,10.00,10.06,19.72,19.67
1787303439.013,17.174,True,1,-0.048,0.102,-0.125,1.013,10.819,10.818,0.345,0.918,-0.422,0.917,-0.431,0.032,0.000,-0.003,-0.57,0.77,13.87,-0.12,0.03,0.047,-0.078,-0.001,1525,1528,1479,1550,10.00,10.06,29.72,29.67
1787303439.023,17.185,True,1,-0.049,0.105,-0.124,1.027,10.834,10.833,0.346,0.918,-0.421,0.917,-0.431,0.033,0.000,-0.003,-0.57,0.78,13.87,-0.12,0.03,0.047,-0.078,-0.001,1525,1528,1479,1550,10.00,10.06,-0.26,-0.31
1787303439.033,17.194,True,1,-0.049,0.108,-0.124,1.041,10.847,10.846,0.346,0.918,-0.421,0.917,-0.431,0.033,0.000,-0.003,-0.57,0.78,13.87,-0.13,0.03,0.047,-0.078,-0.001,1525,1528,1479,1550,10.00,10.06,9.74,9.69
1787303439.043,17.204,True,1,-0.049,0.111,-0.124,1.054,10.861,10.860,0.347,0.918,-0.421,0.917,-0.430,0.033,0.000,-0.003,-0.57,0.78,13.87,-0.13,0.03,0.046,-0.078,-0.001,1525,1528,1479,1551,10.00,10.06,19.74,19.69
1787303439.053,17.214,True,1,-0.049,0.114,-0.124,1.068,10.875,10.873,0.347,0.918,-0.421,0.918,-0.430,0.033,0.000,-0.003,-0.57,0.78,13.87,-0.13,0.03,0.046,-0.078,-0.001,1525,1528,1479,1551,10.00,10.06,29.74,29.69
1787303439.063,17.224,True,1,-0.049,0.117,-0.124,1.082,10.888,10.887,0.347,0.918,-0.421,0.918,-0.430,0.033,0.000,-0.003,-0.57,0.78,13.87,-0.13,0.03,0.046,-0.078,-0.001,1525,1528,1479,1552,10.00,10.06,39.74,39.69
1787303439.073,17.234,True,1,-0.049,0.120,-0.124,1.095,10.902,10.901,0.348,0.918,-0.421,0.918,-0.429,0.033,0.000,-0.003,-0.57,0.78,13.87,-0.13,0.03,0.046,-0.078,-0.001,1525,1528,1479,1552,10.00,10.06,49.74,49.69
1787303439.083,17.244,True,1,-0.049,0.123,-0.124,1.109,10.916,10.915,0.348,0.918,-0.421,0.918,-0.429,0.033,0.000,-0.003,-0.57,0.78,13.87,-0.14,0.03,0.046,-0.078,-0.001,1525,1528,1479,1553,10.00,10.06,59.74,59.69
1787303439.093,17.254,True,1,-0.049,0.126,-0.124,1.123,10.930,10.928,0.349,0.918,-0.421,0.918,-0.429,0.033,0.000,-0.003,-0.57,0.78,13.87,-0.14,0.03,0.046,-0.078,-0.001,1525,1528,1479,1553,10.00,10.06,69.74,69.69
1787303439.104,17.265,True,1,-0.049,0.129,-0.123,1.133,10.939,10.938,0.349,0.918,-0.419,0.918,-0.429,0.035,0.001,-0.002,-0.57,0.78,13.87,-0.14,0.04,0.045,-0.077,-0.002,1524,1528,1479,1554,10.00,10.06,-0.56,-0.60
1787303439.113,17.274,True,1,-0.049,0.132,-0.123,1.146,10.953,10.952,0.350,0.918,-0.419,0.918,-0.428,0.035,0.001,-0.002,-0.57,0.78,13.87,-0.15,0.04,0.045,-0.077,-0.002,1524,1528,1479,1554,10.00,10.06,9.45,9.40
1787303439.123,17.284,True,1,-0.049,0.135,-0.123,1.160,10.967,10.966,0.350,0.918,-0.419,0.918,-0.428,0.035,0.001,-0.002,-0.57,0.78,13.87,-0.15,0.04,0.044,-0.077,-0.002,1524,1528,1479,1555,9.99,10.06,19.44,19.39
1787303439.133,17.294,True,1,-0.049,0.138,-0.123,1.174,10.981,10.980,0.350,0.918,-0.419,0.918,-0.428,0.035,0.001,-0.002,-0.57,0.78,13.87,-0.15,0.04,0.044,-0.077,-0.002,1524,1528,1479,1555,10.00,10.06,29.44,29.39
1787303439.143,17.304,True,1,-0.049,0.141,-0.123,1.188,10.995,10.993,0.351,0.918,-0.419,0.918,-0.427,0.035,0.001,-0.002,-0.57,0.78,13.87,-0.15,0.04,0.044,-0.077,-0.002,1524,1528,1479,1555,10.00,10.06,39.45,39.40
1787303439.153,17.314,True,1,-0.049,0.144,-0.123,1.202,11.009,11.007,0.351,0.918,-0.419,0.918,-0.427,0.035,0.001,-0.002,-0.57,0.78,13.87,-0.15,0.04,0.044,-0.077,-0.002,1524,1528,1479,1556,10.00,10.06,49.45,49.40
1787303439.163,17.324,True,1,-0.049,0.147,-0.123,1.216,11.023,11.021,0.352,0.918,-0.419,0.918,-0.427,0.035,0.001,-0.002,-0.57,0.78,13.87,-0.15,0.04,0.044,-0.077,-0.002,1524,1528,1479,1556,10.00,10.06,59.44,59.40
1787303439.173,17.334,True,1,-0.049,0.150,-0.123,1.230,11.037,11.035,0.352,0.918,-0.419,0.918,-0.427,0.035,0.001,-0.002,-0.57,0.78,13.87,-0.16,0.04,0.043,-0.077,-0.002,1524,1528,1479,1557,10.00,10.06,69.44,69.39
1787303439.183,17.344,True,1,-0.049,0.153,-0.123,1.244,11.051,11.049,0.353,0.918,-0.419,0.918,-0.426,0.035,0.001,-0.002,-0.57,0.78,13.87,-0.16,0.04,0.043,-0.077,-0.002,1524,1528,1479,1557,10.00,10.06,79.44,79.40
1787303439.194,17.355,True,1,-0.049,0.156,-0.120,1.250,11.056,11.055,0.353,0.918,-0.417,0.918,-0.426,0.037,0.002,-0.002,-0.57,0.78,13.87,-0.16,0.05,0.043,-0.076,-0.002,1524,1528,1479,1558,10.00,10.06,-0.56,-0.61
1787303439.203,17.364,True,1,-0.049,0.159,-0.120,1.264,11.071,11.069,0.353,0.918,-0.417,0.918,-0.426,0.037,0.002,-0.002,-0.57,0.78,13.87,-0.16,0.05,0.043,-0.076,-0.002,1524,1528,1479,1558,10.01,10.07,9.44,9.39
1787303439.213,17.374,True,1,-0.049,0.162,-0.120,1.278,11.085,11.083,0.354,0.918,-0.417,0.918,-0.425,0.037,0.002,-0.002,-0.57,0.78,13.87,-0.16,0.05,0.043,-0.076,-0.002,1524,1528,1479,1558,9.99,10.06,19.44,19.39
1787303439.223,17.384,True,1,-0.049,0.165,-0.120,1.292,11.099,11.098,0.354,0.918,-0.417,0.918,-0.425,0.037,0.002,-0.002,-0.57,0.78,13.87,-0.16,0.05,0.043,-0.076,-0.002,1524,1528,1479,1559,10.00,10.06,29.44,29.39
1787303439.233,17.395,True,1,-0.051,0.168,-0.118,1.309,11.116,11.115,0.355,0.918,-0.417,0.918,-0.425,0.037,0.002,-0.002,-0.57,0.79,13.87,-0.16,0.06,0.043,-0.077,-0.002,1524,1528,1479,1560,10.00,10.06,-0.26,-0.31
1787303439.243,17.404,True,1,-0.051,0.171,-0.118,1.324,11.130,11.129,0.355,0.918,-0.417,0.918,-0.425,0.037,0.002,-0.002,-0.57,0.79,13.87,-0.16,0.06,0.043,-0.077,-0.002,1524,1528,1479,1560,10.00,10.06,9.74,9.69
1787303439.253,17.414,True,1,-0.051,0.174,-0.118,1.338,11.145,11.143,0.356,0.918,-0.417,0.918,-0.424,0.037,0.002,-0.002,-0.57,0.79,13.87,-0.17,0.06,0.043,-0.077,-0.002,1524,1528,1479,1560,10.00,10.06,19.74,19.69
1787303439.263,17.424,True,1,-0.051,0.177,-0.118,1.352,11.159,11.158,0.356,0.918,-0.417,0.918,-0.424,0.037,0.002,-0.002,-0.57,0.79,13.87,-0.17,0.06,0.042,-0.077,-0.002,1524,1528,1479,1561,10.00,10.06,29.74,29.69
1787303439.273,17.435,True,1,-0.050,0.180,-0.117,1.361,11.168,11.167,0.356,0.918,-0.416,0.918,-0.424,0.038,0.002,-0.002,-0.57,0.79,13.87,-0.17,0.06,0.042,-0.076,-0.002,1524,1528,1479,1561,10.00,10.06,-0.25,-0.30
1787303439.283,17.444,True,1,-0.050,0.183,-0.117,1.375,11.182,11.181,0.357,0.918,-0.416,0.918,-0.424,0.038,0.002,-0.002,-0.57,0.79,13.87,-0.17,0.06,0.042,-0.076,-0.002,1524,1528,1479,1562,10.00,10.06,9.75,9.70
1787303439.293,17.454,True,1,-0.050,0.186,-0.117,1.390,11.196,11.195,0.357,0.918,-0.416,0.918,-0.423,0.038,0.002,-0.002,-0.57,0.79,13.87,-0.17,0.06,0.042,-0.076,-0.002,1524,1528,1479,1562,10.00,10.06,19.75,19.70
1787303439.303,17.464,True,1,-0.050,0.189,-0.117,1.404,11.211,11.210,0.358,0.918,-0.416,0.918,-0.423,0.038,0.002,-0.002,-0.57,0.79,13.87,-0.17,0.06,0.042,-0.076,-0.002,1524,1528,1479,1563,10.00,10.06,29.75,29.70
1787303439.313,17.474,True,1,-0.050,0.192,-0.117,1.419,11.225,11.224,0.358,0.918,-0.416,0.918,-0.423,0.038,0.002,-0.002,-0.57,0.79,13.87,-0.18,0.06,0.041,-0.076,-0.002,1524,1528,1479,1563,10.00,10.06,39.75,39.70
1787303439.323,17.484,True,1,-0.050,0.195,-0.117,1.433,11.240,11.239,0.359,0.918,-0.416,0.918,-0.423,0.038,0.002,-0.002,-0.57,0.79,13.87,-0.18,0.06,0.041,-0.076,-0.002,1524,1528,1479,1564,10.00,10.06,49.75,49.70
1787303439.333,17.494,True,1,-0.050,0.198,-0.117,1.448,11.254,11.253,0.359,0.918,-0.416,0.918,-0.422,0.038,0.002,-0.002,-0.57,0.79,13.87,-0.18,0.06,0.041,-0.076,-0.002,1524,1528,1479,1564,10.00,10.06,59.75,59.70
1787303439.343,17.504,True,1,-0.050,0.201,-0.117,1.462,11.269,11.268,0.360,0.918,-0.416,0.918,-0.422,0.038,0.002,-0.002,-0.57,0.79,13.87,-0.18,0.06,0.041,-0.076,-0.002,1524,1528,1479,1565,10.00,10.06,69.75,69.70
1787303439.353,17.514,True,1,-0.050,0.204,-0.117,1.477,11.283,11.282,0.360,0.918,-0.416,0.918,-0.422,0.038,0.002,-0.002,-0.57,0.79,13.87,-0.18,0.06,0.041,-0.076,-0.002,1524,1528,1479,1565,10.00,10.06,79.75,79.70
1787303439.364,17.525,True,1,-0.050,0.207,-0.114,1.481,11.288,11.287,0.360,0.918,-0.414,0.918,-0.422,0.040,0.002,-0.002,-0.57,0.79,13.87,-0.19,0.06,0.041,-0.076,-0.002,1524,1528,1479,1565,10.00,10.06,-0.55,-0.60
1787303439.373,17.534,True,1,-0.050,0.210,-0.114,1.496,11.302,11.301,0.361,0.918,-0.414,0.918,-0.421,0.040,0.002,-0.002,-0.57,0.79,13.87,-0.19,0.06,0.040,-0.076,-0.002,1524,1528,1479,1566,10.00,10.06,9.45,9.40
1787303439.383,17.544,True,1,-0.050,0.213,-0.114,1.510,11.317,11.316,0.361,0.918,-0.414,0.918,-0.421,0.040,0.002,-0.002,-0.57,0.79,13.87,-0.19,0.06,0.040,-0.076,-0.002,1524,1528,1479,1566,10.00,10.06,19.45,19.40
1787303439.393,17.554,True,1,-0.050,0.216,-0.114,1.525,11.332,11.331,0.362,0.918,-0.414,0.918,-0.421,0.040,0.002,-0.002,-0.57,0.79,13.87,-0.19,0.06,0.040,-0.076,-0.002,1524,1528,1479,1567,10.00,10.06,29.45,29.40
1787303439.403,17.565,True,1,-0.050,0.219,-0.112,1.535,11.341,11.340,0.362,0.918,-0.413,0.918,-0.421,0.041,0.003,-0.002,-0.57,0.79,13.87,-0.19,0.07,0.040,-0.076,-0.002,1524,1528,1479,1567,10.00,10.06,-0.26,-0.31
1787303439.413,17.574,True,1,-0.050,0.222,-0.112,1.549,11.356,11.355,0.362,0.918,-0.413,0.918,-0.420,0.041,0.003,-0.002,-0.57,0.79,13.87,-0.19,0.07,0.040,-0.076,-0.002,1524,1528,1479,1568,10.00,10.07,9.74,9.69
1787303439.423,17.584,True,1,-0.050,0.225,-0.112,1.564,11.371,11.370,0.363,0.918,-0.413,0.918,-0.420,0.041,0.003,-0.002,-0.57,0.79,13.87,-0.20,0.07,0.040,-0.076,-0.002,1524,1528,1479,1568,10.00,10.07,19.74,19.69
1787303439.433,17.594,True,1,-0.050,0.228,-0.112,1.579,11.386,11.384,0.363,0.918,-0.413,0.918,-0.420,0.041,0.003,-0.002,-0.57,0.79,13.87,-0.20,0.07,0.039,-0.075,-0.002,1524,1528,1479,1568,9.99,10.06,29.74,29.69
1787303439.443,17.605,True,1,-0.051,0.231,-0.111,1.591,11.398,11.397,0.364,0.918,-0.412,0.918,-0.420,0.042,0.003,-0.001,-0.57,0.80,13.87,-0.20,0.08,0.039,-0.075,-0.002,1524,1528,1479,1569,10.00,10.06,-0.26,-0.31
1787303439.453,17.614,True,1,-0.051,0.234,-0.111,1.606,11.413,11.412,0.364,0.918,-0.412,0.918,-0.419,0.042,0.003,-0.001,-0.57,0.80,13.87,-0.20,0.08,0.039,-0.075,-0.002,1524,1528,1479,1569,10.00,10.06,9.74,9.69
1787303439.463,17.624,True,1,-0.051,0.237,-0.111,1.621,11.428,11.427,0.365,0.918,-0.412,0.918,-0.419,0.042,0.003,-0.001,-0.57,0.80,13.87,-0.20,0.08,0.039,-0.075,-0.002,1524,1528,1479,1570,10.00,10.06,19.74,19.69
1787303439.473,17.634,True,1,-0.051,0.240,-0.111,1.636,11.443,11.442,0.365,0.918,-0.412,0.918,-0.419,0.042,0.003,-0.001,-0.57,0.80,13.87,-0.20,0.08,0.039,-0.075,-0.002,1524,1528,1479,1570,10.00,10.06,29.74,29.69
1787303439.483,17.644,True,1,-0.051,0.243,-0.111,1.651,11.458,11.457,0.366,0.918,-0.412,0.918,-0.419,0.042,0.003,-0.001,-0.57,0.80,13.87,-0.21,0.08,0.039,-0.075,-0.002,1524,1528,1479,1571,10.00,10.06,39.74,39.69
1787303439.493,17.654,True,1,-0.051,0.246,-0.111,1.666,11.473,11.472,0.366,0.918,-0.412,0.918,-0.418,0.042,0.003,-0.001,-0.57,0.80,13.87,-0.21,0.08,0.039,-0.075,-0.002,1524,1528,1479,1571,10.00,10.06,49.74,49.69
1787303439.503,17.664,True,1,-0.051,0.249,-0.111,1.681,11.488,11.487,0.367,0.918,-0.412,0.918,-0.418,0.042,0.003,-0.001,-0.57,0.80,13.87,-0.21,0.08,0.038,-0.075,-0.002,1524,1528,1479,1572,10.00,10.06,59.74,59.69
1787303439.513,17.674,True,1,-0.051,0.252,-0.111,1.696,11.503,11.502,0.367,0.918,-0.412,0.918,-0.418,0.042,0.003,-0.001,-0.57,0.80,13.87,-0.21,0.08,0.038,-0.075,-0.002,1524,1528,1479,1572,10.00,10.06,69.74,69.69
1787303439.524,17.685,True,1,-0.051,0.255,-0.109,1.708,11.515,11.514,0.367,0.918,-0.410,0.918,-0.418,0.044,0.003,-0.001,-0.57,0.79,13.87,-0.21,0.08,0.038,-0.074,-0.002,1524,1528,1479,1573,10.01,10.07,-0.55,-0.60
1787303439.533,17.694,True,1,-0.051,0.258,-0.109,1.723,11.530,11.529,0.368,0.918,-0.410,0.918,-0.418,0.044,0.003,-0.001,-0.57,0.79,13.87,-0.22,0.08,0.037,-0.074,-0.002,1524,1528,1479,1573,9.99,10.06,9.44,9.40
1787303439.543,17.704,True,1,-0.051,0.261,-0.109,1.738,11.545,11.544,0.368,0.918,-0.410,0.918,-0.417,0.044,0.003,-0.001,-0.57,0.79,13.87,-0.22,0.08,0.037,-0.074,-0.002,1524,1528,1479,1574,10.00,10.06,19.44,19.39
1787303439.553,17.714,True,1,-0.050,0.264,-0.108,1.746,11.552,11.551,0.369,0.918,-0.409,0.918,-0.417,0.045,0.003,-0.001,-0.57,0.79,13.87,-0.22,0.08,0.037,-0.074,-0.002,1524,1528,1479,1574,10.00,10.06,-0.18,-0.23
1787303439.563,17.724,True,1,-0.050,0.267,-0.107,1.759,11.565,11.564,0.369,0.918,-0.409,0.918,-0.417,0.045,0.003,-0.001,-0.57,0.79,13.87,-0.22,0.08,0.037,-0.074,-0.002,1524,1528,1479,1574,10.00,10.06,-0.05,-0.10
1787303439.573,17.734,True,1,-0.050,0.270,-0.107,1.774,11.581,11.579,0.370,0.918,-0.409,0.918,-0.416,0.045,0.003,-0.001,-0.57,0.79,13.87,-0.22,0.08,0.036,-0.074,-0.002,1524,1528,1479,1575,10.00,10.06,9.95,9.90
1787303439.583,17.744,True,1,-0.050,0.273,-0.107,1.789,11.596,11.595,0.370,0.918,-0.409,0.918,-0.416,0.045,0.003,-0.001,-0.57,0.79,13.87,-0.22,0.09,0.036,-0.074,-0.002,1524,1528,1479,1575,10.00,10.06,19.95,19.90
1787303439.593,17.754,True,1,-0.050,0.276,-0.107,1.804,11.611,11.610,0.371,0.918,-0.409,0.918,-0.416,0.045,0.003,-0.001,-0.57,0.79,13.87,-0.23,0.09,0.036,-0.074,-0.002,1524,1528,1479,1576,10.00,10.06,29.95,29.90
1787303439.603,17.764,True,1,-0.050,0.279,-0.106,1.816,11.622,11.621,0.371,0.918,-0.408,0.918,-0.416,0.045,0.003,-0.001,-0.57,0.79,13.87,-0.23,0.09,0.036,-0.074,-0.002,1524,1528,1479,1576,10.00,10.06,-0.25,-0.20
1787303439.613,17.774,True,1,-0.050,0.282,-0.106,1.831,11.638,11.637,0.371,0.918,-0.408,0.918,-0.415,0.045,0.003,-0.001,-0.57,0.79,13.87,-0.23,0.09,0.036,-0.074,-0.002,1524,1528,1479,1577,10.00,10.06,9.76,9.80
1787303439.623,17.784,True,1,-0.050,0.285,-0.106,1.846,11.653,11.652,0.372,0.918,-0.408,0.918,-0.415,0.045,0.003,-0.001,-0.57,0.79,13.87,-0.23,0.09,0.036,-0.074,-0.002,1523,1528,1479,1577,10.00,10.07,19.76,19.80
1787303439.633,17.794,True,1,-0.051,0.288,-0.106,1.863,11.669,11.668,0.372,0.918,-0.408,0.918,-0.415,0.046,0.003,-0.001,-0.57,0.80,13.87,-0.23,0.09,0.036,-0.074,-0.002,1523,1528,1479,1578,10.00,10.06,-0.23,-0.18
1787303439.643,17.804,True,1,-0.051,0.291,-0.106,1.878,11.685,11.684,0.373,0.918,-0.408,0.918,-0.415,0.046,0.003,-0.001,-0.57,0.80,13.87,-0.23,0.09,0.036,-0.074,-0.002,1523,1528,1479,1578,10.00,10.06,9.77,9.82
1787303439.653,17.814,True,1,-0.051,0.294,-0.106,1.894,11.700,11.699,0.373,0.918,-0.408,0.918,-0.415,0.046,0.003,-0.001,-0.57,0.80,13.87,-0.23,0.09,0.036,-0.074,-0.002,1523,1528,1479,1579,10.00,10.06,19.78,19.82
1787303439.663,17.824,True,1,-0.051,0.297,-0.106,1.909,11.716,11.715,0.374,0.918,-0.408,0.918,-0.414,0.046,0.003,-0.001,-0.57,0.80,13.87,-0.24,0.09,0.035,-0.074,-0.002,1523,1528,1479,1579,10.00,10.06,29.77,29.82
1787303439.673,17.835,True,1,-0.049,0.300,-0.104,1.913,11.720,11.718,0.374,0.918,-0.407,0.918,-0.414,0.047,0.003,-0.001,-0.57,0.80,13.87,-0.24,0.09,0.035,-0.074,-0.002,1523,1528,1479,1579,10.00,10.06,-0.30,-0.35
1787303439.683,17.844,True,1,-0.049,0.303,-0.104,1.928,11.735,11.734,0.375,0.918,-0.407,0.918,-0.414,0.047,0.003,-0.001,-0.57,0.80,13.87,-0.24,0.09,0.035,-0.074,-0.002,1523,1528,1479,1580,10.00,10.06,9.70,9.66
1787303439.693,17.854,True,1,-0.049,0.306,-0.104,1.944,11.751,11.750,0.375,0.918,-0.407,0.918,-0.414,0.047,0.003,-0.001,-0.57,0.80,13.87,-0.24,0.09,0.035,-0.074,-0.002,1523,1528,1479,1580,10.00,10.06,19.70,19.65
1787303439.703,17.864,True,1,-0.049,0.309,-0.104,1.959,11.766,11.765,0.376,0.918,-0.407,0.918,-0.413,0.047,0.003,-0.001,-0.57,0.80,13.87,-0.24,0.09,0.035,-0.074,-0.002,1523,1528,1479,1581,10.00,10.06,29.70,29.66
1787303439.713,17.874,True,1,-0.049,0.312,-0.104,1.975,11.782,11.781,0.376,0.918,-0.407,0.918,-0.413,0.047,0.003,-0.001,-0.57,0.80,13.87,-0.24,0.09,0.034,-0.074,-0.002,1523,1528,1479,1581,10.00,10.06,39.70,39.65
1787303439.723,17.884,True,1,-0.049,0.315,-0.104,1.991,11.797,11.796,0.377,0.918,-0.407,0.918,-0.413,0.047,0.003,-0.001,-0.57,0.80,13.87,-0.24,0.09,0.034,-0.074,-0.002,1523,1528,1479,1582,10.00,10.06,49.70,49.66
1787303439.733,17.895,True,1,-0.050,0.318,-0.103,2.004,11.811,11.810,0.377,0.918,-0.406,0.918,-0.413,0.048,0.004,-0.001,-0.57,0.80,13.87,-0.24,0.09,0.035,-0.074,-0.002,1523,1528,1479,1582,10.00,10.06,-0.36,-0.41
1787303439.743,17.904,True,1,-0.050,0.321,-0.103,2.020,11.827,11.826,0.377,0.918,-0.406,0.918,-0.412,0.048,0.004,-0.001,-0.57,0.80,13.87,-0.25,0.09,0.034,-0.074,-0.002,1523,1528,1479,1583,10.00,10.06,9.64,9.59
1787303439.753,17.914,True,1,-0.050,0.324,-0.102,2.034,11.841,11.840,0.378,0.918,-0.405,0.918,-0.412,0.049,0.004,-0.001,-0.57,0.81,13.87,-0.25,0.09,0.034,-0.074,-0.002,1523,1528,1479,1583,10.00,10.06,-0.07,-0.12
1787303439.763,17.924,True,1,-0.050,0.327,-0.102,2.050,11.857,11.855,0.378,0.918,-0.405,0.918,-0.412,0.049,0.004,-0.001,-0.57,0.81,13.87,-0.25,0.09,0.034,-0.074,-0.002,1523,1528,1479,1584,10.00,10.06,9.93,9.88
1787303439.773,17.934,True,1,-0.050,0.330,-0.102,2.066,11.872,11.871,0.379,0.918,-0.405,0.918,-0.412,0.049,0.004,-0.001,-0.57,0.81,13.87,-0.25,0.09,0.034,-0.074,-0.002,1523,1528,1479,1584,10.00,10.06,19.94,19.88
1787303439.783,17.944,True,1,-0.050,0.333,-0.102,2.081,11.888,11.887,0.379,0.918,-0.405,0.918,-0.411,0.049,0.004,-0.001,-0.57,0.81,13.87,-0.25,0.09,0.034,-0.074,-0.002,1523,1528,1479,1585,10.00,10.06,29.93,29.88
1787303439.793,17.954,True,1,-0.050,0.336,-0.102,2.097,11.904,11.903,0.380,0.918,-0.405,0.918,-0.411,0.049,0.004,-0.001,-0.57,0.81,13.87,-0.25,0.10,0.034,-0.074,-0.002,1523,1528,1479,1585,10.00,10.06,39.93,39.88
1787303439.803,17.964,True,1,-0.050,0.339,-0.102,2.113,11.920,11.919,0.380,0.918,-0.405,0.918,-0.411,0.049,0.004,-0.001,-0.57,0.81,13.87,-0.25,0.10,0.034,-0.074,-0.002,1523,1528,1479,1586,10.00,10.06,49.93,49.88
1787303439.813,17.974,True,1,-0.050,0.342,-0.102,2.129,11.936,11.935,0.381,0.918,-0.405,0.918,-0.411,0.049,0.004,-0.001,-0.57,0.81,13.87,-0.25,0.10,0.034,-0.074,-0.002,1523,1528,1479,1586,10.00,10.06,59.93,59.88
1787303439.823,17.984,True,1,-0.050,0.345,-0.102,2.145,11.952,11.951,0.381,0.918,-0.405,0.918,-0.411,0.049,0.004,-0.001,-0.57,0.81,13.87,-0.26,0.10,0.033,-0.074,-0.002,1523,1528,1479,1587,10.00,10.06,69.93,69.88
1787303439.834,17.995,True,1,-0.049,0.348,-0.101,2.153,11.960,11.959,0.382,0.917,-0.403,0.918,-0.410,0.051,0.003,-0.001,-0.58,0.81,13.87,-0.26,0.09,0.033,-0.075,-0.002,1523,1528,1479,1587,10.00,10.06,-0.55,-0.60
1787303439.843,18.004,True,1,-0.049,0.351,-0.101,2.169,11.976,11.975,0.382,0.917,-0.403,0.918,-0.410,0.051,0.003,-0.001,-0.58,0.81,13.87,-0.26,0.09,0.033,-0.075,-0.002,1523,1528,1479,1588,10.00,10.06,-0.07,9.40
1787303439.853,18.014,True,1,-0.049,0.354,-0.101,2.185,11.992,11.991,0.383,0.917,-0.403,0.918,-0.410,0.051,0.003,-0.001,-0.58,0.81,13.87,-0.27,0.09,0.033,-0.075,-0.002,1523,1528,1479,1588,10.00,10.06,9.93,19.40
1787303439.863,18.024,True,1,-0.049,0.357,-0.101,2.201,12.008,12.007,0.383,0.917,-0.403,0.918,-0.410,0.051,0.003,-0.001,-0.58,0.81,13.87,-0.27,0.09,0.032,-0.075,-0.002,1523,1528,1479,1589,10.00,10.06,19.93,29.40
1787303439.873,18.034,True,1,-0.049,0.360,-0.101,2.217,12.024,12.023,0.384,0.917,-0.403,0.918,-0.410,0.051,0.003,-0.001,-0.58,0.81,13.87,-0.27,0.09,0.032,-0.075,-0.002,1523,1528,1479,1589,10.00,10.06,29.93,39.40
1787303439.883,18.044,True,1,-0.049,0.363,-0.101,2.233,12.040,12.039,0.384,0.917,-0.403,0.918,-0.409,0.051,0.003,-0.001,-0.58,0.81,13.87,-0.27,0.09,0.032,-0.075,-0.002,1523,1528,1479,1590,10.00,10.06,39.94,49.41
1787303439.893,18.054,True,1,-0.049,0.366,-0.101,2.249,12.056,12.055,0.385,0.917,-0.403,0.918,-0.409,0.051,0.003,-0.001,-0.58,0.81,13.87,-0.27,0.09,0.032,-0.075,-0.002,1523,1528,1479,1590,10.00,10.06,49.93,59.40
1787303439.903,18.064,True,1,-0.049,0.369,-0.101,2.266,12.072,12.071,0.385,0.917,-0.403,0.918,-0.409,0.051,0.003,-0.001,-0.58,0.81,13.87,-0.27,0.10,0.032,-0.075,-0.002,1523,1528,1479,1591,10.00,10.06,59.93,69.40
1787303439.913,18.075,True,1,-0.049,0.372,-0.100,2.279,12.086,12.085,0.386,0.917,-0.401,0.918,-0.409,0.053,0.003,-0.000,-0.58,0.81,13.87,-0.28,0.10,0.031,-0.075,-0.002,1523,1528,1479,1591,10.00,10.06,-0.49,-0.45
1787303439.923,18.084,True,1,-0.049,0.375,-0.100,2.295,12.102,12.101,0.386,0.917,-0.401,0.918,-0.408,0.053,0.003,-0.000,-0.58,0.81,13.87,-0.28,0.10,0.031,-0.075,-0.002,1523,1528,1479,1592,10.00,10.06,9.51,9.56
1787303439.933,18.094,True,1,-0.049,0.378,-0.100,2.312,12.118,12.117,0.387,0.917,-0.401,0.918,-0.408,0.053,0.003,-0.000,-0.58,0.81,13.87,-0.28,0.10,0.031,-0.075,-0.002,1523,1528,1479,1592,10.00,10.06,19.51,19.56
1787303439.943,18.104,True,1,-0.049,0.381,-0.100,2.328,12.135,12.134,0.387,0.917,-0.401,0.918,-0.408,0.053,0.003,-0.000,-0.58,0.81,13.87,-0.28,0.10,0.031,-0.075,-0.002,1523,1528,1479,1593,10.00,10.06,29.51,29.56
1787303439.953,18.114,True,1,-0.049,0.384,-0.100,2.344,12.151,12.150,0.388,0.917,-0.401,0.918,-0.408,0.053,0.003,-0.000,-0.58,0.81,13.87,-0.28,0.10,0.031,-0.075,-0.002,1523,1528,1479,1593,10.00,10.06,39.51,39.55
1787303439.963,18.124,True,1,-0.049,0.387,-0.100,2.361,12.167,12.166,0.388,0.917,-0.401,0.918,-0.408,0.053,0.003,-0.000,-0.58,0.81,13.87,-0.28,0.10,0.031,-0.075,-0.002,1523,1528,1479,1594,10.00,10.06,49.51,49.55
1787303439.973,18.134,True,1,-0.049,0.390,-0.100,2.377,12.184,12.183,0.389,0.917,-0.401,0.918,-0.407,0.053,0.003,-0.000,-0.58,0.81,13.87,-0.28,0.10,0.031,-0.074,-0.002,1523,1528,1479,1594,10.00,10.06,59.51,59.56
1787303439.983,18.144,True,1,-0.049,0.393,-0.100,2.393,12.200,12.199,0.389,0.917,-0.401,0.918,-0.407,0.053,0.003,-0.000,-0.58,0.81,13.87,-0.29,0.10,0.030,-0.074,-0.002,1523,1528,1479,1595,10.00,10.06,69.51,69.55
1787303439.994,18.155,True,1,-0.048,0.396,-0.098,2.400,12.207,12.206,0.390,0.918,-0.399,0.918,-0.407,0.055,0.004,0.000,-0.57,0.81,13.87,-0.29,0.11,0.030,-0.073,-0.002,1523,1528,1479,1595,10.00,10.06,-0.62,-0.57
1787303440.003,18.164,True,1,-0.048,0.399,-0.098,2.417,12.224,12.223,0.390,0.918,-0.399,0.918,-0.407,0.055,0.004,0.000,-0.57,0.81,13.87,-0.29,0.11,0.030,-0.073,-0.002,1523,1528,1479,1595,10.00,10.07,9.38,9.43
1787303440.013,18.174,True,1,-0.048,0.402,-0.098,2.433,12.240,12.239,0.391,0.918,-0.399,0.918,-0.406,0.055,0.004,0.000,-0.57,0.81,13.87,-0.29,0.11,0.030,-0.073,-0.002,1523,1528,1479,1596,9.99,10.06,19.38,19.42
1787303440.023,18.184,True,1,-0.048,0.405,-0.098,2.450,12.257,12.256,0.391,0.918,-0.399,0.918,-0.406,0.055,0.004,0.000,-0.57,0.81,13.87,-0.29,0.11,0.030,-0.073,-0.002,1523,1528,1479,1596,10.00,10.06,29.38,29.42
1787303440.033,18.194,True,1,-0.048,0.408,-0.098,2.466,12.273,12.272,0.392,0.918,-0.399,0.918,-0.406,0.055,0.004,0.000,-0.57,0.81,13.87,-0.29,0.11,0.030,-0.073,-0.002,1523,1528,1479,1597,10.00,10.06,39.38,39.43
1787303440.043,18.204,True,1,-0.048,0.411,-0.098,2.483,12.290,12.289,0.392,0.918,-0.399,0.918,-0.406,0.055,0.004,0.000,-0.57,0.81,13.87,-0.29,0.11,0.029,-0.073,-0.002,1523,1528,1479,1598,10.00,10.06,49.38,49.43
1787303440.053,18.214,True,1,-0.048,0.414,-0.098,2.500,12.307,12.305,0.393,0.918,-0.399,0.918,-0.405,0.055,0.004,0.000,-0.57,0.81,13.87,-0.30,0.11,0.029,-0.073,-0.002,1523,1528,1479,1598,10.00,10.06,59.38,59.43
1787303440.063,18.225,True,1,-0.049,0.417,-0.096,2.513,12.320,12.319,0.393,0.918,-0.397,0.918,-0.405,0.057,0.004,0.001,-0.57,0.81,13.88,-0.30,0.11,0.029,-0.073,-0.002,1523,1528,1479,1598,10.00,10.06,-0.42,-0.47
1787303440.073,18.234,True,1,-0.048,0.420,-0.095,2.529,12.335,12.334,0.394,0.918,-0.397,0.918,-0.405,0.057,0.004,0.001,-0.57,0.81,13.88,-0.30,0.11,0.028,-0.073,-0.002,1523,1528,1479,1599,10.00,10.06,-0.05,-0.11
1787303440.083,18.244,True,1,-0.048,0.423,-0.095,2.545,12.352,12.351,0.394,0.918,-0.397,0.918,-0.405,0.057,0.004,0.001,-0.57,0.81,13.88,-0.30,0.11,0.028,-0.073,-0.002,1523,1528,1479,1599,10.00,10.06,9.95,9.89
1787303440.093,18.254,True,1,-0.048,0.426,-0.095,2.562,12.369,12.368,0.395,0.918,-0.397,0.918,-0.404,0.057,0.004,0.001,-0.57,0.81,13.88,-0.31,0.11,0.028,-0.073,-0.002,1523,1528,1479,1600,10.00,10.06,19.94,19.89
1787303440.103,18.264,True,1,-0.048,0.429,-0.095,2.579,12.386,12.385,0.395,0.918,-0.397,0.918,-0.404,0.057,0.004,0.001,-0.57,0.81,13.88,-0.31,0.11,0.028,-0.073,-0.002,1523,1528,1479,1601,10.00,10.06,29.94,29.89
1787303440.113,18.274,True,1,-0.048,0.432,-0.095,2.596,12.402,12.401,0.396,0.918,-0.397,0.918,-0.404,0.057,0.004,0.001,-0.57,0.81,13.88,-0.31,0.11,0.028,-0.073,-0.002,1523,1528,1479,1601,10.00,10.06,39.94,39.89
1787303440.123,18.284,True,1,-0.048,0.435,-0.095,2.612,12.419,12.418,0.396,0.918,-0.397,0.918,-0.404,0.057,0.004,0.001,-0.57,0.81,13.88,-0.31,0.11,0.028,-0.073,-0.002,1523,1528,1479,1602,10.00,10.06,49.95,49.89
1787303440.133,18.294,True,1,-0.048,0.438,-0.095,2.629,12.436,12.435,0.397,0.918,-0.397,0.918,-0.403,0.057,0.004,0.001,-0.57,0.81,13.88,-0.31,0.11,0.027,-0.073,-0.002,1523,1528,1479,1602,10.00,10.06,59.95,59.89
1787303440.143,18.305,True,1,-0.049,0.441,-0.093,2.643,12.450,12.448,0.397,0.918,-0.395,0.918,-0.403,0.059,0.004,0.001,-0.57,0.81,13.88,-0.31,0.11,0.027,-0.073,-0.002,1522,1528,1479,1603,10.00,10.06,-0.46,-0.51
1787303440.153,18.314,True,1,-0.049,0.444,-0.093,2.660,12.466,12.465,0.398,0.918,-0.395,0.918,-0.403,0.059,0.004,0.001,-0.57,0.81,13.88,-0.32,0.11,0.027,-0.073,-0.002,1522,1528,1479,1603,10.00,10.06,9.54,9.49
1787303440.163,18.324,True,1,-0.049,0.447,-0.093,2.677,12.483,12.482,0.398,0.918,-0.395,0.918,-0.403,0.059,0.004,0.001,-0.57,0.81,13.88,-0.32,0.11,0.027,-0.073,-0.002,1522,1528,1479,1604,10.00,10.06,19.54,19.49
1787303440.173,18.334,True,1,-0.049,0.450,-0.093,2.694,12.500,12.499,0.399,0.918,-0.395,0.918,-0.402,0.059,0.004,0.001,-0.57,0.81,13.88,-0.32,0.11,0.026,-0.073,-0.002,1522,1528,1479,1604,10.00,10.06,29.54,29.49
1787303440.183,18.344,True,1,-0.049,0.453,-0.093,2.711,12.517,12.516,0.399,0.918,-0.395,0.918,-0.402,0.059,0.004,0.001,-0.57,0.81,13.88,-0.32,0.11,0.026,-0.073,-0.002,1522,1528,1479,1605,10.00,10.06,39.53,39.49
1787303440.193,18.354,True,1,-0.049,0.456,-0.093,2.728,12.535,12.533,0.400,0.918,-0.395,0.918,-0.402,0.059,0.004,0.001,-0.57,0.81,13.88,-0.32,0.11,0.026,-0.073,-0.002,1522,1528,1479,1605,10.00,10.06,49.54,49.49
1787303440.203,18.364,True,1,-0.049,0.459,-0.093,2.745,12.552,12.551,0.401,0.918,-0.395,0.918,-0.402,0.059,0.004,0.001,-0.57,0.81,13.88,-0.32,0.11,0.026,-0.073,-0.002,1522,1528,1479,1606,10.00,10.06,59.54,59.49
1787303440.213,18.375,True,1,-0.049,0.462,-0.092,2.757,12.564,12.563,0.401,0.918,-0.394,0.918,-0.402,0.059,0.003,0.000,-0.57,0.81,13.87,-0.32,0.11,0.026,-0.074,-0.002,1522,1528,1479,1606,10.00,10.06,-0.46,-0.41
1787303440.223,18.384,True,1,-0.049,0.465,-0.092,2.774,12.581,12.580,0.402,0.918,-0.394,0.918,-0.401,0.059,0.003,0.000,-0.57,0.81,13.87,-0.32,0.11,0.026,-0.074,-0.002,1522,1528,1479,1607,10.00,10.06,9.55,9.59
1787303440.233,18.394,True,1,-0.049,0.468,-0.093,2.797,12.604,12.602,0.402,0.918,-0.394,0.918,-0.401,0.060,-0.004,0.003,-0.57,0.82,13.87,-0.36,0.05,0.022,-0.081,-0.002,1522,1528,1479,1607,9.99,10.06,-0.11,-0.15
1787303440.243,18.404,True,1,-0.049,0.471,-0.093,2.814,12.621,12.620,0.403,0.918,-0.394,0.918,-0.401,0.060,-0.004,0.003,-0.56,0.87,13.90,-0.36,0.05,0.021,-0.086,-0.003,1522,1529,1479,1608,10.00,10.06,-0.06,9.85
1787303440.253,18.414,True,1,-0.049,0.474,-0.093,2.831,12.638,12.637,0.403,0.918,-0.394,0.918,-0.401,0.060,-0.004,0.003,-0.56,0.87,13.90,-0.36,0.05,0.021,-0.086,-0.003,1522,1529,1479,1608,10.00,10.06,9.94,19.85
1787303440.263,18.424,True,1,-0.049,0.477,-0.093,2.849,12.655,12.654,0.404,0.918,-0.394,0.918,-0.400,0.060,-0.004,0.003,-0.56,0.87,13.90,-0.36,0.05,0.021,-0.086,-0.003,1522,1529,1479,1609,10.00,10.06,19.94,29.85
1787303440.273,18.434,True,1,-0.049,0.480,-0.093,2.866,12.673,12.671,0.404,0.918,-0.394,0.918,-0.400,0.060,-0.004,0.003,-0.56,0.87,13.90,-0.36,0.05,0.021,-0.086,-0.003,1522,1529,1479,1609,10.00,10.06,29.94,39.85
1787303440.283,18.444,True,1,-0.049,0.483,-0.093,2.883,12.690,12.689,0.405,0.918,-0.394,0.918,-0.400,0.060,-0.004,0.003,-0.56,0.87,13.90,-0.36,0.05,0.021,-0.086,-0.003,1522,1529,1479,1610,10.00,10.06,39.94,49.85
1787303440.293,18.454,True,1,-0.049,0.486,-0.093,2.901,12.707,12.706,0.406,0.918,-0.394,0.918,-0.400,0.060,-0.004,0.003,-0.56,0.87,13.90,-0.37,0.05,0.021,-0.086,-0.003,1522,1529,1479,1610,10.00,10.06,49.94,59.85
1787303440.303,18.464,True,1,-0.049,0.489,-0.093,2.918,12.725,12.723,0.406,0.918,-0.394,0.918,-0.400,0.060,-0.004,0.003,-0.56,0.87,13.90,-0.37,0.05,0.021,-0.086,-0.003,1522,1529,1479,1611,10.00,10.06,59.94,69.85
1787303440.313,18.475,True,1,-0.048,0.492,-0.086,2.908,12.715,12.714,0.406,0.918,-0.393,0.918,-0.399,0.061,-0.005,0.004,-0.59,0.77,13.78,-0.38,0.05,0.022,-0.076,0.002,1522,1528,1520,1611,10.00,10.06,-0.49,-0.44
1787303440.323,18.484,True,1,-0.048,0.495,-0.086,2.925,12.732,12.731,0.406,0.918,-0.393,0.918,-0.399,0.061,-0.005,0.004,-0.59,0.77,13.78,-0.38,0.05,0.022,-0.076,0.002,1522,1528,1520,1611,10.00,10.06,9.51,9.56
1787303440.333,18.494,True,1,-0.048,0.498,-0.086,2.943,12.750,12.748,0.407,0.918,-0.393,0.918,-0.399,0.061,-0.005,0.004,-0.59,0.77,13.78,-0.38,0.05,0.022,-0.076,0.002,1522,1528,1520,1612,10.00,10.06,19.51,19.56
1787303440.343,18.504,True,1,-0.048,0.501,-0.086,2.960,12.767,12.766,0.407,0.918,-0.393,0.918,-0.399,0.061,-0.005,0.004,-0.59,0.77,13.78,-0.38,0.05,0.022,-0.076,0.002,1522,1528,1520,1612,10.00,10.06,29.51,29.55
1787303440.353,18.514,True,1,-0.048,0.504,-0.086,2.978,12.785,12.783,0.408,0.918,-0.393,0.918,-0.399,0.061,-0.005,0.004,-0.59,0.77,13.78,-0.38,0.05,0.022,-0.076,0.002,1522,1528,1520,1613,10.00,10.06,39.51,39.56
1787303440.363,18.524,True,1,-0.048,0.507,-0.086,2.995,12.802,12.801,0.409,0.918,-0.393,0.918,-0.398,0.061,-0.005,0.004,-0.59,0.77,13.78,-0.38,0.05,0.022,-0.076,0.002,1522,1528,1520,1613,10.00,10.06,49.51,49.56
1787303440.373,18.534,True,1,-0.048,0.510,-0.086,3.013,12.820,12.819,0.409,0.918,-0.393,0.918,-0.398,0.061,-0.005,0.004,-0.59,0.77,13.78,-0.38,0.05,0.022,-0.076,0.002,1522,1528,1520,1614,10.00,10.06,59.51,59.56
1787303440.383,18.544,True,1,-0.048,0.513,-0.086,3.030,12.837,12.836,0.410,0.918,-0.393,0.918,-0.398,0.061,-0.005,0.004,-0.59,0.77,13.78,-0.39,0.05,0.022,-0.076,0.002,1522,1528,1520,1614,10.00,10.06,69.51,69.56
1787303440.394,18.555,True,1,-0.048,0.516,-0.075,3.015,12.822,12.821,0.409,0.917,-0.391,0.918,-0.398,0.063,-0.024,0.029,-0.61,0.82,14.25,-0.62,-0.04,-0.001,-0.090,-0.019,1479,1529,1477,1614,10.00,10.06,-0.61,-0.56
1787303440.403,18.564,True,1,-0.048,0.519,-0.075,3.033,12.840,12.839,0.410,0.917,-0.391,0.918,-0.398,0.063,-0.024,0.029,-0.61,0.82,14.25,-0.62,-0.04,-0.001,-0.090,-0.019,1479,1529,1477,1614,10.01,10.06,9.40,9.45
1787303440.413,18.574,True,1,-0.048,0.522,-0.075,3.050,12.858,12.856,0.410,0.917,-0.391,0.918,-0.397,0.063,-0.024,0.029,-0.61,0.82,14.25,-0.62,-0.04,-0.001,-0.090,-0.019,1479,1529,1477,1615,9.99,10.06,19.39,19.44
1787303440.423,18.584,True,1,-0.048,0.525,-0.075,3.068,12.875,12.874,0.411,0.917,-0.391,0.918,-0.397,0.063,-0.024,0.029,-0.61,0.82,14.25,-0.62,-0.04,-0.001,-0.090,-0.019,1479,1529,1477,1616,10.00,10.06,29.39,29.44
1787303440.433,18.594,True,1,-0.048,0.528,-0.075,3.086,12.893,12.892,0.411,0.917,-0.391,0.918,-0.397,0.063,-0.024,0.029,-0.61,0.82,14.25,-0.62,-0.04,-0.001,-0.090,-0.019,1479,1529,1477,1616,10.00,10.06,39.40,39.44
1787303440.443,18.604,True,1,-0.048,0.531,-0.075,3.104,12.911,12.910,0.412,0.917,-0.391,0.918,-0.397,0.063,-0.024,0.029,-0.61,0.82,14.25,-0.62,-0.04,-0.001,-0.090,-0.019,1479,1529,1477,1617,10.01,10.07,49.40,49.45
1787303440.453,18.614,True,1,-0.048,0.534,-0.075,3.121,12.929,12.927,0.413,0.917,-0.391,0.918,-0.397,0.063,-0.024,0.029,-0.61,0.82,14.25,-0.62,-0.04,-0.001,-0.090,-0.019,1479,1529,1477,1617,9.99,10.06,59.39,59.44
1787303440.463,18.625,True,1,-0.049,0.537,-0.082,3.164,12.971,12.970,0.414,0.918,-0.390,0.918,-0.396,0.064,0.004,0.016,-0.64,0.63,14.09,-0.47,0.15,0.019,-0.050,-0.011,1522,1525,1478,1618,10.00,10.06,-0.42,-0.47
1787303440.473,18.634,True,1,-0.048,0.540,-0.086,3.191,12.998,12.997,0.415,0.917,-0.390,0.918,-0.396,0.064,0.022,-0.023,-0.61,0.68,13.96,-0.14,0.21,0.050,-0.048,-0.005,1525,1525,1479,1619,10.00,10.06,-0.06,-0.12
1787303440.483,18.644,True,1,-0.048,0.543,-0.086,3.209,13.016,13.015,0.415,0.917,-0.390,0.918,-0.396,0.064,0.022,-0.023,-0.61,0.68,13.96,-0.14,0.21,0.050,-0.048,-0.005,1525,1525,1479,1620,10.00,10.06,9.94,9.89
1787303440.493,18.654,True,1,-0.048,0.546,-0.086,3.227,13.033,13.033,0.416,0.917,-0.390,0.918,-0.396,0.064,0.022,-0.023,-0.61,0.68,13.96,-0.14,0.21,0.050,-0.048,-0.005,1525,1525,1479,1620,10.00,10.06,19.94,19.88
1787303440.503,18.664,True,1,-0.048,0.549,-0.086,3.245,13.051,13.051,0.417,0.917,-0.390,0.918,-0.396,0.064,0.022,-0.023,-0.61,0.68,13.96,-0.14,0.21,0.049,-0.048,-0.005,1525,1525,1479,1621,10.00,10.06,29.94,29.88
1787303440.513,18.674,True,1,-0.048,0.552,-0.071,3.220,13.027,13.027,0.416,0.917,-0.389,0.918,-0.395,0.065,-0.004,0.008,-0.57,0.69,13.78,-0.43,0.07,0.015,-0.065,0.002,1521,1527,1520,1620,10.00,10.06,-0.18,-0.23
1787303440.523,18.684,True,1,-0.048,0.555,-0.071,3.238,13.045,13.045,0.416,0.917,-0.389,0.918,-0.395,0.065,-0.004,0.008,-0.57,0.69,13.78,-0.43,0.07,0.015,-0.065,0.002,1521,1527,1520,1621,10.00,10.06,9.83,9.78
1787303440.533,18.694,True,1,-0.048,0.558,-0.071,3.256,13.063,13.063,0.417,0.917,-0.389,0.918,-0.395,0.065,-0.004,0.008,-0.57,0.69,13.78,-0.43,0.07,0.015,-0.065,0.002,1521,1527,1520,1621,10.00,10.06,19.82,19.77
1787303440.543,18.704,True,1,-0.048,0.561,-0.071,3.275,13.082,13.081,0.418,0.917,-0.389,0.918,-0.395,0.065,-0.004,0.008,-0.57,0.69,13.78,-0.43,0.07,0.014,-0.065,0.002,1521,1527,1520,1622,10.00,10.06,29.82,29.77
1787303440.553,18.714,True,1,-0.048,0.564,-0.071,3.293,13.100,13.099,0.418,0.917,-0.389,0.918,-0.395,0.065,-0.004,0.008,-0.57,0.69,13.78,-0.43,0.07,0.014,-0.065,0.002,1521,1527,1520,1622,10.01,10.08,39.84,39.79
1787303440.563,18.725,True,1,-0.048,0.567,-0.069,3.302,13.109,13.108,0.418,0.916,-0.388,0.918,-0.394,0.066,-0.015,0.001,-0.58,0.65,13.91,-0.40,-0.02,0.018,-0.070,-0.004,1522,1527,1479,1623,9.99,10.07,-0.35,-0.38
1787303440.573,18.734,True,1,-0.048,0.570,-0.069,3.320,13.127,13.126,0.419,0.916,-0.388,0.917,-0.394,0.066,-0.015,0.001,-0.58,0.65,13.91,-0.40,-0.02,0.018,-0.070,-0.004,1522,1527,1479,1623,10.00,10.07,9.65,9.62
1787303440.583,18.744,True,1,-0.048,0.573,-0.069,3.339,13.146,13.145,0.420,0.916,-0.388,0.917,-0.394,0.066,-0.015,0.001,-0.58,0.65,13.91,-0.40,-0.02,0.018,-0.070,-0.004,1522,1527,1479,1624,10.01,10.07,19.66,19.63
1787303440.593,18.754,True,1,-0.048,0.576,-0.069,3.357,13.164,13.163,0.420,0.916,-0.388,0.917,-0.394,0.066,-0.015,0.001,-0.58,0.65,13.91,-0.41,-0.02,0.018,-0.070,-0.004,1522,1527,1479,1624,9.99,10.06,29.65,29.61
1787303440.603,18.764,True,1,-0.048,0.579,-0.069,3.375,13.182,13.181,0.421,0.916,-0.388,0.917,-0.394,0.066,-0.015,0.001,-0.58,0.65,13.91,-0.41,-0.02,0.018,-0.070,-0.004,1521,1527,1479,1625,10.00,10.06,39.65,39.61
1787303440.613,18.774,True,1,-0.048,0.582,-0.069,3.393,13.200,13.199,0.421,0.916,-0.388,0.917,-0.393,0.066,-0.015,0.001,-0.58,0.65,13.91,-0.41,-0.02,0.018,-0.070,-0.004,1521,1527,1479,1625,10.01,10.07,49.66,49.62
1787303440.623,18.784,True,1,-0.048,0.585,-0.069,3.412,13.219,13.218,0.422,0.916,-0.388,0.917,-0.393,0.066,-0.015,0.001,-0.58,0.65,13.91,-0.41,-0.02,0.018,-0.070,-0.004,1521,1527,1479,1626,10.00,10.07,59.66,59.62
1787303440.633,18.794,True,1,-0.048,0.588,-0.069,3.430,13.237,13.236,0.422,0.916,-0.388,0.917,-0.393,0.066,-0.015,0.001,-0.58,0.65,13.91,-0.41,-0.02,0.018,-0.070,-0.004,1521,1527,1479,1626,9.99,10.06,69.65,69.61
1787303440.643,18.804,True,1,-0.048,0.591,-0.069,3.448,13.255,13.255,0.423,0.916,-0.388,0.917,-0.393,0.066,-0.015,0.001,-0.58,0.65,13.91,-0.41,-0.02,0.017,-0.070,-0.004,1521,1527,1479,1627,10.00,10.06,79.65,79.62
1787303440.654,18.815,True,1,-0.042,0.594,0.077,3.004,12.812,12.810,0.409,0.917,-0.385,0.917,-0.393,0.069,0.056,0.040,-0.47,-0.39,13.78,-0.60,0.60,-0.014,0.104,0.004,1478,1468,1520,1614,10.00,10.06,-0.59,-0.64
1787303440.663,18.824,True,1,-0.042,0.597,0.077,3.022,12.830,12.829,0.409,0.917,-0.385,0.917,-0.392,0.069,0.056,0.040,-0.47,-0.39,13.78,-0.60,0.60,-0.014,0.104,0.004,1478,1468,1520,1614,10.00,10.06,9.41,9.36
1787303440.673,18.834,True,1,-0.042,0.600,0.077,3.041,12.849,12.847,0.410,0.917,-0.385,0.917,-0.392,0.069,0.056,0.040,-0.47,-0.39,13.78,-0.60,0.60,-0.014,0.104,0.004,1478,1468,1520,1615,10.00,10.06,19.41,19.36
1787303440.683,18.844,True,1,-0.042,0.603,0.077,3.059,12.867,12.865,0.411,0.917,-0.385,0.917,-0.392,0.069,0.056,0.040,-0.47,-0.39,13.78,-0.60,0.60,-0.014,0.104,0.004,1478,1468,1520,1615,10.01,10.07,29.42,29.37
1787303440.693,18.854,True,1,-0.042,0.606,0.077,3.078,12.886,12.884,0.411,0.917,-0.385,0.917,-0.392,0.069,0.056,0.040,-0.47,-0.39,13.78,-0.60,0.60,-0.014,0.104,0.004,1478,1468,1520,1616,9.99,10.06,39.41,39.36
1787303440.703,18.864,True,1,-0.042,0.609,0.077,3.096,12.904,12.902,0.412,0.917,-0.385,0.917,-0.391,0.069,0.056,0.040,-0.47,-0.39,13.78,-0.60,0.60,-0.014,0.104,0.004,1478,1468,1520,1616,10.00,10.06,49.41,49.36
1787303440.713,18.874,True,1,-0.042,0.612,0.077,3.115,12.923,12.921,0.412,0.917,-0.385,0.917,-0.391,0.069,0.056,0.040,-0.47,-0.39,13.78,-0.60,0.60,-0.014,0.104,0.004,1478,1468,1520,1617,10.00,10.06,59.41,59.36
1787303440.723,18.884,True,1,-0.042,0.615,0.077,3.133,12.941,12.939,0.413,0.917,-0.385,0.917,-0.391,0.069,0.056,0.040,-0.47,-0.39,13.78,-0.60,0.60,-0.014,0.104,0.004,1478,1468,1520,1618,10.00,10.06,69.41,69.36
1787303440.734,18.895,True,1,-0.016,0.618,0.339,2.260,12.068,12.038,0.384,0.922,-0.382,0.917,-0.391,0.072,0.078,0.035,0.21,-3.16,13.90,-0.55,0.82,-0.080,0.417,-0.004,1471,1434,1479,1590,10.00,10.06,-0.58,-0.63
1787303440.743,18.904,True,1,-0.016,0.621,0.339,2.278,12.087,12.057,0.385,0.922,-0.382,0.918,-0.390,0.072,0.078,0.035,0.21,-3.16,13.90,-0.56,0.82,-0.080,0.417,-0.004,1471,1434,1479,1590,10.01,10.07,9.43,9.38
1787303440.753,18.914,True,1,-0.016,0.624,0.339,2.297,12.105,12.075,0.385,0.922,-0.382,0.918,-0.390,0.072,0.078,0.035,0.21,-3.16,13.90,-0.56,0.82,-0.080,0.417,-0.004,1471,1434,1479,1591,10.00,10.07,19.43,19.38
1787303440.763,18.924,True,1,-0.016,0.627,0.339,2.315,12.124,12.093,0.386,0.922,-0.382,0.918,-0.390,0.072,0.078,0.035,0.21,-3.16,13.90,-0.56,0.82,-0.080,0.417,-0.004,1471,1434,1479,1591,9.99,10.06,29.42,29.37
1787303440.773,18.934,True,1,-0.016,0.630,0.339,2.334,12.142,12.112,0.387,0.922,-0.382,0.918,-0.390,0.072,0.078,0.035,0.21,-3.16,13.90,-0.56,0.82,-0.080,0.417,-0.004,1471,1434,1479,1592,10.00,10.06,39.42,39.37
1787303440.783,18.944,True,1,-0.016,0.633,0.339,2.352,12.161,12.130,0.387,0.922,-0.382,0.918,-0.389,0.072,0.078,0.035,0.21,-3.16,13.90,-0.56,0.82,-0.080,0.417,-0.004,1471,1434,1479,1593,10.01,10.07,49.43,49.38
1787303440.793,18.954,True,1,-0.016,0.636,0.339,2.371,12.179,12.149,0.388,0.922,-0.382,0.918,-0.389,0.072,0.078,0.035,0.21,-3.16,13.90,-0.56,0.82,-0.080,0.417,-0.004,1471,1434,1479,1593,10.00,10.07,59.43,59.38
1787303440.803,18.964,True,1,-0.016,0.639,0.339,2.389,12.198,12.167,0.388,0.922,-0.382,0.918,-0.389,0.072,0.078,0.035,0.21,-3.16,13.90,-0.56,0.82,-0.080,0.417,-0.004,1471,1434,1479,1594,9.99,10.06,69.42,69.37
1787303440.813,18.974,True,1,-0.016,0.642,0.339,2.408,12.216,12.186,0.389,0.922,-0.382,0.919,-0.389,0.072,0.078,0.035,0.21,-3.16,13.90,-0.56,0.82,-0.080,0.417,-0.004,1471,1434,1479,1594,10.00,10.06,79.42,79.37
1787303440.824,18.985,True,1,0.032,0.645,0.608,1.432,11.243,11.177,0.357,0.930,-0.377,0.919,-0.388,0.078,0.127,0.047,0.64,-4.70,14.14,-0.61,1.36,-0.132,0.635,-0.020,1465,1411,1477,1562,10.00,10.06,-0.58,-0.63
1787303440.833,18.994,True,1,0.032,0.648,0.608,1.450,11.261,11.195,0.357,0.930,-0.377,0.919,-0.388,0.078,0.127,0.047,0.64,-4.70,14.14,-0.61,1.36,-0.132,0.635,-0.020,1465,1411,1477,1562,10.01,10.07,9.43,9.38
1787303440.843,19.004,True,1,0.032,0.651,0.608,1.469,11.279,11.213,0.358,0.930,-0.377,0.920,-0.388,0.078,0.127,0.047,0.64,-4.70,14.14,-0.62,1.36,-0.132,0.635,-0.020,1465,1411,1477,1563,9.99,10.06,19.42,19.37
1787303440.853,19.014,True,1,0.032,0.654,0.608,1.487,11.297,11.231,0.358,0.930,-0.377,0.920,-0.387,0.078,0.127,0.047,0.64,-4.70,14.14,-0.62,1.36,-0.132,0.635,-0.020,1465,1411,1477,1563,10.00,10.06,29.42,29.38
1787303440.863,19.024,True,1,0.032,0.657,0.608,1.505,11.316,11.250,0.359,0.930,-0.377,0.920,-0.387,0.078,0.127,0.047,0.64,-4.70,14.14,-0.62,1.36,-0.132,0.635,-0.020,1465,1411,1477,1564,10.00,10.06,39.42,39.37
1787303440.873,19.034,True,1,0.032,0.660,0.608,1.523,11.334,11.268,0.360,0.930,-0.377,0.921,-0.387,0.078,0.127,0.047,0.64,-4.70,14.14,-0.62,1.36,-0.132,0.635,-0.020,1465,1411,1477,1565,10.01,10.07,49.43,49.38
1787303440.883,19.044,True,1,0.032,0.663,0.608,1.542,11.352,11.286,0.360,0.930,-0.377,0.921,-0.386,0.078,0.127,0.047,0.64,-4.70,14.14,-0.62,1.36,-0.133,0.635,-0.020,1465,1411,1477,1565,10.00,10.06,59.42,59.37
1787303440.893,19.054,True,1,0.032,0.666,0.608,1.560,11.371,11.304,0.361,0.930,-0.377,0.921,-0.386,0.078,0.127,0.047,0.64,-4.70,14.14,-0.62,1.36,-0.133,0.635,-0.020,1465,1411,1477,1566,10.00,10.06,69.42,69.38
1787303440.904,19.065,True,1,0.102,0.669,0.816,0.671,10.484,10.425,0.333,0.943,-0.372,0.922,-0.385,0.086,0.159,0.063,0.30,-4.18,14.38,-0.73,1.83,-0.110,0.629,-0.026,1467,1412,1476,1536,10.00,10.06,-0.57,-0.62
1787303440.913,19.074,True,1,0.102,0.672,0.816,0.689,10.502,10.442,0.333,0.943,-0.372,0.923,-0.385,0.086,0.159,0.063,0.30,-4.18,14.38,-0.74,1.83,-0.110,0.630,-0.026,1467,1412,1476,1537,10.00,10.06,9.43,9.38
1787303440.923,19.084,True,1,0.102,0.675,0.816,0.707,10.520,10.460,0.334,0.943,-0.372,0.923,-0.385,0.086,0.159,0.063,0.30,-4.18,14.38,-0.74,1.83,-0.110,0.630,-0.026,1467,1412,1476,1537,10.00,10.07,19.43,19.38
1787303440.933,19.094,True,1,0.102,0.678,0.816,0.724,10.537,10.478,0.334,0.943,-0.372,0.924,-0.384,0.086,0.159,0.063,0.30,-4.18,14.38,-0.74,1.84,-0.111,0.630,-0.026,1467,1412,1476,1538,10.00,10.06,29.43,29.38
1787303440.943,19.104,True,1,0.102,0.681,0.816,0.742,10.555,10.495,0.335,0.943,-0.372,0.925,-0.384,0.086,0.159,0.063,0.30,-4.18,14.38,-0.74,1.84,-0.111,0.630,-0.026,1467,1412,1476,1538,10.00,10.06,39.43,39.38
1787303440.953,19.114,True,1,0.102,0.684,0.816,0.760,10.573,10.513,0.336,0.943,-0.372,0.925,-0.383,0.086,0.159,0.063,0.30,-4.18,14.38,-0.74,1.84,-0.111,0.630,-0.026,1467,1412,1476,1539,10.00,10.07,49.43,49.38
1787303440.963,19.124,True,1,0.102,0.687,0.816,0.778,10.591,10.531,0.336,0.943,-0.372,0.926,-0.383,0.086,0.159,0.063,0.30,-4.18,14.38,-0.74,1.84,-0.111,0.630,-0.026,1467,1412,1476,1540,10.00,10.07,59.43,59.38
1787303440.973,19.134,True,1,0.102,0.690,0.816,0.796,10.609,10.549,0.337,0.943,-0.372,0.926,-0.383,0.086,0.159,0.063,0.30,-4.18,14.38,-0.74,1.84,-0.111,0.631,-0.026,1467,1412,1476,1540,9.99,10.06,69.43,69.38
1787303440.983,19.144,True,1,0.102,0.693,0.816,0.814,10.627,10.566,0.337,0.943,-0.372,0.927,-0.382,0.086,0.159,0.063,0.30,-4.18,14.38,-0.74,1.84,-0.111,0.631,-0.026,1467,1412,1476,1541,10.00,10.06,79.43,79.38
1787303440.994,19.155,True,1,0.190,0.696,0.992,-0.048,9.768,9.750,0.311,0.961,-0.365,0.928,-0.382,0.098,0.200,0.055,-0.48,-1.10,14.56,-0.62,2.42,-0.015,0.369,-0.028,1478,1439,1476,1512,10.00,10.06,-0.59,-0.64
1787303441.003,19.164,True,1,0.190,0.699,0.992,-0.030,9.786,9.767,0.312,0.961,-0.365,0.929,-0.381,0.098,0.200,0.055,-0.48,-1.10,14.56,-0.62,2.42,-0.015,0.369,-0.028,1478,1439,1476,1513,10.00,10.06,9.41,9.36
1787303441.013,19.174,True,1,0.190,0.702,0.992,-0.013,9.803,9.784,0.312,0.961,-0.365,0.930,-0.381,0.098,0.200,0.055,-0.48,-1.10,14.56,-0.62,2.43,-0.015,0.370,-0.028,1478,1439,1476,1513,10.00,10.06,19.41,19.36
1787303441.023,19.184,True,1,0.190,0.705,0.992,0.004,9.820,9.801,0.313,0.961,-0.365,0.931,-0.380,0.098,0.200,0.055,-0.48,-1.10,14.56,-0.62,2.43,-0.016,0.370,-0.028,1478,1439,1476,1514,10.00,10.06,29.41,29.36
1787303441.033,19.194,True,1,0.190,0.708,0.992,0.021,9.837,9.818,0.313,0.961,-0.365,0.932,-0.380,0.098,0.200,0.055,-0.48,-1.10,14.56,-0.62,2.44,-0.016,0.370,-0.028,1478,1439,1476,1514,10.00,10.06,39.41,39.36
1787303441.043,19.204,True,1,0.190,0.711,0.992,0.038,9.854,9.836,0.314,0.961,-0.365,0.933,-0.379,0.098,0.200,0.055,-0.48,-1.10,14.56,-0.62,2.44,-0.016,0.371,-0.028,1478,1439,1476,1515,10.00,10.06,49.41,49.36
1787303441.053,19.214,True,1,0.190,0.714,0.992,0.055,9.872,9.853,0.314,0.961,-0.365,0.934,-0.379,0.098,0.200,0.055,-0.48,-1.10,14.56,-0.62,2.44,-0.016,0.371,-0.028,1478,1439,1476,1516,10.00,10.06,59.41,59.36
1787303441.063,19.224,True,1,0.190,0.717,0.992,0.073,9.889,9.870,0.315,0.961,-0.365,0.935,-0.378,0.098,0.200,0.055,-0.48,-1.10,14.56,-0.63,2.44,-0.016,0.371,-0.028,1478,1439,1476,1516,10.00,10.06,69.41,69.36
1787303441.074,19.235,True,1,0.289,0.720,1.106,-0.651,9.167,9.167,0.293,0.981,-0.358,0.936,-0.378,0.114,0.205,0.067,-1.27,2.47,14.45,-0.80,2.73,0.050,0.027,-0.025,1525,1476,1476,1490,10.00,10.06,-0.57,-0.62
1787303441.083,19.244,True,1,0.289,0.723,1.106,-0.635,9.183,9.183,0.293,0.981,-0.358,0.938,-0.377,0.114,0.205,0.067,-1.35,3.15,14.38,-0.81,2.74,0.058,-0.042,-0.024,1526,1524,1476,1491,10.00,10.06,-0.07,9.38
1787303441.093,19.254,True,1,0.289,0.726,1.106,-0.618,9.200,9.199,0.294,0.981,-0.358,0.939,-0.376,0.114,0.205,0.067,-1.35,3.15,14.38,-0.81,2.74,0.058,-0.041,-0.024,1526,1524,1476,1492,10.00,10.06,9.93,19.38
1787303441.103,19.264,True,1,0.289,0.729,1.106,-0.602,9.216,9.216,0.294,0.981,-0.358,0.941,-0.376,0.114,0.205,0.067,-1.35,3.15,14.38,-0.81,2.75,0.058,-0.041,-0.024,1526,1524,1476,1492,10.00,10.06,19.93,29.38
1787303441.113,19.274,True,1,0.289,0.732,1.106,-0.585,9.233,9.232,0.295,0.981,-0.358,0.942,-0.375,0.114,0.205,0.067,-1.35,3.15,14.38,-0.81,2.76,0.058,-0.040,-0.024,1526,1524,1476,1493,10.00,10.06,29.93,39.38
1787303441.123,19.284,True,1,0.289,0.735,1.106,-0.569,9.249,9.249,0.295,0.981,-0.358,0.943,-0.375,0.114,0.205,0.067,-1.35,3.15,14.38,-0.81,2.76,0.057,-0.040,-0.024,1526,1524,1476,1493,10.00,10.06,39.93,49.38
1787303441.133,19.294,True,1,0.289,0.738,1.106,-0.552,9.266,9.265,0.296,0.981,-0.358,0.945,-0.374,0.114,0.205,0.067,-1.35,3.15,14.38,-0.81,2.77,0.057,-0.039,-0.024,1526,1524,1476,1494,10.00,10.06,49.93,59.38
1787303441.143,19.304,True,1,0.289,0.741,1.106,-0.536,9.283,9.282,0.296,0.981,-0.358,0.946,-0.374,0.114,0.205,0.067,-1.35,3.15,14.38,-0.81,2.77,0.057,-0.038,-0.024,1526,1524,1476,1495,10.00,10.06,59.93,69.38
1787303441.153,19.314,True,1,0.289,0.744,1.106,-0.519,9.299,9.299,0.297,0.981,-0.358,0.947,-0.373,0.114,0.205,0.067,-1.35,3.15,14.38,-0.81,2.78,0.057,-0.038,-0.024,1526,1524,1476,1495,10.00,10.06,69.93,79.38
1787303441.163,19.325,True,1,0.393,0.747,1.164,-1.091,8.723,8.705,0.278,0.997,-0.356,0.949,-0.372,0.126,0.159,0.000,-1.76,5.61,14.04,-0.25,2.25,0.158,-0.351,-0.019,1537,1558,1477,1473,10.00,10.06,-0.50,-0.55
1787303441.173,19.334,True,1,0.393,0.750,1.164,-1.075,8.738,8.720,0.278,0.997,-0.356,0.950,-0.372,0.126,0.159,0.000,-1.76,5.61,14.04,-0.26,2.26,0.158,-0.350,-0.019,1537,1558,1477,1473,10.00,10.06,9.50,9.45
1787303441.183,19.344,True,1,0.393,0.753,1.164,-1.060,8.754,8.736,0.279,0.997,-0.356,0.952,-0.371,0.126,0.159,0.000,-1.76,5.61,14.04,-0.26,2.27,0.158,-0.349,-0.019,1537,1558,1477,1474,10.00,10.06,19.50,19.45
1787303441.193,19.354,True,1,0.393,0.756,1.164,-1.044,8.770,8.752,0.279,0.997,-0.356,0.953,-0.371,0.126,0.159,0.000,-1.76,5.61,14.04,-0.26,2.28,0.158,-0.348,-0.019,1537,1557,1477,1475,10.00,10.06,29.50,29.45
1787303441.203,19.364,True,1,0.393,0.759,1.164,-1.028,8.785,8.768,0.280,0.997,-0.356,0.955,-0.370,0.126,0.159,0.000,-1.76,5.61,14.04,-0.26,2.29,0.157,-0.347,-0.019,1537,1557,1477,1475,10.00,10.06,39.49,39.45
1787303441.213,19.374,True,1,0.393,0.762,1.164,-1.013,8.801,8.784,0.280,0.997,-0.356,0.956,-0.370,0.126,0.159,0.000,-1.76,5.61,14.04,-0.26,2.30,0.157,-0.346,-0.019,1537,1557,1477,1476,10.00,10.06,49.50,49.45
1787303441.223,19.384,True,1,0.393,0.765,1.164,-0.997,8.817,8.799,0.281,0.997,-0.356,0.957,-0.369,0.126,0.159,0.000,-1.76,5.61,14.04,-0.26,2.31,0.157,-0.345,-0.019,1537,1557,1477,1476,10.00,10.06,59.49,59.45
1787303441.233,19.394,True,1,0.393,0.768,1.164,-0.981,8.833,8.815,0.281,0.997,-0.356,0.959,-0.369,0.126,0.159,0.000,-1.76,5.61,14.04,-0.26,2.32,0.157,-0.344,-0.019,1537,1557,1477,1477,10.00,10.06,69.49,69.45
1787303441.243,19.405,True,1,0.481,0.771,1.148,-1.275,8.536,8.495,0.271,1.007,-0.356,0.960,-0.368,0.133,0.104,-0.024,-1.51,7.16,13.61,-0.16,1.70,0.140,-0.572,-0.005,1535,1581,1479,1464,10.00,10.06,-0.57,-0.53
1787303441.253,19.414,True,1,0.481,0.774,1.148,-1.260,8.551,8.510,0.272,1.007,-0.356,0.962,-0.368,0.133,0.104,-0.024,-1.51,7.16,13.61,-0.16,1.71,0.140,-0.571,-0.005,1535,1581,1479,1465,10.00,10.06,9.43,9.48
1787303441.263,19.424,True,1,0.518,0.777,1.122,-1.315,8.494,8.448,0.270,1.011,-0.356,0.964,-0.368,0.135,0.067,-0.011,-1.41,7.21,13.55,-0.43,1.34,0.102,-0.615,-0.002,1531,1585,1479,1463,10.00,10.06,-0.13,-0.18
1787303441.273,19.434,True,1,0.518,0.780,1.122,-1.300,8.509,8.463,0.270,1.011,-0.356,0.965,-0.367,0.135,0.067,-0.011,-1.27,7.23,13.47,-0.43,1.35,0.086,-0.616,0.003,1529,1585,1520,1463,10.00,10.06,-0.05,9.82
1787303441.283,19.444,True,1,0.518,0.783,1.122,-1.286,8.524,8.478,0.271,1.011,-0.356,0.967,-0.367,0.135,0.067,-0.011,-1.27,7.23,13.47,-0.43,1.36,0.086,-0.615,0.003,1529,1585,1520,1464,10.00,10.06,9.95,19.82
1787303441.293,19.454,True,1,0.518,0.786,1.122,-1.271,8.538,8.493,0.271,1.011,-0.356,0.968,-0.367,0.135,0.067,-0.011,-1.27,7.23,13.47,-0.43,1.37,0.086,-0.614,0.003,1529,1585,1520,1464,10.00,10.06,19.95,29.82
1787303441.303,19.464,True,1,0.518,0.789,1.122,-1.256,8.553,8.508,0.272,1.011,-0.356,0.970,-0.366,0.135,0.067,-0.011,-1.27,7.23,13.47,-0.43,1.38,0.086,-0.613,0.003,1529,1585,1520,1465,10.00,10.06,29.95,39.82
1787303441.313,19.474,True,1,0.518,0.792,1.122,-1.242,8.568,8.522,0.272,1.011,-0.356,0.971,-0.366,0.135,0.067,-0.011,-1.27,7.23,13.47,-0.43,1.39,0.086,-0.611,0.003,1529,1585,1520,1466,10.00,10.06,39.95,49.82
1787303441.323,19.485,True,1,0.585,0.795,1.087,-1.391,8.416,8.368,0.267,1.014,-0.356,0.972,-0.366,0.137,0.018,-0.028,-0.54,6.95,13.35,-0.38,0.79,0.014,-0.645,0.016,1521,1588,1522,1459,10.00,10.06,-0.40,-0.35
1787303441.333,19.494,True,1,0.585,0.798,1.087,-1.377,8.430,8.382,0.268,1.014,-0.356,0.974,-0.365,0.137,0.018,-0.028,-0.54,6.95,13.35,-0.38,0.80,0.014,-0.644,0.016,1521,1588,1522,1460,10.00,10.06,9.60,9.65
1787303441.343,19.504,True,1,0.585,0.801,1.087,-1.363,8.445,8.396,0.268,1.014,-0.356,0.975,-0.365,0.137,0.018,-0.028,-0.54,6.95,13.35,-0.38,0.81,0.014,-0.643,0.016,1521,1588,1522,1461,10.00,10.06,19.60,19.65
1787303441.353,19.514,True,1,0.626,0.804,1.064,-1.443,8.364,8.319,0.266,1.014,-0.356,0.976,-0.365,0.137,-0.009,-0.039,-0.40,6.46,13.34,-0.33,0.47,0.005,-0.627,0.018,1520,1587,1522,1457,10.00,10.06,-0.12,-0.17
1787303441.363,19.524,True,1,0.626,0.807,1.064,-1.429,8.378,8.333,0.266,1.014,-0.356,0.978,-0.364,0.137,-0.009,-0.039,-0.40,6.46,13.34,-0.33,0.49,0.005,-0.626,0.018,1520,1586,1522,1458,10.00,10.06,9.88,9.83
1787303441.373,19.534,True,1,0.626,0.810,1.064,-1.415,8.392,8.347,0.266,1.014,-0.356,0.979,-0.364,0.137,-0.009,-0.039,-0.40,6.46,13.34,-0.33,0.50,0.005,-0.625,0.018,1520,1586,1522,1459,10.00,10.06,19.88,19.83
1787303441.383,19.544,True,1,0.626,0.813,1.064,-1.401,8.406,8.361,0.267,1.014,-0.356,0.980,-0.364,0.137,-0.009,-0.039,-0.40,6.46,13.34,-0.33,0.51,0.005,-0.623,0.018,1520,1586,1522,1459,10.00,10.06,29.88,29.83
1787303441.393,19.554,True,1,0.626,0.816,1.064,-1.387,8.420,8.375,0.267,1.014,-0.356,0.981,-0.364,0.137,-0.009,-0.039,-0.40,6.46,13.34,-0.33,0.52,0.005,-0.622,0.018,1520,1586,1522,1460,10.00,10.06,39.88,39.83
1787303441.403,19.565,True,1,0.688,0.819,0.997,-1.418,8.389,8.353,0.267,1.013,-0.358,0.982,-0.363,0.134,-0.051,-0.044,0.42,5.20,13.30,-0.39,0.01,-0.088,-0.543,0.028,1470,1578,1523,1459,10.00,10.06,-0.35,-0.40
1787303441.413,19.574,True,1,0.688,0.822,0.997,-1.405,8.402,8.367,0.267,1.013,-0.358,0.983,-0.363,0.134,-0.051,-0.044,0.42,5.20,13.30,-0.39,0.02,-0.088,-0.542,0.028,1470,1578,1523,1459,10.00,10.06,9.65,9.60
1787303441.423,19.584,True,1,0.688,0.825,0.997,-1.391,8.415,8.380,0.267,1.013,-0.358,0.984,-0.363,0.134,-0.051,-0.044,0.42,5.20,13.30,-0.39,0.03,-0.088,-0.541,0.028,1470,1578,1523,1460,10.00,10.06,19.64,19.60
1787303441.433,19.594,True,1,0.688,0.828,0.997,-1.378,8.429,8.394,0.268,1.013,-0.358,0.985,-0.363,0.134,-0.051,-0.044,0.42,5.20,13.30,-0.39,0.04,-0.088,-0.540,0.028,1470,1578,1523,1460,10.00,10.06,29.64,29.59
1787303441.443,19.604,True,1,0.688,0.831,0.997,-1.365,8.442,8.407,0.268,1.013,-0.358,0.986,-0.363,0.134,-0.051,-0.044,0.42,5.20,13.30,-0.39,0.04,-0.088,-0.539,0.028,1470,1578,1523,1461,10.00,10.06,39.64,39.60
1787303441.453,19.614,True,1,0.688,0.834,0.997,-1.351,8.456,8.421,0.269,1.013,-0.358,0.987,-0.363,0.134,-0.051,-0.044,0.42,5.20,13.30,-0.39,0.05,-0.088,-0.539,0.028,1470,1577,1523,1462,10.00,10.06,49.65,49.60
1787303441.463,19.625,True,1,0.742,0.837,0.976,-1.492,8.315,8.298,0.265,1.010,-0.361,0.988,-0.363,0.130,-0.062,-0.073,0.77,3.44,13.31,-0.08,-0.16,-0.091,-0.376,0.029,1469,1560,1523,1457,10.00,10.06,-0.37,-0.41
1787303441.473,19.634,True,1,0.742,0.840,0.976,-1.479,8.328,8.313,0.265,1.010,-0.361,0.988,-0.363,0.130,-0.062,-0.073,0.77,3.11,13.32,-0.08,-0.15,-0.090,-0.341,0.028,1470,1557,1523,1457,10.00,10.06,-0.07,9.59
1787303441.483,19.644,True,1,0.764,0.843,0.914,-1.370,8.437,8.419,0.269,1.008,-0.363,0.989,-0.363,0.128,-0.090,-0.070,0.77,3.11,13.32,-0.20,-0.46,-0.102,-0.374,0.028,1468,1560,1523,1461,10.00,10.06,9.93,-0.05
1787303441.493,19.654,True,1,0.764,0.846,0.914,-1.357,8.450,8.432,0.269,1.008,-0.363,0.990,-0.363,0.128,-0.090,-0.070,0.77,3.11,13.32,-0.20,-0.46,-0.102,-0.373,0.028,1468,1560,1523,1462,10.00,10.06,19.94,9.95
1787303441.503,19.664,True,1,0.764,0.849,0.914,-1.345,8.462,8.445,0.270,1.008,-0.363,0.990,-0.363,0.128,-0.090,-0.070,0.77,3.11,13.32,-0.20,-0.45,-0.102,-0.373,0.028,1468,1560,1523,1462,10.00,10.06,29.93,19.95
1787303441.513,19.674,True,1,0.764,0.852,0.914,-1.332,8.475,8.458,0.270,1.008,-0.363,0.991,-0.363,0.128,-0.090,-0.070,0.77,3.11,13.32,-0.19,-0.44,-0.102,-0.372,0.028,1468,1560,1523,1463,10.00,10.06,39.93,29.95
1787303441.523,19.684,True,1,0.764,0.855,0.914,-1.319,8.488,8.471,0.270,1.008,-0.363,0.992,-0.363,0.128,-0.090,-0.070,0.77,3.11,13.32,-0.19,-0.44,-0.102,-0.371,0.028,1468,1560,1523,1464,10.00,10.06,49.93,39.95
1787303441.533,19.694,True,1,0.764,0.858,0.914,-1.306,8.501,8.484,0.271,1.008,-0.363,0.992,-0.363,0.128,-0.090,-0.070,0.77,3.11,13.32,-0.19,-0.43,-0.102,-0.371,0.028,1468,1560,1523,1464,10.00,10.06,59.93,49.95
1787303441.543,19.704,True,1,0.764,0.861,0.914,-1.293,8.514,8.497,0.271,1.008,-0.363,0.993,-0.363,0.128,-0.090,-0.070,0.77,3.11,13.32,-0.19,-0.42,-0.102,-0.370,0.028,1468,1560,1523,1465,10.00,10.06,69.93,59.95
1787303441.553,19.714,True,1,0.764,0.864,0.914,-1.280,8.527,8.510,0.272,1.008,-0.363,0.993,-0.363,0.128,-0.090,-0.070,0.77,3.11,13.32,-0.19,-0.42,-0.102,-0.369,0.028,1468,1560,1523,1465,10.00,10.06,79.93,69.95
1787303441.563,19.725,True,1,0.825,0.867,0.827,-1.251,8.556,8.555,0.273,1.004,-0.367,0.994,-0.363,0.123,-0.085,-0.071,0.38,0.07,13.48,-0.17,-0.36,-0.057,-0.044,0.017,1473,1524,1522,1467,10.00,10.06,-0.55,-0.51
1787303441.573,19.734,True,1,0.842,0.870,0.815,-1.270,8.537,8.536,0.272,1.003,-0.368,0.994,-0.363,0.121,-0.079,-0.080,0.38,0.07,13.48,-0.04,-0.30,-0.044,-0.039,0.017,1475,1524,1522,1466,10.00,10.06,9.45,-0.06
1787303441.583,19.744,True,1,0.852,0.873,0.801,-1.255,8.552,8.552,0.273,1.002,-0.368,0.994,-0.363,0.120,-0.077,-0.075,0.30,-0.53,13.53,-0.10,-0.26,-0.041,0.028,0.014,1475,1476,1521,1467,10.00,10.06,-0.05,-0.10
1787303441.593,19.754,True,1,0.852,0.876,0.801,-1.243,8.564,8.564,0.273,1.002,-0.368,0.994,-0.363,0.120,-0.077,-0.075,0.30,-0.53,13.53,-0.09,-0.26,-0.041,0.028,0.014,1475,1476,1521,1467,10.00,10.06,9.95,9.90
1787303441.603,19.764,True,1,0.852,0.879,0.801,-1.230,8.576,8.576,0.274,1.002,-0.368,0.995,-0.363,0.120,-0.077,-0.075,0.30,-0.53,13.53,-0.09,-0.26,-0.041,0.029,0.014,1475,1476,1521,1468,10.00,10.06,19.95,19.90
1787303441.613,19.774,True,1,0.852,0.882,0.801,-1.218,8.589,8.588,0.274,1.002,-0.368,0.995,-0.364,0.120,-0.077,-0.075,0.30,-0.53,13.53,-0.09,-0.25,-0.041,0.029,0.014,1475,1476,1521,1468,10.00,10.06,29.95,29.90
1787303441.623,19.784,True,1,0.852,0.885,0.801,-1.206,8.601,8.601,0.275,1.002,-0.368,0.995,-0.364,0.120,-0.077,-0.075,0.30,-0.53,13.53,-0.09,-0.25,-0.041,0.029,0.014,1475,1476,1521,1469,10.00,10.06,39.95,39.90
1787303441.633,19.794,True,1,0.852,0.888,0.801,-1.193,8.613,8.613,0.275,1.002,-0.368,0.995,-0.364,0.120,-0.077,-0.075,0.30,-0.53,13.53,-0.09,-0.25,-0.041,0.030,0.014,1475,1476,1521,1469,10.00,10.06,49.95,49.90
1787303441.643,19.804,True,1,0.852,0.891,0.801,-1.181,8.626,8.626,0.275,1.002,-0.368,0.996,-0.364,0.120,-0.077,-0.075,0.30,-0.53,13.53,-0.09,-0.24,-0.041,0.030,0.014,1475,1476,1521,1470,10.00,10.06,59.95,59.90
1787303441.653,19.815,True,1,0.895,0.894,0.723,-1.108,8.699,8.695,0.278,0.998,-0.370,0.996,-0.364,0.116,-0.078,-0.069,-0.03,-1.89,13.64,-0.16,-0.24,-0.013,0.173,0.009,1478,1460,1521,1472,10.00,10.06,-0.45,-0.40
1787303441.663,19.824,True,1,0.895,0.897,0.723,-1.096,8.711,8.707,0.278,0.998,-0.370,0.996,-0.364,0.116,-0.078,-0.069,-0.03,-1.89,13.64,-0.15,-0.24,-0.013,0.173,0.009,1478,1460,1521,1473,10.00,10.06,9.56,9.60
1787303441.673,19.834,True,1,0.895,0.900,0.723,-1.084,8.723,8.719,0.278,0.998,-0.370,0.996,-0.365,0.116,-0.078,-0.069,-0.03,-1.89,13.64,-0.15,-0.23,-0.013,0.174,0.009,1478,1460,1521,1473,10.00,10.06,19.56,19.61
1787303441.683,19.844,True,1,0.895,0.903,0.723,-1.072,8.735,8.731,0.279,0.998,-0.370,0.996,-0.365,0.116,-0.078,-0.069,-0.03,-1.89,13.64,-0.15,-0.23,-0.013,0.174,0.009,1478,1460,1521,1474,10.00,10.06,29.55,29.60
1787303441.693,19.854,True,1,0.895,0.906,0.723,-1.060,8.747,8.743,0.279,0.998,-0.370,0.996,-0.365,0.116,-0.078,-0.069,-0.03,-1.89,13.64,-0.15,-0.23,-0.012,0.174,0.009,1478,1460,1521,1474,10.00,10.06,39.55,39.60
1787303441.703,19.864,True,1,0.895,0.909,0.723,-1.047,8.759,8.756,0.279,0.998,-0.370,0.996,-0.365,0.116,-0.078,-0.069,-0.03,-1.89,13.64,-0.15,-0.23,-0.012,0.174,0.009,1478,1460,1521,1475,10.00,10.06,49.56,49.61
1787303441.713,19.874,True,1,0.895,0.912,0.723,-1.035,8.771,8.768,0.280,0.998,-0.370,0.996,-0.365,0.116,-0.078,-0.069,-0.03,-1.89,13.64,-0.15,-0.23,-0.012,0.174,0.009,1478,1460,1521,1475,10.00,10.06,59.55,59.60
1787303441.723,19.885,True,1,0.952,0.915,0.574,-0.806,9.001,8.990,0.287,0.992,-0.373,0.996,-0.366,0.110,-0.055,-0.057,-0.30,-2.83,13.67,-0.22,0.07,0.009,0.304,0.009,1521,1446,1521,1484,10.00,10.06,-0.50,-0.55
1787303441.733,19.894,True,1,0.952,0.918,0.574,-0.794,9.013,9.001,0.287,0.992,-0.373,0.996,-0.366,0.110,-0.055,-0.057,-0.30,-2.83,13.67,-0.22,0.07,0.010,0.304,0.009,1521,1446,1521,1484,10.00,10.06,9.50,9.45
1787303441.743,19.904,True,1,0.952,0.921,0.574,-0.782,9.024,9.013,0.288,0.992,-0.373,0.996,-0.366,0.110,-0.055,-0.057,-0.30,-2.83,13.67,-0.22,0.07,0.010,0.304,0.009,1521,1446,1521,1485,9.99,10.06,19.49,19.45
1787303441.753,19.914,True,1,0.952,0.924,0.574,-0.771,9.036,9.025,0.288,0.992,-0.373,0.996,-0.366,0.110,-0.055,-0.057,-0.30,-2.83,13.67,-0.22,0.07,0.010,0.303,0.009,1521,1446,1521,1485,10.00,10.06,29.50,29.45
1787303441.763,19.924,True,1,0.969,0.927,0.536,-0.713,9.094,9.083,0.290,0.990,-0.373,0.995,-0.367,0.109,-0.049,-0.065,-0.36,-2.76,13.68,-0.11,0.11,0.027,0.301,0.009,1523,1447,1521,1487,10.00,10.06,-0.17,-0.22
1787303441.773,19.934,True,1,0.976,0.930,0.505,-0.636,9.171,9.161,0.292,0.990,-0.373,0.995,-0.367,0.109,-0.060,-0.050,-0.40,-2.62,13.67,-0.30,0.04,0.011,0.278,0.010,1521,1449,1521,1490,10.00,10.06,-0.05,-0.10
1787303441.783,19.944,True,1,0.981,0.933,0.489,-0.595,9.212,9.202,0.294,0.990,-0.373,0.995,-0.367,0.108,-0.056,-0.046,-0.40,-2.52,13.67,-0.33,0.08,0.007,0.272,0.010,1520,1450,1521,1492,10.00,10.06,-0.05,-0.10
1787303441.793,19.954,True,1,0.981,0.936,0.489,-0.583,9.223,9.214,0.294,0.990,-0.373,0.995,-0.367,0.108,-0.056,-0.046,-0.40,-2.52,13.67,-0.33,0.08,0.007,0.272,0.010,1520,1450,1521,1492,10.00,10.06,9.96,9.91
1787303441.803,19.964,True,1,0.993,0.939,0.465,-0.549,9.258,9.248,0.295,0.990,-0.373,0.995,-0.367,0.108,-0.034,-0.042,-0.39,-2.42,13.66,-0.32,0.33,0.008,0.288,0.010,1520,1448,1521,1493,10.00,10.06,-0.06,-0.12
1787303441.813,19.974,True,1,0.993,0.942,0.465,-0.537,9.270,9.259,0.296,0.990,-0.373,0.995,-0.368,0.108,-0.034,-0.042,-0.39,-2.42,13.66,-0.32,0.33,0.008,0.288,0.010,1520,1448,1521,1494,10.00,10.06,9.94,9.89
1787303441.823,19.984,True,1,0.993,0.945,0.465,-0.526,9.281,9.271,0.296,0.990,-0.373,0.994,-0.368,0.108,-0.034,-0.042,-0.39,-2.42,13.66,-0.32,0.33,0.008,0.288,0.010,1520,1448,1521,1494,10.00,10.06,19.94,19.88
1787303441.833,19.994,True,1,1.004,0.948,0.435,-0.468,9.339,9.331,0.298,0.990,-0.373,0.994,-0.368,0.109,-0.030,-0.051,-0.37,-1.93,13.61,-0.21,0.35,0.017,0.238,0.012,1521,1453,1521,1497,10.00,10.06,-0.16,-0.21
1787303441.843,20.004,True,1,1.004,0.951,0.435,-0.457,9.350,9.343,0.298,0.990,-0.373,0.994,-0.368,0.109,-0.030,-0.051,-0.37,-1.93,13.61,-0.21,0.35,0.017,0.238,0.012,1521,1453,1521,1497,10.00,10.06,9.84,9.79
1787303441.853,20.014,True,1,1.004,0.954,0.435,-0.445,9.362,9.354,0.299,0.990,-0.373,0.994,-0.368,0.109,-0.030,-0.051,-0.37,-1.93,13.61,-0.21,0.35,0.017,0.238,0.012,1521,1453,1521,1497,10.00,10.06,19.84,19.79
1787303441.863,20.024,True,1,1.004,0.957,0.435,-0.434,9.373,9.366,0.299,0.990,-0.373,0.994,-0.368,0.109,-0.030,-0.051,-0.37,-1.93,13.61,-0.21,0.35,0.017,0.238,0.012,1521,1453,1521,1498,10.00,10.06,29.84,29.79
1787303441.873,20.034,True,1,1.004,0.960,0.435,-0.422,9.385,9.377,0.299,0.990,-0.373,0.994,-0.369,0.109,-0.030,-0.051,-0.37,-1.93,13.61,-0.21,0.35,0.018,0.238,0.012,1521,1453,1521,1498,10.00,10.06,39.84,39.79
1787303441.883,20.045,True,1,1.030,0.963,0.362,-0.299,9.508,9.505,0.303,0.990,-0.372,0.994,-0.369,0.108,-0.030,-0.036,-0.38,-1.10,13.53,-0.36,0.37,0.002,0.154,0.015,1520,1462,1522,1503,10.00,10.06,-0.35,-0.40
1787303441.893,20.054,True,1,1.030,0.966,0.362,-0.288,9.519,9.516,0.304,0.990,-0.372,0.994,-0.369,0.108,-0.030,-0.036,-0.38,-1.10,13.53,-0.36,0.37,0.002,0.154,0.015,1520,1462,1522,1503,10.00,10.06,9.65,9.60
1787303441.903,20.064,True,1,1.030,0.969,0.362,-0.276,9.531,9.529,0.304,0.990,-0.372,0.993,-0.369,0.108,-0.030,-0.036,-0.33,-0.77,13.50,-0.36,0.37,-0.003,0.120,0.016,1479,1466,1522,1504,9.99,10.06,-0.06,19.60
1787303441.913,20.074,True,1,1.030,0.972,0.362,-0.265,9.542,9.540,0.305,0.990,-0.372,0.993,-0.369,0.108,-0.030,-0.036,-0.33,-0.77,13.50,-0.36,0.37,-0.003,0.120,0.016,1479,1466,1522,1504,10.00,10.06,9.94,29.60
1787303441.923,20.084,True,1,1.030,0.975,0.362,-0.253,9.554,9.552,0.305,0.990,-0.372,0.993,-0.369,0.108,-0.030,-0.036,-0.33,-0.77,13.50,-0.36,0.37,-0.003,0.120,0.016,1479,1466,1522,1505,10.00,10.06,19.94,39.60
1787303441.933,20.094,True,1,1.030,0.978,0.362,-0.242,9.565,9.563,0.305,0.990,-0.372,0.993,-0.369,0.108,-0.030,-0.036,-0.33,-0.77,13.50,-0.36,0.37,-0.003,0.120,0.016,1479,1466,1522,1505,10.00,10.06,29.94,49.60
1787303441.943,20.104,True,1,1.030,0.981,0.362,-0.230,9.577,9.575,0.306,0.990,-0.372,0.993,-0.369,0.108,-0.030,-0.036,-0.33,-0.77,13.50,-0.36,0.37,-0.003,0.120,0.016,1479,1466,1522,1506,10.00,10.07,39.94,59.60
1787303441.953,20.114,True,1,1.030,0.984,0.362,-0.219,9.588,9.586,0.306,0.990,-0.372,0.993,-0.370,0.108,-0.030,-0.036,-0.33,-0.77,13.50,-0.36,0.37,-0.003,0.120,0.016,1479,1466,1522,1506,10.00,10.06,49.94,69.60
1787303441.963,20.125,True,1,1.058,0.987,0.311,-0.163,9.644,9.644,0.308,0.988,-0.373,0.993,-0.370,0.107,-0.013,-0.043,-0.24,0.68,13.35,-0.25,0.54,-0.001,-0.015,0.022,1479,1521,1523,1508,10.00,10.06,-0.52,-0.47
1787303441.973,20.134,True,1,1.058,0.990,0.311,-0.152,9.655,9.655,0.308,0.988,-0.373,0.992,-0.370,0.107,-0.013,-0.043,-0.24,0.68,13.35,-0.25,0.54,-0.001,-0.015,0.022,1479,1521,1523,1508,10.00,10.07,9.49,9.53
1787303441.983,20.144,True,1,1.058,0.993,0.311,-0.140,9.667,9.667,0.309,0.988,-0.373,0.992,-0.370,0.107,-0.013,-0.043,-0.24,0.68,13.35,-0.25,0.54,-0.001,-0.015,0.022,1479,1521,1523,1509,9.99,10.06,19.48,19.53
1787303441.993,20.154,True,1,1.067,0.996,0.292,-0.109,9.698,9.697,0.310,0.988,-0.372,0.992,-0.370,0.108,-0.023,-0.019,-0.36,1.08,13.28,-0.52,0.48,-0.018,-0.063,0.025,1478,1526,1523,1510,10.00,10.06,-0.22,-0.17
1787303442.003,20.164,True,1,1.067,0.999,0.292,-0.098,9.709,9.709,0.310,0.988,-0.372,0.992,-0.370,0.108,-0.023,-0.019,-0.36,1.08,13.28,-0.52,0.48,-0.018,-0.063,0.025,1478,1526,1523,1510,10.00,10.07,9.79,9.83
1787303442.013,20.174,True,1,1.067,1.002,0.292,-0.087,9.721,9.720,0.310,0.988,-0.372,0.992,-0.370,0.108,-0.023,-0.019,-0.36,1.08,13.28,-0.52,0.48,-0.018,-0.063,0.025,1478,1527,1523,1511,9.99,10.06,19.78,19.83
1787303442.023,20.184,True,1,1.067,1.005,0.292,-0.075,9.732,9.731,0.311,0.988,-0.372,0.992,-0.370,0.108,-0.023,-0.019,-0.36,1.08,13.28,-0.52,0.48,-0.018,-0.063,0.025,1478,1527,1523,1511,10.00,10.06,29.79,29.83
1787303442.033,20.194,True,1,1.067,1.008,0.292,-0.064,9.743,9.743,0.311,0.988,-0.372,0.992,-0.370,0.108,-0.023,-0.019,-0.36,1.08,13.28,-0.52,0.48,-0.018,-0.063,0.025,1478,1527,1523,1512,10.00,10.06,39.78,39.83
1787303442.043,20.205,True,1,1.083,1.011,0.253,0.000,9.808,9.806,0.313,0.988,-0.371,0.991,-0.370,0.108,-0.027,-0.022,-0.41,1.55,13.15,-0.50,0.43,-0.010,-0.118,0.030,1478,1533,1524,1514,10.00,10.06,-0.31,-0.36
1787303442.053,20.214,True,1,1.083,1.014,0.253,0.012,9.819,9.817,0.313,0.988,-0.371,0.991,-0.370,0.108,-0.027,-0.022,-0.41,1.55,13.15,-0.50,0.43,-0.010,-0.118,0.030,1478,1533,1524,1514,10.00,10.06,9.69,9.64
1787303442.063,20.224,True,1,1.090,1.017,0.260,-0.026,9.782,9.780,0.312,0.988,-0.371,0.991,-0.370,0.108,-0.011,-0.038,-0.42,1.76,13.04,-0.30,0.56,0.011,-0.125,0.035,1521,1533,1524,1513,10.00,10.06,-0.17,-0.12
1787303442.073,20.234,True,1,1.090,1.020,0.260,-0.014,9.793,9.791,0.312,0.988,-0.371,0.991,-0.370,0.108,-0.011,-0.038,-0.42,1.76,13.04,-0.30,0.56,0.011,-0.126,0.035,1521,1533,1524,1513,10.00,10.06,9.83,9.88
1787303442.083,20.244,True,1,1.090,1.023,0.260,-0.003,9.804,9.802,0.313,0.988,-0.371,0.991,-0.370,0.108,-0.011,-0.038,-0.42,1.76,13.04,-0.30,0.56,0.011,-0.126,0.035,1521,1533,1524,1514,10.00,10.06,19.83,19.88
1787303442.093,20.254,True,1,1.090,1.026,0.260,0.008,9.816,9.814,0.313,0.988,-0.371,0.991,-0.370,0.108,-0.011,-0.038,-0.42,1.76,13.04,-0.30,0.56,0.011,-0.126,0.035,1521,1533,1524,1514,10.00,10.06,29.83,29.88
1787303442.103,20.264,True,1,1.090,1.029,0.260,0.020,9.827,9.825,0.314,0.988,-0.371,0.991,-0.370,0.108,-0.011,-0.038,-0.42,1.76,13.04,-0.30,0.56,0.011,-0.126,0.035,1521,1533,1524,1515,10.00,10.06,39.83,39.88
1787303442.113,20.275,True,1,1.102,1.032,0.241,0.041,9.848,9.844,0.314,0.986,-0.371,0.991,-0.370,0.108,-0.035,-0.031,-0.51,1.93,12.90,-0.42,0.33,0.007,-0.168,0.040,1520,1538,1525,1515,10.00,10.06,-0.31,-0.26
1787303442.123,20.284,True,1,1.113,1.035,0.251,-0.019,9.788,9.784,0.312,0.985,-0.371,0.990,-0.370,0.106,-0.031,-0.035,-0.61,1.92,12.83,-0.38,0.36,0.022,-0.164,0.043,1522,1538,1525,1513,10.00,10.06,-0.11,-0.16
1787303442.133,20.294,True,1,1.113,1.038,0.251,-0.008,9.799,9.795,0.313,0.985,-0.371,0.990,-0.370,0.106,-0.031,-0.035,-0.61,1.92,12.83,-0.38,0.36,0.022,-0.164,0.043,1522,1538,1525,1514,10.00,10.06,9.89,9.84
1787303442.143,20.304,True,1,1.113,1.041,0.251,0.003,9.810,9.807,0.313,0.985,-0.371,0.990,-0.370,0.106,-0.031,-0.035,-0.71,1.83,12.79,-0.38,0.36,0.033,-0.155,0.044,1523,1537,1526,1514,10.00,10.06,-0.06,19.84
1787303442.153,20.314,True,1,1.113,1.044,0.251,0.014,9.821,9.818,0.313,0.985,-0.371,0.990,-0.371,0.106,-0.031,-0.035,-0.71,1.83,12.79,-0.38,0.36,0.033,-0.155,0.044,1523,1537,1526,1514,10.00,10.06,9.94,29.84
1787303442.163,20.324,True,1,1.113,1.047,0.251,0.026,9.833,9.829,0.314,0.985,-0.371,0.990,-0.371,0.106,-0.031,-0.035,-0.71,1.83,12.79,-0.38,0.35,0.033,-0.155,0.044,1523,1537,1526,1515,10.00,10.06,19.94,39.84
1787303442.173,20.334,True,1,1.113,1.050,0.251,0.037,9.844,9.841,0.314,0.985,-0.371,0.990,-0.371,0.106,-0.031,-0.035,-0.71,1.83,12.79,-0.38,0.35,0.033,-0.155,0.044,1523,1537,1526,1515,10.00,10.06,29.94,49.84
1787303442.183,20.345,True,1,1.132,1.053,0.231,0.030,9.837,9.834,0.314,0.982,-0.371,0.989,-0.371,0.105,-0.034,-0.046,-0.90,1.60,12.65,-0.28,0.30,0.064,-0.137,0.050,1527,1535,1526,1515,10.00,10.06,-0.30,-0.35
1787303442.193,20.354,True,1,1.132,1.056,0.231,0.041,9.848,9.845,0.314,0.982,-0.371,0.989,-0.371,0.105,-0.034,-0.046,-0.90,1.60,12.65,-0.28,0.30,0.064,-0.137,0.050,1527,1535,1526,1515,10.00,10.06,9.70,9.65
1787303442.203,20.364,True,1,1.136,1.059,0.221,0.063,9.870,9.867,0.315,0.982,-0.371,0.989,-0.371,0.104,-0.057,-0.028,-0.97,1.38,12.62,-0.51,0.10,0.047,-0.134,0.052,1525,1534,1527,1516,10.00,10.06,-0.17,-0.12
1787303442.213,20.374,True,1,1.136,1.062,0.221,0.074,9.881,9.879,0.315,0.982,-0.371,0.989,-0.371,0.104,-0.057,-0.028,-0.97,1.38,12.62,-0.51,0.10,0.047,-0.134,0.052,1525,1534,1527,1517,10.00,10.06,9.84,9.89
1787303442.223,20.384,True,1,1.136,1.065,0.221,0.086,9.893,9.890,0.316,0.982,-0.371,0.988,-0.371,0.104,-0.057,-0.028,-0.97,1.38,12.62,-0.51,0.10,0.047,-0.134,0.052,1525,1534,1527,1517,10.00,10.06,19.83,19.88
1787303442.233,20.394,True,1,1.136,1.068,0.221,0.097,9.904,9.901,0.316,0.982,-0.371,0.988,-0.371,0.104,-0.057,-0.028,-0.97,1.38,12.62,-0.51,0.10,0.047,-0.135,0.052,1525,1534,1527,1517,10.00,10.06,29.83,29.88
1787303442.243,20.404,True,1,1.136,1.071,0.221,0.108,9.915,9.912,0.316,0.982,-0.371,0.988,-0.371,0.104,-0.057,-0.028,-0.97,1.38,12.62,-0.51,0.10,0.047,-0.135,0.052,1525,1534,1527,1518,10.00,10.06,39.84,39.88
1787303442.253,20.414,True,1,1.136,1.074,0.221,0.120,9.927,9.924,0.317,0.982,-0.371,0.988,-0.371,0.104,-0.057,-0.028,-0.97,1.38,12.62,-0.51,0.10,0.047,-0.135,0.052,1525,1534,1527,1518,10.00,10.06,49.84,49.89
1787303442.263,20.424,True,1,1.136,1.077,0.221,0.131,9.938,9.935,0.317,0.982,-0.371,0.988,-0.371,0.104,-0.057,-0.028,-0.97,1.38,12.62,-0.51,0.10,0.047,-0.135,0.052,1525,1534,1527,1519,10.00,10.06,59.83,59.88
1787303442.273,20.435,True,1,1.159,1.080,0.226,0.037,9.844,9.842,0.314,0.978,-0.373,0.987,-0.371,0.101,-0.034,-0.059,-1.24,0.64,12.57,-0.15,0.26,0.114,-0.040,0.055,1532,1524,1527,1515,10.00,10.06,-0.41,-0.45
1787303442.283,20.444,True,1,1.159,1.083,0.226,0.048,9.855,9.853,0.314,0.978,-0.373,0.987,-0.371,0.101,-0.034,-0.059,-1.24,0.64,12.57,-0.15,0.26,0.114,-0.040,0.055,1532,1524,1527,1516,10.01,10.07,9.60,9.55
1787303442.293,20.454,True,1,1.162,1.086,0.232,0.033,9.839,9.837,0.314,0.978,-0.373,0.987,-0.371,0.101,-0.039,-0.063,-1.34,0.45,12.57,-0.13,0.20,0.127,-0.027,0.055,1534,1522,1527,1515,10.00,10.06,-0.15,-0.11
1787303442.303,20.464,True,1,1.162,1.089,0.232,0.044,9.851,9.848,0.314,0.978,-0.373,0.986,-0.371,0.101,-0.039,-0.063,-1.34,0.45,12.57,-0.13,0.20,0.127,-0.027,0.055,1534,1523,1527,1516,10.00,10.06,9.85,9.89
1787303442.313,20.474,True,1,1.162,1.092,0.232,0.055,9.862,9.860,0.315,0.978,-0.373,0.986,-0.371,0.101,-0.039,-0.063,-1.34,0.45,12.57,-0.13,0.20,0.127,-0.027,0.055,1534,1523,1527,1516,10.00,10.06,19.85,19.89
1787303442.323,20.484,True,1,1.162,1.095,0.232,0.066,9.873,9.871,0.315,0.978,-0.373,0.986,-0.371,0.101,-0.039,-0.063,-1.34,0.45,12.57,-0.13,0.20,0.127,-0.027,0.055,1534,1523,1527,1516,10.00,10.06,29.85,29.89
1787303442.333,20.494,True,1,1.162,1.098,0.232,0.078,9.885,9.882,0.315,0.978,-0.373,0.986,-0.371,0.101,-0.039,-0.063,-1.34,0.45,12.57,-0.13,0.20,0.126,-0.027,0.055,1533,1523,1527,1517,10.00,10.06,39.85,39.90
1787303442.343,20.504,True,1,1.162,1.101,0.232,0.089,9.896,9.894,0.316,0.978,-0.373,0.985,-0.371,0.101,-0.039,-0.063,-1.34,0.45,12.57,-0.13,0.20,0.126,-0.028,0.055,1533,1523,1527,1517,10.00,10.06,49.85,49.90
1787303442.353,20.514,True,1,1.162,1.104,0.232,0.101,9.907,9.905,0.316,0.978,-0.373,0.985,-0.371,0.101,-0.039,-0.063,-1.34,0.45,12.57,-0.13,0.20,0.126,-0.028,0.055,1533,1523,1527,1518,10.00,10.06,59.85,59.89
1787303442.363,20.524,True,1,1.162,1.107,0.232,0.112,9.919,9.917,0.317,0.978,-0.373,0.985,-0.371,0.101,-0.039,-0.063,-1.34,0.45,12.57,-0.13,0.20,0.126,-0.028,0.055,1533,1523,1527,1518,10.00,10.06,69.85,69.89
1787303442.373,20.535,True,1,1.184,1.110,0.221,0.066,9.873,9.870,0.315,0.975,-0.377,0.984,-0.372,0.095,-0.032,-0.073,-1.18,-0.23,12.67,-0.01,0.23,0.123,0.048,0.053,1533,1474,1527,1516,10.00,10.06,-0.50,-0.55
1787303442.383,20.544,True,1,1.184,1.113,0.221,0.077,9.884,9.882,0.315,0.975,-0.377,0.984,-0.372,0.095,-0.032,-0.073,-1.18,-0.23,12.67,-0.01,0.23,0.123,0.048,0.053,1533,1474,1527,1517,10.00,10.06,9.50,9.45
1787303442.393,20.554,True,1,1.184,1.116,0.221,0.089,9.895,9.893,0.316,0.975,-0.377,0.984,-0.372,0.095,-0.032,-0.073,-1.18,-0.23,12.67,-0.01,0.23,0.123,0.048,0.053,1533,1474,1527,1517,10.00,10.06,19.49,19.45
1787303442.403,20.564,True,1,1.184,1.119,0.221,0.100,9.907,9.904,0.316,0.975,-0.377,0.984,-0.372,0.095,-0.032,-0.073,-1.18,-0.23,12.67,-0.01,0.23,0.123,0.047,0.053,1533,1474,1527,1518,10.00,10.06,29.50,29.45
1787303442.413,20.574,True,1,1.184,1.122,0.221,0.111,9.918,9.916,0.316,0.975,-0.377,0.983,-0.372,0.095,-0.032,-0.073,-1.18,-0.23,12.67,-0.01,0.23,0.123,0.047,0.053,1533,1474,1527,1518,10.00,10.06,39.49,39.45
1787303442.423,20.584,True,1,1.184,1.125,0.221,0.123,9.929,9.927,0.317,0.975,-0.377,0.983,-0.372,0.095,-0.032,-0.073,-1.18,-0.23,12.67,-0.01,0.23,0.123,0.047,0.053,1533,1474,1527,1518,10.00,10.06,49.49,49.45
1787303442.433,20.594,True,1,1.184,1.128,0.221,0.134,9.941,9.938,0.317,0.975,-0.377,0.983,-0.373,0.095,-0.032,-0.073,-1.18,-0.23,12.67,-0.01,0.22,0.123,0.047,0.053,1533,1474,1527,1519,10.00,10.06,59.49,59.45
1787303442.443,20.605,True,1,1.202,1.131,0.199,0.138,9.945,9.941,0.317,0.972,-0.381,0.982,-0.373,0.091,-0.025,-0.079,-1.24,-0.52,12.83,0.06,0.29,0.137,0.083,0.046,1535,1470,1526,1519,10.00,10.06,-0.46,-0.51
1787303442.453,20.614,True,1,1.202,1.134,0.199,0.149,9.956,9.952,0.318,0.972,-0.381,0.982,-0.373,0.091,-0.025,-0.079,-1.24,-0.52,12.83,0.06,0.28,0.137,0.083,0.046,1535,1470,1526,1519,10.00,10.07,9.55,9.50
1787303442.463,20.624,True,1,1.202,1.137,0.199,0.161,9.967,9.964,0.318,0.972,-0.381,0.982,-0.373,0.091,-0.025,-0.079,-1.24,-0.52,12.83,0.06,0.28,0.137,0.083,0.046,1535,1470,1526,1520,10.00,10.06,19.54,19.49
1787303442.473,20.634,True,1,1.202,1.140,0.199,0.172,9.979,9.975,0.318,0.972,-0.381,0.981,-0.374,0.091,-0.025,-0.079,-1.24,-0.52,12.83,0.06,0.28,0.137,0.083,0.046,1535,1470,1526,1520,10.00,10.06,29.54,29.49
1787303442.483,20.645,True,1,1.207,1.143,0.206,0.146,9.953,9.949,0.318,0.971,-0.381,0.981,-0.374,0.090,-0.007,-0.080,-1.26,-0.57,12.98,0.12,0.46,0.145,0.107,0.040,1536,1468,1525,1519,10.00,10.06,-0.34,-0.22
1787303442.493,20.654,True,1,1.207,1.146,0.206,0.158,9.965,9.960,0.318,0.971,-0.381,0.981,-0.374,0.090,-0.007,-0.080,-1.26,-0.57,12.98,0.12,0.45,0.145,0.106,0.040,1536,1468,1525,1520,10.00,10.06,9.67,9.79
1787303442.503,20.664,True,1,1.207,1.149,0.206,0.169,9.976,9.972,0.318,0.971,-0.381,0.980,-0.374,0.090,-0.007,-0.080,-1.26,-0.57,12.98,0.12,0.45,0.145,0.106,0.040,1536,1468,1525,1520,10.00,10.06,19.66,19.79
1787303442.513,20.674,True,1,1.207,1.152,0.206,0.181,9.988,9.983,0.319,0.971,-0.381,0.980,-0.375,0.090,-0.007,-0.080,-1.26,-0.57,12.98,0.12,0.45,0.145,0.106,0.040,1536,1468,1525,1520,10.00,10.06,29.66,29.78
1787303442.523,20.684,True,1,1.207,1.155,0.206,0.192,9.999,9.995,0.319,0.971,-0.381,0.980,-0.375,0.090,-0.007,-0.080,-1.26,-0.57,12.98,0.12,0.45,0.145,0.106,0.040,1536,1468,1525,1521,10.00,10.06,39.66,39.78
1787303442.533,20.695,True,1,1.218,1.158,0.198,0.182,9.989,9.985,0.319,0.969,-0.382,0.979,-0.375,0.089,-0.005,-0.076,-1.22,-0.60,13.20,0.09,0.47,0.137,0.112,0.031,1535,1467,1524,1520,10.00,10.06,-0.30,-0.35
1787303442.543,20.704,True,1,1.218,1.161,0.198,0.194,10.001,9.996,0.319,0.969,-0.382,0.979,-0.375,0.089,-0.005,-0.076,-1.22,-0.60,13.20,0.09,0.47,0.137,0.112,0.031,1535,1467,1524,1521,10.00,10.07,9.70,9.65
1787303442.553,20.714,True,1,1.218,1.164,0.198,0.205,10.012,10.008,0.319,0.969,-0.382,0.979,-0.375,0.089,-0.005,-0.076,-1.22,-0.60,13.20,0.09,0.47,0.137,0.112,0.031,1535,1467,1524,1521,9.99,10.06,19.69,19.64
1787303442.563,20.724,True,1,1.218,1.167,0.198,0.217,10.024,10.019,0.320,0.969,-0.382,0.978,-0.376,0.089,-0.005,-0.076,-1.22,-0.60,13.20,0.09,0.47,0.137,0.111,0.031,1535,1467,1524,1522,10.00,10.06,29.69,29.65
1787303442.573,20.734,True,1,1.218,1.170,0.198,0.228,10.035,10.031,0.320,0.969,-0.382,0.978,-0.376,0.089,-0.005,-0.076,-1.22,-0.60,13.20,0.09,0.47,0.137,0.111,0.031,1535,1467,1524,1522,10.00,10.06,39.69,39.64
1787303442.583,20.745,True,1,1.231,1.173,0.203,0.170,9.977,9.973,0.318,0.970,-0.384,0.978,-0.376,0.087,0.018,-0.111,-0.99,-0.28,13.46,0.50,0.61,0.156,0.094,0.019,1537,1469,1522,1520,10.00,10.06,-0.38,-0.43
1787303442.593,20.754,True,1,1.231,1.176,0.203,0.181,9.989,9.984,0.319,0.970,-0.384,0.978,-0.376,0.087,0.018,-0.111,-0.99,-0.28,13.46,0.50,0.61,0.156,0.093,0.019,1537,1469,1522,1520,10.00,10.06,9.62,9.57
1787303442.603,20.764,True,1,1.237,1.179,0.170,0.270,10.077,10.074,0.322,0.970,-0.385,0.977,-0.377,0.086,0.005,-0.080,-0.98,-0.23,13.53,0.15,0.55,0.118,0.082,0.015,1533,1470,1522,1524,10.00,10.06,-0.07,-0.12
1787303442.613,20.774,True,1,1.237,1.182,0.170,0.281,10.088,10.085,0.322,0.970,-0.385,0.977,-0.377,0.086,0.005,-0.080,-0.98,-0.23,13.53,0.15,0.55,0.119,0.082,0.015,1533,1470,1522,1524,10.00,10.06,9.93,9.88
1787303442.623,20.784,True,1,1.237,1.185,0.170,0.292,10.100,10.097,0.322,0.970,-0.385,0.977,-0.377,0.086,0.005,-0.080,-0.98,-0.23,13.53,0.15,0.55,0.119,0.081,0.015,1533,1470,1522,1524,10.00,10.06,19.93,19.88
1787303442.633,20.794,True,1,1.237,1.188,0.170,0.304,10.111,10.108,0.323,0.970,-0.385,0.977,-0.377,0.086,0.005,-0.080,-0.98,-0.23,13.53,0.15,0.55,0.119,0.081,0.015,1533,1470,1522,1525,10.00,10.06,29.93,29.88
1787303442.643,20.805,True,1,1.248,1.191,0.185,0.230,10.037,10.035,0.320,0.971,-0.388,0.976,-0.378,0.084,0.021,-0.090,-0.60,0.04,13.68,0.30,0.68,0.094,0.067,0.008,1530,1472,1521,1522,10.00,10.06,-0.26,-0.31
1787303442.653,20.814,True,1,1.248,1.194,0.185,0.241,10.048,10.047,0.321,0.971,-0.388,0.976,-0.378,0.084,0.021,-0.090,-0.60,0.04,13.68,0.30,0.68,0.094,0.067,0.008,1530,1472,1521,1523,10.00,10.06,9.74,9.69
1787303442.663,20.824,True,1,1.251,1.197,0.189,0.225,10.033,10.031,0.320,0.972,-0.390,0.976,-0.379,0.084,0.036,-0.101,-0.33,0.22,13.72,0.45,0.80,0.082,0.061,0.006,1529,1473,1520,1522,10.00,10.06,-0.05,-0.10
1787303442.673,20.834,True,1,1.251,1.200,0.189,0.236,10.044,10.043,0.321,0.972,-0.390,0.976,-0.379,0.084,0.036,-0.101,-0.27,0.23,13.76,0.45,0.80,0.076,0.060,0.004,1528,1473,1520,1522,10.00,10.06,-0.06,9.90
1787303442.683,20.844,True,1,1.251,1.203,0.189,0.248,10.056,10.054,0.321,0.972,-0.390,0.976,-0.379,0.084,0.036,-0.101,-0.27,0.23,13.76,0.46,0.80,0.076,0.060,0.004,1528,1473,1520,1523,10.00,10.06,9.94,19.90
1787303442.693,20.854,True,1,1.259,1.206,0.176,0.267,10.075,10.073,0.322,0.973,-0.392,0.976,-0.380,0.083,0.033,-0.105,-0.26,0.24,13.83,0.49,0.76,0.079,0.055,0.001,1528,1473,1520,1524,10.00,10.06,-0.10,-0.15
1787303442.703,20.864,True,1,1.259,1.209,0.176,0.278,10.086,10.085,0.322,0.973,-0.392,0.976,-0.380,0.083,0.033,-0.105,-0.26,0.24,13.83,0.49,0.76,0.079,0.055,0.001,1528,1473,1520,1524,10.00,10.06,9.90,9.85
1787303442.713,20.874,True,1,1.259,1.212,0.176,0.290,10.098,10.096,0.322,0.973,-0.392,0.976,-0.381,0.083,0.033,-0.105,-0.26,0.24,13.83,0.49,0.76,0.079,0.055,0.001,1528,1473,1520,1524,10.00,10.06,19.90,19.85
1787303442.723,20.884,True,1,1.259,1.215,0.176,0.301,10.109,10.108,0.323,0.973,-0.392,0.975,-0.381,0.083,0.033,-0.105,-0.26,0.24,13.83,0.49,0.76,0.079,0.055,0.001,1528,1473,1520,1525,10.00,10.06,29.90,29.85
1787303442.733,20.894,True,1,1.259,1.218,0.176,0.313,10.121,10.120,0.323,0.973,-0.392,0.975,-0.381,0.083,0.033,-0.105,-0.26,0.24,13.83,0.49,0.76,0.079,0.055,0.001,1528,1473,1520,1525,10.00,10.06,39.90,39.85
1787303442.743,20.905,True,1,1.277,1.221,0.156,0.310,10.118,10.118,0.323,0.976,-0.400,0.975,-0.382,0.080,0.033,-0.098,0.21,0.59,13.95,0.42,0.77,0.022,0.019,-0.005,1522,1477,1479,1525,10.00,10.06,-0.36,-0.41
1787303442.753,20.914,True,1,1.277,1.224,0.156,0.322,10.129,10.129,0.323,0.976,-0.400,0.975,-0.382,0.080,0.033,-0.098,0.21,0.59,13.95,0.43,0.77,0.023,0.018,-0.005,1522,1477,1479,1526,10.00,10.06,9.63,9.59
1787303442.763,20.924,True,1,1.280,1.227,0.176,0.264,10.073,10.072,0.321,0.977,-0.401,0.976,-0.383,0.079,0.047,-0.128,0.32,0.82,14.04,0.77,0.84,0.047,0.002,-0.008,1525,1479,1478,1524,10.00,10.06,-0.17,-0.12
1787303442.773,20.934,True,1,1.280,1.230,0.176,0.275,10.084,10.084,0.322,0.977,-0.401,0.976,-0.384,0.079,0.047,-0.128,0.32,0.82,14.04,0.78,0.84,0.047,0.002,-0.008,1525,1479,1478,1524,10.00,10.06,9.83,9.88
1787303442.783,20.944,True,1,1.280,1.233,0.176,0.287,10.096,10.095,0.322,0.977,-0.401,0.976,-0.384,0.079,0.047,-0.128,0.32,0.82,14.04,0.78,0.84,0.048,0.002,-0.008,1525,1479,1478,1524,10.00,10.06,19.84,19.88
1787303442.793,20.954,True,1,1.280,1.236,0.176,0.298,10.107,10.107,0.323,0.977,-0.401,0.976,-0.385,0.079,0.047,-0.128,0.32,0.82,14.04,0.78,0.84,0.048,0.002,-0.008,1525,1479,1478,1525,10.00,10.06,29.83,29.88
1787303442.803,20.964,True,1,1.280,1.239,0.176,0.310,10.119,10.118,0.323,0.977,-0.401,0.976,-0.385,0.079,0.047,-0.128,0.32,0.82,14.04,0.78,0.84,0.048,0.002,-0.008,1525,1479,1478,1525,10.00,10.06,39.83,39.88
1787303442.813,20.974,True,1,1.280,1.242,0.176,0.322,10.130,10.130,0.323,0.977,-0.401,0.976,-0.386,0.079,0.047,-0.128,0.32,0.82,14.04,0.78,0.84,0.048,0.002,-0.008,1525,1479,1478,1526,10.00,10.06,49.83,49.88
1787303442.823,20.984,True,1,1.280,1.245,0.176,0.333,10.142,10.142,0.324,0.977,-0.401,0.976,-0.386,0.079,0.047,-0.128,0.32,0.82,14.04,0.79,0.84,0.049,0.002,-0.008,1525,1479,1478,1526,10.00,10.06,59.83,59.88
1787303442.833,20.994,True,1,1.280,1.248,0.176,0.345,10.154,10.153,0.324,0.977,-0.401,0.976,-0.387,0.079,0.047,-0.128,0.32,0.82,14.04,0.79,0.83,0.049,0.001,-0.008,1525,1479,1478,1526,10.00,10.06,69.83,69.88
1787303442.843,21.004,True,1,1.280,1.251,0.176,0.357,10.165,10.165,0.324,0.977,-0.401,0.976,-0.387,0.079,0.047,-0.128,0.32,0.82,14.04,0.79,0.83,0.049,0.001,-0.008,1525,1479,1478,1527,10.00,10.06,79.84,79.88
1787303442.854,21.015,True,1,1.296,1.254,0.131,0.436,10.245,10.244,0.327,0.980,-0.408,0.976,-0.388,0.077,0.043,-0.106,1.01,1.39,14.24,0.57,0.84,-0.046,-0.057,-0.016,1474,1526,1477,1530,10.00,10.06,-0.61,-0.56
1787303442.863,21.024,True,1,1.296,1.257,0.131,0.448,10.256,10.255,0.327,0.980,-0.408,0.976,-0.389,0.077,0.043,-0.106,1.01,1.39,14.24,0.57,0.84,-0.046,-0.057,-0.016,1474,1526,1477,1530,10.00,10.06,9.38,9.43
1787303442.873,21.034,True,1,1.296,1.260,0.131,0.460,10.268,10.267,0.328,0.980,-0.408,0.976,-0.389,0.077,0.043,-0.106,1.01,1.39,14.24,0.58,0.84,-0.045,-0.057,-0.016,1474,1526,1477,1530,10.00,10.06,19.39,19.44
1787303442.883,21.044,True,1,1.296,1.263,0.131,0.471,10.279,10.279,0.328,0.980,-0.408,0.976,-0.390,0.077,0.043,-0.106,1.01,1.39,14.24,0.58,0.84,-0.045,-0.057,-0.016,1474,1526,1477,1531,10.00,10.06,29.39,29.43
1787303442.893,21.054,True,1,1.296,1.266,0.131,0.483,10.291,10.290,0.328,0.980,-0.408,0.976,-0.390,0.077,0.043,-0.106,1.01,1.39,14.24,0.58,0.84,-0.045,-0.057,-0.016,1475,1526,1477,1531,10.00,10.06,39.39,39.44
1787303442.903,21.064,True,1,1.296,1.269,0.131,0.495,10.303,10.302,0.329,0.980,-0.408,0.977,-0.391,0.077,0.043,-0.106,1.01,1.39,14.24,0.58,0.84,-0.044,-0.057,-0.016,1475,1526,1477,1532,10.00,10.07,49.39,49.44
1787303442.913,21.074,True,1,1.296,1.272,0.131,0.506,10.315,10.314,0.329,0.980,-0.408,0.977,-0.392,0.077,0.043,-0.106,1.01,1.39,14.24,0.59,0.84,-0.044,-0.058,-0.016,1475,1526,1477,1532,9.99,10.06,59.38,59.43
1787303442.923,21.084,True,1,1.296,1.275,0.131,0.518,10.326,10.326,0.330,0.980,-0.408,0.977,-0.392,0.077,0.043,-0.106,1.01,1.39,14.24,0.59,0.84,-0.044,-0.058,-0.016,1475,1526,1477,1532,10.00,10.06,69.39,69.44
1787303442.934,21.095,True,1,1.309,1.278,0.137,0.463,10.272,10.271,0.328,0.984,-0.415,0.977,-0.393,0.076,0.056,-0.132,1.14,1.46,14.40,0.88,0.91,-0.027,-0.058,-0.023,1477,1526,1476,1531,10.00,10.06,-0.54,-0.59
1787303442.943,21.104,True,1,1.309,1.281,0.137,0.475,10.284,10.283,0.328,0.984,-0.415,0.977,-0.394,0.076,0.056,-0.132,1.14,1.46,14.40,0.89,0.91,-0.026,-0.058,-0.023,1477,1526,1476,1531,10.00,10.07,9.46,9.41
1787303442.953,21.114,True,1,1.309,1.284,0.137,0.486,10.295,10.295,0.329,0.984,-0.415,0.977,-0.394,0.076,0.056,-0.132,1.14,1.46,14.40,0.89,0.91,-0.026,-0.058,-0.023,1477,1526,1476,1531,9.99,10.06,19.46,19.41
1787303442.963,21.124,True,1,1.309,1.287,0.137,0.498,10.307,10.307,0.329,0.984,-0.415,0.978,-0.395,0.076,0.056,-0.132,1.14,1.46,14.40,0.89,0.91,-0.026,-0.058,-0.023,1477,1526,1476,1532,10.00,10.06,29.46,29.41
1787303442.973,21.134,True,1,1.309,1.290,0.137,0.510,10.319,10.318,0.329,0.984,-0.415,0.978,-0.396,0.076,0.056,-0.132,1.14,1.46,14.40,0.89,0.91,-0.025,-0.058,-0.023,1477,1526,1476,1532,10.00,10.06,39.46,39.41
1787303442.983,21.144,True,1,1.309,1.293,0.137,0.522,10.331,10.330,0.330,0.984,-0.415,0.978,-0.396,0.076,0.056,-0.132,1.14,1.46,14.40,0.90,0.91,-0.025,-0.058,-0.023,1477,1526,1476,1533,10.00,10.06,49.46,49.41
1787303442.993,21.154,True,1,1.309,1.296,0.137,0.534,10.343,10.342,0.330,0.984,-0.415,0.978,-0.397,0.076,0.056,-0.132,1.14,1.46,14.40,0.90,0.90,-0.025,-0.058,-0.023,1477,1526,1476,1533,10.00,10.06,59.46,59.41
1787303443.003,21.165,True,1,1.325,1.299,0.077,0.661,10.470,10.469,0.334,0.986,-0.420,0.979,-0.398,0.076,0.042,-0.102,1.11,1.12,14.53,0.58,0.83,-0.055,-0.031,-0.029,1473,1523,1475,1537,10.00,10.06,-0.47,-0.52
1787303443.013,21.174,True,1,1.325,1.302,0.077,0.673,10.481,10.481,0.335,0.986,-0.420,0.979,-0.398,0.076,0.042,-0.102,1.11,1.12,14.53,0.58,0.83,-0.055,-0.030,-0.029,1473,1523,1475,1538,10.00,10.06,9.53,9.48
1787303443.023,21.184,True,1,1.325,1.305,0.077,0.685,10.493,10.493,0.335,0.986,-0.420,0.979,-0.399,0.076,0.042,-0.102,1.11,1.12,14.53,0.59,0.83,-0.054,-0.030,-0.029,1473,1523,1475,1538,10.00,10.06,19.53,19.48
1787303443.033,21.194,True,1,1.325,1.308,0.077,0.697,10.505,10.504,0.335,0.986,-0.420,0.979,-0.400,0.076,0.042,-0.102,1.11,1.12,14.53,0.59,0.83,-0.054,-0.030,-0.029,1473,1523,1475,1539,10.00,10.06,29.53,29.48
1787303443.043,21.204,True,1,1.325,1.311,0.077,0.708,10.517,10.516,0.336,0.986,-0.420,0.979,-0.401,0.076,0.042,-0.102,1.11,1.12,14.53,0.59,0.83,-0.054,-0.030,-0.029,1474,1523,1475,1539,10.00,10.06,39.53,39.48
1787303443.053,21.214,True,1,1.325,1.314,0.077,0.720,10.529,10.528,0.336,0.986,-0.420,0.980,-0.401,0.076,0.042,-0.102,1.11,1.12,14.53,0.60,0.83,-0.053,-0.030,-0.029,1474,1523,1475,1540,10.00,10.06,49.53,49.48
1787303443.063,21.224,True,1,1.325,1.317,0.077,0.732,10.541,10.540,0.336,0.986,-0.420,0.980,-0.402,0.076,0.042,-0.102,1.11,1.12,14.53,0.60,0.83,-0.053,-0.030,-0.029,1474,1523,1475,1540,10.00,10.06,59.53,59.48
1787303443.073,21.235,True,1,1.336,1.320,0.082,0.687,10.495,10.495,0.335,0.987,-0.425,0.980,-0.403,0.075,0.038,-0.114,0.95,0.78,14.66,0.71,0.76,-0.025,-0.003,-0.035,1477,1520,1475,1538,10.00,10.06,-0.47,-0.42
1787303443.083,21.244,True,1,1.339,1.323,0.070,0.723,10.531,10.530,0.336,0.987,-0.426,0.980,-0.403,0.075,0.026,-0.086,1.02,0.76,14.65,0.42,0.72,-0.063,-0.005,-0.035,1473,1520,1475,1540,10.01,10.07,-0.11,-0.06
1787303443.093,21.254,True,1,1.342,1.326,0.062,0.745,10.553,10.553,0.337,0.987,-0.427,0.981,-0.404,0.074,0.026,-0.097,1.02,0.76,14.65,0.53,0.69,-0.051,-0.008,-0.035,1474,1520,1475,1540,9.99,10.06,9.88,-0.05
1787303443.103,21.264,True,1,1.342,1.329,0.062,0.757,10.565,10.565,0.337,0.987,-0.427,0.981,-0.405,0.074,0.026,-0.097,1.02,0.76,14.65,0.53,0.69,-0.051,-0.008,-0.035,1474,1520,1475,1541,10.00,10.06,19.88,9.95
1787303443.113,21.274,True,1,1.342,1.332,0.062,0.769,10.577,10.577,0.338,0.987,-0.427,0.981,-0.406,0.074,0.026,-0.097,1.02,0.76,14.65,0.54,0.69,-0.050,-0.008,-0.035,1474,1520,1475,1541,10.00,10.06,29.89,19.95
1787303443.123,21.284,True,1,1.342,1.335,0.062,0.781,10.589,10.589,0.338,0.987,-0.427,0.981,-0.406,0.074,0.026,-0.097,1.02,0.76,14.65,0.54,0.69,-0.050,-0.008,-0.035,1474,1520,1475,1542,10.00,10.06,39.88,29.95
1787303443.133,21.294,True,1,1.342,1.338,0.062,0.793,10.601,10.601,0.338,0.987,-0.427,0.981,-0.407,0.074,0.026,-0.097,1.02,0.76,14.65,0.55,0.69,-0.049,-0.008,-0.035,1474,1520,1475,1542,10.00,10.06,49.88,39.95
1787303443.143,21.304,True,1,1.342,1.341,0.062,0.805,10.613,10.613,0.339,0.987,-0.427,0.982,-0.408,0.074,0.026,-0.097,1.02,0.76,14.65,0.55,0.69,-0.049,-0.008,-0.035,1474,1520,1475,1542,10.00,10.06,59.88,49.95
1787303443.154,21.315,True,1,1.354,1.344,0.059,0.777,10.585,10.585,0.338,0.988,-0.432,0.982,-0.408,0.073,0.022,-0.107,0.66,0.49,14.91,0.64,0.63,-0.003,0.014,-0.047,1479,1478,1473,1542,10.00,10.06,-0.88,-0.83
1787303443.163,21.324,True,1,1.354,1.347,0.059,0.789,10.597,10.597,0.338,0.988,-0.432,0.982,-0.409,0.073,0.022,-0.107,0.66,0.49,14.91,0.64,0.63,-0.002,0.014,-0.047,1479,1478,1473,1542,10.00,10.06,9.12,9.17
1787303443.173,21.334,True,1,1.357,1.350,0.059,0.787,10.595,10.595,0.338,0.988,-0.434,0.982,-0.410,0.073,0.026,-0.095,0.57,0.46,14.92,0.55,0.69,-0.002,0.024,-0.047,1479,1477,1473,1542,10.00,10.06,-0.11,-0.16
1787303443.183,21.344,True,1,1.357,1.353,0.059,0.799,10.607,10.607,0.339,0.988,-0.434,0.982,-0.411,0.073,0.026,-0.095,0.57,0.46,14.92,0.55,0.69,-0.002,0.024,-0.047,1479,1477,1473,1542,10.00,10.06,9.89,9.84
1787303443.193,21.354,True,1,1.357,1.356,0.059,0.811,10.619,10.619,0.339,0.988,-0.434,0.983,-0.412,0.073,0.026,-0.095,0.57,0.46,14.92,0.56,0.69,-0.001,0.024,-0.047,1479,1477,1473,1543,10.00,10.06,19.89,19.84
1787303443.203,21.364,True,1,1.357,1.359,0.059,0.823,10.631,10.631,0.339,0.988,-0.434,0.983,-0.412,0.073,0.026,-0.095,0.57,0.46,14.92,0.56,0.69,-0.001,0.024,-0.047,1479,1477,1473,1543,10.00,10.06,29.89,29.84
1787303443.213,21.374,True,1,1.357,1.362,0.059,0.835,10.643,10.643,0.340,0.988,-0.434,0.983,-0.413,0.073,0.026,-0.095,0.57,0.46,14.92,0.56,0.69,-0.000,0.024,-0.047,1479,1477,1473,1544,10.00,10.06,39.89,39.84
1787303443.223,21.384,True,1,1.357,1.365,0.059,0.847,10.655,10.655,0.340,0.988,-0.434,0.983,-0.414,0.073,0.026,-0.095,0.57,0.46,14.92,0.57,0.69,-0.000,0.024,-0.047,1479,1477,1473,1544,10.00,10.06,49.89,49.84
1787303443.233,21.394,True,1,1.357,1.368,0.059,0.860,10.668,10.667,0.340,0.988,-0.434,0.983,-0.415,0.073,0.026,-0.095,0.57,0.46,14.92,0.57,0.69,0.000,0.024,-0.047,1520,1477,1473,1544,10.00,10.06,59.89,59.84
1787303443.243,21.405,True,1,1.364,1.371,0.054,0.861,10.669,10.668,0.340,0.989,-0.438,0.984,-0.415,0.073,0.020,-0.095,-0.17,0.11,15.11,0.56,0.64,0.077,0.055,-0.055,1528,1473,1472,1544,10.00,10.06,-0.45,-0.41
1787303443.253,21.414,True,1,1.364,1.374,0.054,0.873,10.681,10.680,0.341,0.989,-0.438,0.984,-0.416,0.073,0.020,-0.095,-0.17,0.11,15.11,0.56,0.64,0.077,0.055,-0.055,1528,1473,1472,1545,10.00,10.06,9.55,9.60
1787303443.263,21.424,True,1,1.367,1.377,0.090,0.766,10.575,10.572,0.337,0.990,-0.441,0.984,-0.417,0.073,0.036,-0.128,-0.16,0.15,15.14,0.93,0.71,0.115,0.059,-0.056,1532,1473,1472,1541,10.00,10.06,-0.11,-0.16
1787303443.273,21.434,True,1,1.367,1.380,0.090,0.778,10.587,10.585,0.338,0.990,-0.441,0.984,-0.418,0.073,0.036,-0.128,-0.16,0.15,15.14,0.94,0.71,0.115,0.059,-0.056,1532,1473,1472,1542,10.00,10.06,9.89,9.84
1787303443.283,21.444,True,1,1.367,1.383,0.090,0.790,10.599,10.597,0.338,0.990,-0.441,0.984,-0.418,0.073,0.036,-0.128,-0.16,0.15,15.14,0.94,0.71,0.115,0.059,-0.056,1532,1473,1472,1542,10.00,10.06,19.89,19.84
1787303443.293,21.454,True,1,1.367,1.386,0.090,0.803,10.611,10.609,0.339,0.990,-0.441,0.984,-0.419,0.073,0.036,-0.128,-0.16,0.15,15.14,0.94,0.71,0.116,0.059,-0.056,1532,1473,1472,1542,10.00,10.06,29.89,29.84
1787303443.303,21.464,True,1,1.367,1.389,0.090,0.815,10.624,10.621,0.339,0.990,-0.441,0.985,-0.420,0.073,0.036,-0.128,-0.16,0.15,15.14,0.95,0.71,0.116,0.059,-0.056,1532,1473,1472,1543,10.00,10.06,39.89,39.84
1787303443.313,21.474,True,1,1.367,1.392,0.090,0.827,10.636,10.633,0.339,0.990,-0.441,0.985,-0.421,0.073,0.036,-0.128,-0.16,0.15,15.14,0.95,0.71,0.117,0.059,-0.056,1532,1473,1472,1543,10.00,10.06,49.89,49.84
1787303443.323,21.484,True,1,1.367,1.395,0.090,0.839,10.648,10.646,0.340,0.990,-0.441,0.985,-0.421,0.073,0.036,-0.128,-0.16,0.15,15.14,0.95,0.71,0.117,0.059,-0.056,1532,1473,1472,1544,10.00,10.06,59.89,59.84
1787303443.333,21.495,True,1,1.373,1.398,0.105,0.781,10.590,10.586,0.338,0.992,-0.446,0.985,-0.422,0.074,0.047,-0.124,-0.48,-0.01,15.08,0.95,0.83,0.149,0.088,-0.053,1536,1470,1472,1542,10.00,10.06,-0.52,-0.57
1787303443.343,21.504,True,1,1.373,1.401,0.105,0.793,10.603,10.598,0.338,0.992,-0.446,0.985,-0.423,0.074,0.047,-0.124,-0.48,-0.01,15.08,0.95,0.83,0.150,0.088,-0.053,1536,1470,1472,1542,10.00,10.06,9.49,9.44
1787303443.353,21.514,True,1,1.373,1.404,0.105,0.806,10.615,10.611,0.339,0.992,-0.446,0.986,-0.424,0.074,0.047,-0.124,-0.48,-0.01,15.08,0.96,0.83,0.150,0.088,-0.053,1536,1470,1472,1542,10.00,10.06,19.48,19.43
1787303443.363,21.524,True,1,1.373,1.407,0.105,0.818,10.627,10.623,0.339,0.992,-0.446,0.986,-0.424,0.074,0.047,-0.124,-0.48,-0.01,15.08,0.96,0.83,0.151,0.088,-0.053,1536,1470,1472,1543,10.00,10.06,29.48,29.43
1787303443.373,21.534,True,1,1.373,1.410,0.105,0.830,10.640,10.635,0.339,0.992,-0.446,0.986,-0.425,0.074,0.047,-0.124,-0.48,-0.01,15.08,0.96,0.83,0.151,0.088,-0.053,1536,1470,1472,1543,10.00,10.06,39.48,39.43
1787303443.383,21.544,True,1,1.373,1.413,0.105,0.843,10.652,10.648,0.340,0.992,-0.446,0.986,-0.426,0.074,0.047,-0.124,-0.48,-0.01,15.08,0.97,0.83,0.151,0.088,-0.053,1536,1470,1472,1544,10.00,10.06,49.48,49.43
1787303443.393,21.554,True,1,1.373,1.416,0.105,0.855,10.665,10.660,0.340,0.992,-0.446,0.986,-0.427,0.074,0.047,-0.124,-0.48,-0.01,15.08,0.97,0.83,0.152,0.088,-0.053,1536,1470,1472,1544,10.00,10.06,59.48,59.43
1787303443.403,21.565,True,1,1.384,1.419,0.105,0.825,10.634,10.632,0.339,0.994,-0.451,0.987,-0.427,0.076,0.027,-0.093,-0.25,0.12,14.80,0.64,0.73,0.093,0.065,-0.041,1530,1472,1474,1543,10.00,10.06,-0.46,-0.41
1787303443.413,21.574,True,1,1.384,1.422,0.105,0.838,10.646,10.644,0.340,0.994,-0.451,0.987,-0.428,0.076,0.027,-0.093,-0.25,0.12,14.80,0.64,0.73,0.094,0.065,-0.041,1530,1472,1474,1544,10.00,10.06,9.54,9.59
1787303443.423,21.584,True,1,1.390,1.425,0.134,0.738,10.548,10.545,0.337,0.995,-0.454,0.987,-0.429,0.077,0.051,-0.126,-0.19,0.11,14.77,1.02,0.89,0.127,0.081,-0.040,1534,1470,1474,1540,10.00,10.06,-0.11,-0.16
1787303443.433,21.594,True,1,1.390,1.428,0.134,0.751,10.560,10.558,0.337,0.995,-0.454,0.987,-0.430,0.077,0.051,-0.126,0.08,0.26,14.64,1.02,0.89,0.099,0.066,-0.034,1531,1472,1475,1541,10.00,10.06,-0.06,9.85
1787303443.443,21.604,True,1,1.390,1.431,0.134,0.763,10.573,10.571,0.337,0.995,-0.454,0.988,-0.431,0.077,0.051,-0.126,0.08,0.26,14.64,1.03,0.89,0.100,0.066,-0.034,1531,1472,1475,1541,10.00,10.06,9.94,19.85
1787303443.453,21.614,True,1,1.390,1.434,0.134,0.776,10.585,10.583,0.338,0.995,-0.454,0.988,-0.431,0.077,0.051,-0.126,0.08,0.26,14.64,1.03,0.89,0.100,0.066,-0.034,1531,1472,1475,1541,10.00,10.06,19.94,29.84
1787303443.463,21.624,True,1,1.390,1.437,0.134,0.788,10.598,10.596,0.338,0.995,-0.454,0.988,-0.432,0.077,0.051,-0.126,0.08,0.26,14.64,1.04,0.89,0.101,0.066,-0.034,1531,1472,1475,1542,10.00,10.06,29.94,39.85
1787303443.473,21.634,True,1,1.390,1.440,0.134,0.801,10.610,10.608,0.339,0.995,-0.454,0.988,-0.433,0.077,0.051,-0.126,0.08,0.26,14.64,1.04,0.89,0.101,0.066,-0.034,1531,1472,1475,1542,10.00,10.06,39.94,49.85
1787303443.483,21.644,True,1,1.390,1.443,0.134,0.813,10.623,10.621,0.339,0.995,-0.454,0.989,-0.434,0.077,0.051,-0.126,0.08,0.26,14.64,1.04,0.89,0.101,0.066,-0.034,1531,1472,1475,1543,10.00,10.06,49.94,59.84
1787303443.493,21.654,True,1,1.390,1.446,0.134,0.826,10.635,10.633,0.339,0.995,-0.454,0.989,-0.434,0.077,0.051,-0.126,0.08,0.26,14.64,1.05,0.89,0.102,0.066,-0.034,1531,1472,1475,1543,10.00,10.06,59.93,69.84
1787303443.503,21.665,True,1,1.412,1.449,0.188,0.585,10.395,10.394,0.332,0.999,-0.463,0.989,-0.435,0.082,0.058,-0.130,0.69,0.48,14.29,1.13,0.97,0.046,0.051,-0.020,1525,1474,1477,1535,10.00,10.06,-0.48,-0.52
1787303443.513,21.674,True,1,1.412,1.452,0.188,0.597,10.407,10.407,0.332,0.999,-0.463,0.990,-0.436,0.082,0.058,-0.130,0.69,0.48,14.29,1.14,0.97,0.047,0.051,-0.020,1525,1474,1477,1535,10.00,10.06,9.53,9.48
1787303443.523,21.684,True,1,1.412,1.455,0.188,0.609,10.420,10.419,0.333,0.999,-0.463,0.990,-0.437,0.082,0.058,-0.130,0.69,0.48,14.29,1.14,0.97,0.047,0.051,-0.020,1525,1474,1477,1536,10.00,10.06,19.52,19.48
1787303443.533,21.694,True,1,1.412,1.458,0.188,0.622,10.432,10.431,0.333,0.999,-0.463,0.990,-0.438,0.082,0.058,-0.130,0.69,0.48,14.29,1.15,0.97,0.048,0.051,-0.020,1525,1474,1477,1536,10.00,10.06,29.52,29.48
1787303443.543,21.704,True,1,1.412,1.461,0.188,0.634,10.445,10.444,0.333,0.999,-0.463,0.991,-0.439,0.082,0.058,-0.130,0.69,0.48,14.29,1.15,0.97,0.048,0.051,-0.020,1525,1474,1477,1537,10.00,10.06,39.52,39.48
1787303443.553,21.715,True,1,1.429,1.464,0.204,0.533,10.343,10.343,0.330,1.002,-0.469,0.991,-0.440,0.085,0.044,-0.110,1.14,0.87,13.88,0.94,0.91,-0.021,0.004,-0.002,1477,1479,1479,1533,10.00,10.06,-0.36,-0.41
1787303443.563,21.724,True,1,1.429,1.467,0.204,0.546,10.355,10.355,0.331,1.002,-0.469,0.991,-0.441,0.085,0.044,-0.110,1.14,0.87,13.88,0.94,0.91,-0.021,0.004,-0.002,1477,1479,1479,1534,10.00,10.07,9.64,9.59
1787303443.573,21.734,True,1,1.429,1.470,0.204,0.558,10.368,10.367,0.331,1.002,-0.469,0.992,-0.442,0.085,0.044,-0.110,1.30,0.97,13.73,0.95,0.91,-0.037,-0.006,0.006,1475,1520,1520,1534,9.99,10.06,-0.06,19.58
1787303443.583,21.744,True,1,1.433,1.473,0.235,0.459,10.269,10.269,0.328,1.003,-0.470,0.992,-0.443,0.086,0.055,-0.129,1.33,1.02,13.66,1.17,0.98,-0.017,-0.004,0.008,1478,1520,1521,1531,10.00,10.06,-0.10,-0.05
1787303443.593,21.754,True,1,1.433,1.476,0.235,0.471,10.282,10.282,0.328,1.003,-0.470,0.992,-0.444,0.086,0.055,-0.129,1.33,1.02,13.66,1.17,0.98,-0.017,-0.004,0.008,1478,1520,1521,1531,10.00,10.06,9.90,9.95
1787303443.603,21.764,True,1,1.433,1.479,0.235,0.484,10.294,10.294,0.329,1.003,-0.470,0.993,-0.445,0.086,0.055,-0.129,1.33,1.02,13.66,1.18,0.99,-0.016,-0.004,0.008,1478,1520,1521,1531,10.00,10.06,19.90,19.95
1787303443.613,21.774,True,1,1.433,1.482,0.235,0.496,10.307,10.307,0.329,1.003,-0.470,0.993,-0.445,0.086,0.055,-0.129,1.33,1.02,13.66,1.18,0.99,-0.016,-0.004,0.008,1478,1520,1521,1532,10.00,10.06,29.89,29.95
1787303443.623,21.784,True,1,1.433,1.485,0.235,0.509,10.319,10.319,0.329,1.003,-0.470,0.993,-0.446,0.086,0.055,-0.129,1.33,1.02,13.66,1.19,0.99,-0.015,-0.004,0.008,1478,1520,1521,1532,10.00,10.06,39.90,39.95
1787303443.633,21.795,True,1,1.457,1.488,0.285,0.279,10.088,10.086,0.322,1.006,-0.476,0.994,-0.447,0.091,0.038,-0.096,1.88,1.60,13.06,0.85,0.93,-0.109,-0.069,0.037,1467,1527,1525,1524,10.00,10.06,-0.41,-0.36
1787303443.643,21.804,True,1,1.457,1.491,0.285,0.292,10.101,10.098,0.322,1.006,-0.476,0.994,-0.448,0.091,0.038,-0.096,1.88,1.60,13.06,0.85,0.93,-0.108,-0.069,0.037,1467,1527,1525,1524,10.00,10.06,9.58,9.63
1787303443.653,21.814,True,1,1.468,1.494,0.294,0.232,10.041,10.039,0.320,1.007,-0.478,0.995,-0.449,0.092,0.038,-0.103,1.93,1.62,12.94,0.93,0.93,-0.105,-0.072,0.042,1468,1527,1525,1522,10.00,10.06,-0.13,-0.17
1787303443.663,21.824,True,1,1.468,1.497,0.294,0.244,10.054,10.051,0.321,1.007,-0.478,0.995,-0.450,0.092,0.038,-0.103,1.93,1.62,12.94,0.94,0.93,-0.105,-0.072,0.042,1468,1527,1525,1523,10.00,10.06,9.88,9.83
1787303443.673,21.834,True,1,1.468,1.500,0.294,0.257,10.066,10.064,0.321,1.007,-0.478,0.995,-0.451,0.092,0.038,-0.103,1.93,1.62,12.94,0.94,0.93,-0.104,-0.071,0.042,1468,1527,1525,1523,10.00,10.06,19.87,19.82
1787303443.683,21.844,True,1,1.468,1.503,0.294,0.269,10.078,10.076,0.322,1.007,-0.478,0.996,-0.452,0.092,0.038,-0.103,1.93,1.62,12.94,0.95,0.93,-0.104,-0.071,0.042,1468,1527,1525,1524,10.00,10.06,29.87,29.82
1787303443.693,21.854,True,1,1.468,1.506,0.294,0.281,10.091,10.089,0.322,1.007,-0.478,0.996,-0.453,0.092,0.038,-0.103,1.93,1.62,12.94,0.95,0.93,-0.103,-0.071,0.042,1468,1527,1525,1524,10.00,10.06,39.87,39.82
1787303443.703,21.864,True,1,1.468,1.509,0.294,0.294,10.103,10.101,0.322,1.007,-0.478,0.996,-0.454,0.092,0.038,-0.103,1.93,1.62,12.94,0.96,0.93,-0.103,-0.071,0.042,1468,1527,1525,1525,10.00,10.06,49.87,49.82
1787303443.713,21.874,True,1,1.468,1.512,0.294,0.306,10.116,10.114,0.323,1.007,-0.478,0.997,-0.454,0.092,0.038,-0.103,1.93,1.62,12.94,0.96,0.93,-0.102,-0.071,0.042,1468,1527,1525,1525,10.00,10.06,59.87,59.82
1787303443.723,21.885,True,1,1.495,1.515,0.341,0.066,9.875,9.871,0.315,1.008,-0.482,0.997,-0.455,0.094,0.026,-0.101,2.12,1.99,12.25,0.94,0.84,-0.126,-0.117,0.074,1466,1532,1530,1516,10.00,10.06,-0.45,-0.41
1787303443.733,21.894,True,1,1.495,1.518,0.341,0.078,9.887,9.883,0.315,1.008,-0.482,0.998,-0.456,0.094,0.026,-0.101,2.12,1.99,12.25,0.95,0.84,-0.126,-0.117,0.074,1466,1532,1530,1517,10.00,10.06,9.54,9.59
1787303443.743,21.904,True,1,1.513,1.521,0.362,-0.039,9.769,9.764,0.312,1.008,-0.483,0.998,-0.457,0.095,0.020,-0.084,2.21,2.14,12.00,0.77,0.84,-0.154,-0.133,0.086,1462,1534,1531,1512,10.00,10.06,-0.11,-0.16
1787303443.753,21.914,True,1,1.513,1.524,0.362,-0.027,9.781,9.776,0.312,1.008,-0.483,0.998,-0.458,0.095,0.020,-0.084,2.18,2.10,11.89,0.77,0.84,-0.151,-0.128,0.090,1463,1534,1532,1513,10.00,10.06,-0.06,9.84
1787303443.763,21.924,True,1,1.519,1.527,0.350,-0.007,9.802,9.796,0.313,1.008,-0.484,0.999,-0.459,0.095,0.019,-0.099,2.25,2.25,11.77,0.93,0.80,-0.142,-0.148,0.097,1464,1536,1533,1514,10.00,10.06,-0.10,-0.05
1787303443.773,21.934,True,1,1.519,1.530,0.350,0.005,9.814,9.808,0.313,1.008,-0.484,0.999,-0.460,0.095,0.019,-0.099,2.25,2.25,11.77,0.93,0.80,-0.142,-0.147,0.097,1464,1536,1533,1514,10.00,10.06,9.91,9.96
1787303443.783,21.944,True,1,1.519,1.533,0.350,0.017,9.826,9.820,0.313,1.008,-0.484,0.999,-0.460,0.095,0.019,-0.099,2.25,2.25,11.77,0.94,0.80,-0.141,-0.147,0.097,1464,1536,1533,1514,10.00,10.06,19.90,19.95
1787303443.793,21.954,True,1,1.519,1.536,0.350,0.029,9.838,9.833,0.314,1.008,-0.484,0.999,-0.461,0.095,0.019,-0.099,2.25,2.25,11.77,0.95,0.80,-0.140,-0.147,0.097,1464,1536,1533,1515,10.00,10.06,29.90,29.95
1787303443.803,21.964,True,1,1.519,1.539,0.350,0.042,9.850,9.845,0.314,1.008,-0.484,1.000,-0.462,0.095,0.019,-0.099,2.25,2.25,11.77,0.95,0.80,-0.140,-0.147,0.097,1464,1536,1533,1515,10.00,10.06,39.90,39.95
1787303443.813,21.974,True,1,1.519,1.542,0.350,0.054,9.863,9.857,0.315,1.008,-0.484,1.000,-0.463,0.095,0.019,-0.099,2.25,2.25,11.77,0.95,0.81,-0.139,-0.147,0.097,1464,1536,1533,1516,10.00,10.06,49.90,49.96
1787303443.823,21.985,True,1,1.547,1.545,0.371,-0.110,9.698,9.691,0.309,1.008,-0.489,1.000,-0.464,0.096,-0.007,-0.068,2.07,2.25,11.22,0.59,0.62,-0.159,-0.166,0.121,1462,1538,1536,1510,10.00,10.06,-0.40,-0.35
1787303443.833,21.994,True,1,1.547,1.548,0.371,-0.098,9.710,9.703,0.310,1.008,-0.489,1.001,-0.464,0.096,-0.007,-0.068,2.07,2.25,11.22,0.60,0.62,-0.158,-0.166,0.121,1462,1538,1536,1510,10.00,10.06,9.60,9.65
1787303443.843,22.004,True,1,1.547,1.551,0.371,-0.086,9.722,9.715,0.310,1.008,-0.489,1.001,-0.465,0.096,-0.007,-0.068,2.07,2.25,11.22,0.60,0.62,-0.158,-0.166,0.121,1462,1538,1536,1511,10.00,10.06,19.60,19.65
1787303443.853,22.014,True,1,1.547,1.554,0.371,-0.074,9.734,9.727,0.310,1.008,-0.489,1.001,-0.466,0.096,-0.007,-0.068,2.07,2.25,11.22,0.61,0.62,-0.157,-0.166,0.121,1462,1538,1536,1511,10.00,10.06,29.60,29.65
1787303443.863,22.024,True,1,1.547,1.557,0.371,-0.061,9.746,9.739,0.311,1.008,-0.489,1.001,-0.467,0.096,-0.007,-0.068,2.07,2.25,11.22,0.61,0.62,-0.157,-0.166,0.121,1462,1538,1536,1512,10.00,10.06,39.60,39.65
1787303443.873,22.034,True,1,1.547,1.560,0.371,-0.049,9.758,9.751,0.311,1.008,-0.489,1.002,-0.468,0.096,-0.007,-0.068,2.07,2.25,11.22,0.62,0.62,-0.156,-0.166,0.121,1462,1538,1536,1512,10.00,10.06,49.60,49.65
1787303443.883,22.044,True,1,1.547,1.563,0.371,-0.037,9.771,9.764,0.312,1.008,-0.489,1.002,-0.468,0.096,-0.007,-0.068,2.07,2.25,11.22,0.62,0.62,-0.156,-0.166,0.121,1462,1538,1536,1512,10.00,10.06,59.60,59.65
1787303443.893,22.054,True,1,1.547,1.566,0.371,-0.025,9.783,9.776,0.312,1.008,-0.489,1.002,-0.469,0.096,-0.007,-0.068,2.07,2.25,11.22,0.63,0.62,-0.155,-0.166,0.121,1462,1538,1536,1513,10.00,10.06,69.60,69.65
1787303443.903,22.065,True,1,1.591,1.569,0.396,-0.262,9.545,9.541,0.305,1.007,-0.492,1.002,-0.470,0.097,-0.031,-0.062,1.46,1.92,10.67,0.53,0.41,-0.102,-0.155,0.143,1468,1537,1539,1504,10.00,10.06,-0.50,-0.55
1787303443.913,22.074,True,1,1.591,1.572,0.396,-0.250,9.557,9.552,0.305,1.007,-0.492,1.002,-0.470,0.097,-0.031,-0.062,1.46,1.92,10.67,0.53,0.41,-0.102,-0.155,0.143,1468,1537,1539,1505,10.00,10.06,9.50,9.45
1787303443.923,22.084,True,1,1.591,1.575,0.396,-0.238,9.569,9.564,0.305,1.007,-0.492,1.002,-0.471,0.097,-0.031,-0.062,1.46,1.92,10.67,0.54,0.41,-0.101,-0.155,0.143,1468,1537,1539,1505,10.00,10.06,19.50,19.45
1787303443.933,22.094,True,1,1.591,1.578,0.396,-0.227,9.581,9.576,0.306,1.007,-0.492,1.003,-0.472,0.097,-0.031,-0.062,1.46,1.92,10.67,0.54,0.41,-0.101,-0.155,0.143,1468,1537,1539,1506,10.00,10.06,29.50,29.45
1787303443.943,22.104,True,1,1.591,1.581,0.396,-0.215,9.593,9.588,0.306,1.007,-0.492,1.003,-0.473,0.097,-0.031,-0.062,1.46,1.92,10.67,0.55,0.41,-0.100,-0.155,0.143,1468,1537,1539,1506,10.00,10.06,39.50,39.45
1787303443.953,22.114,True,1,1.591,1.584,0.396,-0.203,9.605,9.600,0.306,1.007,-0.492,1.003,-0.473,0.097,-0.031,-0.062,1.46,1.92,10.67,0.55,0.41,-0.100,-0.155,0.143,1468,1537,1539,1506,10.00,10.06,49.50,49.45
1787303443.963,22.124,True,1,1.591,1.587,0.396,-0.191,9.617,9.612,0.307,1.007,-0.492,1.003,-0.474,0.097,-0.031,-0.062,1.46,1.92,10.67,0.56,0.41,-0.099,-0.155,0.143,1468,1537,1539,1507,10.00,10.06,59.50,59.45
1787303443.973,22.135,True,1,1.633,1.590,0.418,-0.414,9.394,9.392,0.300,1.004,-0.494,1.003,-0.474,0.095,-0.029,-0.055,1.03,1.44,10.34,0.51,0.46,-0.059,-0.100,0.155,1473,1531,1541,1499,10.00,10.06,-0.47,-0.52
1787303443.983,22.144,True,1,1.633,1.593,0.418,-0.402,9.405,9.404,0.300,1.004,-0.494,1.003,-0.475,0.095,-0.029,-0.055,1.03,1.44,10.34,0.51,0.46,-0.058,-0.100,0.155,1473,1531,1541,1499,10.00,10.06,9.53,9.48
1787303443.993,22.154,True,1,1.633,1.596,0.418,-0.390,9.417,9.415,0.301,1.004,-0.494,1.003,-0.476,0.095,-0.029,-0.055,1.03,1.44,10.34,0.51,0.46,-0.058,-0.100,0.155,1473,1531,1541,1500,10.00,10.06,19.53,19.48
1787303444.003,22.164,True,1,1.633,1.599,0.418,-0.379,9.429,9.427,0.301,1.004,-0.494,1.003,-0.476,0.095,-0.029,-0.055,1.03,1.44,10.34,0.52,0.46,-0.057,-0.100,0.155,1473,1531,1541,1500,10.00,10.06,29.53,29.48
1787303444.013,22.174,True,1,1.633,1.602,0.418,-0.367,9.440,9.439,0.301,1.004,-0.494,1.003,-0.477,0.095,-0.029,-0.055,1.03,1.44,10.34,0.52,0.46,-0.057,-0.100,0.155,1473,1531,1541,1501,10.00,10.06,39.53,39.48
1787303444.023,22.184,True,1,1.633,1.605,0.418,-0.355,9.452,9.450,0.302,1.004,-0.494,1.003,-0.478,0.095,-0.029,-0.055,1.03,1.44,10.34,0.53,0.46,-0.057,-0.100,0.155,1473,1531,1541,1501,10.00,10.06,49.53,49.48
1787303444.033,22.195,True,1,1.663,1.608,0.425,-0.488,9.320,9.320,0.297,1.002,-0.496,1.003,-0.478,0.094,-0.026,-0.062,0.62,0.76,10.21,0.62,0.48,-0.003,-0.027,0.159,1479,1523,1542,1496,10.00,10.06,-0.37,-0.42
1787303444.043,22.204,True,1,1.663,1.611,0.425,-0.476,9.331,9.331,0.298,1.002,-0.496,1.003,-0.479,0.094,-0.026,-0.062,0.62,0.76,10.21,0.62,0.48,-0.002,-0.027,0.159,1479,1523,1542,1497,10.00,10.06,9.64,9.59
1787303444.053,22.214,True,1,1.675,1.614,0.412,-0.469,9.338,9.338,0.298,1.001,-0.497,1.003,-0.479,0.094,-0.045,-0.049,0.39,0.40,10.24,0.44,0.30,0.005,-0.009,0.158,1520,1521,1541,1497,10.00,10.06,-0.17,-0.22
1787303444.063,22.224,True,1,1.675,1.617,0.412,-0.458,9.349,9.349,0.298,1.001,-0.497,1.003,-0.480,0.094,-0.045,-0.049,0.39,0.40,10.24,0.45,0.30,0.005,-0.009,0.158,1520,1521,1541,1497,10.00,10.06,9.83,9.78
1787303444.073,22.234,True,1,1.675,1.620,0.412,-0.446,9.361,9.361,0.299,1.001,-0.497,1.003,-0.481,0.094,-0.045,-0.049,0.39,0.40,10.24,0.45,0.30,0.006,-0.009,0.158,1520,1521,1541,1498,10.00,10.06,19.83,19.78
1787303444.083,22.244,True,1,1.675,1.623,0.412,-0.435,9.372,9.372,0.299,1.001,-0.497,1.003,-0.481,0.094,-0.045,-0.049,0.39,0.40,10.24,0.46,0.30,0.006,-0.009,0.158,1520,1521,1541,1498,10.00,10.06,29.83,29.78
1787303444.093,22.254,True,1,1.675,1.626,0.412,-0.423,9.384,9.384,0.299,1.001,-0.497,1.003,-0.482,0.094,-0.045,-0.049,0.39,0.40,10.24,0.46,0.30,0.007,-0.010,0.158,1520,1521,1541,1498,10.00,10.06,39.83,39.78
1787303444.103,22.264,True,1,1.675,1.629,0.412,-0.412,9.395,9.395,0.300,1.001,-0.497,1.003,-0.482,0.094,-0.045,-0.049,0.39,0.40,10.24,0.46,0.30,0.007,-0.010,0.158,1520,1521,1541,1499,10.00,10.06,49.83,49.78
1787303444.113,22.275,True,1,1.702,1.632,0.427,-0.556,9.252,9.251,0.295,0.999,-0.497,1.003,-0.483,0.091,-0.030,-0.058,0.21,-0.10,10.39,0.61,0.45,0.042,0.059,0.151,1524,1473,1540,1494,10.00,10.06,-0.36,-0.41
1787303444.123,22.284,True,1,1.702,1.635,0.427,-0.545,9.263,9.262,0.296,0.999,-0.497,1.003,-0.483,0.091,-0.030,-0.058,0.21,-0.10,10.39,0.62,0.45,0.042,0.059,0.151,1524,1473,1540,1494,10.00,10.06,9.64,9.59
1787303444.133,22.294,True,1,1.707,1.638,0.418,-0.524,9.283,9.282,0.296,0.998,-0.497,1.002,-0.484,0.091,-0.027,-0.058,0.12,-0.26,10.51,0.62,0.48,0.053,0.077,0.146,1525,1471,1540,1495,10.00,10.06,-0.17,-0.12
1787303444.143,22.304,True,1,1.707,1.641,0.418,-0.513,9.295,9.294,0.297,0.998,-0.497,1.002,-0.484,0.091,-0.027,-0.058,0.12,-0.26,10.51,0.62,0.47,0.053,0.077,0.146,1525,1471,1540,1495,10.00,10.06,9.84,9.89
1787303444.153,22.314,True,1,1.707,1.644,0.418,-0.501,9.306,9.305,0.297,0.998,-0.497,1.002,-0.484,0.091,-0.027,-0.058,0.12,-0.26,10.51,0.63,0.47,0.053,0.077,0.146,1525,1471,1540,1496,10.00,10.06,19.83,19.88
1787303444.163,22.324,True,1,1.707,1.647,0.418,-0.490,9.318,9.316,0.297,0.998,-0.497,1.002,-0.485,0.091,-0.027,-0.058,0.12,-0.26,10.51,0.63,0.47,0.054,0.077,0.146,1525,1471,1540,1496,10.00,10.06,29.83,29.88
1787303444.173,22.334,True,1,1.707,1.650,0.418,-0.479,9.329,9.328,0.298,0.998,-0.497,1.002,-0.485,0.091,-0.027,-0.058,0.12,-0.26,10.51,0.63,0.47,0.054,0.077,0.146,1525,1471,1540,1496,10.00,10.06,39.83,39.88
1787303444.183,22.345,True,1,1.731,1.653,0.391,-0.485,9.322,9.321,0.298,0.997,-0.499,1.002,-0.486,0.091,-0.034,-0.042,0.18,-0.46,10.86,0.45,0.42,0.030,0.093,0.130,1523,1469,1538,1496,10.00,10.06,-0.32,-0.27
1787303444.193,22.354,True,1,1.731,1.656,0.391,-0.473,9.334,9.333,0.298,0.997,-0.499,1.002,-0.486,0.091,-0.034,-0.042,0.18,-0.46,10.86,0.45,0.42,0.030,0.093,0.130,1523,1469,1538,1497,10.00,10.06,9.68,9.73
1787303444.203,22.364,True,1,1.731,1.659,0.391,-0.462,9.345,9.344,0.298,0.997,-0.499,1.001,-0.487,0.091,-0.034,-0.042,0.18,-0.46,10.86,0.46,0.42,0.030,0.092,0.130,1523,1469,1538,1497,10.00,10.06,19.68,19.73
1787303444.213,22.374,True,1,1.731,1.662,0.391,-0.451,9.356,9.355,0.299,0.997,-0.499,1.001,-0.487,0.091,-0.034,-0.042,0.18,-0.46,10.86,0.46,0.42,0.030,0.092,0.130,1523,1469,1538,1497,10.00,10.06,29.68,29.73
1787303444.223,22.385,True,1,1.745,1.665,0.395,-0.507,9.301,9.299,0.297,0.996,-0.500,1.001,-0.487,0.091,-0.020,-0.050,0.36,-0.47,11.15,0.59,0.55,0.024,0.108,0.117,1522,1468,1536,1495,10.00,10.06,-0.30,-0.26
1787303444.233,22.394,True,1,1.745,1.668,0.395,-0.496,9.312,9.310,0.297,0.996,-0.500,1.001,-0.488,0.091,-0.020,-0.050,0.36,-0.47,11.15,0.59,0.55,0.025,0.108,0.117,1522,1468,1536,1496,10.00,10.06,9.70,9.75
1787303444.243,22.404,True,1,1.745,1.671,0.395,-0.484,9.323,9.322,0.298,0.996,-0.500,1.001,-0.488,0.091,-0.020,-0.050,0.36,-0.47,11.15,0.59,0.55,0.025,0.108,0.117,1522,1468,1536,1496,10.00,10.06,19.70,19.75
1787303444.253,22.414,True,1,1.745,1.674,0.395,-0.473,9.334,9.333,0.298,0.996,-0.500,1.001,-0.489,0.091,-0.020,-0.050,0.36,-0.47,11.15,0.59,0.55,0.025,0.108,0.117,1522,1468,1536,1497,10.00,10.06,29.70,29.74
1787303444.263,22.424,True,1,1.745,1.677,0.395,-0.462,9.346,9.344,0.298,0.996,-0.500,1.000,-0.489,0.091,-0.020,-0.050,0.36,-0.47,11.15,0.60,0.55,0.025,0.107,0.117,1522,1468,1536,1497,10.00,10.06,39.70,39.75
1787303444.273,22.434,True,1,1.745,1.680,0.395,-0.451,9.357,9.355,0.299,0.996,-0.500,1.000,-0.489,0.091,-0.020,-0.050,0.36,-0.47,11.15,0.60,0.55,0.026,0.107,0.117,1522,1468,1536,1497,10.00,10.06,49.70,49.75
1787303444.283,22.444,True,1,1.745,1.683,0.395,-0.439,9.368,9.367,0.299,0.996,-0.500,1.000,-0.490,0.091,-0.020,-0.050,0.36,-0.47,11.15,0.60,0.55,0.026,0.107,0.117,1522,1468,1536,1498,10.00,10.06,59.70,59.75
1787303444.293,22.454,True,1,1.745,1.686,0.395,-0.428,9.380,9.378,0.299,0.996,-0.500,1.000,-0.490,0.091,-0.020,-0.050,0.36,-0.47,11.15,0.60,0.55,0.026,0.107,0.117,1522,1468,1536,1498,10.00,10.06,69.70,69.74
1787303444.303,22.465,True,1,1.784,1.689,0.353,-0.444,9.364,9.362,0.299,0.995,-0.501,1.000,-0.490,0.091,-0.020,-0.042,0.43,-0.30,12.08,0.53,0.55,0.011,0.090,0.077,1521,1470,1530,1498,10.00,10.06,-0.50,-0.55
1787303444.313,22.474,True,1,1.784,1.692,0.353,-0.433,9.375,9.374,0.299,0.995,-0.501,1.000,-0.491,0.091,-0.020,-0.042,0.43,-0.30,12.08,0.53,0.55,0.011,0.090,0.077,1521,1470,1530,1498,10.00,10.06,9.50,9.45
1787303444.323,22.484,True,1,1.784,1.695,0.353,-0.422,9.386,9.385,0.300,0.995,-0.501,1.000,-0.491,0.091,-0.020,-0.042,0.43,-0.30,12.08,0.53,0.55,0.012,0.090,0.077,1521,1470,1530,1499,10.00,10.06,19.50,19.45
1787303444.333,22.494,True,1,1.784,1.698,0.353,-0.411,9.397,9.396,0.300,0.995,-0.501,0.999,-0.491,0.091,-0.020,-0.042,0.43,-0.30,12.08,0.54,0.55,0.012,0.089,0.077,1521,1470,1530,1499,10.00,10.06,29.50,29.45
1787303444.343,22.505,True,1,1.799,1.701,0.349,-0.451,9.356,9.356,0.299,0.995,-0.502,0.999,-0.492,0.091,-0.002,-0.041,0.64,0.08,12.65,0.58,0.74,-0.007,0.070,0.052,1479,1472,1527,1497,10.00,10.06,-0.27,-0.31
1787303444.353,22.514,True,1,1.799,1.704,0.349,-0.440,9.367,9.367,0.299,0.995,-0.502,0.999,-0.492,0.091,-0.002,-0.041,0.64,0.08,12.65,0.58,0.74,-0.006,0.069,0.052,1479,1472,1527,1498,10.00,10.06,9.74,9.69
1787303444.363,22.524,True,1,1.799,1.707,0.349,-0.429,9.379,9.378,0.299,0.995,-0.502,0.999,-0.492,0.091,-0.002,-0.041,0.64,0.08,12.65,0.58,0.74,-0.006,0.069,0.052,1479,1472,1527,1498,10.00,10.06,19.74,19.69
1787303444.373,22.534,True,1,1.799,1.710,0.349,-0.418,9.390,9.389,0.300,0.995,-0.502,0.999,-0.493,0.091,-0.002,-0.041,0.64,0.08,12.65,0.59,0.74,-0.006,0.069,0.052,1479,1472,1527,1499,10.00,10.06,29.73,29.69
1787303444.383,22.545,True,1,1.818,1.713,0.328,-0.421,9.387,9.387,0.300,0.996,-0.504,0.999,-0.493,0.092,-0.009,-0.036,0.64,0.38,13.31,0.52,0.67,-0.012,0.031,0.023,1478,1476,1523,1499,10.00,10.06,-0.25,-0.30
1787303444.393,22.554,True,1,1.818,1.716,0.328,-0.410,9.398,9.398,0.300,0.996,-0.504,0.999,-0.494,0.092,-0.009,-0.036,0.64,0.38,13.31,0.53,0.67,-0.012,0.031,0.023,1478,1476,1523,1499,10.00,10.06,9.75,9.70
1787303444.403,22.564,True,1,1.818,1.719,0.328,-0.399,9.409,9.409,0.300,0.996,-0.504,0.999,-0.494,0.092,-0.009,-0.036,0.64,0.38,13.31,0.53,0.67,-0.012,0.031,0.023,1478,1476,1523,1499,10.00,10.06,19.75,19.70
1787303444.413,22.574,True,1,1.818,1.722,0.328,-0.388,9.420,9.420,0.301,0.996,-0.504,0.999,-0.494,0.092,-0.009,-0.036,0.64,0.38,13.31,0.53,0.67,-0.011,0.031,0.023,1478,1476,1523,1500,10.00,10.06,29.75,29.70
1787303444.423,22.584,True,1,1.818,1.725,0.328,-0.377,9.431,9.431,0.301,0.996,-0.504,0.998,-0.494,0.092,-0.009,-0.036,0.64,0.38,13.31,0.53,0.66,-0.011,0.031,0.023,1478,1476,1523,1500,10.00,10.06,39.75,39.70
1787303444.433,22.594,True,1,1.818,1.728,0.328,-0.366,9.442,9.442,0.301,0.996,-0.504,0.998,-0.495,0.092,-0.009,-0.036,0.64,0.38,13.31,0.54,0.66,-0.011,0.030,0.023,1478,1476,1523,1501,10.00,10.06,49.75,49.70
1787303444.443,22.604,True,1,1.818,1.731,0.328,-0.355,9.453,9.453,0.302,0.996,-0.504,0.998,-0.495,0.092,-0.009,-0.036,0.64,0.38,13.31,0.54,0.66,-0.011,0.030,0.023,1478,1476,1523,1501,10.00,10.06,59.75,59.70
1787303444.453,22.615,True,1,1.843,1.734,0.295,-0.341,9.467,9.467,0.302,0.997,-0.506,0.998,-0.495,0.095,-0.006,-0.039,0.61,0.95,14.51,0.59,0.67,-0.001,-0.029,-0.028,1479,1523,1476,1502,10.00,10.06,-0.37,-0.33
1787303444.463,22.624,True,1,1.848,1.737,0.307,-0.387,9.422,9.422,0.301,0.998,-0.507,0.998,-0.496,0.096,0.016,-0.047,0.58,0.99,14.69,0.75,0.89,0.018,-0.011,-0.037,1522,1521,1474,1500,10.00,10.06,-0.09,-0.05
1787303444.473,22.634,True,1,1.854,1.740,0.300,-0.378,9.430,9.430,0.301,0.998,-0.508,0.998,-0.496,0.097,-0.003,-0.038,0.58,0.99,14.69,0.61,0.71,0.003,-0.030,-0.037,1520,1523,1474,1500,10.00,10.06,9.91,-0.09
1787303444.483,22.644,True,1,1.854,1.743,0.300,-0.367,9.441,9.441,0.301,0.998,-0.508,0.998,-0.497,0.097,-0.003,-0.038,0.58,0.99,14.69,0.61,0.71,0.004,-0.030,-0.037,1520,1523,1474,1501,10.00,10.06,19.91,9.92
1787303444.493,22.654,True,1,1.854,1.746,0.300,-0.356,9.452,9.452,0.302,0.998,-0.508,0.998,-0.497,0.097,-0.003,-0.038,0.58,0.99,14.69,0.61,0.71,0.004,-0.030,-0.037,1520,1523,1474,1501,10.00,10.06,29.91,19.92
1787303444.503,22.664,True,1,1.854,1.749,0.300,-0.345,9.463,9.462,0.302,0.998,-0.508,0.998,-0.497,0.097,-0.003,-0.038,0.58,0.99,14.69,0.62,0.71,0.004,-0.030,-0.037,1520,1523,1474,1501,10.00,10.06,39.91,29.91
1787303444.513,22.674,True,1,1.854,1.752,0.300,-0.334,9.474,9.473,0.302,0.998,-0.508,0.998,-0.498,0.097,-0.003,-0.038,0.58,0.99,14.69,0.62,0.71,0.004,-0.030,-0.037,1520,1523,1474,1502,10.00,10.06,49.91,39.92
1787303444.523,22.684,True,1,1.854,1.755,0.300,-0.323,9.485,9.484,0.303,0.998,-0.508,0.998,-0.498,0.097,-0.003,-0.038,0.58,0.99,14.69,0.62,0.71,0.005,-0.030,-0.037,1520,1523,1474,1502,10.00,10.06,59.91,49.92
1787303444.533,22.694,True,1,1.854,1.758,0.300,-0.312,9.496,9.496,0.303,0.998,-0.508,0.998,-0.498,0.097,-0.003,-0.038,0.58,0.99,14.69,0.62,0.71,0.005,-0.030,-0.037,1520,1523,1474,1503,10.00,10.06,69.91,59.92
1787303444.543,22.705,True,1,1.885,1.761,0.250,-0.277,9.531,9.531,0.304,1.001,-0.513,0.998,-0.499,0.102,0.005,-0.044,0.34,1.28,16.08,0.72,0.75,0.043,-0.056,-0.097,1524,1526,1466,1504,10.00,10.06,-0.48,-0.52
1787303444.553,22.714,True,1,1.885,1.764,0.250,-0.266,9.542,9.542,0.305,1.001,-0.513,0.998,-0.499,0.102,0.005,-0.044,0.34,1.28,16.08,0.73,0.75,0.043,-0.056,-0.097,1524,1526,1466,1504,10.01,10.07,9.53,9.48
1787303444.563,22.724,True,1,1.885,1.767,0.250,-0.255,9.553,9.552,0.305,1.001,-0.513,0.998,-0.500,0.102,0.005,-0.044,0.34,1.28,16.08,0.73,0.75,0.043,-0.056,-0.097,1524,1526,1466,1505,10.00,10.07,19.53,19.48
1787303444.573,22.734,True,1,1.890,1.770,0.254,-0.275,9.533,9.532,0.304,1.002,-0.514,0.999,-0.500,0.103,0.002,-0.043,0.25,1.41,16.70,0.73,0.71,0.053,-0.074,-0.124,1525,1528,1462,1504,9.99,10.06,-0.19,-0.14
1787303444.583,22.744,True,1,1.890,1.773,0.254,-0.265,9.544,9.542,0.305,1.002,-0.514,0.999,-0.501,0.103,0.002,-0.043,0.25,1.41,16.70,0.73,0.71,0.054,-0.074,-0.124,1525,1528,1462,1504,10.00,10.06,9.81,9.86
1787303444.593,22.754,True,1,1.890,1.776,0.254,-0.254,9.554,9.553,0.305,1.002,-0.514,0.999,-0.501,0.103,0.002,-0.043,0.25,1.41,16.70,0.74,0.71,0.054,-0.074,-0.124,1526,1528,1462,1505,10.00,10.06,19.81,19.86
1787303444.603,22.764,True,1,1.890,1.779,0.254,-0.243,9.565,9.564,0.305,1.002,-0.514,0.999,-0.502,0.103,0.002,-0.043,0.25,1.41,16.70,0.74,0.71,0.054,-0.074,-0.124,1526,1528,1462,1505,10.00,10.06,29.81,29.86
1787303444.613,22.774,True,1,1.890,1.782,0.254,-0.232,9.576,9.575,0.306,1.002,-0.514,0.999,-0.502,0.103,0.002,-0.043,0.25,1.41,16.70,0.74,0.71,0.055,-0.074,-0.124,1526,1528,1462,1506,10.00,10.06,39.81,39.86
1787303444.623,22.784,True,1,1.890,1.785,0.254,-0.221,9.587,9.586,0.306,1.002,-0.514,0.999,-0.502,0.103,0.002,-0.043,0.25,1.41,16.70,0.74,0.71,0.055,-0.074,-0.124,1526,1528,1462,1506,10.01,10.07,49.82,49.87
1787303444.633,22.795,True,1,1.914,1.788,0.258,-0.320,9.490,9.488,0.303,1.004,-0.517,0.999,-0.503,0.106,0.022,-0.065,0.17,1.44,17.61,1.06,0.85,0.098,-0.062,-0.164,1530,1526,1457,1502,10.00,10.07,-0.41,-0.46
1787303444.643,22.804,True,1,1.914,1.791,0.258,-0.309,9.500,9.499,0.303,1.004,-0.517,0.999,-0.503,0.106,0.022,-0.065,0.17,1.44,17.61,1.06,0.85,0.098,-0.062,-0.164,1530,1526,1457,1503,9.99,10.06,9.58,9.54
1787303444.653,22.814,True,1,1.914,1.794,0.258,-0.298,9.511,9.510,0.304,1.004,-0.517,0.999,-0.504,0.106,0.022,-0.065,0.17,1.44,17.61,1.07,0.85,0.098,-0.062,-0.164,1530,1526,1457,1503,10.00,10.06,19.59,19.54
1787303444.663,22.824,True,1,1.914,1.797,0.258,-0.287,9.522,9.520,0.304,1.004,-0.517,1.000,-0.504,0.106,0.022,-0.065,0.17,1.44,17.61,1.07,0.85,0.099,-0.062,-0.164,1530,1526,1457,1504,10.00,10.06,29.59,29.54
1787303444.673,22.834,True,1,1.914,1.800,0.258,-0.276,9.533,9.531,0.304,1.004,-0.517,1.000,-0.505,0.106,0.022,-0.065,0.17,1.44,17.61,1.07,0.85,0.099,-0.062,-0.164,1530,1526,1457,1504,10.00,10.06,39.59,39.54
1787303444.683,22.844,True,1,1.914,1.803,0.258,-0.266,9.544,9.542,0.305,1.004,-0.517,1.000,-0.505,0.106,0.022,-0.065,0.17,1.44,17.61,1.08,0.85,0.099,-0.062,-0.164,1531,1526,1457,1504,10.00,10.06,49.59,49.54
1787303444.693,22.854,True,1,1.914,1.806,0.258,-0.255,9.555,9.553,0.305,1.004,-0.517,1.000,-0.505,0.106,0.022,-0.065,0.17,1.44,17.61,1.08,0.85,0.100,-0.062,-0.164,1531,1526,1457,1505,10.00,10.06,59.59,59.54
1787303444.703,22.864,True,1,1.914,1.809,0.258,-0.244,9.566,9.564,0.305,1.004,-0.517,1.000,-0.506,0.106,0.022,-0.065,0.17,1.44,17.61,1.08,0.85,0.100,-0.062,-0.164,1531,1526,1457,1505,10.00,10.06,69.58,69.54
1787303444.713,22.875,True,1,1.936,1.812,0.208,-0.171,9.638,9.637,0.308,1.007,-0.520,1.000,-0.506,0.111,0.018,-0.056,0.17,1.27,18.66,0.98,0.82,0.090,-0.048,-0.209,1530,1525,1450,1508,10.00,10.06,-0.55,-0.51
1787303444.723,22.884,True,1,1.936,1.815,0.208,-0.160,9.649,9.648,0.308,1.007,-0.520,1.001,-0.507,0.111,0.018,-0.056,0.17,1.27,18.66,0.99,0.82,0.091,-0.048,-0.209,1530,1525,1450,1508,10.00,10.06,9.45,9.50
1787303444.733,22.894,True,1,1.936,1.818,0.208,-0.149,9.660,9.659,0.308,1.007,-0.520,1.001,-0.507,0.111,0.018,-0.056,0.17,1.27,18.66,0.99,0.82,0.091,-0.048,-0.209,1530,1525,1450,1509,10.00,10.06,19.45,19.50
1787303444.743,22.904,True,1,1.936,1.821,0.208,-0.138,9.671,9.670,0.309,1.007,-0.520,1.001,-0.508,0.111,0.018,-0.056,0.17,1.27,18.66,0.99,0.82,0.091,-0.048,-0.209,1530,1525,1450,1509,10.00,10.06,29.45,29.49
1787303444.753,22.914,True,1,1.936,1.824,0.208,-0.127,9.682,9.680,0.309,1.007,-0.520,1.001,-0.508,0.111,0.018,-0.056,0.17,1.27,18.66,1.00,0.82,0.092,-0.048,-0.209,1530,1525,1450,1509,10.00,10.06,39.45,39.50
1787303444.763,22.924,True,1,1.936,1.827,0.208,-0.116,9.693,9.691,0.309,1.007,-0.520,1.001,-0.508,0.111,0.018,-0.056,0.17,1.27,18.66,1.00,0.82,0.092,-0.048,-0.209,1530,1525,1450,1510,10.00,10.06,49.45,49.50
1787303444.773,22.934,True,1,1.936,1.830,0.208,-0.105,9.704,9.702,0.310,1.007,-0.520,1.002,-0.509,0.111,0.018,-0.056,0.17,1.27,18.66,1.00,0.82,0.092,-0.048,-0.209,1530,1525,1450,1510,10.00,10.06,59.45,59.50
1787303444.783,22.944,True,1,1.936,1.833,0.208,-0.094,9.715,9.713,0.310,1.007,-0.520,1.002,-0.509,0.111,0.018,-0.056,0.17,1.27,18.66,1.01,0.82,0.093,-0.048,-0.209,1530,1525,1450,1511,10.00,10.06,69.45,69.49
1787303444.794,22.955,True,1,1.962,1.836,0.174,-0.085,9.725,9.724,0.310,1.011,-0.525,1.002,-0.510,0.117,0.026,-0.050,0.22,0.72,19.16,0.98,0.91,0.082,0.019,-0.232,1529,1477,1447,1511,10.00,10.06,-0.60,-0.55
1787303444.803,22.964,True,1,1.962,1.839,0.174,-0.074,9.735,9.735,0.311,1.011,-0.525,1.002,-0.510,0.117,0.026,-0.050,0.22,0.72,19.16,0.99,0.91,0.083,0.019,-0.232,1529,1477,1447,1511,10.00,10.06,9.41,9.45
1787303444.813,22.974,True,1,1.962,1.842,0.174,-0.063,9.746,9.745,0.311,1.011,-0.525,1.003,-0.511,0.117,0.026,-0.050,0.22,0.72,19.16,0.99,0.91,0.083,0.019,-0.232,1529,1477,1447,1512,9.99,10.06,19.40,19.45
1787303444.823,22.984,True,1,1.962,1.845,0.174,-0.052,9.757,9.756,0.311,1.011,-0.525,1.003,-0.511,0.117,0.026,-0.050,0.22,0.72,19.16,0.99,0.91,0.083,0.019,-0.232,1529,1477,1447,1512,10.00,10.06,29.40,29.45
1787303444.833,22.994,True,1,1.962,1.848,0.174,-0.041,9.768,9.767,0.312,1.011,-0.525,1.003,-0.512,0.117,0.026,-0.050,0.22,0.72,19.16,1.00,0.91,0.084,0.019,-0.232,1529,1477,1447,1513,10.00,10.06,39.40,39.45
1787303444.843,23.004,True,1,1.962,1.851,0.174,-0.030,9.779,9.778,0.312,1.011,-0.525,1.003,-0.512,0.117,0.026,-0.050,0.22,0.72,19.16,1.00,0.91,0.084,0.019,-0.232,1529,1477,1447,1513,10.00,10.06,49.40,49.45
1787303444.853,23.014,True,1,1.962,1.854,0.174,-0.020,9.790,9.789,0.312,1.011,-0.525,1.004,-0.513,0.117,0.026,-0.050,0.22,0.72,19.16,1.00,0.91,0.085,0.019,-0.232,1529,1477,1447,1513,10.00,10.06,59.40,59.45
1787303444.863,23.025,True,1,1.984,1.857,0.157,-0.048,9.762,9.761,0.312,1.016,-0.531,1.004,-0.513,0.125,0.039,-0.064,0.57,0.48,19.14,1.20,1.00,0.068,0.052,-0.231,1527,1474,1447,1512,10.00,10.06,-0.42,-0.47
1787303444.873,23.034,True,1,1.987,1.860,0.148,-0.022,9.788,9.787,0.312,1.018,-0.531,1.005,-0.514,0.126,0.041,-0.055,0.59,0.37,19.07,1.12,1.05,0.057,0.069,-0.228,1526,1472,1448,1513,10.00,10.06,-0.05,-0.11
1787303444.883,23.044,True,1,1.987,1.863,0.148,-0.011,9.799,9.798,0.313,1.018,-0.531,1.005,-0.514,0.126,0.041,-0.055,0.59,0.37,19.07,1.12,1.05,0.058,0.069,-0.228,1526,1472,1448,1514,10.00,10.06,9.95,9.89
1787303444.893,23.054,True,1,1.987,1.866,0.148,-0.001,9.810,9.808,0.313,1.018,-0.531,1.005,-0.515,0.126,0.041,-0.055,0.59,0.37,19.07,1.13,1.05,0.058,0.070,-0.228,1526,1472,1448,1514,9.99,10.06,19.94,19.89
1787303444.903,23.064,True,1,1.987,1.869,0.148,0.010,9.820,9.819,0.313,1.018,-0.531,1.006,-0.516,0.126,0.041,-0.055,0.59,0.37,19.07,1.13,1.05,0.059,0.070,-0.228,1526,1472,1448,1514,10.00,10.06,29.95,29.89
1787303444.913,23.074,True,1,1.987,1.872,0.148,0.021,9.831,9.830,0.314,1.018,-0.531,1.006,-0.516,0.126,0.041,-0.055,0.59,0.37,19.07,1.14,1.06,0.059,0.070,-0.228,1526,1472,1448,1515,10.00,10.06,39.95,39.89
1787303444.923,23.084,True,1,1.987,1.875,0.148,0.032,9.842,9.841,0.314,1.018,-0.531,1.007,-0.517,0.126,0.041,-0.055,0.59,0.37,19.07,1.14,1.06,0.059,0.070,-0.228,1526,1472,1448,1515,10.00,10.06,49.95,49.89
1787303444.933,23.094,True,1,1.987,1.878,0.148,0.043,9.853,9.852,0.314,1.018,-0.531,1.007,-0.517,0.126,0.041,-0.055,0.59,0.37,19.07,1.14,1.06,0.060,0.070,-0.228,1526,1472,1448,1516,10.00,10.06,59.95,59.89
1787303444.943,23.105,True,1,2.007,1.881,0.119,0.061,9.871,9.870,0.315,1.024,-0.536,1.008,-0.518,0.134,0.039,-0.042,1.06,0.38,18.58,1.00,1.09,-0.005,0.070,-0.208,1479,1472,1451,1516,10.00,10.06,-0.48,-0.53
1787303444.953,23.114,True,1,2.007,1.884,0.119,0.072,9.882,9.881,0.315,1.024,-0.536,1.008,-0.518,0.134,0.039,-0.042,1.06,0.38,18.58,1.00,1.09,-0.004,0.071,-0.208,1479,1472,1451,1517,10.00,10.07,9.53,9.48
1787303444.963,23.124,True,1,2.007,1.887,0.119,0.082,9.892,9.892,0.316,1.024,-0.536,1.009,-0.519,0.134,0.039,-0.042,1.06,0.38,18.58,1.01,1.09,-0.004,0.071,-0.208,1479,1472,1451,1517,9.99,10.06,19.52,19.47
1787303444.973,23.134,True,1,2.007,1.890,0.119,0.093,9.903,9.903,0.316,1.024,-0.536,1.009,-0.519,0.134,0.039,-0.042,1.06,0.38,18.58,1.01,1.09,-0.003,0.071,-0.208,1479,1472,1451,1517,10.00,10.06,29.52,29.47
1787303444.983,23.144,True,1,2.007,1.893,0.119,0.104,9.914,9.913,0.316,1.024,-0.536,1.010,-0.520,0.134,0.039,-0.042,1.06,0.38,18.58,1.02,1.09,-0.003,0.071,-0.208,1479,1472,1451,1518,10.00,10.06,39.52,39.47
1787303444.993,23.154,True,1,2.007,1.896,0.119,0.115,9.925,9.924,0.317,1.024,-0.536,1.010,-0.521,0.134,0.039,-0.042,1.06,0.38,18.58,1.02,1.10,-0.002,0.071,-0.208,1479,1472,1451,1518,10.00,10.06,49.52,49.47
1787303445.003,23.164,True,1,2.007,1.899,0.119,0.126,9.936,9.935,0.317,1.024,-0.536,1.011,-0.521,0.134,0.039,-0.042,1.06,0.38,18.58,1.03,1.10,-0.002,0.072,-0.208,1479,1472,1451,1519,10.00,10.06,59.52,59.47
1787303445.013,23.175,True,1,2.020,1.902,0.128,0.057,9.868,9.868,0.315,1.028,-0.538,1.011,-0.522,0.139,0.057,-0.063,1.55,0.73,17.68,1.29,1.24,-0.025,0.048,-0.168,1477,1474,1456,1516,10.00,10.06,-0.47,-0.42
1787303445.023,23.184,True,1,2.020,1.905,0.128,0.068,9.879,9.879,0.315,1.028,-0.538,1.012,-0.522,0.139,0.057,-0.063,1.55,0.73,17.68,1.30,1.24,-0.024,0.048,-0.168,1477,1474,1456,1517,10.00,10.06,9.53,9.58
1787303445.033,23.194,True,1,2.026,1.908,0.159,-0.037,9.775,9.775,0.312,1.030,-0.539,1.012,-0.523,0.141,0.064,-0.058,1.65,0.79,17.46,1.29,1.35,-0.036,0.054,-0.159,1476,1474,1457,1513,10.00,10.06,-0.11,-0.17
1787303445.043,23.204,True,1,2.026,1.911,0.159,-0.026,9.786,9.786,0.312,1.030,-0.539,1.013,-0.523,0.141,0.064,-0.058,1.65,0.79,17.46,1.29,1.35,-0.035,0.054,-0.159,1476,1473,1457,1513,10.00,10.06,9.89,9.84
1787303445.053,23.214,True,1,2.026,1.914,0.159,-0.015,9.797,9.796,0.313,1.030,-0.539,1.014,-0.524,0.141,0.064,-0.058,1.65,0.79,17.46,1.30,1.35,-0.035,0.054,-0.159,1476,1473,1457,1514,10.00,10.06,19.89,19.83
1787303445.063,23.224,True,1,2.026,1.917,0.159,-0.004,9.808,9.807,0.313,1.030,-0.539,1.014,-0.524,0.141,0.064,-0.058,1.65,0.79,17.46,1.30,1.36,-0.034,0.054,-0.159,1476,1473,1457,1514,10.00,10.06,29.89,29.84
1787303445.073,23.234,True,1,2.026,1.920,0.159,0.007,9.819,9.818,0.313,1.030,-0.539,1.015,-0.525,0.141,0.064,-0.058,1.65,0.79,17.46,1.30,1.36,-0.034,0.055,-0.159,1476,1473,1457,1514,10.00,10.06,39.89,39.84
1787303445.083,23.244,True,1,2.026,1.923,0.159,0.018,9.830,9.829,0.314,1.030,-0.539,1.015,-0.525,0.141,0.064,-0.058,1.65,0.79,17.46,1.31,1.36,-0.033,0.055,-0.159,1476,1473,1457,1515,10.00,10.06,49.89,49.84
1787303445.093,23.255,True,1,2.037,1.926,0.133,0.066,9.877,9.876,0.315,1.034,-0.540,1.016,-0.526,0.145,0.053,-0.046,1.82,1.10,16.52,1.13,1.30,-0.070,0.017,-0.117,1472,1478,1463,1517,10.00,10.06,-0.36,-0.41
1787303445.103,23.264,True,1,2.037,1.929,0.133,0.077,9.888,9.887,0.316,1.034,-0.540,1.016,-0.526,0.145,0.053,-0.046,1.82,1.10,16.52,1.14,1.31,-0.069,0.018,-0.117,1472,1478,1463,1517,10.00,10.06,9.64,9.59
1787303445.113,23.274,True,1,2.039,1.932,0.126,0.099,9.909,9.908,0.316,1.035,-0.540,1.017,-0.527,0.146,0.048,-0.021,1.87,1.23,16.07,0.87,1.33,-0.103,0.008,-0.097,1468,1479,1466,1518,10.00,10.06,-0.18,-0.13
1787303445.123,23.284,True,1,2.039,1.935,0.126,0.110,9.920,9.919,0.317,1.035,-0.540,1.018,-0.527,0.146,0.048,-0.021,1.87,1.23,16.07,0.87,1.34,-0.102,0.008,-0.097,1468,1479,1466,1518,10.00,10.06,9.82,9.87
1787303445.133,23.294,True,1,2.039,1.938,0.126,0.121,9.931,9.930,0.317,1.035,-0.540,1.018,-0.528,0.146,0.048,-0.021,1.87,1.23,16.07,0.88,1.34,-0.102,0.008,-0.097,1468,1479,1466,1518,10.00,10.06,19.83,19.87
1787303445.143,23.304,True,1,2.039,1.941,0.126,0.132,9.942,9.941,0.317,1.035,-0.540,1.019,-0.528,0.146,0.048,-0.021,1.87,1.23,16.07,0.88,1.34,-0.101,0.008,-0.097,1468,1479,1466,1519,10.00,10.06,29.83,29.87
1787303445.153,23.314,True,1,2.039,1.944,0.126,0.143,9.953,9.952,0.318,1.035,-0.540,1.019,-0.528,0.146,0.048,-0.021,1.87,1.23,16.07,0.88,1.34,-0.101,0.009,-0.097,1468,1479,1466,1519,10.00,10.06,39.82,39.87
1787303445.163,23.324,True,1,2.039,1.947,0.126,0.154,9.964,9.963,0.318,1.035,-0.540,1.020,-0.529,0.146,0.048,-0.021,1.87,1.23,16.07,0.89,1.34,-0.100,0.009,-0.097,1468,1479,1466,1520,10.00,10.06,49.82,49.87
1787303445.173,23.334,True,1,2.039,1.950,0.126,0.165,9.975,9.974,0.318,1.035,-0.540,1.020,-0.529,0.146,0.048,-0.021,1.87,1.23,16.07,0.89,1.35,-0.100,0.009,-0.097,1468,1478,1466,1520,10.00,10.06,59.82,59.87
1787303445.183,23.344,True,1,2.039,1.953,0.126,0.176,9.987,9.985,0.319,1.035,-0.540,1.021,-0.530,0.146,0.048,-0.021,1.87,1.23,16.07,0.89,1.35,-0.100,0.009,-0.097,1468,1478,1466,1520,10.00,10.06,69.82,69.87
1787303445.194,23.355,True,1,2.056,1.956,0.145,0.058,9.869,9.868,0.315,1.042,-0.542,1.022,-0.530,0.152,0.046,-0.020,1.67,1.72,14.38,0.86,1.39,-0.084,-0.036,-0.022,1470,1523,1476,1516,10.00,10.06,-0.60,-0.56
1787303445.203,23.364,True,1,2.056,1.959,0.145,0.069,9.880,9.879,0.315,1.042,-0.542,1.022,-0.530,0.152,0.046,-0.020,1.67,1.72,14.38,0.86,1.39,-0.084,-0.035,-0.022,1470,1523,1476,1517,10.00,10.06,9.39,9.44
1787303445.213,23.374,True,1,2.056,1.962,0.145,0.080,9.891,9.890,0.316,1.042,-0.542,1.023,-0.531,0.152,0.046,-0.020,1.67,1.72,14.38,0.87,1.39,-0.083,-0.035,-0.022,1470,1523,1476,1517,10.00,10.06,19.39,19.44
1787303445.223,23.384,True,1,2.056,1.965,0.145,0.091,9.902,9.901,0.316,1.042,-0.542,1.024,-0.531,0.152,0.046,-0.020,1.67,1.72,14.38,0.87,1.39,-0.083,-0.035,-0.022,1470,1523,1476,1517,10.00,10.06,29.40,29.44
1787303445.233,23.394,True,1,2.056,1.968,0.145,0.103,9.913,9.912,0.316,1.042,-0.542,1.024,-0.532,0.152,0.046,-0.020,1.67,1.72,14.38,0.87,1.40,-0.082,-0.034,-0.022,1470,1523,1476,1518,10.00,10.06,39.40,39.44
1787303445.243,23.404,True,1,2.056,1.971,0.145,0.114,9.924,9.923,0.317,1.042,-0.542,1.025,-0.532,0.152,0.046,-0.020,1.67,1.72,14.38,0.88,1.40,-0.082,-0.034,-0.022,1470,1523,1476,1518,10.00,10.06,49.40,49.45
1787303445.253,23.414,True,1,2.056,1.974,0.145,0.125,9.936,9.935,0.317,1.042,-0.542,1.025,-0.532,0.152,0.046,-0.020,1.67,1.72,14.38,0.88,1.40,-0.082,-0.034,-0.022,1470,1523,1476,1519,10.00,10.06,59.39,59.44
1787303445.263,23.425,True,1,2.075,1.977,0.151,0.047,9.857,9.856,0.315,1.047,-0.544,1.026,-0.533,0.157,0.040,-0.024,1.62,2.11,13.18,0.88,1.36,-0.079,-0.078,0.032,1471,1528,1524,1516,10.00,10.06,-0.41,-0.46
1787303445.273,23.434,True,1,2.077,1.980,0.139,0.082,9.892,9.891,0.316,1.047,-0.544,1.027,-0.533,0.158,0.039,-0.021,1.45,2.13,12.76,0.85,1.37,-0.065,-0.079,0.049,1472,1528,1526,1517,10.00,10.06,-0.05,-0.10
1787303445.283,23.444,True,1,2.077,1.983,0.139,0.093,9.903,9.902,0.316,1.047,-0.544,1.027,-0.533,0.158,0.039,-0.021,1.45,2.13,12.76,0.85,1.37,-0.064,-0.078,0.049,1472,1528,1526,1517,10.00,10.06,9.95,9.90
1787303445.293,23.454,True,1,2.077,1.986,0.139,0.104,9.915,9.913,0.316,1.047,-0.544,1.028,-0.534,0.158,0.039,-0.021,1.45,2.13,12.76,0.85,1.37,-0.064,-0.078,0.049,1472,1528,1526,1518,10.00,10.06,19.95,19.90
1787303445.303,23.464,True,1,2.077,1.989,0.139,0.115,9.926,9.924,0.317,1.047,-0.544,1.029,-0.534,0.158,0.039,-0.021,1.45,2.13,12.76,0.86,1.38,-0.064,-0.077,0.049,1472,1528,1526,1518,10.00,10.06,29.95,29.90
1787303445.313,23.474,True,1,2.077,1.992,0.139,0.126,9.937,9.936,0.317,1.047,-0.544,1.029,-0.534,0.158,0.039,-0.021,1.45,2.13,12.76,0.86,1.38,-0.063,-0.077,0.049,1472,1528,1526,1519,10.00,10.06,39.95,39.90
1787303445.323,23.484,True,1,2.077,1.995,0.139,0.137,9.948,9.947,0.317,1.047,-0.544,1.030,-0.535,0.158,0.039,-0.021,1.45,2.13,12.76,0.86,1.38,-0.063,-0.077,0.049,1472,1528,1526,1519,10.00,10.06,49.95,49.90
1787303445.333,23.494,True,1,2.077,1.998,0.139,0.149,9.959,9.958,0.318,1.047,-0.544,1.031,-0.535,0.158,0.039,-0.021,1.45,2.13,12.76,0.87,1.39,-0.063,-0.077,0.049,1473,1528,1526,1519,10.00,10.06,59.95,59.90
1787303445.343,23.505,True,1,2.096,2.001,0.175,-0.020,9.790,9.789,0.312,1.051,-0.543,1.031,-0.535,0.160,0.033,-0.022,1.09,2.18,11.61,0.85,1.37,-0.029,-0.083,0.099,1476,1529,1533,1513,10.00,10.06,-0.47,-0.51
1787303445.353,23.514,True,1,2.096,2.004,0.175,-0.009,9.801,9.800,0.313,1.051,-0.543,1.032,-0.536,0.160,0.033,-0.022,1.09,2.18,11.61,0.85,1.37,-0.028,-0.083,0.099,1476,1529,1533,1514,10.00,10.07,9.54,9.49
1787303445.363,23.524,True,1,2.096,2.007,0.175,0.002,9.812,9.811,0.313,1.051,-0.543,1.033,-0.536,0.160,0.033,-0.022,1.09,2.18,11.61,0.86,1.38,-0.028,-0.082,0.099,1476,1529,1533,1514,10.00,10.06,19.53,19.49
1787303445.373,23.534,True,1,2.096,2.010,0.175,0.013,9.824,9.823,0.314,1.051,-0.543,1.033,-0.536,0.160,0.033,-0.022,1.09,2.18,11.61,0.86,1.38,-0.028,-0.082,0.099,1476,1529,1533,1515,10.00,10.06,29.53,29.49
1787303445.383,23.544,True,1,2.096,2.013,0.175,0.024,9.835,9.834,0.314,1.051,-0.543,1.034,-0.536,0.160,0.033,-0.022,1.09,2.18,11.61,0.86,1.38,-0.027,-0.082,0.099,1476,1529,1533,1515,10.00,10.06,39.53,39.49
1787303445.393,23.554,True,1,2.096,2.016,0.175,0.035,9.846,9.845,0.314,1.051,-0.543,1.034,-0.537,0.160,0.033,-0.022,1.09,2.18,11.61,0.86,1.39,-0.027,-0.081,0.099,1476,1529,1533,1515,10.00,10.06,49.53,49.49
1787303445.403,23.564,True,1,2.096,2.019,0.175,0.047,9.857,9.856,0.315,1.051,-0.543,1.035,-0.537,0.160,0.033,-0.022,1.09,2.18,11.61,0.87,1.39,-0.027,-0.081,0.099,1476,1529,1533,1516,10.00,10.06,59.53,59.49
1787303445.413,23.575,True,1,2.107,2.022,0.166,0.036,9.846,9.846,0.314,1.053,-0.541,1.036,-0.537,0.161,0.015,-0.029,0.74,1.88,10.50,0.88,1.22,0.010,-0.067,0.147,1521,1527,1540,1515,10.00,10.06,-0.45,-0.41
1787303445.423,23.584,True,1,2.107,2.025,0.166,0.048,9.858,9.857,0.315,1.053,-0.541,1.036,-0.537,0.161,0.015,-0.029,0.74,1.88,10.50,0.88,1.22,0.010,-0.067,0.147,1521,1527,1540,1516,10.01,10.07,9.55,9.60
1787303445.433,23.594,True,1,2.112,2.028,0.150,0.088,9.897,9.896,0.316,1.054,-0.540,1.037,-0.537,0.161,0.002,-0.001,0.69,1.80,10.35,0.57,1.14,-0.018,-0.068,0.153,1478,1527,1541,1517,9.99,10.06,-0.12,-0.17
1787303445.443,23.604,True,1,2.112,2.031,0.150,0.099,9.908,9.908,0.316,1.054,-0.540,1.037,-0.537,0.161,0.002,-0.001,0.69,1.80,10.35,0.57,1.14,-0.018,-0.067,0.153,1478,1527,1541,1518,10.00,10.06,9.88,9.83
1787303445.453,23.614,True,1,2.112,2.034,0.150,0.110,9.919,9.919,0.317,1.054,-0.540,1.038,-0.537,0.161,0.002,-0.001,0.69,1.80,10.35,0.57,1.15,-0.017,-0.067,0.153,1478,1527,1541,1518,10.00,10.06,19.88,19.83
1787303445.463,23.624,True,1,2.112,2.037,0.150,0.122,9.931,9.930,0.317,1.054,-0.540,1.038,-0.537,0.161,0.002,-0.001,0.69,1.80,10.35,0.57,1.15,-0.017,-0.066,0.153,1478,1527,1541,1518,10.00,10.06,29.88,29.83
1787303445.473,23.634,True,1,2.112,2.040,0.150,0.133,9.942,9.941,0.317,1.054,-0.540,1.039,-0.537,0.161,0.002,-0.001,0.69,1.80,10.35,0.57,1.15,-0.017,-0.066,0.153,1478,1527,1541,1519,10.00,10.06,39.88,39.83
1787303445.483,23.644,True,1,2.112,2.043,0.150,0.144,9.953,9.953,0.318,1.054,-0.540,1.039,-0.538,0.161,0.002,-0.001,0.69,1.80,10.35,0.58,1.16,-0.017,-0.066,0.153,1478,1527,1541,1519,10.01,10.07,49.88,49.83
1787303445.493,23.654,True,1,2.112,2.046,0.150,0.156,9.965,9.964,0.318,1.054,-0.540,1.040,-0.538,0.161,0.002,-0.001,0.69,1.80,10.35,0.58,1.16,-0.017,-0.065,0.153,1478,1527,1541,1520,10.00,10.07,59.88,59.84
1787303445.504,23.665,True,1,2.129,2.049,0.152,0.097,9.907,9.907,0.316,1.056,-0.537,1.040,-0.538,0.161,0.010,-0.022,0.41,1.39,9.72,0.80,1.23,0.037,-0.016,0.180,1524,1521,1545,1518,10.00,10.06,-0.55,-0.59
1787303445.513,23.674,True,1,2.129,2.052,0.152,0.108,9.918,9.918,0.317,1.056,-0.537,1.041,-0.538,0.161,0.010,-0.022,0.41,1.39,9.72,0.81,1.23,0.037,-0.016,0.180,1524,1521,1545,1518,10.00,10.07,9.46,9.41
1787303445.523,23.684,True,1,2.129,2.055,0.152,0.119,9.929,9.929,0.317,1.056,-0.537,1.041,-0.538,0.161,0.010,-0.022,0.41,1.39,9.72,0.81,1.23,0.037,-0.016,0.180,1524,1521,1545,1518,10.00,10.07,19.46,19.41
1787303445.533,23.694,True,1,2.129,2.058,0.152,0.131,9.941,9.940,0.317,1.056,-0.537,1.042,-0.538,0.161,0.010,-0.022,0.41,1.39,9.72,0.81,1.24,0.037,-0.015,0.180,1524,1521,1545,1519,9.99,10.06,29.45,29.40
1787303445.543,23.704,True,1,2.129,2.061,0.152,0.142,9.952,9.952,0.318,1.056,-0.537,1.042,-0.538,0.161,0.010,-0.022,0.41,1.39,9.72,0.81,1.24,0.038,-0.015,0.180,1524,1521,1545,1519,10.00,10.06,39.46,39.41
1787303445.553,23.714,True,1,2.129,2.064,0.152,0.153,9.963,9.963,0.318,1.056,-0.537,1.043,-0.538,0.161,0.010,-0.022,0.41,1.39,9.72,0.81,1.24,0.038,-0.015,0.180,1524,1521,1545,1520,10.00,10.07,49.46,49.41
1787303445.563,23.725,True,1,2.139,2.067,0.139,0.157,9.966,9.966,0.318,1.057,-0.538,1.043,-0.538,0.162,-0.007,-0.020,0.26,1.15,9.43,0.75,1.07,0.047,-0.007,0.193,1525,1520,1546,1520,10.00,10.06,-0.39,-0.44
1787303445.573,23.734,True,1,2.139,2.070,0.139,0.168,9.978,9.977,0.318,1.057,-0.538,1.044,-0.538,0.162,-0.007,-0.020,0.18,1.06,9.43,0.75,1.08,0.056,0.002,0.193,1526,1479,1546,1520,10.00,10.06,-0.08,9.56
1787303445.583,23.744,True,1,2.143,2.073,0.144,0.153,9.963,9.962,0.318,1.057,-0.539,1.044,-0.538,0.163,0.010,-0.042,0.12,1.01,9.42,1.01,1.22,0.089,0.022,0.193,1529,1477,1546,1520,10.00,10.06,-0.11,-0.05
1787303445.593,23.754,True,1,2.143,2.076,0.144,0.164,9.974,9.973,0.318,1.057,-0.539,1.045,-0.538,0.163,0.010,-0.042,0.12,1.01,9.42,1.01,1.22,0.089,0.023,0.193,1529,1477,1546,1520,10.00,10.06,9.89,9.94
1787303445.603,23.764,True,1,2.143,2.079,0.144,0.175,9.986,9.984,0.319,1.057,-0.539,1.045,-0.538,0.163,0.010,-0.042,0.12,1.01,9.42,1.01,1.22,0.089,0.023,0.193,1529,1477,1546,1520,10.00,10.06,19.89,19.94
1787303445.613,23.774,True,1,2.143,2.082,0.144,0.187,9.997,9.996,0.319,1.057,-0.539,1.045,-0.538,0.163,0.010,-0.042,0.12,1.01,9.42,1.01,1.23,0.089,0.023,0.193,1529,1477,1546,1521,10.00,10.06,29.89,29.95
1787303445.623,23.784,True,1,2.143,2.085,0.144,0.198,10.009,10.007,0.319,1.057,-0.539,1.046,-0.538,0.163,0.010,-0.042,0.12,1.01,9.42,1.01,1.23,0.090,0.023,0.193,1529,1477,1546,1521,10.00,10.06,39.89,39.94
1787303445.633,23.794,True,1,2.143,2.088,0.144,0.210,10.020,10.019,0.320,1.057,-0.539,1.046,-0.538,0.163,0.010,-0.042,0.12,1.01,9.42,1.01,1.23,0.090,0.024,0.193,1529,1477,1546,1522,10.00,10.06,49.89,49.95
1787303445.643,23.804,True,1,2.143,2.091,0.144,0.221,10.032,10.030,0.320,1.057,-0.539,1.046,-0.538,0.163,0.010,-0.042,0.12,1.01,9.42,1.01,1.23,0.090,0.024,0.193,1529,1477,1546,1522,10.00,10.06,59.89,59.95
1787303445.653,23.814,True,1,2.143,2.094,0.144,0.233,10.043,10.042,0.321,1.057,-0.539,1.047,-0.538,0.163,0.010,-0.042,0.12,1.01,9.42,1.01,1.24,0.090,0.024,0.193,1529,1477,1546,1522,10.00,10.06,69.89,69.95
1787303445.663,23.825,True,1,2.162,2.097,0.119,0.241,10.050,10.048,0.321,1.059,-0.544,1.047,-0.538,0.167,-0.010,-0.045,-0.30,1.03,9.52,1.02,1.04,0.134,0.000,0.189,1534,1479,1546,1523,10.00,10.06,-0.52,-0.56
1787303445.673,23.834,True,1,2.162,2.100,0.119,0.252,10.062,10.059,0.321,1.059,-0.544,1.048,-0.538,0.167,-0.010,-0.045,-0.30,1.03,9.52,1.02,1.04,0.135,0.000,0.189,1534,1479,1546,1523,10.01,10.07,9.49,9.44
1787303445.683,23.844,True,1,2.162,2.103,0.119,0.263,10.073,10.071,0.321,1.059,-0.544,1.048,-0.538,0.167,-0.010,-0.045,-0.30,1.03,9.52,1.02,1.04,0.135,0.001,0.189,1534,1479,1546,1523,9.99,10.06,19.48,19.44
1787303445.693,23.854,True,1,2.162,2.106,0.119,0.275,10.085,10.082,0.322,1.059,-0.544,1.048,-0.539,0.167,-0.010,-0.045,-0.30,1.03,9.52,1.02,1.04,0.135,0.001,0.189,1534,1479,1546,1524,10.00,10.06,29.48,29.43
1787303445.703,23.864,True,1,2.162,2.109,0.119,0.286,10.096,10.094,0.322,1.059,-0.544,1.049,-0.539,0.167,-0.010,-0.045,-0.30,1.03,9.52,1.02,1.05,0.135,0.001,0.189,1534,1479,1546,1524,10.00,10.06,39.49,39.44
1787303445.713,23.875,True,1,2.172,2.112,0.126,0.239,10.050,10.046,0.321,1.060,-0.546,1.049,-0.539,0.170,-0.002,-0.059,-0.35,1.10,9.77,1.19,1.11,0.158,0.000,0.178,1537,1479,1544,1523,10.01,10.07,-0.29,-0.33
1787303445.723,23.884,True,1,2.172,2.115,0.126,0.250,10.061,10.057,0.321,1.060,-0.546,1.049,-0.539,0.170,-0.002,-0.059,-0.35,1.10,9.77,1.19,1.11,0.158,0.000,0.178,1537,1479,1544,1523,9.99,10.06,9.71,9.66
1787303445.733,23.894,True,1,2.172,2.118,0.126,0.262,10.073,10.069,0.321,1.060,-0.546,1.050,-0.540,0.170,-0.002,-0.059,-0.35,1.10,9.77,1.19,1.11,0.158,0.001,0.178,1537,1479,1544,1523,10.00,10.06,19.70,19.66
1787303445.743,23.904,True,1,2.172,2.121,0.126,0.273,10.084,10.080,0.322,1.060,-0.546,1.050,-0.540,0.170,-0.002,-0.059,-0.35,1.10,9.77,1.19,1.11,0.158,0.001,0.178,1537,1479,1544,1524,10.00,10.06,29.71,29.66
1787303445.753,23.915,True,1,2.181,2.124,0.109,0.300,10.110,10.107,0.323,1.062,-0.549,1.051,-0.540,0.172,-0.014,-0.059,-0.24,1.02,10.10,1.18,0.98,0.146,-0.005,0.164,1536,1520,1542,1525,10.00,10.06,-0.26,-0.31
1787303445.763,23.924,True,1,2.181,2.127,0.109,0.311,10.122,10.118,0.323,1.062,-0.549,1.051,-0.540,0.172,-0.014,-0.059,-0.24,1.02,10.10,1.18,0.98,0.147,-0.005,0.164,1536,1520,1542,1525,10.00,10.06,9.74,9.69
1787303445.773,23.934,True,1,2.184,2.130,0.114,0.296,10.107,10.104,0.322,1.062,-0.549,1.051,-0.541,0.173,-0.006,-0.066,-0.18,0.98,10.32,1.28,1.06,0.150,0.008,0.154,1536,1479,1541,1525,10.00,10.06,-0.16,-0.12
1787303445.783,23.944,True,1,2.184,2.133,0.114,0.308,10.119,10.115,0.323,1.062,-0.549,1.052,-0.541,0.173,-0.006,-0.066,-0.18,0.98,10.32,1.28,1.06,0.150,0.008,0.154,1536,1479,1541,1525,10.00,10.06,9.84,9.89
1787303445.793,23.954,True,1,2.184,2.136,0.114,0.319,10.130,10.127,0.323,1.062,-0.549,1.052,-0.541,0.173,-0.006,-0.066,-0.18,0.98,10.32,1.28,1.06,0.150,0.009,0.154,1536,1479,1541,1525,10.00,10.06,19.84,19.88
1787303445.803,23.964,True,1,2.184,2.139,0.114,0.331,10.142,10.139,0.324,1.062,-0.549,1.052,-0.541,0.173,-0.006,-0.066,-0.18,0.98,10.32,1.28,1.06,0.150,0.009,0.154,1536,1479,1541,1526,10.00,10.06,29.83,29.88
1787303445.813,23.974,True,1,2.184,2.142,0.114,0.342,10.153,10.150,0.324,1.062,-0.549,1.053,-0.542,0.173,-0.006,-0.066,-0.18,0.98,10.32,1.28,1.07,0.150,0.009,0.154,1536,1478,1541,1526,10.00,10.06,39.84,39.89
1787303445.823,23.984,True,1,2.184,2.145,0.114,0.354,10.165,10.162,0.324,1.062,-0.549,1.053,-0.542,0.173,-0.006,-0.066,-0.18,0.98,10.32,1.29,1.07,0.151,0.009,0.154,1536,1478,1541,1527,10.00,10.06,49.84,49.89
1787303445.833,23.995,True,1,2.198,2.148,0.105,0.337,10.148,10.145,0.324,1.063,-0.552,1.053,-0.542,0.175,-0.012,-0.078,0.09,1.16,10.83,1.41,0.97,0.136,-0.020,0.132,1534,1522,1538,1526,10.00,10.06,-0.40,-0.44
1787303445.843,24.004,True,1,2.198,2.151,0.105,0.348,10.160,10.157,0.324,1.063,-0.552,1.054,-0.543,0.175,-0.012,-0.078,0.09,1.16,10.83,1.41,0.97,0.136,-0.019,0.132,1535,1522,1538,1527,10.00,10.06,9.60,9.56
1787303445.853,24.014,True,1,2.198,2.154,0.105,0.360,10.171,10.168,0.325,1.063,-0.552,1.054,-0.543,0.175,-0.012,-0.078,0.09,1.16,10.83,1.42,0.97,0.136,-0.019,0.132,1535,1522,1538,1527,10.00,10.06,19.60,19.55
1787303445.863,24.024,True,1,2.198,2.157,0.105,0.371,10.183,10.180,0.325,1.063,-0.552,1.054,-0.543,0.175,-0.012,-0.078,0.09,1.16,10.83,1.42,0.97,0.136,-0.019,0.132,1535,1522,1538,1527,10.00,10.06,29.60,29.56
1787303445.873,24.034,True,1,2.198,2.160,0.105,0.383,10.194,10.192,0.325,1.063,-0.552,1.055,-0.544,0.175,-0.012,-0.078,0.09,1.16,10.83,1.42,0.98,0.137,-0.019,0.132,1535,1522,1538,1528,10.00,10.06,39.60,39.56
1787303445.883,24.044,True,1,2.198,2.163,0.105,0.395,10.206,10.203,0.326,1.063,-0.552,1.055,-0.544,0.175,-0.012,-0.078,0.09,1.16,10.83,1.42,0.98,0.137,-0.019,0.132,1535,1522,1538,1528,10.00,10.06,49.61,49.56
1787303445.893,24.054,True,1,2.198,2.166,0.105,0.406,10.218,10.215,0.326,1.063,-0.552,1.055,-0.544,0.175,-0.012,-0.078,0.09,1.16,10.83,1.42,0.98,0.137,-0.018,0.132,1535,1522,1538,1529,10.00,10.06,59.60,59.55
1787303445.903,24.064,True,1,2.198,2.169,0.105,0.418,10.229,10.227,0.326,1.063,-0.552,1.055,-0.544,0.175,-0.012,-0.078,0.09,1.16,10.83,1.43,0.98,0.137,-0.018,0.132,1535,1522,1538,1529,10.00,10.06,69.60,69.56
1787303445.913,24.074,True,1,2.198,2.172,0.105,0.430,10.241,10.238,0.327,1.063,-0.552,1.056,-0.545,0.175,-0.012,-0.078,0.09,1.16,10.83,1.43,0.98,0.137,-0.018,0.132,1535,1522,1538,1529,10.00,10.06,79.60,79.56
1787303445.924,24.085,True,1,2.216,2.175,0.079,0.447,10.257,10.256,0.327,1.062,-0.558,1.056,-0.545,0.177,-0.036,-0.066,1.19,1.57,11.80,1.28,0.75,0.007,-0.084,0.091,1520,1529,1532,1530,10.00,10.06,-0.55,-0.60
1787303445.933,24.094,True,1,2.216,2.178,0.079,0.458,10.269,10.267,0.328,1.062,-0.558,1.056,-0.546,0.177,-0.036,-0.066,1.19,1.57,11.80,1.28,0.75,0.007,-0.083,0.091,1520,1529,1532,1530,10.00,10.06,9.45,9.40
1787303445.943,24.104,True,1,2.216,2.181,0.079,0.470,10.280,10.279,0.328,1.062,-0.558,1.056,-0.546,0.177,-0.036,-0.066,1.19,1.57,11.80,1.28,0.75,0.007,-0.083,0.091,1520,1529,1532,1531,10.00,10.06,19.45,19.40
1787303445.953,24.114,True,1,2.216,2.184,0.079,0.482,10.292,10.291,0.328,1.062,-0.558,1.056,-0.546,0.177,-0.036,-0.066,1.19,1.57,11.80,1.28,0.75,0.008,-0.083,0.091,1520,1529,1532,1531,10.00,10.06,29.45,29.40
1787303445.963,24.125,True,1,2.225,2.187,0.101,0.391,10.201,10.200,0.326,1.060,-0.562,1.057,-0.547,0.179,-0.036,-0.071,1.59,1.69,12.49,1.36,0.74,-0.026,-0.098,0.062,1477,1530,1528,1528,10.00,10.06,-0.28,-0.33
1787303445.973,24.134,True,1,2.225,2.190,0.101,0.403,10.213,10.212,0.326,1.060,-0.562,1.057,-0.547,0.179,-0.036,-0.071,1.59,1.69,12.49,1.36,0.74,-0.026,-0.098,0.062,1477,1530,1528,1528,10.00,10.06,9.72,9.68
1787303445.983,24.144,True,1,2.225,2.193,0.101,0.414,10.225,10.223,0.326,1.060,-0.562,1.057,-0.548,0.179,-0.036,-0.071,1.59,1.69,12.49,1.36,0.74,-0.026,-0.098,0.062,1477,1530,1528,1529,10.00,10.06,19.72,19.67
1787303445.993,24.154,True,1,2.225,2.196,0.101,0.426,10.237,10.235,0.327,1.060,-0.562,1.057,-0.548,0.179,-0.036,-0.071,1.59,1.69,12.49,1.37,0.74,-0.025,-0.098,0.062,1477,1530,1528,1529,10.00,10.06,29.72,29.67
1787303446.003,24.165,True,1,2.232,2.199,0.104,0.398,10.209,10.207,0.326,1.060,-0.565,1.057,-0.549,0.180,-0.039,-0.074,1.76,1.73,13.00,1.40,0.69,-0.038,-0.108,0.040,1475,1531,1525,1528,10.00,10.06,-0.26,-0.31
1787303446.013,24.174,True,1,2.232,2.202,0.104,0.410,10.220,10.219,0.326,1.060,-0.565,1.057,-0.549,0.180,-0.039,-0.074,1.76,1.73,13.00,1.41,0.69,-0.038,-0.108,0.040,1475,1531,1525,1529,10.00,10.06,9.74,9.70
1787303446.023,24.184,True,1,2.232,2.205,0.104,0.422,10.232,10.230,0.327,1.060,-0.565,1.057,-0.550,0.180,-0.039,-0.074,1.76,1.73,13.00,1.41,0.69,-0.038,-0.108,0.040,1475,1531,1525,1529,10.00,10.06,19.74,19.69
1787303446.033,24.194,True,1,2.232,2.208,0.104,0.433,10.244,10.242,0.327,1.060,-0.565,1.057,-0.550,0.180,-0.039,-0.074,1.76,1.73,13.00,1.41,0.69,-0.037,-0.108,0.040,1475,1531,1525,1530,10.00,10.06,29.74,29.69
1787303446.043,24.204,True,1,2.232,2.211,0.104,0.445,10.256,10.254,0.327,1.060,-0.565,1.057,-0.551,0.180,-0.039,-0.074,1.76,1.73,13.00,1.42,0.69,-0.037,-0.108,0.040,1475,1531,1525,1530,10.00,10.06,39.74,39.69
1787303446.053,24.214,True,1,2.232,2.214,0.104,0.457,10.268,10.266,0.328,1.060,-0.565,1.057,-0.551,0.180,-0.039,-0.074,1.76,1.73,13.00,1.42,0.69,-0.037,-0.108,0.040,1475,1531,1525,1530,10.00,10.06,49.75,49.70
1787303446.063,24.224,True,1,2.232,2.217,0.104,0.469,10.279,10.278,0.328,1.060,-0.565,1.057,-0.552,0.180,-0.039,-0.074,1.76,1.73,13.00,1.42,0.70,-0.036,-0.108,0.040,1475,1531,1525,1531,10.00,10.06,59.74,59.69
1787303446.073,24.235,True,1,2.243,2.220,0.095,0.465,10.274,10.271,0.328,1.059,-0.570,1.058,-0.552,0.183,-0.058,-0.052,2.28,1.46,14.12,1.18,0.54,-0.114,-0.097,-0.008,1467,1530,1478,1531,10.00,10.06,-0.46,-0.41
1787303446.083,24.244,True,1,2.243,2.223,0.095,0.477,10.286,10.283,0.328,1.059,-0.570,1.058,-0.553,0.183,-0.058,-0.052,2.28,1.46,14.12,1.19,0.54,-0.114,-0.097,-0.008,1467,1530,1478,1531,10.00,10.06,9.54,9.59
1787303446.093,24.254,True,1,2.248,2.226,0.090,0.485,10.294,10.290,0.328,1.059,-0.572,1.058,-0.554,0.184,-0.065,-0.049,2.28,1.41,14.27,1.15,0.47,-0.118,-0.099,-0.014,1466,1531,1478,1531,10.00,10.06,-0.11,-0.16
1787303446.103,24.264,True,1,2.248,2.229,0.090,0.496,10.305,10.302,0.329,1.059,-0.572,1.058,-0.554,0.184,-0.065,-0.049,2.28,1.41,14.27,1.15,0.47,-0.117,-0.099,-0.014,1466,1531,1478,1532,10.00,10.06,9.89,9.84
1787303446.113,24.274,True,1,2.248,2.232,0.090,0.508,10.317,10.314,0.329,1.059,-0.572,1.058,-0.555,0.184,-0.065,-0.049,2.28,1.41,14.27,1.16,0.47,-0.117,-0.099,-0.014,1467,1531,1478,1532,10.00,10.06,19.89,19.84
1787303446.123,24.284,True,1,2.248,2.235,0.090,0.520,10.329,10.326,0.330,1.059,-0.572,1.058,-0.555,0.184,-0.065,-0.049,2.28,1.41,14.27,1.16,0.47,-0.116,-0.099,-0.014,1467,1531,1478,1532,10.00,10.06,29.89,29.84
1787303446.133,24.294,True,1,2.248,2.238,0.090,0.532,10.341,10.338,0.330,1.059,-0.572,1.058,-0.556,0.184,-0.065,-0.049,2.28,1.41,14.27,1.17,0.47,-0.116,-0.099,-0.014,1467,1531,1478,1533,10.00,10.06,39.89,39.84
1787303446.143,24.304,True,1,2.248,2.241,0.090,0.544,10.353,10.350,0.330,1.059,-0.572,1.058,-0.556,0.184,-0.065,-0.049,2.28,1.41,14.27,1.17,0.47,-0.116,-0.099,-0.014,1467,1531,1478,1533,10.00,10.06,49.89,49.84
1787303446.153,24.314,True,1,2.248,2.244,0.090,0.556,10.365,10.362,0.331,1.059,-0.572,1.058,-0.557,0.184,-0.065,-0.049,2.28,1.41,14.27,1.17,0.47,-0.115,-0.099,-0.014,1467,1531,1478,1534,10.00,10.06,59.89,59.84
1787303446.163,24.324,True,1,2.248,2.247,0.090,0.568,10.377,10.374,0.331,1.059,-0.572,1.058,-0.557,0.184,-0.065,-0.049,2.28,1.41,14.27,1.18,0.47,-0.115,-0.099,-0.014,1467,1531,1478,1534,10.00,10.06,69.89,69.84
1787303446.173,24.335,True,1,2.262,2.250,0.093,0.515,10.324,10.321,0.329,1.058,-0.575,1.058,-0.558,0.185,-0.074,-0.031,2.17,0.87,15.42,1.00,0.41,-0.121,-0.051,-0.067,1466,1525,1470,1532,10.00,10.06,-0.55,-0.51
1787303446.183,24.344,True,1,2.262,2.253,0.093,0.527,10.336,10.333,0.330,1.058,-0.575,1.058,-0.559,0.185,-0.074,-0.031,2.17,0.87,15.42,1.01,0.41,-0.121,-0.051,-0.067,1466,1525,1470,1533,10.00,10.06,9.45,9.49
1787303446.193,24.354,True,1,2.262,2.256,0.093,0.539,10.348,10.345,0.330,1.058,-0.575,1.058,-0.559,0.185,-0.074,-0.031,2.17,0.87,15.42,1.01,0.41,-0.120,-0.051,-0.067,1466,1525,1470,1533,10.00,10.06,19.44,19.49
1787303446.203,24.364,True,1,2.262,2.259,0.093,0.551,10.360,10.357,0.331,1.058,-0.575,1.058,-0.560,0.185,-0.074,-0.031,2.17,0.87,15.42,1.01,0.41,-0.120,-0.051,-0.067,1466,1525,1470,1534,10.00,10.06,29.44,29.49
1787303446.213,24.374,True,1,2.262,2.262,0.093,0.563,10.372,10.369,0.331,1.058,-0.575,1.058,-0.560,0.185,-0.074,-0.031,2.17,0.87,15.42,1.02,0.41,-0.120,-0.051,-0.067,1466,1525,1470,1534,10.00,10.06,39.45,39.49
1787303446.223,24.384,True,1,2.262,2.265,0.093,0.575,10.384,10.381,0.331,1.058,-0.575,1.058,-0.561,0.185,-0.074,-0.031,2.17,0.87,15.42,1.02,0.41,-0.119,-0.051,-0.067,1466,1525,1470,1534,10.00,10.06,49.45,49.49
1787303446.233,24.394,True,1,2.262,2.268,0.093,0.587,10.396,10.393,0.332,1.058,-0.575,1.058,-0.561,0.185,-0.074,-0.031,2.17,0.87,15.42,1.02,0.41,-0.119,-0.051,-0.067,1466,1525,1470,1535,10.00,10.06,59.45,59.49
1787303446.243,24.405,True,1,2.282,2.271,0.128,0.411,10.220,10.219,0.326,1.057,-0.578,1.058,-0.562,0.186,-0.067,-0.033,1.77,0.27,16.27,1.09,0.47,-0.071,0.018,-0.106,1472,1478,1465,1529,10.00,10.06,-0.50,-0.55
1787303446.253,24.414,True,1,2.282,2.274,0.128,0.423,10.232,10.231,0.327,1.057,-0.578,1.058,-0.562,0.186,-0.067,-0.033,1.77,0.27,16.27,1.09,0.47,-0.071,0.018,-0.106,1472,1478,1465,1529,10.00,10.06,9.50,9.45
1787303446.263,24.424,True,1,2.282,2.277,0.128,0.435,10.244,10.243,0.327,1.057,-0.578,1.058,-0.563,0.186,-0.067,-0.033,1.77,0.27,16.27,1.10,0.47,-0.070,0.018,-0.106,1472,1478,1465,1530,10.00,10.06,19.50,19.45
1787303446.273,24.434,True,1,2.282,2.280,0.128,0.447,10.256,10.255,0.327,1.057,-0.578,1.058,-0.563,0.186,-0.067,-0.033,1.77,0.27,16.27,1.10,0.47,-0.070,0.018,-0.106,1472,1478,1465,1530,10.00,10.06,29.50,29.45
1787303446.283,24.444,True,1,2.282,2.283,0.128,0.459,10.268,10.267,0.328,1.057,-0.578,1.058,-0.564,0.186,-0.067,-0.033,1.77,0.27,16.27,1.10,0.46,-0.069,0.018,-0.106,1472,1478,1465,1530,10.00,10.06,39.50,39.45
1787303446.293,24.454,True,1,2.282,2.286,0.128,0.471,10.280,10.279,0.328,1.057,-0.578,1.058,-0.564,0.186,-0.067,-0.033,1.77,0.27,16.27,1.11,0.46,-0.069,0.018,-0.106,1472,1478,1465,1531,10.00,10.06,49.50,49.45
1787303446.303,24.464,True,1,2.282,2.289,0.128,0.483,10.292,10.291,0.328,1.057,-0.578,1.058,-0.565,0.186,-0.067,-0.033,1.77,0.27,16.27,1.11,0.46,-0.069,0.018,-0.106,1472,1478,1465,1531,10.00,10.06,59.50,59.45
1787303446.313,24.475,True,1,2.305,2.292,0.132,0.393,10.201,10.200,0.326,1.055,-0.581,1.058,-0.565,0.187,-0.074,-0.005,1.33,-0.12,16.85,0.83,0.47,-0.053,0.059,-0.132,1474,1473,1461,1528,10.00,10.06,-0.46,-0.50
1787303446.323,24.484,True,1,2.305,2.295,0.132,0.405,10.213,10.212,0.326,1.055,-0.581,1.058,-0.566,0.187,-0.074,-0.005,1.33,-0.12,16.85,0.84,0.47,-0.052,0.059,-0.132,1474,1473,1461,1529,10.00,10.06,9.54,9.50
1787303446.333,24.494,True,1,2.305,2.298,0.132,0.417,10.225,10.224,0.326,1.055,-0.581,1.058,-0.566,0.187,-0.074,-0.005,1.33,-0.12,16.85,0.84,0.47,-0.052,0.058,-0.132,1474,1473,1461,1529,10.00,10.06,19.54,19.50
1787303446.343,24.504,True,1,2.305,2.301,0.132,0.429,10.237,10.236,0.327,1.055,-0.581,1.057,-0.567,0.187,-0.074,-0.005,1.33,-0.12,16.85,0.84,0.47,-0.051,0.058,-0.132,1474,1473,1461,1529,10.00,10.06,29.54,29.50
1787303446.353,24.514,True,1,2.305,2.304,0.132,0.441,10.249,10.248,0.327,1.055,-0.581,1.057,-0.567,0.187,-0.074,-0.005,1.33,-0.12,16.85,0.85,0.46,-0.051,0.058,-0.132,1474,1473,1461,1530,10.00,10.06,39.54,39.50
1787303446.363,24.524,True,1,2.305,2.307,0.132,0.453,10.261,10.260,0.327,1.055,-0.581,1.057,-0.568,0.187,-0.074,-0.005,1.33,-0.12,16.85,0.85,0.46,-0.051,0.058,-0.132,1474,1473,1461,1530,10.00,10.06,49.55,49.50
1787303446.373,24.534,True,1,2.305,2.310,0.132,0.465,10.273,10.272,0.328,1.055,-0.581,1.057,-0.568,0.187,-0.074,-0.005,1.33,-0.12,16.85,0.86,0.46,-0.050,0.058,-0.132,1474,1473,1461,1531,10.00,10.06,59.55,59.50
1787303446.383,24.545,True,1,2.321,2.313,0.165,0.316,10.125,10.124,0.323,1.055,-0.583,1.057,-0.569,0.188,-0.056,-0.021,1.12,-0.26,17.17,1.09,0.59,-0.004,0.086,-0.146,1479,1470,1459,1525,10.00,10.06,-0.46,-0.41
1787303446.393,24.554,True,1,2.321,2.316,0.165,0.328,10.137,10.136,0.324,1.055,-0.583,1.057,-0.569,0.188,-0.056,-0.021,1.12,-0.26,17.17,1.09,0.59,-0.004,0.086,-0.146,1479,1470,1459,1526,10.00,10.06,9.54,9.59
1787303446.403,24.564,True,1,2.328,2.319,0.174,0.283,10.091,10.090,0.322,1.056,-0.583,1.057,-0.570,0.189,-0.055,-0.006,1.16,-0.19,17.15,0.96,0.65,-0.022,0.085,-0.146,1477,1470,1459,1524,10.00,10.06,-0.11,-0.16
1787303446.413,24.574,True,1,2.328,2.322,0.174,0.295,10.103,10.102,0.322,1.056,-0.583,1.057,-0.570,0.189,-0.055,-0.006,1.16,-0.19,17.15,0.96,0.65,-0.021,0.085,-0.146,1477,1470,1459,1525,10.00,10.06,9.90,9.85
1787303446.423,24.584,True,1,2.328,2.325,0.174,0.306,10.115,10.114,0.323,1.056,-0.583,1.057,-0.571,0.189,-0.055,-0.006,1.16,-0.19,17.15,0.97,0.65,-0.021,0.084,-0.146,1477,1470,1459,1525,10.00,10.06,19.89,19.85
1787303446.433,24.594,True,1,2.328,2.328,0.174,0.318,10.127,10.126,0.323,1.056,-0.583,1.057,-0.571,0.189,-0.055,-0.006,1.16,-0.19,17.15,0.97,0.65,-0.021,0.084,-0.146,1477,1470,1459,1525,10.00,10.06,29.90,29.85
1787303446.443,24.604,True,1,2.328,2.331,0.174,0.331,10.139,10.138,0.324,1.056,-0.583,1.057,-0.571,0.189,-0.055,-0.006,1.16,-0.19,17.15,0.97,0.65,-0.020,0.084,-0.146,1477,1470,1459,1526,10.00,10.06,39.90,39.85
1787303446.453,24.614,True,1,2.328,2.334,0.174,0.343,10.151,10.150,0.324,1.056,-0.583,1.057,-0.572,0.189,-0.055,-0.006,1.16,-0.19,17.15,0.98,0.64,-0.020,0.084,-0.146,1477,1470,1459,1526,10.00,10.07,49.90,49.85
1787303446.463,24.625,True,1,2.346,2.337,0.177,0.274,10.084,10.081,0.322,1.056,-0.584,1.057,-0.572,0.189,-0.036,-0.002,0.95,-0.30,17.10,1.00,0.85,0.005,0.118,-0.144,1520,1466,1459,1524,10.00,10.06,-0.38,-0.43
1787303446.473,24.634,True,1,2.346,2.340,0.177,0.286,10.095,10.093,0.322,1.056,-0.584,1.057,-0.572,0.189,-0.036,-0.002,0.95,-0.30,17.10,1.00,0.85,0.005,0.118,-0.144,1520,1466,1459,1524,10.00,10.06,9.62,9.57
1787303446.483,24.644,True,1,2.353,2.343,0.169,0.295,10.103,10.101,0.322,1.056,-0.583,1.057,-0.573,0.189,-0.048,0.026,0.93,-0.38,17.07,0.70,0.81,-0.025,0.122,-0.142,1477,1466,1460,1525,10.00,10.06,-0.15,-0.21
1787303446.493,24.654,True,1,2.353,2.346,0.169,0.307,10.115,10.113,0.323,1.056,-0.583,1.057,-0.573,0.189,-0.048,0.026,0.93,-0.38,17.07,0.70,0.81,-0.025,0.122,-0.142,1477,1466,1460,1525,10.00,10.06,9.85,9.79
1787303446.503,24.664,True,1,2.353,2.349,0.169,0.319,10.127,10.125,0.323,1.056,-0.583,1.057,-0.574,0.189,-0.048,0.026,0.93,-0.38,17.07,0.70,0.81,-0.025,0.122,-0.142,1477,1466,1460,1525,10.00,10.06,19.85,19.79
1787303446.513,24.674,True,1,2.353,2.352,0.169,0.331,10.139,10.137,0.324,1.056,-0.583,1.057,-0.574,0.189,-0.048,0.026,0.93,-0.38,17.07,0.71,0.81,-0.024,0.122,-0.142,1477,1466,1460,1526,10.00,10.06,29.85,29.79
1787303446.523,24.684,True,1,2.353,2.355,0.169,0.343,10.151,10.149,0.324,1.056,-0.583,1.057,-0.574,0.189,-0.048,0.026,0.93,-0.38,17.07,0.71,0.81,-0.024,0.122,-0.142,1477,1466,1460,1526,10.00,10.06,39.85,39.79
1787303446.533,24.695,True,1,2.367,2.358,0.186,0.246,10.056,10.054,0.321,1.056,-0.582,1.057,-0.574,0.189,-0.026,0.004,1.13,-0.16,16.64,0.99,0.98,-0.014,0.117,-0.124,1478,1466,1462,1523,10.00,10.06,-0.37,-0.42
1787303446.543,24.704,True,1,2.367,2.361,0.186,0.258,10.068,10.066,0.321,1.056,-0.582,1.057,-0.575,0.189,-0.026,0.004,1.13,-0.16,16.64,1.00,0.98,-0.014,0.117,-0.124,1478,1466,1462,1523,10.04,10.10,9.67,9.62
1787303446.553,24.714,True,1,2.372,2.364,0.172,0.294,10.103,10.101,0.322,1.056,-0.582,1.057,-0.575,0.189,-0.039,0.026,1.10,0.02,16.45,0.74,0.91,-0.038,0.091,-0.115,1475,1469,1463,1525,9.96,10.06,-0.24,-0.19
1787303446.563,24.724,True,1,2.372,2.367,0.172,0.306,10.115,10.113,0.323,1.056,-0.582,1.057,-0.575,0.189,-0.039,0.026,1.10,0.02,16.45,0.74,0.91,-0.038,0.091,-0.115,1475,1469,1463,1525,10.00,10.06,9.76,9.81
1787303446.573,24.734,True,1,2.372,2.370,0.172,0.318,10.127,10.125,0.323,1.056,-0.582,1.057,-0.575,0.189,-0.039,0.026,1.10,0.02,16.45,0.75,0.91,-0.037,0.091,-0.115,1475,1469,1463,1525,10.02,10.08,19.78,19.83
1787303446.583,24.744,True,1,2.372,2.373,0.172,0.330,10.139,10.137,0.324,1.056,-0.582,1.057,-0.576,0.189,-0.039,0.026,1.10,0.02,16.45,0.75,0.91,-0.037,0.091,-0.115,1475,1469,1463,1526,9.98,10.06,29.76,29.81
1787303446.593,24.754,True,1,2.372,2.376,0.172,0.342,10.151,10.149,0.324,1.056,-0.582,1.057,-0.576,0.189,-0.039,0.026,1.10,0.02,16.45,0.75,0.91,-0.037,0.091,-0.115,1475,1469,1463,1526,10.00,10.06,39.76,39.81
1787303446.603,24.764,True,1,2.372,2.379,0.172,0.354,10.163,10.161,0.324,1.056,-0.582,1.057,-0.576,0.189,-0.039,0.026,1.10,0.02,16.45,0.75,0.91,-0.037,0.091,-0.115,1475,1469,1463,1527,10.01,10.07,49.76,49.82
1787303446.613,24.774,True,1,2.372,2.382,0.172,0.366,10.175,10.174,0.325,1.056,-0.582,1.057,-0.576,0.189,-0.039,0.026,1.10,0.02,16.45,0.76,0.91,-0.036,0.091,-0.115,1475,1469,1463,1527,9.99,10.06,59.76,59.81
1787303446.623,24.784,True,1,2.372,2.385,0.172,0.378,10.187,10.186,0.325,1.056,-0.582,1.057,-0.577,0.189,-0.039,0.026,1.10,0.02,16.45,0.76,0.91,-0.036,0.091,-0.115,1475,1469,1463,1528,10.00,10.06,69.76,69.81
1787303446.633,24.794,True,1,2.372,2.388,0.172,0.390,10.199,10.198,0.325,1.056,-0.582,1.057,-0.577,0.189,-0.039,0.026,1.10,0.02,16.45,0.76,0.91,-0.036,0.091,-0.115,1475,1469,1463,1528,10.00,10.06,79.76,79.81
1787303446.644,24.805,True,1,2.400,2.391,0.155,0.342,10.151,10.150,0.324,1.057,-0.582,1.057,-0.577,0.189,-0.026,0.038,1.30,0.54,15.50,0.67,1.09,-0.066,0.056,-0.073,1472,1473,1469,1526,10.00,10.06,-0.66,-0.61
1787303446.653,24.814,True,1,2.400,2.394,0.155,0.353,10.163,10.162,0.324,1.057,-0.582,1.057,-0.577,0.189,-0.026,0.038,1.30,0.54,15.50,0.67,1.09,-0.066,0.056,-0.073,1472,1473,1469,1527,10.01,10.07,9.35,9.40
1787303446.663,24.824,True,1,2.400,2.397,0.155,0.365,10.175,10.174,0.325,1.057,-0.582,1.057,-0.577,0.189,-0.026,0.038,1.30,0.54,15.50,0.67,1.09,-0.065,0.056,-0.073,1472,1473,1469,1527,9.99,10.06,19.34,19.39
1787303446.673,24.834,True,1,2.400,2.400,0.155,0.377,10.187,10.186,0.325,1.057,-0.582,1.057,-0.577,0.189,-0.026,0.038,1.30,0.54,15.50,0.67,1.09,-0.065,0.056,-0.073,1472,1473,1469,1528,10.00,10.06,29.34,29.39
1787303446.683,24.844,True,1,2.400,2.403,0.155,0.389,10.199,10.198,0.325,1.057,-0.582,1.057,-0.578,0.189,-0.026,0.038,1.30,0.54,15.50,0.67,1.09,-0.065,0.056,-0.073,1472,1473,1469,1528,10.01,10.07,39.35,39.39
1787303446.693,24.854,True,1,2.400,2.406,0.155,0.402,10.211,10.210,0.326,1.057,-0.582,1.057,-0.578,0.189,-0.026,0.038,1.30,0.54,15.50,0.68,1.09,-0.065,0.056,-0.073,1472,1473,1469,1528,10.00,10.07,49.34,49.39
1787303446.703,24.864,True,1,2.400,2.409,0.155,0.414,10.223,10.222,0.326,1.057,-0.582,1.057,-0.578,0.189,-0.026,0.038,1.30,0.54,15.50,0.68,1.09,-0.065,0.056,-0.073,1472,1473,1469,1529,9.99,10.06,59.34,59.39
1787303446.713,24.874,True,1,2.400,2.412,0.155,0.426,10.235,10.234,0.327,1.057,-0.582,1.057,-0.578,0.189,-0.026,0.038,1.30,0.54,15.50,0.68,1.09,-0.064,0.056,-0.073,1472,1473,1469,1529,10.00,10.06,69.34,69.39
1787303446.724,24.885,True,1,2.429,2.415,0.169,0.276,10.086,10.086,0.322,1.062,-0.578,1.057,-0.578,0.190,-0.005,0.022,0.67,0.98,14.30,0.88,1.29,0.023,0.031,-0.020,1522,1476,1477,1524,10.00,10.06,-0.54,-0.59
1787303446.733,24.894,True,1,2.429,2.418,0.169,0.288,10.098,10.098,0.322,1.062,-0.578,1.057,-0.578,0.190,-0.005,0.022,0.67,0.98,14.30,0.88,1.29,0.023,0.031,-0.020,1522,1476,1477,1524,10.00,10.07,9.47,9.42
1787303446.743,24.904,True,1,2.429,2.421,0.169,0.300,10.110,10.110,0.323,1.062,-0.578,1.057,-0.578,0.190,-0.005,0.022,0.67,0.98,14.30,0.88,1.29,0.023,0.032,-0.020,1522,1476,1477,1525,9.99,10.06,19.46,19.41
1787303446.753,24.914,True,1,2.437,2.424,0.146,0.352,10.162,10.162,0.324,1.063,-0.576,1.057,-0.578,0.190,-0.007,0.054,0.38,0.97,14.03,0.55,1.35,0.019,0.040,-0.008,1522,1475,1478,1527,10.00,10.06,-0.18,-0.23
1787303446.763,24.924,True,1,2.437,2.427,0.146,0.364,10.174,10.174,0.325,1.063,-0.576,1.058,-0.578,0.190,-0.007,0.054,0.38,0.97,14.03,0.55,1.35,0.019,0.041,-0.008,1522,1475,1478,1527,10.00,10.06,9.82,9.77
1787303446.773,24.934,True,1,2.437,2.430,0.146,0.376,10.186,10.186,0.325,1.063,-0.576,1.058,-0.578,0.190,-0.007,0.054,0.38,0.97,14.03,0.56,1.35,0.019,0.041,-0.008,1522,1475,1478,1528,10.00,10.06,19.82,19.77
1787303446.783,24.944,True,1,2.437,2.433,0.146,0.388,10.198,10.198,0.325,1.063,-0.576,1.058,-0.578,0.190,-0.007,0.054,0.38,0.97,14.03,0.56,1.36,0.019,0.041,-0.008,1522,1475,1478,1528,10.00,10.06,29.82,29.77
1787303446.793,24.955,True,1,2.450,2.436,0.161,0.302,10.113,10.112,0.323,1.065,-0.572,1.058,-0.577,0.189,0.019,0.038,0.22,0.94,13.38,0.77,1.59,0.057,0.068,0.020,1526,1472,1522,1525,10.00,10.06,-0.26,-0.30
1787303446.803,24.964,True,1,2.450,2.439,0.161,0.314,10.125,10.124,0.323,1.065,-0.572,1.058,-0.577,0.189,0.019,0.038,0.22,0.94,13.38,0.77,1.59,0.057,0.068,0.020,1526,1472,1522,1525,10.00,10.06,9.74,9.70
1787303446.813,24.974,True,1,2.450,2.442,0.161,0.326,10.137,10.136,0.324,1.065,-0.572,1.059,-0.577,0.189,0.019,0.038,0.22,0.94,13.38,0.77,1.59,0.057,0.068,0.020,1526,1472,1522,1526,10.00,10.06,19.74,19.69
1787303446.823,24.984,True,1,2.450,2.445,0.161,0.338,10.149,10.148,0.324,1.065,-0.572,1.059,-0.577,0.189,0.019,0.038,0.22,0.94,13.38,0.77,1.59,0.057,0.068,0.020,1526,1472,1522,1526,10.00,10.06,29.74,29.69
1787303446.833,24.994,True,1,2.450,2.448,0.161,0.349,10.161,10.160,0.324,1.065,-0.572,1.059,-0.577,0.189,0.019,0.038,0.22,0.94,13.38,0.77,1.59,0.057,0.068,0.020,1526,1472,1522,1527,10.00,10.06,39.74,39.69
1787303446.843,25.004,True,1,2.450,2.451,0.161,0.362,10.173,10.172,0.325,1.065,-0.572,1.059,-0.577,0.189,0.019,0.038,0.22,0.94,13.38,0.77,1.59,0.057,0.068,0.020,1526,1472,1522,1527,10.01,10.07,49.75,49.70
1787303446.853,25.014,True,1,2.450,2.454,0.161,0.374,10.185,10.184,0.325,1.065,-0.572,1.059,-0.577,0.189,0.019,0.038,0.22,0.94,13.38,0.77,1.59,0.057,0.069,0.020,1526,1472,1522,1528,10.00,10.06,59.75,59.70
1787303446.863,25.025,True,1,2.465,2.457,0.152,0.353,10.165,10.163,0.324,1.067,-0.569,1.060,-0.576,0.188,0.018,0.025,0.09,0.79,12.28,0.87,1.58,0.081,0.083,0.068,1528,1470,1529,1527,10.00,10.06,-0.47,-0.43
1787303446.873,25.034,True,1,2.472,2.460,0.153,0.334,10.147,10.145,0.324,1.068,-0.569,1.060,-0.576,0.189,0.038,0.031,0.14,0.80,12.09,0.84,1.80,0.073,0.105,0.077,1528,1468,1530,1526,10.01,10.07,-0.13,-0.18
1787303446.883,25.044,True,1,2.472,2.463,0.153,0.346,10.159,10.157,0.324,1.068,-0.569,1.060,-0.576,0.189,0.038,0.031,0.14,0.80,12.09,0.84,1.80,0.073,0.105,0.077,1528,1468,1530,1527,10.00,10.07,9.87,9.82
1787303446.893,25.054,True,1,2.472,2.466,0.153,0.358,10.171,10.169,0.325,1.068,-0.569,1.060,-0.576,0.189,0.038,0.031,0.14,0.80,12.09,0.84,1.80,0.073,0.105,0.077,1528,1468,1530,1527,9.99,10.06,19.86,19.81
1787303446.903,25.064,True,1,2.472,2.469,0.153,0.370,10.183,10.181,0.325,1.068,-0.569,1.061,-0.575,0.189,0.038,0.031,0.14,0.80,12.09,0.84,1.80,0.073,0.105,0.077,1528,1468,1530,1527,10.00,10.06,29.86,29.81
1787303446.913,25.074,True,1,2.472,2.472,0.153,0.382,10.195,10.193,0.325,1.068,-0.569,1.061,-0.575,0.189,0.038,0.031,0.14,0.80,12.09,0.84,1.80,0.073,0.105,0.077,1528,1468,1530,1528,10.00,10.06,39.86,39.81
1787303446.923,25.084,True,1,2.472,2.475,0.153,0.394,10.207,10.205,0.326,1.068,-0.569,1.061,-0.575,0.189,0.038,0.031,0.14,0.80,12.09,0.84,1.80,0.073,0.105,0.077,1528,1468,1530,1528,10.00,10.06,49.87,49.82
1787303446.933,25.095,True,1,2.490,2.478,0.154,0.332,10.145,10.143,0.324,1.071,-0.568,1.061,-0.575,0.191,0.041,0.027,0.17,0.78,11.47,0.88,1.85,0.073,0.112,0.104,1528,1467,1534,1526,10.00,10.07,-0.41,-0.46
1787303446.943,25.104,True,1,2.490,2.481,0.154,0.344,10.157,10.155,0.324,1.071,-0.568,1.062,-0.574,0.191,0.041,0.027,0.17,0.78,11.47,0.88,1.85,0.073,0.113,0.104,1528,1467,1534,1526,10.00,10.06,9.59,9.54
1787303446.953,25.114,True,1,2.494,2.484,0.170,0.288,10.101,10.099,0.322,1.072,-0.568,1.062,-0.574,0.192,0.039,0.028,0.18,0.74,11.23,0.87,1.85,0.070,0.117,0.114,1527,1466,1535,1524,10.00,10.06,-0.19,-0.14
1787303446.963,25.124,True,1,2.494,2.487,0.170,0.300,10.113,10.111,0.323,1.072,-0.568,1.062,-0.574,0.192,0.039,0.028,0.18,0.74,11.23,0.87,1.86,0.070,0.118,0.114,1527,1466,1535,1525,10.00,10.06,9.81,9.86
1787303446.973,25.134,True,1,2.494,2.490,0.170,0.312,10.125,10.123,0.323,1.072,-0.568,1.063,-0.574,0.192,0.039,0.028,0.18,0.74,11.23,0.87,1.86,0.070,0.118,0.114,1527,1466,1535,1525,10.00,10.06,19.81,19.86
1787303446.983,25.144,True,1,2.494,2.493,0.170,0.324,10.137,10.135,0.323,1.072,-0.568,1.063,-0.574,0.192,0.039,0.028,0.18,0.74,11.23,0.87,1.86,0.070,0.118,0.114,1527,1466,1535,1526,10.00,10.06,29.81,29.86
1787303446.993,25.154,True,1,2.494,2.496,0.170,0.336,10.149,10.147,0.324,1.072,-0.568,1.063,-0.573,0.192,0.039,0.028,0.18,0.74,11.23,0.87,1.86,0.070,0.118,0.114,1527,1466,1535,1526,10.00,10.06,39.81,39.86
1787303447.003,25.164,True,1,2.494,2.499,0.170,0.348,10.161,10.159,0.324,1.072,-0.568,1.064,-0.573,0.192,0.039,0.028,0.18,0.74,11.23,0.86,1.86,0.070,0.118,0.114,1527,1466,1535,1527,10.01,10.07,49.82,49.87
1787303447.013,25.174,True,1,2.494,2.502,0.170,0.360,10.173,10.171,0.325,1.072,-0.568,1.064,-0.573,0.192,0.039,0.028,0.18,0.74,11.23,0.86,1.86,0.070,0.118,0.114,1527,1466,1535,1527,10.00,10.07,59.82,59.86
1787303447.023,25.184,True,1,2.494,2.505,0.170,0.372,10.186,10.183,0.325,1.072,-0.568,1.064,-0.573,0.192,0.039,0.028,0.18,0.74,11.23,0.86,1.86,0.070,0.118,0.114,1527,1466,1535,1527,10.00,10.06,69.81,69.86
1787303447.033,25.194,True,1,2.494,2.508,0.170,0.385,10.198,10.195,0.325,1.072,-0.568,1.064,-0.573,0.192,0.039,0.028,0.18,0.74,11.23,0.86,1.86,0.070,0.118,0.114,1527,1466,1535,1528,10.00,10.06,79.81,79.86
1787303447.044,25.205,True,1,2.524,2.511,0.157,0.317,10.131,10.130,0.323,1.080,-0.566,1.065,-0.572,0.197,0.051,0.030,0.66,1.17,9.34,0.81,2.04,0.011,0.093,0.196,1521,1469,1547,1526,10.00,10.06,-0.61,-0.56
1787303447.053,25.214,True,1,2.524,2.514,0.157,0.329,10.143,10.142,0.324,1.080,-0.566,1.065,-0.572,0.197,0.051,0.030,0.66,1.17,9.34,0.81,2.04,0.011,0.093,0.196,1521,1469,1547,1526,10.00,10.06,9.39,9.44
1787303447.063,25.224,True,1,2.524,2.517,0.157,0.341,10.155,10.154,0.324,1.080,-0.566,1.066,-0.572,0.197,0.051,0.030,0.66,1.17,9.34,0.81,2.04,0.011,0.093,0.196,1521,1469,1547,1526,10.00,10.06,19.39,19.44
1787303447.073,25.234,True,1,2.524,2.520,0.157,0.353,10.167,10.166,0.324,1.080,-0.566,1.066,-0.572,0.197,0.051,0.030,0.66,1.17,9.34,0.80,2.04,0.011,0.094,0.196,1521,1469,1547,1527,10.00,10.06,29.39,29.44
1787303447.083,25.245,True,1,2.537,2.523,0.137,0.374,10.188,10.187,0.325,1.084,-0.563,1.067,-0.572,0.199,0.059,0.044,1.25,1.41,9.01,0.66,2.15,-0.067,0.082,0.210,1472,1470,1549,1528,10.00,10.06,-0.32,-0.27
1787303447.093,25.254,True,1,2.537,2.526,0.137,0.386,10.200,10.199,0.326,1.084,-0.563,1.068,-0.571,0.199,0.059,0.044,1.25,1.41,9.01,0.66,2.15,-0.067,0.082,0.210,1472,1470,1549,1528,10.00,10.06,9.69,9.73
1787303447.103,25.264,True,1,2.537,2.529,0.137,0.397,10.212,10.211,0.326,1.084,-0.563,1.068,-0.571,0.199,0.059,0.044,1.25,1.41,9.01,0.66,2.15,-0.067,0.083,0.210,1472,1470,1549,1528,10.00,10.06,19.68,19.73
1787303447.113,25.274,True,1,2.537,2.532,0.137,0.409,10.224,10.223,0.326,1.084,-0.563,1.069,-0.571,0.199,0.059,0.044,1.25,1.41,9.01,0.66,2.16,-0.067,0.083,0.210,1472,1470,1549,1529,10.00,10.06,29.68,29.73
1787303447.123,25.284,True,1,2.537,2.535,0.137,0.421,10.236,10.235,0.327,1.084,-0.563,1.069,-0.570,0.199,0.059,0.044,1.25,1.41,9.01,0.66,2.16,-0.067,0.083,0.209,1472,1470,1549,1529,10.00,10.06,39.68,39.73
1787303447.133,25.295,True,1,2.550,2.538,0.143,0.360,10.174,10.172,0.325,1.089,-0.559,1.070,-0.570,0.201,0.055,0.045,1.60,1.79,8.79,0.64,2.14,-0.108,0.043,0.219,1468,1475,1550,1527,10.00,10.06,-0.21,-0.26
1787303447.143,25.304,True,1,2.550,2.541,0.143,0.372,10.186,10.184,0.325,1.089,-0.559,1.071,-0.570,0.201,0.055,0.045,1.60,1.79,8.79,0.64,2.15,-0.108,0.043,0.219,1468,1475,1550,1528,10.01,10.07,9.80,9.75
1787303447.153,25.314,True,1,2.550,2.544,0.143,0.384,10.198,10.196,0.325,1.089,-0.559,1.071,-0.569,0.201,0.055,0.045,1.60,1.79,8.79,0.64,2.15,-0.108,0.044,0.219,1468,1475,1550,1528,9.99,10.06,19.79,19.74
1787303447.163,25.324,True,1,2.550,2.547,0.143,0.396,10.210,10.208,0.326,1.089,-0.559,1.072,-0.569,0.201,0.055,0.045,1.60,1.79,8.79,0.64,2.15,-0.108,0.044,0.219,1468,1475,1550,1528,10.00,10.06,29.79,29.74
1787303447.173,25.334,True,1,2.550,2.550,0.143,0.408,10.222,10.220,0.326,1.089,-0.559,1.072,-0.569,0.201,0.055,0.045,1.60,1.79,8.79,0.64,2.16,-0.108,0.045,0.219,1468,1475,1550,1529,10.00,10.06,39.79,39.74
1787303447.183,25.345,True,1,2.573,2.553,0.139,0.343,10.158,10.153,0.324,1.095,-0.554,1.073,-0.568,0.204,0.063,0.059,2.21,2.54,8.77,0.51,2.28,-0.188,-0.018,0.222,1459,1522,1550,1526,10.00,10.06,-0.37,-0.42
1787303447.193,25.354,True,1,2.573,2.556,0.139,0.355,10.170,10.165,0.324,1.095,-0.554,1.074,-0.568,0.204,0.063,0.059,2.21,2.54,8.77,0.50,2.28,-0.188,-0.018,0.222,1459,1521,1550,1527,10.00,10.06,9.63,9.58
1787303447.203,25.364,True,1,2.581,2.559,0.168,0.246,10.061,10.056,0.321,1.098,-0.552,1.075,-0.567,0.205,0.055,0.072,2.12,2.62,8.80,0.37,2.25,-0.194,-0.030,0.221,1458,1523,1550,1523,10.00,10.06,-0.06,-0.12
1787303447.213,25.374,True,1,2.581,2.562,0.168,0.258,10.072,10.068,0.321,1.098,-0.552,1.075,-0.567,0.205,0.055,0.072,2.12,2.62,8.80,0.37,2.26,-0.194,-0.029,0.221,1458,1523,1550,1523,10.00,10.06,9.94,9.89
1787303447.223,25.384,True,1,2.581,2.565,0.168,0.270,10.084,10.079,0.322,1.098,-0.552,1.076,-0.566,0.205,0.055,0.072,2.12,2.62,8.80,0.37,2.26,-0.194,-0.029,0.221,1458,1523,1550,1524,10.00,10.06,19.94,19.88
1787303447.233,25.394,True,1,2.581,2.568,0.168,0.281,10.096,10.091,0.322,1.098,-0.552,1.077,-0.566,0.205,0.055,0.072,2.12,2.62,8.80,0.36,2.27,-0.194,-0.028,0.221,1458,1523,1550,1524,10.00,10.06,29.94,29.88
1787303447.243,25.405,True,1,2.595,2.571,0.154,0.280,10.096,10.090,0.322,1.101,-0.548,1.078,-0.565,0.206,0.063,0.079,2.20,2.90,9.04,0.32,2.37,-0.208,-0.048,0.212,1457,1525,1549,1524,10.00,10.06,-0.27,-0.32
1787303447.253,25.414,True,1,2.595,2.574,0.154,0.292,10.108,10.102,0.322,1.101,-0.548,1.078,-0.565,0.206,0.063,0.079,2.20,2.90,9.04,0.32,2.37,-0.208,-0.047,0.212,1457,1525,1549,1525,10.00,10.06,9.73,9.68
1787303447.263,25.424,True,1,2.595,2.577,0.154,0.304,10.119,10.113,0.323,1.101,-0.548,1.079,-0.564,0.206,0.063,0.079,2.20,2.90,9.04,0.32,2.38,-0.208,-0.047,0.212,1457,1525,1549,1525,10.00,10.06,19.72,19.68
1787303447.273,25.434,True,1,2.599,2.580,0.174,0.238,10.053,10.050,0.321,1.102,-0.547,1.080,-0.563,0.206,0.065,0.073,1.77,2.90,9.34,0.38,2.41,-0.155,-0.045,0.198,1462,1525,1547,1523,10.00,10.06,-0.16,-0.11
1787303447.283,25.444,True,1,2.604,2.583,0.136,0.346,10.161,10.157,0.324,1.103,-0.546,1.081,-0.563,0.207,0.052,0.094,1.66,3.00,9.48,0.15,2.29,-0.168,-0.069,0.193,1461,1527,1546,1527,10.00,10.06,-0.10,-0.05
1787303447.293,25.454,True,1,2.607,2.586,0.124,0.377,10.193,10.188,0.325,1.104,-0.545,1.082,-0.562,0.207,0.056,0.095,1.66,3.00,9.48,0.15,2.34,-0.168,-0.064,0.192,1461,1527,1546,1528,10.00,10.06,9.90,-0.05
1787303447.303,25.464,True,1,2.607,2.589,0.124,0.389,10.205,10.200,0.326,1.104,-0.545,1.082,-0.562,0.207,0.056,0.095,1.66,3.00,9.48,0.15,2.34,-0.168,-0.063,0.192,1461,1527,1546,1528,10.00,10.06,19.90,9.95
1787303447.313,25.474,True,1,2.607,2.592,0.124,0.401,10.216,10.212,0.326,1.104,-0.545,1.083,-0.561,0.207,0.056,0.095,1.66,3.00,9.48,0.15,2.35,-0.168,-0.063,0.192,1461,1526,1546,1529,10.00,10.06,29.90,19.95
1787303447.323,25.484,True,1,2.607,2.595,0.124,0.413,10.228,10.224,0.326,1.104,-0.545,1.084,-0.561,0.207,0.056,0.095,1.66,3.00,9.48,0.15,2.35,-0.169,-0.063,0.192,1461,1526,1546,1529,10.00,10.06,39.90,29.95
1787303447.333,25.494,True,1,2.607,2.598,0.124,0.425,10.240,10.236,0.327,1.104,-0.545,1.084,-0.560,0.207,0.056,0.095,1.66,3.00,9.48,0.15,2.36,-0.169,-0.062,0.192,1461,1526,1546,1529,10.00,10.06,49.90,39.95
1787303447.343,25.505,True,1,2.627,2.601,0.126,0.353,10.168,10.166,0.324,1.108,-0.540,1.085,-0.559,0.209,0.051,0.097,0.78,2.95,10.23,0.15,2.33,-0.074,-0.063,0.159,1471,1526,1542,1527,10.00,10.06,-0.36,-0.41
1787303447.353,25.514,True,1,2.627,2.604,0.126,0.364,10.179,10.178,0.325,1.108,-0.540,1.086,-0.559,0.209,0.051,0.097,0.78,2.95,10.23,0.15,2.34,-0.074,-0.062,0.159,1471,1526,1542,1527,10.00,10.06,9.64,9.59
1787303447.363,25.524,True,1,2.627,2.607,0.126,0.376,10.191,10.190,0.325,1.108,-0.540,1.087,-0.558,0.209,0.051,0.097,0.78,2.95,10.23,0.15,2.34,-0.074,-0.062,0.158,1471,1526,1542,1528,10.00,10.06,19.64,19.59
1787303447.373,25.534,True,1,2.632,2.610,0.138,0.334,10.150,10.149,0.324,1.110,-0.539,1.087,-0.557,0.210,0.062,0.088,0.09,2.78,10.70,0.28,2.45,0.013,-0.034,0.138,1521,1523,1539,1526,10.00,10.06,-0.17,-0.12
1787303447.383,25.544,True,1,2.632,2.613,0.138,0.345,10.162,10.161,0.324,1.110,-0.539,1.088,-0.557,0.210,0.062,0.088,0.09,2.78,10.70,0.27,2.46,0.013,-0.034,0.138,1521,1523,1539,1527,10.00,10.06,9.84,9.88
1787303447.393,25.554,True,1,2.632,2.616,0.138,0.357,10.173,10.173,0.325,1.110,-0.539,1.089,-0.556,0.210,0.062,0.088,0.09,2.78,10.70,0.27,2.46,0.013,-0.033,0.138,1521,1523,1539,1527,10.00,10.06,19.84,19.89
1787303447.403,25.564,True,1,2.632,2.619,0.138,0.369,10.185,10.185,0.325,1.110,-0.539,1.090,-0.556,0.210,0.062,0.088,0.09,2.78,10.70,0.27,2.46,0.012,-0.033,0.138,1521,1523,1539,1528,10.00,10.06,29.84,29.89
1787303447.413,25.574,True,1,2.632,2.622,0.138,0.381,10.197,10.197,0.325,1.110,-0.539,1.090,-0.555,0.210,0.062,0.088,0.09,2.78,10.70,0.27,2.47,0.012,-0.033,0.138,1521,1523,1539,1528,10.00,10.06,39.83,39.88
1787303447.423,25.584,True,1,2.632,2.625,0.138,0.393,10.209,10.209,0.326,1.110,-0.539,1.091,-0.554,0.210,0.062,0.088,0.09,2.78,10.70,0.27,2.47,0.012,-0.032,0.138,1521,1523,1539,1528,10.00,10.06,49.84,49.88
1787303447.433,25.594,True,1,2.632,2.628,0.138,0.405,10.221,10.221,0.326,1.110,-0.539,1.092,-0.554,0.210,0.062,0.088,0.09,2.78,10.70,0.26,2.47,0.012,-0.032,0.138,1521,1523,1539,1529,10.00,10.06,59.83,59.88
1787303447.443,25.604,True,1,2.632,2.631,0.138,0.417,10.233,10.233,0.327,1.110,-0.539,1.092,-0.553,0.210,0.062,0.088,0.09,2.78,10.70,0.26,2.48,0.012,-0.032,0.138,1521,1523,1539,1529,10.00,10.06,69.83,69.88
1787303447.454,25.615,True,1,2.664,2.634,0.072,0.497,10.312,10.309,0.329,1.118,-0.532,1.093,-0.553,0.215,0.038,0.092,-1.16,2.69,12.12,0.23,2.23,0.142,-0.050,0.074,1535,1525,1530,1532,10.00,10.06,-0.63,-0.58
1787303447.463,25.624,True,1,2.664,2.637,0.072,0.509,10.324,10.320,0.329,1.118,-0.532,1.094,-0.552,0.215,0.038,0.092,-1.16,2.69,12.12,0.23,2.23,0.142,-0.049,0.074,1535,1525,1530,1532,10.00,10.06,9.38,9.42
1787303447.473,25.634,True,1,2.664,2.640,0.072,0.521,10.336,10.332,0.330,1.118,-0.532,1.095,-0.551,0.215,0.038,0.092,-1.16,2.69,12.12,0.22,2.24,0.142,-0.049,0.074,1535,1525,1530,1533,10.00,10.06,19.37,19.42
1787303447.483,25.644,True,1,2.664,2.643,0.072,0.533,10.347,10.344,0.330,1.118,-0.532,1.095,-0.551,0.215,0.038,0.092,-1.16,2.69,12.12,0.22,2.25,0.142,-0.048,0.074,1535,1525,1530,1533,10.00,10.06,29.37,29.42
1787303447.493,25.654,True,1,2.664,2.646,0.072,0.544,10.359,10.356,0.331,1.118,-0.532,1.096,-0.550,0.215,0.038,0.092,-1.16,2.69,12.12,0.22,2.25,0.141,-0.048,0.074,1535,1525,1530,1534,10.00,10.06,39.37,39.42
1787303447.503,25.664,True,1,2.664,2.649,0.072,0.556,10.371,10.368,0.331,1.118,-0.532,1.097,-0.549,0.215,0.038,0.092,-1.16,2.69,12.12,0.22,2.25,0.141,-0.047,0.074,1535,1525,1530,1534,10.00,10.06,49.38,49.42
1787303447.513,25.674,True,1,2.664,2.652,0.072,0.568,10.383,10.380,0.331,1.118,-0.532,1.098,-0.549,0.215,0.038,0.092,-1.16,2.69,12.12,0.22,2.26,0.141,-0.047,0.074,1535,1525,1530,1534,10.00,10.06,59.37,59.42
1787303447.523,25.684,True,1,2.664,2.655,0.072,0.580,10.395,10.392,0.332,1.118,-0.532,1.098,-0.548,0.215,0.038,0.092,-1.16,2.69,12.12,0.21,2.26,0.141,-0.046,0.074,1535,1525,1530,1535,10.00,10.06,69.37,69.42
1787303447.534,25.695,True,1,2.692,2.658,0.067,0.494,10.310,10.303,0.329,1.127,-0.525,1.099,-0.548,0.220,0.045,0.058,-1.35,2.59,13.67,0.62,2.27,0.207,-0.034,0.007,1542,1523,1521,1532,10.00,10.06,-0.60,-0.64
1787303447.543,25.704,True,1,2.692,2.661,0.067,0.506,10.321,10.315,0.329,1.127,-0.525,1.100,-0.547,0.220,0.045,0.058,-1.35,2.59,13.67,0.62,2.28,0.206,-0.033,0.007,1542,1523,1521,1532,10.01,10.07,9.41,9.36
1787303447.553,25.714,True,1,2.692,2.664,0.067,0.518,10.333,10.327,0.330,1.127,-0.525,1.101,-0.546,0.220,0.045,0.058,-1.35,2.59,13.67,0.62,2.29,0.206,-0.032,0.007,1542,1523,1521,1533,10.00,10.06,19.41,19.36
1787303447.563,25.724,True,1,2.692,2.667,0.067,0.529,10.345,10.339,0.330,1.127,-0.525,1.102,-0.545,0.220,0.045,0.058,-1.35,2.59,13.67,0.62,2.29,0.206,-0.032,0.007,1542,1523,1521,1533,10.00,10.06,29.41,29.36
1787303447.573,25.734,True,1,2.692,2.670,0.067,0.541,10.357,10.351,0.330,1.127,-0.525,1.103,-0.545,0.220,0.045,0.058,-1.35,2.59,13.67,0.61,2.30,0.206,-0.031,0.007,1542,1523,1521,1533,10.00,10.07,39.41,39.36
1787303447.583,25.745,True,1,2.706,2.673,0.059,0.521,10.337,10.329,0.330,1.130,-0.523,1.104,-0.544,0.223,0.055,0.033,-1.27,2.69,14.40,0.91,2.34,0.229,-0.037,-0.025,1545,1524,1476,1533,10.00,10.07,-0.30,-0.35
1787303447.593,25.754,True,1,2.706,2.676,0.059,0.532,10.349,10.341,0.330,1.130,-0.523,1.105,-0.543,0.223,0.055,0.033,-1.27,2.69,14.40,0.91,2.34,0.229,-0.036,-0.025,1545,1524,1476,1533,10.00,10.07,9.70,9.65
1787303447.603,25.764,True,1,2.706,2.679,0.059,0.544,10.361,10.353,0.330,1.130,-0.523,1.105,-0.543,0.223,0.055,0.033,-1.27,2.69,14.40,0.90,2.35,0.229,-0.036,-0.025,1545,1523,1476,1533,10.00,10.06,19.69,19.65
1787303447.613,25.774,True,1,2.706,2.682,0.059,0.556,10.372,10.365,0.331,1.130,-0.523,1.106,-0.542,0.223,0.055,0.033,-1.27,2.69,14.40,0.90,2.35,0.228,-0.035,-0.025,1545,1523,1476,1534,10.00,10.06,29.70,29.65
1787303447.623,25.785,True,1,2.723,2.685,0.052,0.521,10.339,10.331,0.330,1.134,-0.521,1.107,-0.541,0.226,0.062,0.009,-0.97,2.66,15.24,1.19,2.36,0.228,-0.031,-0.061,1545,1523,1471,1533,10.00,10.06,-0.27,-0.32
1787303447.633,25.794,True,1,2.723,2.688,0.052,0.533,10.351,10.343,0.330,1.134,-0.521,1.108,-0.541,0.226,0.062,0.009,-0.97,2.66,15.24,1.18,2.36,0.228,-0.030,-0.061,1545,1523,1471,1533,10.00,10.06,9.73,9.69
1787303447.643,25.804,True,1,2.727,2.691,0.044,0.554,10.371,10.365,0.331,1.135,-0.521,1.109,-0.540,0.227,0.055,0.012,-0.67,2.56,15.75,1.15,2.30,0.195,-0.025,-0.083,1541,1522,1468,1534,10.00,10.06,-0.18,-0.13
1787303447.653,25.814,True,1,2.727,2.694,0.044,0.565,10.383,10.377,0.331,1.135,-0.521,1.110,-0.539,0.227,0.055,0.012,-0.67,2.56,15.75,1.15,2.31,0.195,-0.025,-0.083,1541,1522,1468,1534,10.00,10.06,9.82,9.87
1787303447.663,25.824,True,1,2.727,2.697,0.044,0.577,10.394,10.389,0.332,1.135,-0.521,1.111,-0.539,0.227,0.055,0.012,-0.67,2.56,15.75,1.15,2.32,0.194,-0.024,-0.083,1541,1522,1468,1535,10.00,10.06,19.81,19.87
1787303447.673,25.834,True,1,2.741,2.700,0.047,0.524,10.342,10.337,0.330,1.138,-0.521,1.112,-0.538,0.231,0.061,0.000,-0.40,2.55,16.10,1.30,2.35,0.182,-0.020,-0.098,1540,1522,1466,1533,10.00,10.06,-0.11,-0.16
1787303447.683,25.844,True,1,2.746,2.703,0.031,0.564,10.383,10.378,0.331,1.140,-0.521,1.113,-0.538,0.232,0.062,-0.008,-0.32,2.49,16.27,1.38,2.34,0.182,-0.016,-0.106,1540,1521,1465,1534,10.00,10.06,-0.05,-0.10
1787303447.693,25.854,True,1,2.746,2.706,0.031,0.576,10.394,10.390,0.332,1.140,-0.521,1.113,-0.537,0.232,0.062,-0.008,-0.32,2.49,16.27,1.37,2.34,0.182,-0.015,-0.106,1540,1521,1465,1535,10.00,10.06,9.95,9.90
1787303447.703,25.864,True,1,2.750,2.709,0.025,0.588,10.404,10.401,0.332,1.141,-0.522,1.114,-0.537,0.233,0.045,0.011,-0.15,2.43,16.72,1.17,2.22,0.143,-0.021,-0.125,1535,1522,1462,1535,10.00,10.06,-0.16,-0.11
1787303447.713,25.874,True,1,2.750,2.712,0.025,0.599,10.416,10.413,0.332,1.141,-0.522,1.115,-0.536,0.233,0.045,0.011,-0.15,2.43,16.72,1.17,2.23,0.143,-0.021,-0.125,1535,1522,1462,1536,10.00,10.06,9.83,9.88
1787303447.723,25.884,True,1,2.750,2.715,0.025,0.611,10.428,10.425,0.333,1.141,-0.522,1.116,-0.536,0.233,0.045,0.011,-0.15,2.43,16.72,1.17,2.24,0.143,-0.020,-0.125,1535,1522,1462,1536,10.00,10.06,19.84,19.89
1787303447.733,25.894,True,1,2.750,2.718,0.025,0.622,10.439,10.436,0.333,1.141,-0.522,1.117,-0.535,0.233,0.045,0.011,-0.15,2.43,16.72,1.16,2.24,0.142,-0.020,-0.125,1535,1522,1462,1536,10.00,10.06,29.83,29.88
1787303447.743,25.904,True,1,2.750,2.721,0.025,0.634,10.451,10.448,0.333,1.141,-0.522,1.118,-0.535,0.233,0.045,0.011,-0.15,2.43,16.72,1.16,2.25,0.142,-0.019,-0.125,1535,1522,1462,1537,10.00,10.06,39.84,39.89
1787303447.753,25.914,True,1,2.750,2.724,0.025,0.646,10.463,10.460,0.334,1.141,-0.522,1.118,-0.534,0.233,0.045,0.011,-0.15,2.43,16.72,1.16,2.25,0.142,-0.018,-0.125,1535,1522,1462,1537,10.01,10.07,49.84,49.89
1787303447.763,25.924,True,1,2.750,2.727,0.025,0.658,10.475,10.472,0.334,1.141,-0.522,1.119,-0.534,0.233,0.045,0.011,-0.15,2.43,16.72,1.16,2.26,0.142,-0.018,-0.125,1535,1522,1462,1538,10.00,10.07,59.84,59.89
1787303447.773,25.934,True,1,2.750,2.730,0.025,0.669,10.486,10.484,0.335,1.141,-0.522,1.120,-0.533,0.233,0.045,0.011,-0.15,2.43,16.72,1.16,2.26,0.142,-0.018,-0.125,1535,1521,1462,1538,9.99,10.06,69.83,69.88
1787303447.783,25.944,True,1,2.750,2.733,0.025,0.681,10.498,10.496,0.335,1.141,-0.522,1.121,-0.533,0.233,0.045,0.011,-0.15,2.43,16.72,1.16,2.27,0.142,-0.017,-0.125,1535,1521,1462,1538,10.00,10.06,79.84,79.88
1787303447.794,25.955,True,1,2.781,2.736,0.038,0.532,10.350,10.346,0.330,1.147,-0.524,1.121,-0.533,0.240,0.044,-0.027,0.21,2.58,18.08,1.58,2.16,0.152,-0.045,-0.184,1536,1525,1454,1533,10.00,10.06,-0.60,-0.55
1787303447.803,25.964,True,1,2.781,2.739,0.038,0.543,10.361,10.358,0.331,1.147,-0.524,1.122,-0.532,0.240,0.044,-0.027,0.21,2.58,18.08,1.58,2.16,0.152,-0.045,-0.184,1536,1524,1454,1534,10.01,10.07,9.41,9.45
1787303447.813,25.974,True,1,2.781,2.742,0.038,0.555,10.373,10.370,0.331,1.147,-0.524,1.123,-0.532,0.240,0.044,-0.027,0.21,2.58,18.08,1.58,2.17,0.152,-0.044,-0.184,1536,1524,1454,1534,9.99,10.06,19.40,19.45
1787303447.823,25.984,True,1,2.781,2.745,0.038,0.567,10.385,10.381,0.331,1.147,-0.524,1.124,-0.532,0.240,0.044,-0.027,0.21,2.58,18.08,1.58,2.17,0.152,-0.044,-0.184,1536,1524,1454,1534,10.00,10.06,29.40,29.45
1787303447.833,25.994,True,1,2.781,2.748,0.038,0.578,10.396,10.393,0.332,1.147,-0.524,1.125,-0.532,0.240,0.044,-0.027,0.21,2.58,18.08,1.58,2.18,0.152,-0.043,-0.184,1536,1524,1454,1535,10.00,10.06,39.40,39.44
1787303447.843,26.004,True,1,2.781,2.751,0.038,0.590,10.408,10.405,0.332,1.147,-0.524,1.125,-0.531,0.240,0.044,-0.027,0.21,2.58,18.08,1.58,2.18,0.152,-0.043,-0.184,1536,1524,1454,1535,10.01,10.07,49.40,49.45
1787303447.853,26.014,True,1,2.781,2.754,0.038,0.602,10.420,10.417,0.332,1.147,-0.524,1.126,-0.531,0.240,0.044,-0.027,0.21,2.58,18.08,1.58,2.19,0.152,-0.042,-0.184,1536,1524,1454,1536,10.00,10.07,59.40,59.45
1787303447.863,26.025,True,1,2.808,2.757,0.053,0.458,10.278,10.276,0.328,1.152,-0.525,1.127,-0.531,0.245,0.050,-0.053,0.85,2.76,18.89,1.90,2.18,0.121,-0.064,-0.219,1533,1527,1449,1531,10.00,10.06,-0.52,-0.57
1787303447.873,26.034,True,1,2.808,2.760,0.053,0.470,10.290,10.288,0.328,1.152,-0.525,1.128,-0.531,0.245,0.050,-0.053,0.85,2.76,18.89,1.90,2.18,0.121,-0.063,-0.219,1533,1527,1449,1531,10.00,10.06,9.48,9.43
1787303447.883,26.044,True,1,2.808,2.763,0.053,0.482,10.301,10.299,0.329,1.152,-0.525,1.129,-0.531,0.245,0.050,-0.053,0.85,2.76,18.89,1.90,2.19,0.121,-0.063,-0.219,1533,1526,1449,1532,10.00,10.06,19.48,19.43
1787303447.893,26.054,True,1,2.808,2.766,0.053,0.493,10.313,10.311,0.329,1.152,-0.525,1.130,-0.530,0.245,0.050,-0.053,0.85,2.76,18.89,1.90,2.19,0.121,-0.062,-0.219,1533,1526,1449,1532,10.00,10.06,29.48,29.43
1787303447.903,26.064,True,1,2.808,2.769,0.053,0.505,10.325,10.322,0.329,1.152,-0.525,1.130,-0.530,0.245,0.050,-0.053,0.85,2.76,18.89,1.90,2.20,0.121,-0.062,-0.219,1533,1526,1449,1532,10.00,10.06,39.48,39.43
1787303447.913,26.074,True,1,2.808,2.772,0.053,0.516,10.336,10.334,0.330,1.152,-0.525,1.131,-0.530,0.245,0.050,-0.053,0.85,2.76,18.89,1.90,2.20,0.121,-0.061,-0.219,1533,1526,1449,1533,10.00,10.07,49.48,49.43
1787303447.923,26.084,True,1,2.808,2.775,0.053,0.528,10.348,10.346,0.330,1.152,-0.525,1.132,-0.530,0.245,0.050,-0.053,0.85,2.76,18.89,1.90,2.21,0.121,-0.061,-0.219,1533,1526,1449,1533,10.00,10.06,59.48,59.43
1787303447.934,26.095,True,1,2.828,2.778,0.045,0.484,10.302,10.302,0.329,1.159,-0.526,1.133,-0.530,0.251,0.037,-0.027,0.99,2.22,19.32,1.64,2.17,0.078,-0.010,-0.238,1528,1521,1446,1532,10.00,10.07,-0.53,-0.58
1787303447.943,26.104,True,1,2.828,2.781,0.045,0.496,10.314,10.313,0.329,1.159,-0.526,1.133,-0.530,0.251,0.037,-0.027,0.99,2.22,19.32,1.64,2.17,0.078,-0.009,-0.238,1528,1521,1446,1532,10.00,10.07,9.47,9.43
1787303447.953,26.114,True,1,2.828,2.784,0.045,0.507,10.325,10.325,0.330,1.159,-0.526,1.134,-0.530,0.251,0.037,-0.027,0.99,2.22,19.32,1.65,2.18,0.078,-0.009,-0.238,1528,1520,1446,1532,9.99,10.06,19.46,19.42
1787303447.963,26.124,True,1,2.828,2.787,0.045,0.519,10.337,10.336,0.330,1.159,-0.526,1.135,-0.529,0.251,0.037,-0.027,0.99,2.22,19.32,1.65,2.18,0.078,-0.008,-0.238,1528,1520,1446,1533,10.00,10.06,29.47,29.42
1787303447.973,26.134,True,1,2.828,2.790,0.045,0.530,10.349,10.348,0.330,1.159,-0.526,1.136,-0.529,0.251,0.037,-0.027,0.99,2.22,19.32,1.65,2.19,0.078,-0.008,-0.238,1528,1520,1446,1533,10.00,10.06,39.47,39.42
1787303447.983,26.144,True,1,2.828,2.793,0.045,0.542,10.361,10.360,0.331,1.159,-0.526,1.137,-0.529,0.251,0.037,-0.027,0.99,2.22,19.32,1.65,2.19,0.079,-0.007,-0.238,1528,1520,1446,1534,10.01,10.07,49.47,49.43
1787303447.993,26.154,True,1,2.828,2.796,0.045,0.554,10.372,10.372,0.331,1.159,-0.526,1.137,-0.529,0.251,0.037,-0.027,0.99,2.22,19.32,1.65,2.19,0.079,-0.007,-0.238,1528,1520,1446,1534,10.00,10.07,59.47,59.42
1787303448.003,26.165,True,1,2.847,2.799,0.044,0.491,10.310,10.310,0.329,1.165,-0.528,1.138,-0.529,0.258,0.041,-0.029,1.49,1.88,19.47,1.70,2.25,0.030,0.031,-0.246,1523,1476,1445,1532,10.00,10.06,-0.48,-0.43
1787303448.013,26.174,True,1,2.847,2.802,0.044,0.502,10.321,10.321,0.329,1.165,-0.528,1.139,-0.529,0.258,0.041,-0.029,1.49,1.88,19.47,1.70,2.25,0.030,0.032,-0.246,1523,1476,1445,1532,10.00,10.07,9.52,9.57
1787303448.023,26.184,True,1,2.856,2.805,0.033,0.514,10.334,10.334,0.330,1.168,-0.530,1.140,-0.529,0.261,0.045,-0.049,1.58,1.84,19.48,1.91,2.22,0.043,0.033,-0.246,1524,1476,1445,1533,10.00,10.06,-0.12,-0.17
1787303448.033,26.194,True,1,2.856,2.808,0.033,0.525,10.346,10.345,0.330,1.168,-0.530,1.141,-0.529,0.261,0.045,-0.049,1.58,1.84,19.48,1.91,2.23,0.043,0.033,-0.246,1524,1476,1445,1533,10.00,10.06,9.88,9.83
1787303448.043,26.204,True,1,2.856,2.811,0.033,0.537,10.357,10.357,0.331,1.168,-0.530,1.142,-0.529,0.261,0.045,-0.049,1.58,1.84,19.48,1.91,2.23,0.043,0.034,-0.246,1524,1476,1445,1534,10.00,10.06,19.88,19.83
1787303448.053,26.214,True,1,2.856,2.814,0.033,0.548,10.369,10.368,0.331,1.168,-0.530,1.143,-0.529,0.261,0.045,-0.049,1.58,1.84,19.48,1.91,2.24,0.043,0.034,-0.246,1524,1476,1445,1534,10.00,10.06,29.88,29.83
1787303448.063,26.224,True,1,2.856,2.817,0.033,0.560,10.380,10.380,0.331,1.168,-0.530,1.144,-0.529,0.261,0.045,-0.049,1.58,1.84,19.48,1.91,2.24,0.043,0.035,-0.247,1524,1476,1445,1534,10.00,10.07,39.88,39.83
1787303448.073,26.234,True,1,2.856,2.820,0.033,0.572,10.392,10.392,0.332,1.168,-0.530,1.144,-0.529,0.261,0.045,-0.049,1.58,1.84,19.48,1.92,2.25,0.043,0.035,-0.247,1524,1476,1445,1535,10.00,10.06,49.88,49.83
1787303448.083,26.244,True,1,2.856,2.823,0.033,0.583,10.404,10.403,0.332,1.168,-0.530,1.145,-0.529,0.261,0.045,-0.049,1.58,1.84,19.48,1.92,2.25,0.043,0.036,-0.247,1524,1475,1445,1535,10.00,10.06,59.88,59.83
1787303448.093,26.254,True,1,2.856,2.826,0.033,0.595,10.416,10.415,0.332,1.168,-0.530,1.146,-0.529,0.261,0.045,-0.049,1.58,1.84,19.48,1.92,2.25,0.044,0.036,-0.247,1524,1475,1445,1536,10.00,10.06,69.88,69.83
1787303448.103,26.265,True,1,2.880,2.829,0.022,0.543,10.363,10.362,0.331,1.175,-0.532,1.147,-0.529,0.269,0.050,-0.024,1.96,1.85,18.92,1.69,2.42,-0.021,0.052,-0.223,1477,1474,1448,1534,10.00,10.06,-0.57,-0.52
1787303448.113,26.274,True,1,2.880,2.832,0.022,0.554,10.375,10.374,0.331,1.175,-0.532,1.148,-0.529,0.269,0.050,-0.024,1.96,1.85,18.92,1.69,2.43,-0.021,0.052,-0.223,1477,1474,1448,1534,10.00,10.06,9.43,9.48
1787303448.123,26.284,True,1,2.880,2.835,0.022,0.566,10.386,10.386,0.331,1.175,-0.532,1.149,-0.529,0.269,0.050,-0.024,1.96,1.85,18.92,1.70,2.43,-0.021,0.053,-0.223,1477,1474,1448,1535,10.00,10.06,19.43,19.48
1787303448.133,26.294,True,1,2.880,2.838,0.022,0.577,10.398,10.397,0.332,1.175,-0.532,1.150,-0.530,0.269,0.050,-0.024,1.96,1.85,18.92,1.70,2.43,-0.021,0.053,-0.223,1477,1474,1448,1535,10.00,10.06,29.43,29.48
1787303448.143,26.304,True,1,2.880,2.841,0.022,0.589,10.410,10.409,0.332,1.175,-0.532,1.151,-0.530,0.269,0.050,-0.024,1.96,1.85,18.92,1.70,2.44,-0.020,0.054,-0.223,1477,1474,1448,1535,10.00,10.06,39.43,39.48
1787303448.153,26.314,True,1,2.880,2.844,0.022,0.601,10.421,10.421,0.333,1.175,-0.532,1.151,-0.530,0.269,0.050,-0.024,1.96,1.85,18.92,1.70,2.44,-0.020,0.054,-0.223,1477,1473,1448,1536,10.01,10.07,49.44,49.49
1787303448.163,26.324,True,1,2.880,2.847,0.022,0.612,10.433,10.432,0.333,1.175,-0.532,1.152,-0.530,0.269,0.050,-0.024,1.96,1.85,18.92,1.70,2.45,-0.020,0.055,-0.223,1477,1473,1448,1536,10.00,10.07,59.44,59.48
1787303448.173,26.334,True,1,2.880,2.850,0.022,0.624,10.445,10.444,0.333,1.175,-0.532,1.153,-0.530,0.269,0.050,-0.024,1.96,1.85,18.92,1.71,2.45,-0.020,0.055,-0.223,1477,1473,1448,1537,10.00,10.06,69.43,69.48
1787303448.184,26.345,True,1,2.907,2.853,-0.030,0.685,10.507,10.506,0.335,1.183,-0.534,1.154,-0.530,0.277,0.060,-0.033,2.28,2.11,17.78,1.76,2.56,-0.048,0.040,-0.173,1474,1475,1455,1539,10.00,10.06,-0.62,-0.57
1787303448.193,26.354,True,1,2.907,2.856,-0.030,0.696,10.518,10.518,0.336,1.183,-0.534,1.155,-0.530,0.277,0.060,-0.033,2.28,2.11,17.78,1.76,2.56,-0.047,0.040,-0.173,1474,1475,1455,1539,10.01,10.07,9.39,9.44
1787303448.203,26.364,True,1,2.907,2.859,-0.030,0.708,10.530,10.529,0.336,1.183,-0.534,1.156,-0.530,0.277,0.060,-0.033,2.28,2.11,17.78,1.77,2.57,-0.047,0.041,-0.173,1474,1475,1455,1540,9.99,10.06,19.38,19.43
1787303448.213,26.374,True,1,2.907,2.862,-0.030,0.719,10.542,10.541,0.336,1.183,-0.534,1.157,-0.530,0.277,0.060,-0.033,2.28,2.11,17.78,1.77,2.57,-0.047,0.041,-0.173,1474,1475,1455,1540,10.00,10.06,29.39,29.43
1787303448.223,26.384,True,1,2.907,2.865,-0.030,0.731,10.553,10.552,0.337,1.183,-0.534,1.158,-0.531,0.277,0.060,-0.033,2.28,2.11,17.78,1.77,2.58,-0.047,0.042,-0.173,1474,1475,1455,1540,10.00,10.06,39.39,39.43
1787303448.233,26.394,True,1,2.907,2.868,-0.030,0.743,10.565,10.564,0.337,1.183,-0.534,1.158,-0.531,0.277,0.060,-0.033,2.28,2.11,17.78,1.77,2.58,-0.046,0.042,-0.173,1474,1475,1455,1541,10.01,10.07,49.39,49.44
1787303448.243,26.404,True,1,2.907,2.871,-0.030,0.754,10.577,10.576,0.338,1.183,-0.534,1.159,-0.531,0.277,0.060,-0.033,2.28,2.11,17.78,1.77,2.58,-0.046,0.043,-0.173,1474,1475,1455,1541,10.00,10.07,59.39,59.44
1787303448.253,26.414,True,1,2.907,2.874,-0.030,0.766,10.588,10.588,0.338,1.183,-0.534,1.160,-0.531,0.277,0.060,-0.033,2.28,2.11,17.78,1.78,2.59,-0.046,0.043,-0.173,1474,1475,1455,1542,10.00,10.06,69.39,69.43
1787303448.263,26.425,True,1,2.932,2.877,-0.060,0.763,10.588,10.587,0.338,1.192,-0.536,1.161,-0.531,0.286,0.086,-0.032,1.99,2.24,16.17,1.78,2.89,-0.018,0.064,-0.103,1477,1472,1465,1542,10.00,10.06,-0.51,-0.56
1787303448.273,26.434,True,1,2.932,2.880,-0.060,0.774,10.600,10.599,0.338,1.192,-0.536,1.162,-0.531,0.286,0.086,-0.032,1.99,2.24,16.17,1.78,2.89,-0.018,0.065,-0.103,1477,1472,1465,1542,10.01,10.07,9.49,9.45
1787303448.283,26.444,True,1,2.932,2.883,-0.060,0.786,10.611,10.610,0.339,1.192,-0.536,1.163,-0.531,0.286,0.086,-0.032,1.99,2.24,16.17,1.78,2.90,-0.018,0.065,-0.103,1477,1472,1465,1542,9.99,10.06,19.48,19.44
1787303448.293,26.454,True,1,2.932,2.886,-0.060,0.797,10.623,10.622,0.339,1.192,-0.536,1.164,-0.532,0.286,0.086,-0.032,1.99,2.24,16.17,1.78,2.90,-0.018,0.066,-0.104,1478,1472,1465,1543,10.00,10.06,29.49,29.44
1787303448.303,26.464,True,1,2.932,2.889,-0.060,0.809,10.634,10.634,0.339,1.192,-0.536,1.165,-0.532,0.286,0.086,-0.032,1.99,2.24,16.17,1.79,2.91,-0.017,0.066,-0.104,1478,1472,1465,1543,10.00,10.06,39.49,39.44
1787303448.313,26.474,True,1,2.932,2.892,-0.060,0.821,10.646,10.645,0.340,1.192,-0.536,1.166,-0.532,0.286,0.086,-0.032,1.99,2.24,16.17,1.79,2.91,-0.017,0.067,-0.104,1478,1472,1465,1544,10.00,10.07,49.49,49.44
1787303448.323,26.485,True,1,2.947,2.895,-0.106,0.914,10.738,10.737,0.343,1.198,-0.538,1.167,-0.532,0.292,0.070,-0.015,1.65,2.25,14.96,1.51,2.83,-0.012,0.059,-0.050,1478,1473,1473,1547,10.00,10.07,-0.37,-0.42
1787303448.333,26.494,True,1,2.953,2.898,-0.120,0.944,10.768,10.767,0.344,1.201,-0.539,1.168,-0.532,0.295,0.072,-0.037,1.59,2.20,14.72,1.71,2.79,0.015,0.061,-0.040,1521,1473,1474,1548,9.99,10.06,-0.07,-0.12
1787303448.343,26.504,True,1,2.953,2.901,-0.120,0.955,10.779,10.779,0.344,1.201,-0.539,1.169,-0.533,0.295,0.072,-0.037,1.59,2.20,14.72,1.72,2.80,0.015,0.061,-0.040,1521,1473,1474,1548,10.00,10.06,9.94,9.88
1787303448.353,26.514,True,1,2.953,2.904,-0.120,0.967,10.791,10.790,0.344,1.201,-0.539,1.170,-0.533,0.295,0.072,-0.037,1.59,2.20,14.72,1.72,2.80,0.015,0.062,-0.040,1521,1473,1474,1549,10.00,10.06,19.93,19.88
1787303448.363,26.524,True,1,2.953,2.907,-0.120,0.978,10.803,10.802,0.345,1.201,-0.539,1.171,-0.533,0.295,0.072,-0.037,1.59,2.20,14.72,1.72,2.81,0.016,0.063,-0.040,1521,1473,1474,1549,10.00,10.06,29.94,29.88
1787303448.373,26.534,True,1,2.953,2.910,-0.120,0.990,10.814,10.814,0.345,1.201,-0.539,1.172,-0.533,0.295,0.072,-0.037,1.59,2.20,14.72,1.72,2.81,0.016,0.063,-0.040,1521,1472,1474,1549,10.00,10.06,39.94,39.88
1787303448.383,26.545,True,1,2.964,2.913,-0.108,0.921,10.748,10.747,0.343,1.205,-0.540,1.173,-0.533,0.300,0.082,-0.058,1.38,2.19,13.75,1.91,2.92,0.056,0.077,0.003,1526,1471,1520,1547,10.00,10.06,-0.27,-0.31
1787303448.393,26.554,True,1,2.964,2.916,-0.108,0.933,10.760,10.758,0.343,1.205,-0.540,1.174,-0.534,0.300,0.082,-0.058,1.38,2.19,13.75,1.91,2.92,0.056,0.077,0.003,1526,1471,1520,1547,10.00,10.06,9.73,9.69
1787303448.403,26.564,True,1,2.964,2.919,-0.108,0.945,10.771,10.770,0.344,1.205,-0.540,1.175,-0.534,0.300,0.082,-0.058,1.38,2.19,13.75,1.91,2.93,0.056,0.078,0.003,1526,1471,1520,1548,10.00,10.06,19.73,19.68
1787303448.413,26.574,True,1,2.964,2.922,-0.108,0.956,10.783,10.782,0.344,1.205,-0.540,1.176,-0.534,0.300,0.082,-0.058,1.38,2.19,13.75,1.92,2.93,0.056,0.078,0.003,1526,1471,1520,1548,10.00,10.06,29.73,29.69
1787303448.423,26.585,True,1,2.974,2.925,-0.144,1.035,10.859,10.858,0.347,1.209,-0.540,1.177,-0.534,0.303,0.066,-0.033,1.43,2.04,12.81,1.59,2.86,0.015,0.087,0.043,1521,1470,1525,1551,10.00,10.06,-0.26,-0.30
1787303448.433,26.594,True,1,2.974,2.928,-0.144,1.046,10.871,10.870,0.347,1.209,-0.540,1.179,-0.534,0.303,0.066,-0.033,1.43,2.04,12.81,1.59,2.86,0.015,0.088,0.043,1521,1470,1525,1551,10.00,10.06,9.74,9.69
1787303448.443,26.604,True,1,2.974,2.931,-0.144,1.058,10.882,10.881,0.347,1.209,-0.540,1.180,-0.535,0.303,0.066,-0.033,1.43,2.04,12.81,1.59,2.87,0.015,0.088,0.043,1521,1470,1525,1552,10.00,10.06,19.75,19.70
1787303448.453,26.614,True,1,2.974,2.934,-0.144,1.069,10.894,10.893,0.348,1.209,-0.540,1.180,-0.535,0.303,0.066,-0.033,1.43,2.04,12.81,1.60,2.88,0.015,0.089,0.043,1521,1470,1525,1552,10.00,10.06,29.74,29.69
1787303448.463,26.624,True,1,2.974,2.937,-0.144,1.081,10.906,10.905,0.348,1.209,-0.540,1.181,-0.535,0.303,0.066,-0.033,1.43,2.04,12.81,1.60,2.88,0.016,0.089,0.043,1521,1470,1525,1552,10.00,10.06,39.74,39.69
1787303448.473,26.634,True,1,2.974,2.940,-0.144,1.093,10.918,10.916,0.348,1.209,-0.540,1.182,-0.535,0.303,0.066,-0.033,1.43,2.04,12.81,1.60,2.89,0.016,0.090,0.043,1521,1470,1525,1553,10.00,10.06,49.74,49.69
1787303448.483,26.644,True,1,2.974,2.943,-0.144,1.104,10.929,10.928,0.349,1.209,-0.540,1.183,-0.535,0.303,0.066,-0.033,1.43,2.04,12.81,1.60,2.89,0.016,0.090,0.043,1521,1469,1525,1553,10.00,10.06,59.74,59.69
1787303448.494,26.655,True,1,2.999,2.946,-0.137,0.993,10.818,10.817,0.345,1.215,-0.542,1.184,-0.535,0.310,0.060,-0.041,1.84,2.41,11.62,1.63,2.89,-0.027,0.054,0.096,1477,1474,1533,1549,10.00,10.06,-0.55,-0.60
1787303448.503,26.664,True,1,2.999,2.949,-0.137,1.005,10.829,10.829,0.346,1.215,-0.542,1.185,-0.536,0.310,0.060,-0.041,1.84,2.41,11.62,1.63,2.89,-0.026,0.054,0.096,1477,1473,1533,1550,10.00,10.06,9.45,9.41
1787303448.513,26.674,True,1,2.999,2.952,-0.137,1.016,10.841,10.841,0.346,1.215,-0.542,1.186,-0.536,0.310,0.060,-0.041,1.84,2.41,11.62,1.63,2.90,-0.026,0.055,0.096,1477,1473,1533,1550,10.00,10.06,19.45,19.41
1787303448.523,26.684,True,1,2.999,2.955,-0.137,1.028,10.853,10.852,0.346,1.215,-0.542,1.187,-0.536,0.310,0.060,-0.041,1.84,2.41,11.62,1.63,2.90,-0.026,0.055,0.095,1477,1473,1533,1551,10.00,10.06,29.45,29.40
1787303448.533,26.694,True,1,2.999,2.958,-0.137,1.039,10.864,10.864,0.347,1.215,-0.542,1.188,-0.536,0.310,0.060,-0.041,1.84,2.41,11.62,1.64,2.91,-0.026,0.056,0.095,1477,1473,1533,1551,10.00,10.06,39.45,39.40
1787303448.543,26.705,True,1,3.008,2.961,-0.102,0.910,10.737,10.737,0.343,1.218,-0.544,1.189,-0.537,0.313,0.063,-0.067,1.67,2.74,11.07,1.88,2.95,0.016,0.026,0.120,1521,1477,1536,1547,10.00,10.06,-0.29,-0.34
1787303448.553,26.714,True,1,3.008,2.961,-0.102,0.910,10.736,10.736,0.343,1.218,-0.544,1.190,-0.537,0.313,0.063,-0.067,1.67,2.74,11.07,1.88,2.96,0.017,0.027,0.120,1521,1476,1536,1547,10.00,10.06,9.71,9.66
1787303448.563,26.724,True,1,3.013,2.961,-0.112,0.920,10.747,10.746,0.343,1.219,-0.544,1.191,-0.537,0.314,0.060,-0.079,1.47,3.15,10.62,1.97,2.93,0.045,-0.019,0.141,1525,1522,1539,1547,10.00,10.06,-0.17,-0.12
1787303448.573,26.734,True,1,3.018,2.961,-0.103,0.873,10.701,10.701,0.342,1.219,-0.545,1.192,-0.537,0.315,0.073,-0.062,1.36,3.19,10.51,1.85,3.11,0.043,-0.006,0.146,1524,1520,1540,1545,10.00,10.06,-0.10,-0.05
1787303448.583,26.744,True,1,3.018,2.961,-0.103,0.872,10.701,10.700,0.342,1.219,-0.545,1.193,-0.538,0.315,0.073,-0.062,1.36,3.19,10.51,1.85,3.12,0.043,-0.005,0.146,1524,1520,1540,1545,10.00,10.06,9.90,9.95
1787303448.593,26.754,True,1,3.018,2.961,-0.103,0.872,10.700,10.700,0.342,1.219,-0.545,1.194,-0.538,0.315,0.073,-0.062,1.36,3.19,10.51,1.85,3.13,0.044,-0.004,0.146,1524,1520,1540,1545,10.00,10.06,19.90,19.95
1787303448.603,26.764,True,1,3.018,2.961,-0.103,0.871,10.700,10.699,0.341,1.219,-0.545,1.195,-0.538,0.315,0.073,-0.062,1.36,3.19,10.51,1.86,3.13,0.044,-0.003,0.146,1524,1520,1540,1545,10.00,10.06,29.90,29.95
1787303448.613,26.774,True,1,3.018,2.961,-0.103,0.871,10.699,10.699,0.341,1.219,-0.545,1.195,-0.538,0.315,0.073,-0.062,1.36,3.19,10.51,1.86,3.14,0.045,-0.002,0.146,1524,1520,1540,1545,10.00,10.06,39.90,39.95
1787303448.623,26.784,True,1,3.018,2.961,-0.103,0.870,10.699,10.698,0.341,1.219,-0.545,1.196,-0.539,0.315,0.073,-0.062,1.36,3.19,10.51,1.87,3.15,0.045,-0.001,0.146,1524,1520,1540,1545,10.00,10.06,49.90,49.95
1787303448.633,26.795,True,1,3.038,2.961,-0.075,0.705,10.531,10.529,0.336,1.224,-0.548,1.197,-0.539,0.320,0.048,-0.067,1.21,4.00,9.84,1.87,2.98,0.057,-0.104,0.177,1526,1531,1544,1540,10.00,10.06,-0.42,-0.37
1787303448.643,26.804,True,1,3.038,2.961,-0.075,0.704,10.530,10.528,0.336,1.224,-0.548,1.198,-0.539,0.320,0.048,-0.067,1.21,4.00,9.84,1.87,2.99,0.057,-0.103,0.177,1526,1531,1544,1540,10.00,10.06,9.59,9.63
1787303448.653,26.814,True,1,3.048,2.961,-0.042,0.563,10.389,10.386,0.331,1.225,-0.549,1.199,-0.539,0.321,0.036,-0.068,1.18,4.17,9.73,1.88,2.92,0.061,-0.128,0.182,1526,1534,1545,1535,9.99,10.06,-0.12,-0.16
1787303448.663,26.824,True,1,3.048,2.961,-0.042,0.562,10.388,10.385,0.331,1.225,-0.549,1.200,-0.540,0.321,0.036,-0.068,1.18,4.17,9.73,1.89,2.93,0.061,-0.127,0.182,1526,1534,1545,1535,10.00,10.06,9.88,9.84
1787303448.673,26.834,True,1,3.048,2.961,-0.042,0.561,10.387,10.384,0.331,1.225,-0.549,1.201,-0.540,0.321,0.036,-0.068,1.18,4.17,9.73,1.89,2.94,0.062,-0.126,0.182,1526,1533,1545,1535,10.00,10.06,19.89,19.84
1787303448.683,26.844,True,1,3.048,2.961,-0.042,0.560,10.386,10.383,0.331,1.225,-0.549,1.201,-0.540,0.321,0.036,-0.068,1.18,4.17,9.73,1.90,2.94,0.062,-0.125,0.182,1526,1533,1545,1535,10.00,10.06,29.89,29.84
1787303448.693,26.854,True,1,3.048,2.961,-0.042,0.560,10.386,10.383,0.331,1.225,-0.549,1.202,-0.541,0.321,0.036,-0.068,1.18,4.17,9.73,1.90,2.95,0.063,-0.124,0.182,1526,1533,1545,1534,10.00,10.06,39.89,39.84
1787303448.703,26.865,True,1,3.064,2.961,-0.027,0.450,10.276,10.270,0.328,1.226,-0.552,1.203,-0.541,0.323,0.025,-0.086,1.28,4.61,9.38,2.07,2.86,0.067,-0.179,0.198,1527,1539,1547,1531,10.00,10.06,-0.27,-0.32
1787303448.713,26.874,True,1,3.064,2.961,-0.027,0.449,10.275,10.269,0.328,1.226,-0.552,1.204,-0.541,0.323,0.025,-0.086,1.28,4.61,9.38,2.08,2.87,0.068,-0.178,0.198,1527,1539,1547,1531,10.00,10.06,9.73,9.68
1787303448.723,26.884,True,1,3.064,2.961,-0.027,0.448,10.274,10.268,0.328,1.226,-0.552,1.204,-0.542,0.323,0.025,-0.086,1.28,4.61,9.38,2.08,2.88,0.068,-0.177,0.198,1527,1539,1547,1530,10.00,10.06,19.73,19.68
1787303448.733,26.894,True,1,3.064,2.961,-0.027,0.447,10.273,10.267,0.328,1.226,-0.552,1.205,-0.542,0.323,0.025,-0.086,1.28,4.61,9.38,2.09,2.89,0.069,-0.176,0.198,1527,1539,1547,1530,10.00,10.06,29.73,29.68
1787303448.743,26.905,True,1,3.083,2.961,-0.019,0.345,10.169,10.159,0.324,1.226,-0.554,1.206,-0.543,0.324,-0.007,-0.092,1.55,5.00,9.14,2.10,2.61,0.039,-0.245,0.211,1524,1546,1549,1527,10.00,10.06,-0.25,-0.30
1787303448.753,26.914,True,1,3.083,2.961,-0.019,0.343,10.168,10.158,0.324,1.226,-0.554,1.207,-0.543,0.324,-0.007,-0.092,1.55,5.00,9.14,2.11,2.61,0.040,-0.244,0.211,1524,1546,1549,1527,10.00,10.06,9.75,9.70
1787303448.763,26.924,True,1,3.083,2.961,-0.019,0.342,10.166,10.157,0.324,1.226,-0.554,1.207,-0.543,0.324,-0.007,-0.092,1.55,5.00,9.14,2.11,2.62,0.040,-0.244,0.211,1524,1546,1549,1527,10.00,10.06,19.75,19.70
1787303448.773,26.934,True,1,3.083,2.961,-0.019,0.341,10.165,10.156,0.324,1.226,-0.554,1.208,-0.544,0.324,-0.007,-0.092,1.55,5.00,9.14,2.12,2.63,0.041,-0.243,0.211,1524,1546,1549,1527,10.00,10.06,29.74,29.69
1787303448.783,26.944,True,1,3.101,2.961,-0.025,0.285,10.107,10.096,0.322,1.225,-0.555,1.208,-0.544,0.323,-0.025,-0.088,1.83,5.19,9.02,2.06,2.48,0.005,-0.278,0.219,1520,1550,1550,1524,10.00,10.06,-0.16,-0.21
1787303448.793,26.954,True,1,3.101,2.961,-0.025,0.283,10.106,10.094,0.322,1.225,-0.555,1.209,-0.544,0.323,-0.025,-0.088,1.83,5.19,9.02,2.07,2.48,0.005,-0.277,0.219,1520,1550,1550,1524,10.00,10.06,9.84,9.79
1787303448.803,26.964,True,1,3.101,2.961,-0.025,0.282,10.104,10.093,0.322,1.225,-0.555,1.209,-0.545,0.323,-0.025,-0.088,1.83,5.19,9.02,2.07,2.49,0.006,-0.276,0.219,1520,1550,1550,1524,10.00,10.06,19.84,19.79
1787303448.813,26.974,True,1,3.101,2.961,-0.025,0.280,10.103,10.092,0.322,1.225,-0.555,1.210,-0.545,0.323,-0.025,-0.088,1.83,5.19,9.02,2.08,2.50,0.006,-0.276,0.219,1520,1550,1550,1524,10.00,10.06,29.84,29.79
1787303448.823,26.985,True,1,3.112,2.961,-0.035,0.268,10.090,10.076,0.322,1.223,-0.557,1.210,-0.546,0.322,-0.039,-0.089,2.75,5.22,8.80,2.06,2.37,-0.092,-0.287,0.234,1469,1551,1552,1524,10.00,10.06,-0.35,-0.30
1787303448.833,26.994,True,1,3.112,2.961,-0.035,0.266,10.088,10.075,0.322,1.223,-0.557,1.211,-0.546,0.322,-0.039,-0.089,2.75,5.22,8.80,2.07,2.37,-0.092,-0.287,0.234,1469,1551,1552,1524,10.00,10.06,9.66,9.70
1787303448.843,27.004,True,1,3.126,2.961,-0.062,0.288,10.106,10.090,0.322,1.221,-0.558,1.211,-0.546,0.320,-0.069,-0.057,3.16,5.03,8.75,1.70,2.13,-0.173,-0.291,0.238,1460,1551,1553,1524,10.00,10.06,-0.12,-0.17
1787303448.853,27.014,True,1,3.126,2.961,-0.062,0.286,10.104,10.088,0.322,1.221,-0.558,1.211,-0.547,0.320,-0.069,-0.057,3.16,5.03,8.75,1.71,2.13,-0.172,-0.290,0.238,1460,1551,1553,1524,10.00,10.06,9.88,9.83
1787303448.863,27.024,True,1,3.126,2.961,-0.062,0.285,10.103,10.087,0.322,1.221,-0.558,1.212,-0.547,0.320,-0.069,-0.057,3.16,5.03,8.75,1.71,2.14,-0.172,-0.290,0.238,1461,1551,1553,1524,10.00,10.06,19.87,19.82
1787303448.873,27.034,True,1,3.126,2.961,-0.062,0.283,10.101,10.085,0.322,1.221,-0.558,1.212,-0.547,0.320,-0.069,-0.057,3.16,5.03,8.75,1.72,2.14,-0.171,-0.289,0.238,1461,1551,1553,1524,10.00,10.06,29.87,29.83
1787303448.883,27.044,True,1,3.126,2.961,-0.062,0.281,10.100,10.084,0.322,1.221,-0.558,1.212,-0.548,0.320,-0.069,-0.057,3.16,5.03,8.75,1.72,2.15,-0.171,-0.289,0.238,1461,1551,1553,1524,10.00,10.06,39.87,39.83
1787303448.893,27.054,True,1,3.126,2.961,-0.062,0.280,10.098,10.082,0.322,1.221,-0.558,1.213,-0.548,0.320,-0.069,-0.057,3.16,5.03,8.75,1.72,2.15,-0.170,-0.288,0.238,1461,1551,1553,1524,10.00,10.06,49.88,49.83
1787303448.903,27.065,True,1,3.145,2.961,-0.076,0.246,10.062,10.042,0.321,1.216,-0.557,1.213,-0.548,0.316,-0.097,-0.050,4.06,4.48,8.75,1.62,1.88,-0.273,-0.255,0.240,1450,1548,1553,1522,10.00,10.06,-0.45,-0.40
1787303448.913,27.074,True,1,3.145,2.961,-0.076,0.244,10.060,10.041,0.320,1.216,-0.557,1.213,-0.549,0.316,-0.097,-0.050,4.06,4.48,8.75,1.62,1.89,-0.272,-0.255,0.240,1450,1547,1553,1522,10.00,10.06,9.56,9.60
1787303448.923,27.084,True,1,3.145,2.961,-0.076,0.242,10.058,10.039,0.320,1.216,-0.557,1.213,-0.549,0.316,-0.097,-0.050,4.06,4.48,8.75,1.63,1.89,-0.272,-0.254,0.240,1450,1547,1553,1522,10.00,10.06,19.56,19.61
1787303448.933,27.094,True,1,3.145,2.961,-0.076,0.240,10.057,10.037,0.320,1.216,-0.557,1.213,-0.549,0.316,-0.097,-0.050,4.06,4.48,8.75,1.63,1.90,-0.272,-0.254,0.240,1450,1547,1553,1522,10.00,10.07,29.56,29.61
1787303448.943,27.104,True,1,3.145,2.961,-0.076,0.238,10.055,10.036,0.320,1.216,-0.557,1.213,-0.550,0.316,-0.097,-0.050,4.06,4.48,8.75,1.63,1.90,-0.271,-0.254,0.240,1450,1547,1553,1522,10.00,10.07,39.56,39.61
1787303448.953,27.114,True,1,3.145,2.961,-0.076,0.237,10.053,10.034,0.320,1.216,-0.557,1.213,-0.550,0.316,-0.097,-0.050,4.06,4.48,8.75,1.64,1.90,-0.271,-0.253,0.240,1450,1547,1553,1522,9.99,10.06,49.56,49.60
1787303448.963,27.125,True,1,3.164,2.961,-0.113,0.271,10.084,10.062,0.321,1.210,-0.554,1.213,-0.550,0.309,-0.131,-0.017,4.43,3.58,8.95,1.25,1.61,-0.346,-0.189,0.229,1442,1540,1551,1523,10.00,10.06,-0.44,-0.39
1787303448.973,27.134,True,1,3.171,2.961,-0.093,0.178,9.992,9.974,0.318,1.208,-0.553,1.213,-0.550,0.307,-0.123,-0.036,4.43,3.58,8.95,1.47,1.67,-0.324,-0.183,0.228,1444,1540,1551,1520,10.00,10.06,9.56,-0.07
1787303448.983,27.144,True,1,3.171,2.961,-0.093,0.176,9.990,9.972,0.318,1.208,-0.553,1.213,-0.550,0.307,-0.123,-0.036,4.43,3.58,8.95,1.47,1.68,-0.323,-0.182,0.228,1444,1540,1551,1520,10.00,10.06,19.57,9.94
1787303448.993,27.154,True,1,3.174,2.961,-0.105,0.197,10.011,9.994,0.319,1.207,-0.552,1.213,-0.550,0.305,-0.123,-0.022,4.37,3.06,9.09,1.33,1.69,-0.329,-0.127,0.218,1443,1534,1550,1521,10.00,10.06,-0.05,-0.11
1787303449.003,27.164,True,1,3.174,2.961,-0.105,0.195,10.009,9.992,0.319,1.207,-0.552,1.213,-0.550,0.305,-0.123,-0.022,4.37,3.06,9.09,1.33,1.69,-0.329,-0.127,0.218,1443,1534,1550,1521,10.00,10.06,9.95,9.89
1787303449.013,27.174,True,1,3.174,2.961,-0.105,0.193,10.007,9.990,0.319,1.207,-0.552,1.212,-0.550,0.305,-0.123,-0.022,4.37,3.06,9.09,1.34,1.70,-0.329,-0.126,0.218,1444,1533,1550,1521,10.00,10.06,19.95,19.89
1787303449.023,27.184,True,1,3.174,2.961,-0.105,0.191,10.005,9.988,0.319,1.207,-0.552,1.212,-0.550,0.305,-0.123,-0.022,4.37,3.06,9.09,1.34,1.70,-0.329,-0.126,0.218,1444,1533,1550,1521,10.00,10.06,29.95,29.89
1787303449.033,27.194,True,1,3.174,2.961,-0.105,0.189,10.003,9.986,0.319,1.207,-0.552,1.212,-0.550,0.305,-0.123,-0.022,4.37,3.06,9.09,1.34,1.70,-0.329,-0.126,0.218,1444,1533,1550,1520,10.00,10.06,39.95,39.90
1787303449.043,27.205,True,1,3.184,2.961,-0.141,0.254,10.066,10.050,0.321,1.201,-0.549,1.212,-0.550,0.298,-0.142,0.006,4.21,1.95,9.49,1.03,1.54,-0.339,-0.029,0.193,1442,1523,1546,1523,10.00,10.06,-0.37,-0.41
1787303449.053,27.214,True,1,3.184,2.961,-0.141,0.252,10.064,10.048,0.321,1.201,-0.549,1.211,-0.550,0.298,-0.142,0.006,4.21,1.95,9.49,1.04,1.54,-0.339,-0.029,0.193,1442,1523,1546,1523,10.00,10.06,9.63,9.58
1787303449.063,27.224,True,1,3.192,2.961,-0.151,0.249,10.060,10.045,0.321,1.197,-0.549,1.211,-0.550,0.295,-0.157,0.018,4.01,1.68,9.61,0.89,1.41,-0.332,-0.015,0.186,1443,1521,1545,1523,10.00,10.06,-0.07,-0.12
1787303449.073,27.234,True,1,3.192,2.961,-0.151,0.246,10.057,10.042,0.321,1.197,-0.549,1.210,-0.550,0.295,-0.157,0.018,4.01,1.68,9.61,0.90,1.41,-0.332,-0.015,0.186,1443,1521,1545,1522,10.00,10.06,9.93,9.88
1787303449.083,27.244,True,1,3.192,2.961,-0.151,0.244,10.055,10.040,0.320,1.197,-0.549,1.210,-0.550,0.295,-0.157,0.018,4.01,1.68,9.61,0.90,1.41,-0.332,-0.015,0.186,1443,1521,1545,1522,10.00,10.06,19.94,19.88
1787303449.093,27.254,True,1,3.192,2.961,-0.151,0.242,10.053,10.038,0.320,1.197,-0.549,1.210,-0.550,0.295,-0.157,0.018,4.01,1.68,9.61,0.90,1.41,-0.332,-0.015,0.186,1443,1521,1545,1522,10.00,10.06,29.94,29.88
1787303449.103,27.264,True,1,3.192,2.961,-0.151,0.239,10.050,10.035,0.320,1.197,-0.549,1.209,-0.550,0.295,-0.157,0.018,4.01,1.68,9.61,0.90,1.41,-0.332,-0.015,0.186,1443,1521,1545,1522,10.00,10.06,39.93,39.88
1787303449.113,27.274,True,1,3.192,2.961,-0.151,0.237,10.048,10.033,0.320,1.197,-0.549,1.209,-0.550,0.295,-0.157,0.018,4.01,1.68,9.61,0.90,1.41,-0.332,-0.015,0.186,1443,1521,1545,1522,10.00,10.06,49.93,49.88
1787303449.123,27.284,True,1,3.192,2.961,-0.151,0.235,10.046,10.031,0.320,1.197,-0.549,1.208,-0.550,0.295,-0.157,0.018,4.01,1.68,9.61,0.90,1.42,-0.331,-0.015,0.186,1443,1521,1545,1522,10.00,10.06,59.93,59.88
1787303449.133,27.294,True,1,3.192,2.961,-0.151,0.232,10.043,10.029,0.320,1.197,-0.549,1.208,-0.550,0.295,-0.157,0.018,4.01,1.68,9.61,0.90,1.42,-0.331,-0.014,0.186,1443,1521,1545,1522,10.00,10.06,69.93,69.88
1787303449.144,27.305,True,1,3.209,2.961,-0.186,0.270,10.080,10.074,0.322,1.186,-0.546,1.207,-0.550,0.284,-0.154,0.042,2.37,0.23,10.77,0.69,1.46,-0.177,0.135,0.129,1460,1465,1537,1524,10.00,10.06,-0.55,-0.60
1787303449.153,27.314,True,1,3.209,2.961,-0.186,0.267,10.078,10.071,0.321,1.186,-0.546,1.207,-0.550,0.284,-0.154,0.042,2.37,0.23,10.77,0.69,1.46,-0.177,0.135,0.129,1460,1465,1537,1523,10.00,10.06,9.45,9.40
1787303449.163,27.324,True,1,3.209,2.961,-0.186,0.265,10.075,10.069,0.321,1.186,-0.546,1.206,-0.550,0.284,-0.154,0.042,2.37,0.23,10.77,0.69,1.46,-0.177,0.135,0.129,1460,1465,1537,1523,10.00,10.06,19.45,19.40
1787303449.173,27.334,True,1,3.209,2.961,-0.186,0.262,10.073,10.066,0.321,1.186,-0.546,1.205,-0.549,0.284,-0.154,0.042,2.37,0.23,10.77,0.69,1.46,-0.177,0.135,0.129,1460,1465,1537,1523,10.00,10.06,29.45,29.40
1787303449.183,27.344,True,1,3.209,2.961,-0.186,0.260,10.070,10.064,0.321,1.186,-0.546,1.205,-0.549,0.284,-0.154,0.042,2.37,0.23,10.77,0.69,1.46,-0.177,0.135,0.129,1460,1465,1537,1523,10.01,10.07,39.46,39.41
1787303449.193,27.355,True,1,3.221,2.961,-0.195,0.236,10.047,10.042,0.320,1.180,-0.543,1.204,-0.549,0.277,-0.135,0.031,1.23,-0.31,11.49,0.86,1.62,-0.038,0.204,0.099,1475,1457,1533,1522,9.99,10.06,-0.27,-0.31
1787303449.203,27.364,True,1,3.221,2.961,-0.195,0.233,10.045,10.039,0.320,1.180,-0.543,1.203,-0.549,0.277,-0.135,0.031,1.23,-0.31,11.49,0.86,1.62,-0.038,0.204,0.099,1475,1457,1533,1522,10.00,10.06,9.73,9.69
1787303449.213,27.374,True,1,3.221,2.961,-0.195,0.230,10.042,10.036,0.320,1.180,-0.543,1.202,-0.549,0.277,-0.135,0.031,1.23,-0.31,11.49,0.86,1.62,-0.038,0.204,0.099,1475,1457,1533,1522,10.00,10.06,19.73,19.69
1787303449.223,27.384,True,1,3.221,2.961,-0.195,0.228,10.040,10.034,0.320,1.180,-0.543,1.201,-0.549,0.277,-0.135,0.031,1.23,-0.31,11.49,0.86,1.61,-0.038,0.203,0.099,1475,1457,1533,1522,10.00,10.06,29.73,29.69
1787303449.233,27.395,True,1,3.227,2.961,-0.228,0.299,10.111,10.103,0.322,1.175,-0.541,1.201,-0.548,0.272,-0.133,0.040,0.31,-0.51,12.08,0.78,1.64,0.050,0.226,0.076,1525,1455,1530,1525,10.00,10.06,-0.26,-0.30
1787303449.243,27.404,True,1,3.227,2.961,-0.228,0.297,10.108,10.101,0.322,1.175,-0.541,1.200,-0.548,0.272,-0.133,0.040,0.31,-0.51,12.08,0.78,1.63,0.050,0.225,0.076,1525,1455,1530,1525,10.00,10.06,9.75,9.70
1787303449.253,27.414,True,1,3.227,2.961,-0.228,0.294,10.106,10.098,0.322,1.175,-0.541,1.199,-0.548,0.272,-0.133,0.040,0.31,-0.51,12.08,0.78,1.63,0.050,0.225,0.076,1525,1455,1530,1524,10.00,10.06,19.74,19.69
1787303449.263,27.424,True,1,3.227,2.961,-0.228,0.291,10.103,10.095,0.322,1.175,-0.541,1.198,-0.548,0.272,-0.133,0.040,0.31,-0.51,12.08,0.78,1.63,0.050,0.225,0.076,1525,1455,1530,1524,10.00,10.06,29.74,29.70
1787303449.273,27.434,True,1,3.227,2.961,-0.228,0.289,10.100,10.093,0.322,1.175,-0.541,1.197,-0.547,0.272,-0.133,0.040,0.31,-0.51,12.08,0.78,1.63,0.050,0.225,0.076,1525,1455,1530,1524,10.00,10.06,39.74,39.69
1787303449.283,27.444,True,1,3.227,2.961,-0.228,0.286,10.098,10.090,0.322,1.175,-0.541,1.197,-0.547,0.272,-0.133,0.040,0.31,-0.51,12.08,0.78,1.63,0.050,0.225,0.076,1525,1455,1530,1524,10.00,10.06,49.74,49.69
1787303449.293,27.454,True,1,3.227,2.961,-0.228,0.283,10.095,10.088,0.322,1.175,-0.541,1.196,-0.547,0.272,-0.133,0.040,0.31,-0.51,12.08,0.78,1.63,0.050,0.225,0.076,1525,1455,1530,1524,10.00,10.06,59.74,59.69
1787303449.303,27.464,True,1,3.227,2.961,-0.228,0.281,10.092,10.085,0.322,1.175,-0.541,1.195,-0.547,0.272,-0.133,0.040,0.31,-0.51,12.08,0.77,1.63,0.050,0.225,0.076,1525,1455,1530,1524,10.00,10.06,69.74,69.69
1787303449.314,27.475,True,1,3.237,2.961,-0.262,0.337,10.150,10.133,0.323,1.166,-0.535,1.194,-0.546,0.261,-0.112,0.033,-1.61,-0.29,13.28,0.92,1.78,0.265,0.216,0.031,1549,1456,1524,1526,10.00,10.06,-0.55,-0.60
1787303449.323,27.484,True,1,3.237,2.961,-0.262,0.334,10.147,10.131,0.323,1.166,-0.535,1.193,-0.546,0.261,-0.112,0.033,-1.61,-0.29,13.28,0.92,1.78,0.265,0.216,0.031,1549,1456,1524,1526,10.00,10.06,9.45,9.40
1787303449.333,27.494,True,1,3.237,2.961,-0.262,0.332,10.144,10.128,0.323,1.166,-0.535,1.192,-0.546,0.261,-0.112,0.033,-1.61,-0.29,13.28,0.92,1.78,0.265,0.216,0.031,1549,1456,1524,1526,9.99,10.06,19.45,19.40
1787303449.343,27.504,True,1,3.237,2.961,-0.262,0.329,10.142,10.125,0.323,1.166,-0.535,1.192,-0.545,0.261,-0.112,0.033,-1.61,-0.29,13.28,0.92,1.78,0.264,0.216,0.031,1548,1456,1524,1525,10.00,10.06,29.45,29.40
1787303449.353,27.514,True,1,3.237,2.961,-0.262,0.326,10.139,10.122,0.323,1.166,-0.535,1.191,-0.545,0.261,-0.112,0.033,-1.61,-0.29,13.28,0.91,1.78,0.264,0.215,0.031,1548,1456,1524,1525,10.00,10.06,39.45,39.40
1787303449.363,27.524,True,1,3.237,2.961,-0.262,0.323,10.136,10.120,0.323,1.166,-0.535,1.190,-0.545,0.261,-0.112,0.033,-1.61,-0.29,13.28,0.91,1.77,0.264,0.215,0.031,1548,1456,1524,1525,10.00,10.06,49.45,49.40
1787303449.373,27.534,True,1,3.237,2.961,-0.262,0.321,10.133,10.117,0.323,1.166,-0.535,1.189,-0.544,0.261,-0.112,0.033,-1.61,-0.29,13.28,0.91,1.77,0.264,0.215,0.031,1548,1456,1524,1525,10.00,10.06,59.45,59.40
1787303449.383,27.544,True,1,3.237,2.961,-0.262,0.318,10.131,10.114,0.323,1.166,-0.535,1.188,-0.544,0.261,-0.112,0.033,-1.61,-0.29,13.28,0.91,1.77,0.264,0.215,0.031,1548,1456,1524,1525,10.00,10.06,69.45,69.40
1787303449.393,27.554,True,1,3.237,2.961,-0.262,0.315,10.128,10.111,0.323,1.166,-0.535,1.188,-0.544,0.261,-0.112,0.033,-1.61,-0.29,13.28,0.91,1.77,0.264,0.215,0.031,1548,1456,1524,1525,10.00,10.06,79.45,79.40
1787303449.404,27.565,True,1,3.242,2.961,-0.329,0.495,10.308,10.290,0.328,1.158,-0.530,1.187,-0.543,0.252,-0.120,0.012,-2.24,1.21,14.36,1.11,1.59,0.351,0.041,-0.021,1558,1475,1477,1531,10.00,10.06,-0.55,-0.60
1787303449.413,27.574,True,1,3.242,2.961,-0.329,0.492,10.305,10.287,0.328,1.158,-0.530,1.186,-0.543,0.252,-0.120,0.012,-2.24,1.21,14.36,1.10,1.59,0.350,0.041,-0.021,1558,1475,1477,1531,10.00,10.06,9.45,9.40
1787303449.423,27.584,True,1,3.242,2.961,-0.329,0.489,10.302,10.284,0.328,1.158,-0.530,1.185,-0.542,0.252,-0.120,0.012,-2.24,1.21,14.36,1.10,1.59,0.350,0.040,-0.021,1558,1475,1477,1531,10.00,10.06,19.45,19.40
1787303449.433,27.594,True,1,3.242,2.961,-0.329,0.487,10.299,10.281,0.328,1.158,-0.530,1.184,-0.542,0.252,-0.120,0.012,-2.24,1.21,14.36,1.10,1.59,0.350,0.040,-0.021,1558,1475,1477,1531,10.00,10.06,29.45,29.40
1787303449.443,27.604,True,1,3.242,2.961,-0.329,0.484,10.296,10.279,0.328,1.158,-0.530,1.183,-0.541,0.252,-0.120,0.012,-2.24,1.21,14.36,1.10,1.58,0.350,0.040,-0.021,1558,1475,1477,1531,10.00,10.06,39.45,39.40
1787303449.453,27.614,True,1,3.242,2.961,-0.329,0.481,10.293,10.276,0.328,1.158,-0.530,1.182,-0.541,0.252,-0.120,0.012,-2.24,1.21,14.36,1.09,1.58,0.349,0.040,-0.021,1558,1475,1477,1531,10.00,10.06,49.45,49.40
1787303449.463,27.624,True,1,3.242,2.961,-0.329,0.478,10.291,10.273,0.328,1.158,-0.530,1.181,-0.541,0.252,-0.120,0.012,-2.24,1.21,14.36,1.09,1.58,0.349,0.040,-0.021,1558,1475,1477,1531,10.00,10.06,59.45,59.40
1787303449.473,27.635,True,1,3.241,2.961,-0.372,0.608,10.420,10.400,0.332,1.149,-0.528,1.180,-0.540,0.243,-0.132,-0.014,-2.00,2.81,15.28,1.32,1.36,0.351,-0.149,-0.068,1558,1536,1470,1535,10.00,10.06,-0.53,-0.58
1787303449.483,27.644,True,1,3.241,2.961,-0.372,0.605,10.417,10.397,0.332,1.149,-0.528,1.179,-0.540,0.243,-0.132,-0.014,-2.00,2.81,15.28,1.32,1.35,0.350,-0.150,-0.068,1558,1536,1470,1535,10.00,10.06,9.47,9.42
1787303449.493,27.654,True,1,3.241,2.961,-0.372,0.602,10.415,10.394,0.332,1.149,-0.528,1.178,-0.539,0.243,-0.132,-0.014,-2.00,2.81,15.28,1.31,1.35,0.350,-0.150,-0.068,1558,1536,1470,1535,9.99,10.06,19.47,19.42
1787303449.503,27.664,True,1,3.241,2.961,-0.372,0.600,10.412,10.391,0.332,1.149,-0.528,1.177,-0.539,0.243,-0.132,-0.014,-2.00,2.81,15.28,1.31,1.35,0.350,-0.150,-0.068,1558,1536,1470,1535,10.00,10.06,29.47,29.42
1787303449.513,27.674,True,1,3.241,2.961,-0.372,0.597,10.409,10.388,0.332,1.149,-0.528,1.176,-0.539,0.243,-0.132,-0.014,-2.00,2.81,15.28,1.31,1.35,0.350,-0.151,-0.068,1558,1536,1470,1535,10.00,10.06,39.47,39.42
1787303449.523,27.684,True,1,3.241,2.961,-0.372,0.594,10.406,10.385,0.331,1.149,-0.528,1.175,-0.538,0.243,-0.132,-0.014,-2.00,2.81,15.28,1.31,1.34,0.350,-0.151,-0.068,1558,1536,1470,1535,10.00,10.06,49.47,49.42
1787303449.533,27.694,True,1,3.241,2.961,-0.372,0.591,10.403,10.383,0.331,1.149,-0.528,1.175,-0.538,0.243,-0.132,-0.014,-2.00,2.81,15.28,1.31,1.34,0.349,-0.151,-0.068,1558,1536,1470,1534,10.00,10.06,59.47,59.42
1787303449.543,27.704,True,1,3.241,2.961,-0.372,0.588,10.401,10.380,0.331,1.149,-0.528,1.174,-0.538,0.243,-0.132,-0.014,-2.00,2.81,15.28,1.30,1.34,0.349,-0.151,-0.068,1558,1536,1470,1534,10.00,10.06,69.47,69.42
1787303449.553,27.715,True,1,3.237,2.961,-0.403,0.694,10.506,10.482,0.335,1.141,-0.529,1.173,-0.537,0.235,-0.151,-0.047,-0.12,4.56,16.27,1.57,1.03,0.185,-0.369,-0.106,1540,1560,1465,1538,10.00,10.06,-0.57,-0.52
1787303449.563,27.724,True,1,3.241,2.961,-0.407,0.691,10.503,10.478,0.334,1.138,-0.529,1.171,-0.537,0.233,-0.155,-0.049,-0.12,4.56,16.27,1.58,0.99,0.187,-0.374,-0.106,1540,1560,1465,1538,10.00,10.06,9.43,-0.06
1787303449.573,27.734,True,1,3.241,2.961,-0.407,0.688,10.500,10.475,0.334,1.138,-0.529,1.170,-0.537,0.233,-0.155,-0.049,-0.12,4.56,16.27,1.58,0.98,0.186,-0.375,-0.106,1540,1560,1465,1538,10.00,10.06,19.44,9.94
1787303449.583,27.744,True,1,3.241,2.961,-0.407,0.685,10.497,10.472,0.334,1.138,-0.529,1.169,-0.537,0.233,-0.155,-0.049,-0.12,4.56,16.27,1.57,0.98,0.186,-0.375,-0.106,1540,1560,1465,1538,10.00,10.06,29.43,19.94
1787303449.593,27.754,True,1,3.241,2.961,-0.407,0.682,10.494,10.469,0.334,1.138,-0.529,1.168,-0.536,0.233,-0.155,-0.049,-0.12,4.56,16.27,1.57,0.97,0.186,-0.376,-0.106,1540,1560,1465,1538,10.00,10.06,39.44,29.94
1787303449.603,27.764,True,1,3.241,2.961,-0.407,0.680,10.492,10.466,0.334,1.138,-0.529,1.167,-0.536,0.233,-0.155,-0.049,-0.12,4.56,16.27,1.57,0.97,0.186,-0.376,-0.106,1540,1560,1465,1537,10.00,10.06,49.44,39.94
1787303449.613,27.774,True,1,3.241,2.961,-0.407,0.677,10.489,10.464,0.334,1.138,-0.529,1.166,-0.536,0.233,-0.155,-0.049,-0.12,4.56,16.27,1.57,0.97,0.186,-0.376,-0.106,1540,1560,1465,1537,10.00,10.06,59.43,49.94
1787303449.623,27.784,True,1,3.241,2.961,-0.407,0.674,10.486,10.461,0.334,1.138,-0.529,1.165,-0.536,0.233,-0.155,-0.049,-0.12,4.56,16.27,1.57,0.97,0.186,-0.376,-0.106,1540,1560,1465,1537,10.00,10.06,69.44,59.94
1787303449.633,27.795,True,1,3.234,2.961,-0.465,0.872,10.681,10.650,0.340,1.126,-0.531,1.164,-0.535,0.222,-0.202,-0.033,1.74,4.87,17.02,1.27,0.53,-0.038,-0.458,-0.124,1475,1569,1462,1544,10.00,10.06,-0.46,-0.51
1787303449.643,27.804,True,1,3.234,2.961,-0.465,0.869,10.678,10.648,0.340,1.126,-0.531,1.163,-0.535,0.222,-0.202,-0.033,1.74,4.87,17.02,1.26,0.53,-0.038,-0.458,-0.124,1475,1569,1462,1544,10.00,10.06,9.54,9.49
1787303449.653,27.814,True,1,3.234,2.961,-0.465,0.866,10.676,10.645,0.340,1.126,-0.531,1.162,-0.535,0.222,-0.202,-0.033,1.74,4.87,17.02,1.26,0.52,-0.038,-0.459,-0.124,1475,1569,1462,1544,10.00,10.06,19.54,19.49
1787303449.663,27.824,True,1,3.234,2.961,-0.465,0.863,10.673,10.642,0.340,1.126,-0.531,1.160,-0.535,0.222,-0.202,-0.033,1.74,4.87,17.02,1.26,0.52,-0.038,-0.459,-0.124,1475,1569,1462,1543,10.00,10.06,29.54,29.49
1787303449.673,27.835,True,1,3.232,2.961,-0.495,0.960,10.769,10.730,0.342,1.117,-0.532,1.159,-0.535,0.214,-0.231,-0.034,2.90,4.79,17.27,1.18,0.23,-0.168,-0.485,-0.124,1461,1572,1462,1547,10.00,10.06,-0.27,-0.31
1787303449.683,27.844,True,1,3.232,2.961,-0.495,0.957,10.766,10.727,0.342,1.117,-0.532,1.158,-0.535,0.214,-0.231,-0.034,2.90,4.79,17.27,1.18,0.22,-0.168,-0.486,-0.124,1461,1572,1462,1546,10.00,10.06,9.73,9.69
1787303449.693,27.854,True,1,3.232,2.961,-0.495,0.955,10.764,10.724,0.342,1.117,-0.532,1.156,-0.535,0.214,-0.231,-0.034,2.90,4.79,17.27,1.18,0.21,-0.168,-0.486,-0.124,1461,1572,1462,1546,10.00,10.06,19.73,19.69
1787303449.703,27.864,True,1,3.232,2.961,-0.495,0.952,10.761,10.722,0.342,1.117,-0.532,1.155,-0.535,0.214,-0.231,-0.034,2.90,4.79,17.27,1.18,0.21,-0.169,-0.487,-0.124,1461,1572,1462,1546,10.00,10.06,29.74,29.69
1787303449.713,27.875,True,1,3.223,2.961,-0.509,1.024,10.833,10.788,0.344,1.107,-0.533,1.153,-0.535,0.205,-0.255,-0.031,3.72,4.48,17.33,1.07,-0.01,-0.266,-0.479,-0.120,1450,1571,1463,1548,10.01,10.07,-0.31,-0.36
1787303449.723,27.884,True,1,3.223,2.961,-0.509,1.022,10.830,10.785,0.344,1.107,-0.533,1.152,-0.535,0.205,-0.255,-0.031,3.72,4.48,17.33,1.07,-0.02,-0.266,-0.480,-0.120,1450,1571,1463,1548,9.99,10.06,9.67,9.63
1787303449.733,27.894,True,1,3.223,2.961,-0.509,1.019,10.828,10.783,0.344,1.107,-0.533,1.150,-0.535,0.205,-0.255,-0.031,3.72,4.48,17.33,1.07,-0.02,-0.266,-0.481,-0.120,1450,1571,1463,1548,10.00,10.06,19.68,19.63
1787303449.743,27.904,True,1,3.221,2.961,-0.520,1.058,10.866,10.823,0.345,1.104,-0.533,1.149,-0.534,0.202,-0.255,-0.029,4.10,4.06,17.25,1.05,-0.02,-0.309,-0.437,-0.117,1446,1567,1463,1550,10.00,10.06,-0.18,-0.13
1787303449.753,27.914,True,1,3.221,2.961,-0.520,1.055,10.864,10.821,0.345,1.104,-0.533,1.147,-0.534,0.202,-0.255,-0.029,4.10,4.06,17.25,1.04,-0.03,-0.310,-0.438,-0.117,1446,1567,1463,1550,10.00,10.06,9.82,9.87
1787303449.763,27.924,True,1,3.217,2.961,-0.539,1.125,10.933,10.886,0.347,1.095,-0.533,1.146,-0.534,0.194,-0.281,-0.010,4.43,3.63,17.13,0.79,-0.22,-0.372,-0.413,-0.111,1439,1564,1464,1552,10.00,10.06,-0.10,-0.15
1787303449.773,27.934,True,1,3.217,2.961,-0.539,1.122,10.930,10.883,0.347,1.095,-0.533,1.144,-0.534,0.194,-0.281,-0.010,4.43,3.63,17.13,0.79,-0.23,-0.372,-0.413,-0.111,1439,1564,1464,1552,10.00,10.06,9.90,9.85
1787303449.783,27.944,True,1,3.217,2.961,-0.539,1.120,10.928,10.881,0.347,1.095,-0.533,1.142,-0.534,0.194,-0.281,-0.010,4.43,3.63,17.13,0.79,-0.23,-0.372,-0.414,-0.111,1439,1564,1464,1552,10.00,10.06,19.90,19.85
1787303449.793,27.954,True,1,3.214,2.961,-0.531,1.104,10.912,10.869,0.347,1.088,-0.532,1.140,-0.534,0.187,-0.293,-0.000,4.75,2.73,16.81,0.67,-0.32,-0.421,-0.328,-0.102,1434,1555,1465,1551,10.00,10.06,-0.25,-0.21
1787303449.803,27.964,True,1,3.214,2.961,-0.531,1.102,10.909,10.866,0.347,1.088,-0.532,1.139,-0.534,0.187,-0.293,-0.000,4.75,2.73,16.81,0.67,-0.33,-0.421,-0.329,-0.102,1434,1555,1465,1551,10.00,10.06,9.75,9.80
1787303449.813,27.974,True,1,3.214,2.961,-0.531,1.099,10.907,10.864,0.347,1.088,-0.532,1.137,-0.534,0.187,-0.293,-0.000,4.75,2.73,16.81,0.66,-0.33,-0.421,-0.330,-0.102,1434,1556,1465,1551,10.00,10.06,19.75,19.79
1787303449.823,27.984,True,1,3.214,2.961,-0.531,1.097,10.904,10.861,0.347,1.088,-0.532,1.135,-0.534,0.187,-0.293,-0.000,4.75,2.73,16.81,0.66,-0.34,-0.422,-0.331,-0.102,1434,1556,1465,1551,10.00,10.06,29.75,29.79
1787303449.833,27.994,True,1,3.214,2.961,-0.531,1.094,10.902,10.858,0.347,1.088,-0.532,1.134,-0.534,0.187,-0.293,-0.000,4.75,2.73,16.81,0.66,-0.35,-0.422,-0.332,-0.102,1434,1556,1465,1551,10.00,10.06,39.74,39.79
1787303449.843,28.004,True,1,3.214,2.961,-0.531,1.092,10.899,10.856,0.346,1.088,-0.532,1.132,-0.534,0.187,-0.293,-0.000,4.75,2.73,16.81,0.66,-0.36,-0.422,-0.332,-0.102,1434,1556,1465,1551,10.00,10.06,49.75,49.79
1787303449.853,28.014,True,1,3.214,2.961,-0.531,1.089,10.897,10.853,0.346,1.088,-0.532,1.131,-0.534,0.187,-0.293,-0.000,4.75,2.73,16.81,0.66,-0.36,-0.422,-0.333,-0.102,1434,1556,1465,1551,10.00,10.06,59.75,59.79
1787303449.863,28.024,True,1,3.214,2.961,-0.531,1.086,10.894,10.850,0.346,1.088,-0.532,1.129,-0.534,0.187,-0.293,-0.000,4.75,2.73,16.81,0.66,-0.37,-0.422,-0.334,-0.102,1434,1556,1465,1551,10.00,10.06,69.75,69.79
1787303449.873,28.035,True,1,3.199,2.961,-0.551,1.205,11.012,10.978,0.350,1.061,-0.526,1.127,-0.534,0.161,-0.316,0.050,4.66,-0.14,15.73,0.14,-0.44,-0.474,-0.038,-0.079,1428,1524,1468,1555,10.00,10.06,-0.50,-0.55
1787303449.883,28.044,True,1,3.199,2.961,-0.551,1.203,11.010,10.975,0.350,1.061,-0.526,1.125,-0.533,0.161,-0.316,0.050,4.66,-0.14,15.73,0.13,-0.45,-0.475,-0.040,-0.079,1428,1524,1468,1555,10.00,10.06,9.50,9.46
1787303449.893,28.054,True,1,3.199,2.961,-0.551,1.200,11.007,10.973,0.350,1.061,-0.526,1.123,-0.533,0.161,-0.316,0.050,4.66,-0.14,15.73,0.13,-0.47,-0.475,-0.041,-0.079,1428,1524,1469,1555,9.99,10.06,19.50,19.45
1787303449.903,28.064,True,1,3.199,2.961,-0.551,1.198,11.005,10.970,0.350,1.061,-0.526,1.121,-0.533,0.161,-0.316,0.050,4.66,-0.14,15.73,0.13,-0.48,-0.475,-0.042,-0.079,1428,1524,1469,1555,10.00,10.06,29.50,29.45
1787303449.913,28.074,True,1,3.199,2.961,-0.551,1.196,11.003,10.968,0.350,1.061,-0.526,1.119,-0.533,0.161,-0.316,0.050,4.66,-0.14,15.73,0.12,-0.49,-0.476,-0.043,-0.079,1428,1524,1469,1555,10.00,10.06,39.50,39.45
1787303449.923,28.084,True,1,3.199,2.961,-0.551,1.193,11.000,10.966,0.350,1.061,-0.526,1.117,-0.532,0.161,-0.316,0.050,4.66,-0.14,15.73,0.12,-0.49,-0.476,-0.044,-0.079,1428,1524,1469,1555,10.00,10.07,49.50,49.46
1787303449.933,28.094,True,1,3.199,2.961,-0.551,1.191,10.998,10.963,0.350,1.061,-0.526,1.115,-0.532,0.161,-0.316,0.050,4.66,-0.14,15.73,0.12,-0.50,-0.476,-0.045,-0.079,1428,1524,1469,1554,10.00,10.07,59.50,59.46
1787303449.943,28.105,True,1,3.181,2.961,-0.563,1.297,11.104,11.078,0.354,1.035,-0.517,1.112,-0.532,0.133,-0.325,0.087,3.43,-1.97,14.80,-0.23,-0.51,-0.385,0.150,-0.050,1438,1463,1472,1558,10.00,10.06,-0.48,-0.53
1787303449.953,28.114,True,1,3.181,2.961,-0.563,1.295,11.102,11.076,0.354,1.035,-0.517,1.110,-0.531,0.133,-0.325,0.087,3.43,-1.97,14.80,-0.24,-0.52,-0.386,0.148,-0.050,1437,1463,1472,1558,10.00,10.07,9.52,9.48
1787303449.963,28.124,True,1,3.181,2.961,-0.563,1.293,11.100,11.074,0.353,1.035,-0.517,1.107,-0.531,0.133,-0.325,0.087,3.43,-1.97,14.80,-0.24,-0.53,-0.386,0.147,-0.050,1437,1463,1473,1558,9.99,10.06,19.52,19.47
1787303449.973,28.134,True,1,3.181,2.961,-0.563,1.291,11.098,11.072,0.353,1.035,-0.517,1.105,-0.530,0.133,-0.325,0.087,3.43,-1.97,14.80,-0.25,-0.55,-0.387,0.146,-0.050,1437,1463,1473,1558,10.00,10.06,29.52,29.47
1787303449.983,28.144,True,1,3.181,2.961,-0.563,1.288,11.096,11.069,0.353,1.035,-0.517,1.103,-0.530,0.133,-0.325,0.087,3.43,-1.97,14.80,-0.25,-0.56,-0.387,0.145,-0.050,1437,1463,1473,1558,10.00,10.06,39.52,39.47
1787303449.993,28.155,True,1,3.169,2.961,-0.587,1.407,11.215,11.194,0.357,1.021,-0.510,1.100,-0.529,0.117,-0.316,0.115,2.26,-2.62,14.31,-0.48,-0.42,-0.288,0.230,-0.029,1448,1454,1475,1562,10.00,10.06,-0.28,-0.33
1787303450.003,28.164,True,1,3.169,2.961,-0.587,1.405,11.213,11.192,0.357,1.021,-0.510,1.097,-0.529,0.117,-0.316,0.115,2.26,-2.62,14.31,-0.49,-0.43,-0.288,0.228,-0.029,1448,1454,1475,1562,10.00,10.06,9.72,9.67
1787303450.013,28.174,True,1,3.169,2.961,-0.587,1.403,11.211,11.190,0.357,1.021,-0.510,1.095,-0.528,0.117,-0.316,0.115,2.26,-2.62,14.31,-0.50,-0.44,-0.289,0.227,-0.029,1448,1454,1475,1562,10.00,10.06,19.72,19.67
1787303450.023,28.184,True,1,3.169,2.961,-0.587,1.401,11.209,11.188,0.357,1.021,-0.510,1.092,-0.527,0.117,-0.316,0.115,2.26,-2.62,14.31,-0.50,-0.46,-0.290,0.226,-0.029,1448,1455,1475,1562,10.00,10.06,29.72,29.67
1787303450.033,28.195,True,1,3.162,2.961,-0.597,1.459,11.266,11.247,0.359,1.011,-0.504,1.090,-0.527,0.106,-0.297,0.118,0.81,-3.29,13.86,-0.48,-0.29,-0.136,0.314,-0.005,1464,1445,1479,1564,10.00,10.06,-0.26,-0.31
1787303450.043,28.204,True,1,3.162,2.961,-0.597,1.457,11.264,11.246,0.359,1.011,-0.504,1.087,-0.526,0.106,-0.297,0.118,0.81,-3.29,13.86,-0.49,-0.31,-0.137,0.313,-0.005,1464,1445,1479,1564,10.00,10.06,9.75,9.70
1787303450.053,28.214,True,1,3.162,2.961,-0.597,1.455,11.262,11.244,0.359,1.011,-0.504,1.084,-0.525,0.106,-0.297,0.118,0.81,-3.29,13.86,-0.50,-0.32,-0.137,0.311,-0.005,1464,1445,1479,1564,10.00,10.06,19.74,19.69
1787303450.063,28.224,True,1,3.162,2.961,-0.597,1.453,11.260,11.242,0.359,1.011,-0.504,1.082,-0.524,0.106,-0.297,0.118,0.81,-3.29,13.86,-0.50,-0.33,-0.138,0.310,-0.005,1464,1446,1479,1564,10.00,10.06,29.74,29.69
1787303450.073,28.235,True,1,3.150,2.961,-0.631,1.600,11.408,11.390,0.364,0.997,-0.496,1.079,-0.523,0.090,-0.296,0.142,-0.84,-3.50,13.43,-0.71,-0.29,0.015,0.336,0.023,1521,1443,1523,1569,10.00,10.06,-0.27,-0.32
1787303450.083,28.244,True,1,3.150,2.961,-0.631,1.598,11.406,11.388,0.363,0.997,-0.496,1.076,-0.523,0.090,-0.296,0.142,-0.84,-3.50,13.43,-0.72,-0.30,0.014,0.334,0.023,1521,1443,1523,1569,10.00,10.06,9.73,9.69
1787303450.093,28.254,True,1,3.150,2.961,-0.631,1.597,11.404,11.387,0.363,0.997,-0.496,1.074,-0.522,0.090,-0.296,0.142,-0.84,-3.50,13.43,-0.73,-0.32,0.013,0.333,0.023,1521,1443,1523,1569,10.00,10.06,19.74,19.69
1787303450.103,28.264,True,1,3.150,2.961,-0.631,1.595,11.402,11.385,0.363,0.997,-0.496,1.071,-0.521,0.090,-0.296,0.142,-0.84,-3.50,13.43,-0.74,-0.33,0.012,0.332,0.023,1521,1443,1523,1568,9.99,10.06,29.73,29.68
1787303450.113,28.275,True,1,3.139,2.961,-0.630,1.634,11.441,11.418,0.364,0.987,-0.491,1.068,-0.520,0.078,-0.267,0.116,-1.89,-3.50,13.15,-0.45,-0.15,0.153,0.350,0.042,1536,1441,1525,1570,10.00,10.06,-0.27,-0.32
1787303450.123,28.284,True,1,3.139,2.961,-0.630,1.632,11.439,11.416,0.364,0.987,-0.491,1.066,-0.519,0.078,-0.267,0.116,-1.89,-3.50,13.15,-0.46,-0.16,0.152,0.348,0.042,1536,1441,1525,1570,10.00,10.06,9.74,9.69
1787303450.133,28.294,True,1,3.139,2.961,-0.630,1.630,11.437,11.415,0.364,0.987,-0.491,1.063,-0.518,0.078,-0.267,0.116,-1.89,-3.50,13.15,-0.47,-0.17,0.151,0.347,0.042,1536,1442,1525,1569,10.00,10.06,19.73,19.68
1787303450.143,28.304,True,1,3.139,2.961,-0.630,1.629,11.436,11.413,0.364,0.987,-0.491,1.061,-0.517,0.078,-0.267,0.116,-1.89,-3.50,13.15,-0.48,-0.19,0.150,0.346,0.042,1536,1442,1525,1569,10.00,10.06,29.73,29.68
1787303450.153,28.314,True,1,3.139,2.961,-0.630,1.627,11.434,11.411,0.364,0.987,-0.491,1.058,-0.516,0.078,-0.267,0.116,-1.89,-3.50,13.15,-0.49,-0.20,0.149,0.345,0.042,1536,1442,1525,1569,10.00,10.06,39.73,39.68
1787303450.163,28.324,True,1,3.139,2.961,-0.630,1.625,11.432,11.410,0.364,0.987,-0.491,1.056,-0.515,0.078,-0.267,0.116,-1.89,-3.50,13.15,-0.49,-0.21,0.149,0.343,0.042,1536,1442,1525,1569,10.00,10.06,49.73,49.69
1787303450.173,28.334,True,1,3.139,2.961,-0.630,1.623,11.430,11.408,0.364,0.987,-0.491,1.053,-0.514,0.078,-0.267,0.116,-1.89,-3.50,13.15,-0.50,-0.22,0.148,0.342,0.042,1536,1442,1525,1569,10.00,10.06,59.73,59.68
1787303450.183,28.344,True,1,3.139,2.961,-0.630,1.621,11.429,11.407,0.364,0.987,-0.491,1.051,-0.514,0.078,-0.267,0.116,-1.89,-3.50,13.15,-0.51,-0.23,0.147,0.341,0.042,1536,1442,1525,1569,10.00,10.06,69.73,69.68
1787303450.193,28.355,True,1,3.121,2.961,-0.671,1.813,11.620,11.589,0.370,0.971,-0.480,1.049,-0.513,0.059,-0.241,0.129,-3.27,-3.19,12.64,-0.57,0.01,0.286,0.331,0.072,1551,1443,1529,1575,10.00,10.06,-0.55,-0.50
1787303450.203,28.364,True,1,3.121,2.961,-0.671,1.811,11.619,11.588,0.370,0.971,-0.480,1.046,-0.511,0.059,-0.241,0.129,-3.27,-3.19,12.64,-0.58,-0.01,0.285,0.330,0.072,1551,1443,1529,1575,10.00,10.06,9.45,9.50
1787303450.213,28.374,True,1,3.121,2.961,-0.671,1.810,11.617,11.586,0.370,0.971,-0.480,1.043,-0.510,0.059,-0.241,0.129,-3.27,-3.19,12.64,-0.59,-0.02,0.284,0.329,0.071,1551,1444,1529,1575,10.00,10.06,19.45,19.50
1787303450.223,28.384,True,1,3.121,2.961,-0.671,1.808,11.615,11.585,0.370,0.971,-0.480,1.041,-0.509,0.059,-0.241,0.129,-3.27,-3.19,12.64,-0.59,-0.03,0.283,0.328,0.071,1550,1444,1529,1575,10.00,10.06,29.45,29.50
1787303450.233,28.394,True,1,3.121,2.961,-0.671,1.807,11.614,11.584,0.370,0.971,-0.480,1.039,-0.508,0.059,-0.241,0.129,-3.27,-3.19,12.64,-0.60,-0.04,0.282,0.326,0.071,1550,1444,1529,1575,10.00,10.06,39.45,39.50
1787303450.243,28.404,True,1,3.121,2.961,-0.671,1.805,11.612,11.582,0.370,0.971,-0.480,1.036,-0.507,0.059,-0.241,0.129,-3.27,-3.19,12.64,-0.61,-0.05,0.281,0.325,0.071,1550,1444,1529,1575,10.00,10.06,49.45,49.50
1787303450.253,28.414,True,1,3.121,2.961,-0.671,1.803,11.611,11.581,0.370,0.971,-0.480,1.034,-0.507,0.059,-0.241,0.129,-3.27,-3.19,12.64,-0.62,-0.06,0.280,0.324,0.071,1550,1444,1529,1575,10.00,10.06,59.45,59.50
1787303450.263,28.425,True,1,3.096,2.961,-0.702,1.997,11.804,11.780,0.376,0.954,-0.470,1.032,-0.505,0.039,-0.233,0.101,-3.47,-1.99,12.40,-0.36,-0.05,0.328,0.198,0.075,1555,1458,1530,1581,10.00,10.06,-0.41,-0.45
1787303450.273,28.434,True,1,3.089,2.961,-0.681,1.961,11.768,11.749,0.375,0.951,-0.469,1.029,-0.504,0.037,-0.227,0.103,-3.29,-1.53,12.34,-0.38,-0.02,0.306,0.154,0.075,1553,1462,1530,1580,10.00,10.06,-0.05,-0.10
1787303450.283,28.444,True,1,3.089,2.961,-0.681,1.960,11.767,11.751,0.375,0.951,-0.469,1.026,-0.503,0.037,-0.227,0.103,-3.18,-1.19,12.30,-0.39,-0.03,0.293,0.117,0.074,1552,1466,1530,1580,10.00,10.06,-0.05,9.90
1787303450.293,28.454,True,1,3.089,2.961,-0.681,1.959,11.766,11.749,0.375,0.951,-0.469,1.024,-0.502,0.037,-0.227,0.103,-3.18,-1.19,12.30,-0.40,-0.04,0.292,0.116,0.074,1551,1467,1530,1580,10.00,10.06,9.95,19.90
1787303450.303,28.464,True,1,3.089,2.961,-0.681,1.957,11.764,11.748,0.375,0.951,-0.469,1.021,-0.501,0.037,-0.227,0.103,-3.18,-1.19,12.30,-0.41,-0.06,0.291,0.115,0.074,1551,1467,1530,1580,10.00,10.06,19.95,29.90
1787303450.313,28.474,True,1,3.089,2.961,-0.681,1.956,11.763,11.747,0.375,0.951,-0.469,1.019,-0.500,0.037,-0.227,0.103,-3.18,-1.19,12.30,-0.42,-0.07,0.290,0.114,0.074,1551,1467,1530,1580,10.00,10.06,29.95,39.90
1787303450.323,28.484,True,1,3.089,2.961,-0.681,1.955,11.762,11.746,0.375,0.951,-0.469,1.017,-0.499,0.037,-0.227,0.103,-3.18,-1.19,12.30,-0.43,-0.08,0.290,0.113,0.074,1551,1467,1530,1580,10.00,10.06,39.95,49.90
1787303450.333,28.495,True,1,3.069,2.961,-0.689,2.055,11.862,11.848,0.378,0.938,-0.464,1.014,-0.498,0.023,-0.219,0.054,-2.59,0.67,12.22,0.00,-0.11,0.271,-0.086,0.067,1549,1529,1529,1584,10.00,10.06,-0.40,-0.35
1787303450.343,28.504,True,1,3.069,2.961,-0.689,2.054,11.861,11.847,0.378,0.938,-0.464,1.012,-0.496,0.023,-0.219,0.054,-2.59,0.67,12.22,-0.01,-0.12,0.270,-0.087,0.067,1549,1529,1529,1584,10.00,10.06,9.60,9.65
1787303450.353,28.514,True,1,3.069,2.961,-0.689,2.053,11.860,11.846,0.378,0.938,-0.464,1.009,-0.495,0.023,-0.219,0.054,-2.59,0.67,12.22,-0.01,-0.14,0.269,-0.088,0.067,1549,1529,1529,1584,10.00,10.06,19.60,19.65
1787303450.363,28.524,True,1,3.058,2.961,-0.700,2.131,11.938,11.925,0.381,0.931,-0.460,1.007,-0.494,0.014,-0.235,0.057,-2.22,1.34,12.19,-0.08,-0.27,0.223,-0.172,0.066,1544,1538,1529,1586,10.00,10.06,-0.12,-0.16
1787303450.373,28.534,True,1,3.058,2.961,-0.700,2.130,11.937,11.924,0.381,0.931,-0.460,1.004,-0.493,0.014,-0.235,0.057,-2.22,1.34,12.19,-0.09,-0.29,0.222,-0.173,0.066,1544,1539,1529,1586,10.00,10.06,9.89,9.84
1787303450.383,28.544,True,1,3.058,2.961,-0.700,2.129,11.936,11.923,0.381,0.931,-0.460,1.002,-0.492,0.014,-0.235,0.057,-2.22,1.34,12.19,-0.10,-0.30,0.221,-0.174,0.066,1544,1539,1529,1586,10.00,10.06,19.89,19.84
1787303450.393,28.554,True,1,3.058,2.961,-0.700,2.128,11.935,11.922,0.381,0.931,-0.460,0.999,-0.491,0.014,-0.235,0.057,-2.22,1.34,12.19,-0.11,-0.31,0.220,-0.175,0.066,1544,1539,1529,1586,10.00,10.06,29.89,29.84
1787303450.403,28.564,True,1,3.058,2.961,-0.700,2.127,11.934,11.921,0.380,0.931,-0.460,0.997,-0.490,0.014,-0.235,0.057,-2.22,1.34,12.19,-0.12,-0.32,0.219,-0.176,0.066,1544,1539,1529,1586,10.00,10.06,39.89,39.84
1787303450.413,28.574,True,1,3.058,2.961,-0.700,2.126,11.933,11.920,0.380,0.931,-0.460,0.995,-0.489,0.014,-0.235,0.057,-2.22,1.34,12.19,-0.12,-0.33,0.218,-0.178,0.066,1543,1539,1529,1586,10.00,10.06,49.89,49.84
1787303450.423,28.584,True,1,3.058,2.961,-0.700,2.125,11.932,11.919,0.380,0.931,-0.460,0.993,-0.488,0.014,-0.235,0.057,-2.22,1.34,12.19,-0.13,-0.34,0.217,-0.179,0.066,1543,1539,1529,1586,10.00,10.06,59.89,59.84
1787303450.433,28.595,True,1,3.032,2.961,-0.645,2.065,11.872,11.853,0.378,0.913,-0.454,0.990,-0.487,0.004,-0.241,0.024,-0.97,2.62,12.34,0.13,-0.46,0.113,-0.324,0.060,1532,1555,1528,1584,10.01,10.07,-0.49,-0.54
1787303450.443,28.604,True,1,3.032,2.961,-0.645,2.064,11.871,11.852,0.378,0.913,-0.454,0.987,-0.486,0.004,-0.241,0.024,-0.97,2.62,12.34,0.12,-0.48,0.112,-0.325,0.060,1532,1555,1528,1584,10.00,10.06,9.51,9.46
1787303450.453,28.614,True,1,3.032,2.961,-0.645,2.064,11.871,11.851,0.378,0.913,-0.454,0.985,-0.485,0.004,-0.241,0.024,-0.97,2.62,12.34,0.11,-0.49,0.111,-0.326,0.060,1532,1555,1528,1584,10.00,10.06,19.51,19.46
1787303450.463,28.624,True,1,3.032,2.961,-0.645,2.063,11.870,11.850,0.378,0.913,-0.454,0.983,-0.484,0.004,-0.241,0.024,-0.97,2.62,12.34,0.10,-0.50,0.110,-0.327,0.060,1532,1555,1528,1584,10.00,10.06,29.50,29.46
1787303450.473,28.634,True,1,3.032,2.961,-0.645,2.062,11.869,11.850,0.378,0.913,-0.454,0.980,-0.483,0.004,-0.241,0.024,-0.97,2.62,12.34,0.10,-0.51,0.109,-0.329,0.060,1532,1555,1528,1584,10.00,10.06,39.51,39.46
1787303450.483,28.644,True,1,3.032,2.961,-0.645,2.061,11.869,11.849,0.378,0.913,-0.454,0.978,-0.482,0.004,-0.241,0.024,-0.97,2.62,12.34,0.09,-0.52,0.108,-0.330,0.060,1532,1556,1528,1584,10.00,10.06,49.51,49.46
1787303450.493,28.654,True,1,3.032,2.961,-0.645,2.061,11.868,11.848,0.378,0.913,-0.454,0.976,-0.481,0.004,-0.241,0.024,-0.97,2.62,12.34,0.08,-0.53,0.108,-0.331,0.060,1531,1556,1528,1584,10.00,10.06,59.51,59.46
1787303450.503,28.664,True,1,3.032,2.961,-0.645,2.060,11.867,11.847,0.378,0.913,-0.454,0.974,-0.480,0.004,-0.241,0.024,-0.97,2.62,12.34,0.07,-0.54,0.107,-0.332,0.060,1531,1556,1528,1584,10.00,10.06,69.51,69.46
1787303450.513,28.674,True,1,3.032,2.961,-0.645,2.059,11.867,11.846,0.378,0.913,-0.454,0.972,-0.479,0.004,-0.241,0.024,-0.97,2.62,12.34,0.07,-0.55,0.106,-0.333,0.060,1531,1556,1528,1584,10.00,10.06,79.50,79.46
1787303450.524,28.685,True,1,3.009,2.961,-0.600,2.013,11.821,11.797,0.377,0.892,-0.448,0.969,-0.478,0.027,-0.279,0.011,0.69,2.70,12.84,0.09,-0.92,-0.065,-0.379,0.048,1472,1561,1526,1582,10.00,10.06,-0.70,-0.75
1787303450.533,28.694,True,1,3.009,2.961,-0.600,2.013,11.821,11.796,0.377,0.892,-0.448,0.967,-0.477,0.027,-0.279,0.011,0.69,2.70,12.84,0.08,-0.93,-0.066,-0.380,0.048,1472,1561,1526,1582,10.02,10.08,9.32,9.27
1787303450.543,28.704,True,1,3.009,2.961,-0.600,2.012,11.820,11.796,0.376,0.892,-0.448,0.964,-0.476,0.027,-0.279,0.011,0.69,2.70,12.84,0.07,-0.95,-0.067,-0.382,0.049,1472,1561,1526,1582,9.98,10.06,19.30,19.25
1787303450.553,28.714,True,1,3.009,2.961,-0.600,2.012,11.820,11.795,0.376,0.892,-0.448,0.962,-0.475,0.027,-0.279,0.011,0.69,2.70,12.84,0.07,-0.96,-0.068,-0.383,0.049,1472,1561,1526,1582,10.00,10.06,29.30,29.25
1787303450.563,28.724,True,1,3.009,2.961,-0.600,2.011,11.820,11.794,0.376,0.892,-0.448,0.959,-0.474,0.027,-0.279,0.011,0.69,2.70,12.84,0.06,-0.97,-0.069,-0.384,0.049,1472,1561,1526,1582,10.01,10.07,39.31,39.26
1787303450.573,28.735,True,1,2.999,2.961,-0.568,1.956,11.765,11.743,0.375,0.874,-0.444,0.956,-0.473,0.045,-0.318,0.025,1.77,1.62,13.32,-0.16,-1.29,-0.203,-0.304,0.033,1457,1553,1524,1580,10.00,10.06,-0.38,-0.43
1787303450.583,28.744,True,1,2.999,2.961,-0.568,1.955,11.765,11.743,0.375,0.874,-0.444,0.954,-0.472,0.045,-0.318,0.025,1.77,1.62,13.32,-0.17,-1.31,-0.204,-0.306,0.033,1457,1553,1524,1580,10.00,10.06,9.62,9.57
1787303450.593,28.754,True,1,2.996,2.961,-0.575,1.989,11.800,11.779,0.376,0.866,-0.442,0.951,-0.471,0.053,-0.331,0.022,1.82,1.31,13.47,-0.18,-1.44,-0.209,-0.288,0.026,1456,1551,1523,1581,10.00,10.06,-0.07,-0.12
1787303450.603,28.764,True,1,2.996,2.961,-0.575,1.989,11.799,11.778,0.376,0.866,-0.442,0.948,-0.470,0.053,-0.331,0.022,1.82,1.31,13.47,-0.19,-1.46,-0.210,-0.289,0.026,1456,1551,1523,1581,10.01,10.07,9.94,9.88
1787303450.613,28.774,True,1,2.996,2.961,-0.575,1.989,11.799,11.778,0.376,0.866,-0.442,0.945,-0.469,0.053,-0.331,0.022,1.82,1.31,13.47,-0.20,-1.47,-0.211,-0.291,0.026,1456,1551,1523,1581,9.99,10.06,19.93,19.87
1787303450.623,28.784,True,1,2.996,2.961,-0.575,1.988,11.799,11.778,0.376,0.866,-0.442,0.943,-0.468,0.053,-0.331,0.022,1.82,1.31,13.47,-0.21,-1.48,-0.212,-0.292,0.026,1456,1551,1523,1581,10.00,10.06,29.93,29.88
1787303450.633,28.795,True,1,2.984,2.961,-0.539,1.926,11.738,11.720,0.374,0.850,-0.439,0.940,-0.467,0.069,-0.348,0.042,2.01,0.40,13.84,-0.44,-1.61,-0.257,-0.210,0.008,1451,1543,1521,1579,10.00,10.07,-0.27,-0.31
1787303450.643,28.804,True,1,2.984,2.961,-0.539,1.926,11.738,11.720,0.374,0.850,-0.439,0.937,-0.466,0.069,-0.348,0.042,2.01,0.40,13.84,-0.44,-1.62,-0.258,-0.212,0.008,1451,1543,1521,1579,10.00,10.06,9.73,9.68
1787303450.653,28.814,True,1,2.984,2.961,-0.539,1.926,11.738,11.719,0.374,0.850,-0.439,0.934,-0.466,0.069,-0.348,0.042,2.01,0.40,13.84,-0.45,-1.64,-0.258,-0.213,0.008,1451,1543,1521,1579,10.00,10.06,19.73,19.68
1787303450.663,28.824,True,1,2.984,2.961,-0.539,1.926,11.738,11.719,0.374,0.850,-0.439,0.931,-0.465,0.069,-0.348,0.042,2.01,0.40,13.84,-0.46,-1.65,-0.259,-0.215,0.008,1451,1543,1521,1579,10.00,10.06,29.73,29.68
1787303450.673,28.835,True,1,2.982,2.961,-0.522,1.884,11.696,11.683,0.373,0.838,-0.438,0.928,-0.464,0.081,-0.356,0.040,2.05,-0.72,14.24,-0.48,-1.74,-0.265,-0.107,-0.013,1450,1531,1478,1578,10.00,10.06,-0.25,-0.30
1787303450.683,28.844,True,1,2.982,2.961,-0.522,1.884,11.696,11.683,0.373,0.838,-0.438,0.925,-0.463,0.081,-0.356,0.040,2.05,-0.72,14.24,-0.49,-1.76,-0.266,-0.109,-0.013,1450,1532,1478,1578,10.00,10.06,9.75,9.70
1787303450.693,28.854,True,1,2.982,2.961,-0.522,1.884,11.696,11.683,0.373,0.838,-0.438,0.922,-0.462,0.081,-0.356,0.040,2.05,-0.72,14.24,-0.50,-1.77,-0.267,-0.111,-0.013,1450,1532,1478,1578,10.00,10.06,19.75,19.70
1787303450.703,28.864,True,1,2.982,2.961,-0.522,1.883,11.696,11.682,0.373,0.838,-0.438,0.919,-0.461,0.081,-0.356,0.040,2.05,-0.72,14.24,-0.51,-1.79,-0.268,-0.112,-0.013,1450,1532,1478,1578,10.00,10.06,29.75,29.70
1787303450.713,28.874,True,1,2.982,2.961,-0.522,1.883,11.696,11.682,0.373,0.838,-0.438,0.916,-0.460,0.081,-0.356,0.040,2.05,-0.72,14.24,-0.52,-1.80,-0.269,-0.114,-0.013,1450,1532,1478,1578,10.00,10.06,39.75,39.70
1787303450.723,28.884,True,1,2.982,2.961,-0.522,1.883,11.696,11.682,0.373,0.838,-0.438,0.914,-0.460,0.081,-0.356,0.040,2.05,-0.72,14.24,-0.53,-1.82,-0.270,-0.115,-0.013,1450,1532,1478,1578,10.00,10.07,49.76,49.71
1787303450.733,28.894,True,1,2.982,2.961,-0.522,1.883,11.696,11.682,0.373,0.838,-0.438,0.911,-0.459,0.081,-0.356,0.040,2.05,-0.72,14.24,-0.53,-1.83,-0.271,-0.116,-0.013,1450,1532,1478,1578,9.99,10.06,59.75,59.70
1787303450.743,28.904,True,1,2.982,2.961,-0.522,1.883,11.696,11.682,0.373,0.838,-0.438,0.909,-0.458,0.081,-0.356,0.040,2.05,-0.72,14.24,-0.54,-1.84,-0.272,-0.118,-0.013,1450,1533,1478,1578,10.00,10.06,69.75,69.70
1787303450.753,28.915,True,1,2.972,2.961,-0.463,1.743,11.556,11.552,0.369,0.812,-0.434,0.906,-0.457,0.108,-0.346,0.022,0.60,-2.80,14.96,-0.41,-1.83,-0.108,0.101,-0.049,1467,1468,1473,1574,10.00,10.06,-0.55,-0.50
1787303450.763,28.924,True,1,2.972,2.961,-0.463,1.743,11.556,11.552,0.369,0.812,-0.434,0.903,-0.457,0.108,-0.346,0.022,0.60,-2.80,14.96,-0.42,-1.85,-0.109,0.099,-0.049,1467,1468,1473,1574,10.00,10.06,9.45,9.50
1787303450.773,28.934,True,1,2.972,2.961,-0.463,1.742,11.556,11.552,0.369,0.812,-0.434,0.899,-0.456,0.108,-0.346,0.022,0.60,-2.80,14.96,-0.43,-1.86,-0.110,0.098,-0.049,1467,1469,1473,1574,9.99,10.06,19.45,19.50
1787303450.783,28.944,True,1,2.972,2.961,-0.463,1.742,11.556,11.552,0.369,0.812,-0.434,0.897,-0.455,0.108,-0.346,0.022,0.60,-2.80,14.96,-0.44,-1.88,-0.111,0.096,-0.049,1467,1469,1473,1574,10.00,10.06,29.45,29.50
1787303450.793,28.954,True,1,2.972,2.961,-0.463,1.742,11.556,11.552,0.369,0.812,-0.434,0.894,-0.454,0.108,-0.346,0.022,0.60,-2.80,14.96,-0.44,-1.90,-0.112,0.094,-0.049,1467,1469,1473,1574,10.00,10.06,39.45,39.50
1787303450.803,28.964,True,1,2.972,2.961,-0.463,1.742,11.556,11.552,0.369,0.812,-0.434,0.891,-0.454,0.108,-0.346,0.022,0.60,-2.80,14.96,-0.45,-1.91,-0.113,0.093,-0.049,1467,1469,1473,1574,10.00,10.06,49.45,49.50
1787303450.813,28.974,True,1,2.972,2.961,-0.463,1.742,11.556,11.552,0.369,0.812,-0.434,0.888,-0.453,0.108,-0.346,0.022,0.60,-2.80,14.96,-0.46,-1.93,-0.114,0.091,-0.049,1467,1469,1473,1574,10.00,10.06,59.45,59.50
1787303450.823,28.985,True,1,2.961,2.961,-0.466,1.795,11.608,11.600,0.370,0.786,-0.430,0.885,-0.452,0.134,-0.337,0.026,-1.08,-3.80,15.42,-0.49,-1.84,0.057,0.207,-0.065,1526,1457,1470,1576,10.00,10.06,-0.42,-0.47
1787303450.833,28.994,True,1,2.961,2.961,-0.466,1.795,11.608,11.600,0.370,0.786,-0.430,0.882,-0.452,0.134,-0.337,0.026,-1.08,-3.80,15.42,-0.50,-1.86,0.056,0.205,-0.065,1526,1457,1470,1576,10.00,10.06,9.58,9.54
1787303450.843,29.004,True,1,2.958,2.961,-0.468,1.814,11.628,11.617,0.371,0.783,-0.430,0.878,-0.451,0.137,-0.339,0.018,-1.66,-4.04,15.62,-0.46,-1.91,0.120,0.225,-0.071,1533,1455,1470,1576,10.00,10.06,-0.15,-0.10
1787303450.853,29.014,True,1,2.958,2.961,-0.468,1.814,11.628,11.617,0.371,0.783,-0.430,0.875,-0.450,0.137,-0.339,0.018,-1.66,-4.04,15.62,-0.47,-1.93,0.119,0.223,-0.071,1533,1455,1470,1576,10.00,10.06,9.85,9.90
1787303450.863,29.024,True,1,2.958,2.961,-0.468,1.814,11.628,11.618,0.371,0.783,-0.430,0.872,-0.450,0.137,-0.339,0.018,-1.66,-4.04,15.62,-0.48,-1.94,0.118,0.222,-0.071,1533,1455,1470,1576,10.00,10.06,19.85,19.90
1787303450.873,29.034,True,1,2.958,2.961,-0.468,1.814,11.628,11.618,0.371,0.783,-0.430,0.869,-0.449,0.137,-0.339,0.018,-1.66,-4.04,15.62,-0.48,-1.96,0.118,0.220,-0.071,1533,1455,1470,1576,10.00,10.06,29.85,29.90
1787303450.883,29.044,True,1,2.958,2.961,-0.468,1.814,11.628,11.618,0.371,0.783,-0.430,0.866,-0.448,0.137,-0.339,0.018,-1.66,-4.04,15.62,-0.49,-1.97,0.117,0.218,-0.071,1532,1455,1470,1576,10.00,10.06,39.85,39.90
1787303450.893,29.055,True,1,2.954,2.961,-0.459,1.806,11.618,11.595,0.370,0.766,-0.428,0.863,-0.448,0.154,-0.311,0.008,-3.04,-4.23,16.06,-0.36,-1.77,0.274,0.262,-0.083,1549,1451,1468,1575,10.00,10.06,-0.41,-0.36
1787303450.903,29.064,True,1,2.954,2.961,-0.459,1.806,11.618,11.595,0.370,0.766,-0.428,0.860,-0.447,0.154,-0.311,0.008,-3.04,-4.23,16.06,-0.37,-1.79,0.273,0.260,-0.083,1549,1451,1468,1575,10.00,10.06,9.59,9.64
1787303450.913,29.074,True,1,2.954,2.961,-0.459,1.806,11.619,11.596,0.370,0.766,-0.428,0.857,-0.446,0.154,-0.311,0.008,-3.04,-4.23,16.06,-0.38,-1.81,0.272,0.258,-0.083,1549,1451,1468,1575,10.00,10.06,19.59,19.64
1787303450.923,29.084,True,1,2.950,2.961,-0.432,1.739,11.550,11.519,0.368,0.757,-0.427,0.853,-0.446,0.163,-0.279,-0.003,-3.45,-4.26,16.25,-0.23,-1.60,0.330,0.285,-0.087,1555,1448,1467,1573,10.00,10.06,-0.12,-0.17
1787303450.933,29.094,True,1,2.950,2.961,-0.432,1.739,11.550,11.520,0.368,0.757,-0.427,0.850,-0.445,0.163,-0.279,-0.003,-3.45,-4.26,16.25,-0.23,-1.61,0.329,0.283,-0.087,1555,1448,1467,1573,10.00,10.06,9.88,9.84
1787303450.943,29.104,True,1,2.950,2.961,-0.432,1.739,11.550,11.520,0.368,0.757,-0.427,0.847,-0.444,0.163,-0.279,-0.003,-3.45,-4.26,16.25,-0.24,-1.63,0.328,0.281,-0.088,1555,1449,1467,1573,10.00,10.07,19.89,19.84
1787303450.953,29.114,True,1,2.950,2.961,-0.432,1.739,11.550,11.520,0.368,0.757,-0.427,0.844,-0.444,0.163,-0.279,-0.003,-3.45,-4.26,16.25,-0.25,-1.65,0.327,0.279,-0.088,1555,1449,1467,1573,9.99,10.06,29.88,29.83
1787303450.963,29.124,True,1,2.950,2.961,-0.432,1.739,11.551,11.521,0.368,0.757,-0.427,0.841,-0.443,0.163,-0.279,-0.003,-3.45,-4.26,16.25,-0.26,-1.66,0.326,0.278,-0.088,1555,1449,1467,1573,10.00,10.06,39.88,39.83
1787303450.973,29.134,True,1,2.950,2.961,-0.432,1.739,11.551,11.521,0.368,0.757,-0.427,0.838,-0.443,0.163,-0.279,-0.003,-3.45,-4.26,16.25,-0.27,-1.68,0.325,0.276,-0.088,1555,1449,1467,1573,10.00,10.06,49.88,49.83
1787303450.983,29.144,True,1,2.950,2.961,-0.432,1.739,11.551,11.522,0.368,0.757,-0.427,0.836,-0.442,0.163,-0.279,-0.003,-3.45,-4.26,16.25,-0.28,-1.70,0.324,0.275,-0.088,1555,1449,1467,1573,10.00,10.06,59.88,59.83
1787303450.993,29.154,True,1,2.950,2.961,-0.432,1.739,11.551,11.522,0.368,0.757,-0.427,0.833,-0.442,0.163,-0.279,-0.003,-3.45,-4.26,16.25,-0.28,-1.71,0.323,0.273,-0.088,1555,1450,1467,1573,10.00,10.06,69.88,69.83
1787303451.004,29.165,True,1,2.938,2.961,-0.437,1.801,11.612,11.562,0.369,0.736,-0.427,0.830,-0.441,0.183,-0.230,-0.068,-4.37,-3.77,16.46,0.38,-1.46,0.490,0.249,-0.095,1572,1452,1466,1574,10.00,10.06,-0.57,-0.61
1787303451.013,29.174,True,1,2.938,2.961,-0.437,1.801,11.612,11.563,0.369,0.736,-0.427,0.827,-0.441,0.183,-0.230,-0.068,-4.37,-3.77,16.46,0.38,-1.48,0.489,0.248,-0.095,1572,1452,1466,1574,10.00,10.06,9.44,9.39
1787303451.023,29.184,True,1,2.938,2.961,-0.437,1.802,11.612,11.564,0.369,0.736,-0.427,0.824,-0.440,0.183,-0.230,-0.068,-4.37,-3.77,16.46,0.37,-1.50,0.488,0.246,-0.095,1572,1452,1466,1574,9.99,10.06,19.43,19.38
1787303451.033,29.194,True,1,2.938,2.961,-0.437,1.802,11.613,11.564,0.369,0.736,-0.427,0.821,-0.440,0.183,-0.230,-0.068,-4.37,-3.77,16.46,0.36,-1.51,0.488,0.244,-0.095,1572,1453,1466,1574,10.00,10.06,29.44,29.39
1787303451.043,29.204,True,1,2.938,2.961,-0.437,1.802,11.613,11.565,0.369,0.736,-0.427,0.818,-0.439,0.183,-0.230,-0.068,-4.37,-3.77,16.46,0.35,-1.53,0.487,0.242,-0.095,1572,1453,1466,1574,10.00,10.06,39.43,39.38
1787303451.053,29.214,True,1,2.938,2.961,-0.437,1.802,11.613,11.565,0.369,0.736,-0.427,0.815,-0.439,0.183,-0.230,-0.068,-4.37,-3.77,16.46,0.35,-1.55,0.486,0.241,-0.096,1572,1453,1466,1574,10.00,10.06,49.43,49.39
1787303451.063,29.224,True,1,2.938,2.961,-0.437,1.802,11.614,11.566,0.369,0.736,-0.427,0.813,-0.439,0.183,-0.230,-0.068,-4.37,-3.77,16.46,0.34,-1.56,0.485,0.239,-0.096,1572,1453,1466,1574,10.00,10.06,59.43,59.38
1787303451.073,29.234,True,1,2.938,2.961,-0.437,1.803,11.614,11.566,0.369,0.736,-0.427,0.810,-0.438,0.183,-0.230,-0.068,-4.37,-3.77,16.46,0.33,-1.58,0.485,0.238,-0.096,1572,1453,1466,1574,10.00,10.06,69.43,69.39
1787303451.083,29.244,True,1,2.938,2.961,-0.437,1.803,11.614,11.567,0.369,0.736,-0.427,0.808,-0.438,0.183,-0.230,-0.068,-4.37,-3.77,16.46,0.32,-1.59,0.484,0.236,-0.096,1572,1454,1466,1574,10.00,10.06,79.43,79.38
1787303451.094,29.255,True,1,2.932,2.961,-0.428,1.804,11.616,11.590,0.370,0.720,-0.431,0.805,-0.438,0.199,-0.200,-0.116,-2.99,-2.03,16.31,0.80,-1.47,0.393,0.064,-0.104,1562,1472,1465,1575,10.00,10.06,-0.55,-0.60
1787303451.103,29.264,True,1,2.932,2.961,-0.428,1.804,11.616,11.590,0.370,0.720,-0.431,0.802,-0.437,0.199,-0.200,-0.116,-2.99,-2.03,16.31,0.80,-1.49,0.393,0.062,-0.104,1562,1473,1465,1575,10.00,10.06,9.45,9.40
1787303451.113,29.274,True,1,2.932,2.961,-0.428,1.805,11.616,11.591,0.370,0.720,-0.431,0.799,-0.437,0.199,-0.200,-0.116,-2.99,-2.03,16.31,0.79,-1.50,0.392,0.060,-0.104,1562,1473,1465,1575,10.00,10.06,19.45,19.40
1787303451.123,29.284,True,1,2.932,2.961,-0.428,1.805,11.617,11.591,0.370,0.720,-0.431,0.797,-0.437,0.199,-0.200,-0.116,-2.99,-2.03,16.31,0.79,-1.52,0.391,0.059,-0.104,1562,1473,1465,1575,10.00,10.06,29.45,29.40
1787303451.133,29.295,True,1,2.927,2.961,-0.420,1.797,11.609,11.599,0.370,0.712,-0.435,0.794,-0.437,0.207,-0.194,-0.133,-1.03,-0.01,16.01,0.95,-1.52,0.207,-0.157,-0.097,1542,1537,1466,1575,10.00,10.06,-0.27,-0.31
1787303451.143,29.304,True,1,2.927,2.961,-0.420,1.797,11.610,11.599,0.370,0.712,-0.435,0.791,-0.437,0.207,-0.194,-0.133,-1.03,-0.01,16.01,0.94,-1.54,0.206,-0.158,-0.097,1542,1537,1466,1576,10.00,10.06,9.74,9.69
1787303451.153,29.314,True,1,2.927,2.961,-0.420,1.798,11.610,11.599,0.370,0.712,-0.435,0.788,-0.437,0.207,-0.194,-0.133,-1.03,-0.01,16.01,0.94,-1.56,0.206,-0.160,-0.097,1542,1537,1466,1576,10.00,10.06,19.73,19.68
1787303451.163,29.324,True,1,2.927,2.961,-0.420,1.798,11.611,11.600,0.370,0.712,-0.435,0.786,-0.437,0.207,-0.194,-0.133,-1.03,-0.01,16.01,0.93,-1.57,0.205,-0.162,-0.097,1542,1537,1466,1576,10.00,10.06,29.73,29.69
1787303451.173,29.335,True,1,2.925,2.961,-0.417,1.799,11.612,11.596,0.370,0.705,-0.439,0.783,-0.437,0.214,-0.216,-0.137,0.41,1.26,15.80,0.92,-1.78,0.055,-0.319,-0.083,1526,1554,1468,1575,10.00,10.06,-0.25,-0.30
1787303451.183,29.344,True,1,2.925,2.961,-0.417,1.799,11.613,11.596,0.370,0.705,-0.439,0.780,-0.437,0.214,-0.216,-0.137,0.41,1.26,15.80,0.91,-1.80,0.054,-0.321,-0.083,1526,1555,1468,1575,10.00,10.06,9.75,9.70
1787303451.193,29.354,True,1,2.925,2.961,-0.417,1.799,11.613,11.596,0.370,0.705,-0.439,0.778,-0.437,0.214,-0.216,-0.137,0.41,1.26,15.80,0.91,-1.81,0.054,-0.322,-0.083,1525,1555,1468,1575,10.00,10.06,19.75,19.70
1787303451.203,29.364,True,1,2.925,2.961,-0.417,1.800,11.614,11.597,0.370,0.705,-0.439,0.776,-0.437,0.214,-0.216,-0.137,0.41,1.26,15.80,0.90,-1.83,0.053,-0.324,-0.083,1525,1555,1468,1575,10.00,10.06,29.75,29.70
1787303451.213,29.374,True,1,2.925,2.961,-0.417,1.800,11.614,11.597,0.370,0.705,-0.439,0.773,-0.437,0.214,-0.216,-0.137,0.41,1.26,15.80,0.90,-1.84,0.053,-0.325,-0.083,1525,1555,1468,1575,10.00,10.06,39.75,39.70
1787303451.223,29.384,True,1,2.925,2.961,-0.417,1.801,11.615,11.597,0.370,0.705,-0.439,0.771,-0.437,0.214,-0.216,-0.137,0.41,1.26,15.80,0.89,-1.86,0.053,-0.327,-0.083,1525,1555,1468,1575,10.00,10.06,49.75,49.70
1787303451.233,29.394,True,1,2.925,2.961,-0.417,1.801,11.615,11.597,0.370,0.705,-0.439,0.769,-0.437,0.214,-0.216,-0.137,0.41,1.26,15.80,0.89,-1.87,0.052,-0.328,-0.083,1525,1555,1468,1575,10.00,10.06,59.75,59.70
1787303451.243,29.404,True,1,2.925,2.961,-0.417,1.801,11.616,11.598,0.370,0.705,-0.439,0.767,-0.437,0.214,-0.216,-0.137,0.41,1.26,15.80,0.89,-1.89,0.052,-0.330,-0.083,1525,1555,1468,1575,10.00,10.06,69.75,69.70
1787303451.253,29.415,True,1,2.923,2.961,-0.381,1.700,11.515,11.468,0.366,0.690,-0.446,0.764,-0.438,0.228,-0.239,-0.132,3.64,2.28,15.21,0.82,-2.09,-0.294,-0.461,-0.030,1447,1569,1475,1571,10.00,10.06,-0.55,-0.50
1787303451.263,29.424,True,1,2.923,2.961,-0.381,1.700,11.516,11.468,0.366,0.690,-0.446,0.762,-0.438,0.228,-0.239,-0.132,3.64,2.28,15.21,0.82,-2.11,-0.294,-0.463,-0.030,1447,1570,1475,1571,10.00,10.06,9.45,9.50
1787303451.273,29.434,True,1,2.923,2.961,-0.381,1.700,11.516,11.468,0.366,0.690,-0.446,0.759,-0.438,0.228,-0.239,-0.132,3.64,2.28,15.21,0.81,-2.13,-0.294,-0.464,-0.030,1447,1570,1475,1571,10.00,10.06,19.45,19.50
1787303451.283,29.444,True,1,2.923,2.961,-0.381,1.701,11.517,11.468,0.366,0.690,-0.446,0.757,-0.438,0.228,-0.239,-0.132,3.64,2.28,15.21,0.81,-2.14,-0.294,-0.466,-0.030,1447,1570,1475,1571,10.00,10.06,29.44,29.50
1787303451.293,29.454,True,1,2.923,2.961,-0.381,1.701,11.517,11.469,0.366,0.690,-0.446,0.755,-0.439,0.228,-0.239,-0.132,3.64,2.28,15.21,0.81,-2.15,-0.295,-0.468,-0.030,1447,1570,1475,1571,10.00,10.06,39.44,39.50
1787303451.303,29.464,True,1,2.923,2.961,-0.381,1.702,11.518,11.469,0.366,0.690,-0.446,0.753,-0.439,0.228,-0.239,-0.132,3.64,2.28,15.21,0.81,-2.17,-0.295,-0.469,-0.030,1447,1570,1475,1571,10.00,10.06,49.45,49.50
1787303451.313,29.474,True,1,2.923,2.961,-0.381,1.702,11.518,11.469,0.366,0.690,-0.446,0.750,-0.439,0.228,-0.239,-0.132,3.64,2.28,15.21,0.80,-2.18,-0.295,-0.470,-0.030,1447,1570,1475,1571,10.00,10.06,59.45,59.50
1787303451.323,29.484,True,1,2.923,2.961,-0.381,1.702,11.519,11.469,0.366,0.690,-0.446,0.748,-0.439,0.228,-0.239,-0.132,3.64,2.28,15.21,0.80,-2.20,-0.295,-0.472,-0.030,1447,1571,1475,1571,10.00,10.06,69.44,69.50
1787303451.333,29.494,True,1,2.923,2.961,-0.381,1.703,11.519,11.470,0.366,0.690,-0.446,0.747,-0.440,0.228,-0.239,-0.132,3.64,2.28,15.21,0.80,-2.21,-0.296,-0.473,-0.029,1447,1571,1475,1571,10.00,10.06,79.45,79.50
1787303451.344,29.505,True,1,2.920,2.961,-0.383,1.723,11.543,11.492,0.367,0.669,-0.456,0.744,-0.440,0.249,-0.291,-0.119,4.12,1.41,14.46,0.59,-2.63,-0.369,-0.425,0.004,1439,1566,1520,1572,10.00,10.06,-0.60,-0.55
1787303451.353,29.514,True,1,2.920,2.961,-0.383,1.724,11.543,11.493,0.367,0.669,-0.456,0.741,-0.441,0.249,-0.291,-0.119,4.12,1.41,14.46,0.59,-2.65,-0.369,-0.427,0.004,1439,1566,1520,1572,10.00,10.07,9.41,9.45
1787303451.363,29.524,True,1,2.920,2.961,-0.383,1.724,11.544,11.493,0.367,0.669,-0.456,0.739,-0.441,0.249,-0.291,-0.119,4.12,1.41,14.46,0.59,-2.67,-0.370,-0.428,0.004,1439,1566,1520,1572,9.99,10.06,19.40,19.45
1787303451.373,29.534,True,1,2.920,2.961,-0.383,1.725,11.545,11.493,0.367,0.669,-0.456,0.737,-0.442,0.249,-0.291,-0.119,4.12,1.41,14.46,0.59,-2.68,-0.370,-0.430,0.004,1439,1566,1520,1572,10.00,10.06,29.40,29.45
1787303451.383,29.544,True,1,2.920,2.961,-0.383,1.725,11.545,11.493,0.367,0.669,-0.456,0.734,-0.442,0.249,-0.291,-0.119,4.12,1.41,14.46,0.59,-2.70,-0.370,-0.432,0.005,1439,1566,1520,1572,10.00,10.06,39.40,39.45
1787303451.393,29.554,True,1,2.920,2.961,-0.383,1.725,11.546,11.494,0.367,0.669,-0.456,0.732,-0.443,0.249,-0.291,-0.119,4.12,1.41,14.46,0.58,-2.71,-0.370,-0.433,0.005,1439,1566,1520,1572,10.00,10.06,49.40,49.45
1787303451.403,29.564,True,1,2.920,2.961,-0.383,1.726,11.546,11.494,0.367,0.669,-0.456,0.730,-0.443,0.249,-0.291,-0.119,4.12,1.41,14.46,0.58,-2.73,-0.370,-0.435,0.005,1439,1567,1520,1572,10.00,10.06,59.40,59.45
1787303451.413,29.575,True,1,2.930,2.961,-0.316,1.483,11.306,11.279,0.360,0.640,-0.463,0.727,-0.444,0.278,-0.318,-0.101,3.46,-0.47,13.76,0.41,-3.00,-0.319,-0.265,0.020,1445,1549,1522,1565,10.00,10.06,-0.50,-0.55
1787303451.423,29.584,True,1,2.930,2.961,-0.316,1.484,11.306,11.279,0.360,0.640,-0.463,0.724,-0.444,0.278,-0.318,-0.101,3.46,-0.47,13.76,0.41,-3.02,-0.319,-0.267,0.020,1445,1549,1522,1565,10.01,10.06,9.50,9.45
1787303451.433,29.594,True,1,2.930,2.961,-0.316,1.484,11.307,11.279,0.360,0.640,-0.463,0.721,-0.445,0.278,-0.318,-0.101,3.46,-0.47,13.76,0.41,-3.04,-0.319,-0.269,0.020,1445,1549,1522,1565,9.99,10.06,19.50,19.45
1787303451.443,29.604,True,1,2.930,2.961,-0.316,1.484,11.307,11.280,0.360,0.640,-0.463,0.719,-0.446,0.278,-0.318,-0.101,3.46,-0.47,13.76,0.41,-3.06,-0.319,-0.271,0.020,1445,1549,1522,1565,10.00,10.06,29.50,29.45
1787303451.453,29.614,True,1,2.930,2.961,-0.316,1.485,11.308,11.280,0.360,0.640,-0.463,0.716,-0.446,0.278,-0.318,-0.101,3.46,-0.47,13.76,0.41,-3.08,-0.319,-0.273,0.020,1445,1549,1522,1565,10.00,10.06,39.50,39.45
1787303451.463,29.624,True,1,2.930,2.961,-0.316,1.485,11.308,11.280,0.360,0.640,-0.463,0.714,-0.447,0.278,-0.318,-0.101,3.46,-0.47,13.76,0.41,-3.10,-0.319,-0.274,0.020,1445,1550,1522,1565,10.00,10.06,49.50,49.45
1787303451.473,29.634,True,1,2.930,2.961,-0.316,1.485,11.309,11.281,0.360,0.640,-0.463,0.711,-0.447,0.278,-0.318,-0.101,3.46,-0.47,13.76,0.40,-3.11,-0.319,-0.276,0.021,1445,1550,1522,1565,10.00,10.06,59.50,59.45
1787303451.483,29.644,True,1,2.930,2.961,-0.316,1.485,11.309,11.281,0.360,0.640,-0.463,0.709,-0.448,0.278,-0.318,-0.101,3.46,-0.47,13.76,0.40,-3.13,-0.320,-0.278,0.021,1445,1550,1522,1565,10.00,10.06,69.50,69.45
1787303451.493,29.655,True,1,2.936,2.961,-0.310,1.444,11.267,11.263,0.359,0.616,-0.467,0.706,-0.449,0.302,-0.315,-0.079,1.77,-3.41,13.26,0.24,-3.09,-0.158,0.034,0.024,1462,1476,1523,1564,10.00,10.06,-0.54,-0.59
1787303451.503,29.664,True,1,2.936,2.961,-0.310,1.444,11.268,11.264,0.360,0.616,-0.467,0.703,-0.449,0.302,-0.315,-0.079,1.77,-3.41,13.26,0.24,-3.11,-0.158,0.032,0.025,1462,1476,1523,1564,10.00,10.06,9.46,9.41
1787303451.513,29.674,True,1,2.936,2.961,-0.310,1.445,11.268,11.264,0.360,0.616,-0.467,0.700,-0.450,0.302,-0.315,-0.079,1.77,-3.41,13.26,0.24,-3.13,-0.158,0.030,0.025,1462,1476,1523,1565,10.00,10.06,19.46,19.41
1787303451.523,29.684,True,1,2.934,2.961,-0.289,1.391,11.213,11.209,0.358,0.606,-0.469,0.697,-0.450,0.313,-0.294,-0.082,1.08,-4.30,13.19,0.32,-2.98,-0.078,0.138,0.026,1471,1464,1523,1563,10.00,10.06,-0.17,-0.22
1787303451.533,29.694,True,1,2.934,2.961,-0.289,1.391,11.213,11.209,0.358,0.606,-0.469,0.694,-0.451,0.313,-0.294,-0.082,1.08,-4.30,13.19,0.32,-3.00,-0.078,0.136,0.026,1471,1464,1523,1563,10.00,10.06,9.83,9.79
1787303451.543,29.704,True,1,2.934,2.961,-0.289,1.391,11.214,11.210,0.358,0.606,-0.469,0.691,-0.452,0.313,-0.294,-0.082,1.08,-4.30,13.19,0.32,-3.03,-0.078,0.134,0.026,1471,1465,1523,1563,10.00,10.06,19.83,19.78
1787303451.553,29.714,True,1,2.934,2.961,-0.289,1.391,11.214,11.210,0.358,0.606,-0.469,0.688,-0.452,0.313,-0.294,-0.082,1.08,-4.30,13.19,0.31,-3.05,-0.078,0.132,0.026,1471,1465,1523,1563,10.00,10.06,29.83,29.79
1787303451.563,29.724,True,1,2.934,2.961,-0.289,1.392,11.215,11.211,0.358,0.606,-0.469,0.685,-0.453,0.313,-0.294,-0.082,1.08,-4.30,13.19,0.31,-3.06,-0.078,0.130,0.026,1471,1465,1523,1563,10.00,10.06,39.83,39.79
1787303451.573,29.735,True,1,2.938,2.961,-0.273,1.329,11.151,11.132,0.355,0.595,-0.470,0.682,-0.453,0.323,-0.274,-0.097,-0.37,-6.14,13.01,0.50,-2.95,0.095,0.334,0.039,1530,1443,1525,1560,10.00,10.06,-0.37,-0.32
1787303451.583,29.744,True,1,2.938,2.961,-0.273,1.329,11.151,11.133,0.355,0.595,-0.470,0.679,-0.454,0.323,-0.274,-0.097,-0.37,-6.14,13.01,0.50,-2.97,0.095,0.332,0.039,1530,1443,1525,1560,10.00,10.06,9.63,9.68
1787303451.593,29.754,True,1,2.938,2.961,-0.273,1.329,11.151,11.133,0.355,0.595,-0.470,0.676,-0.454,0.323,-0.274,-0.097,-0.37,-6.14,13.01,0.50,-2.99,0.095,0.330,0.039,1530,1443,1525,1560,10.00,10.06,19.63,19.68
1787303451.603,29.764,True,1,2.938,2.961,-0.273,1.329,11.152,11.134,0.355,0.595,-0.470,0.674,-0.455,0.323,-0.274,-0.097,-0.37,-6.14,13.01,0.49,-3.01,0.095,0.328,0.038,1530,1444,1525,1560,10.00,10.06,29.63,29.68
1787303451.613,29.774,True,1,2.938,2.961,-0.273,1.330,11.152,11.135,0.355,0.595,-0.470,0.671,-0.456,0.323,-0.274,-0.097,-0.37,-6.14,13.01,0.49,-3.03,0.094,0.326,0.038,1530,1444,1525,1560,10.00,10.06,39.63,39.68
1787303451.623,29.785,True,1,2.939,2.961,-0.283,1.356,11.174,11.129,0.355,0.579,-0.473,0.668,-0.456,0.339,-0.230,-0.083,-1.69,-7.28,12.83,0.47,-2.61,0.231,0.487,0.059,1545,1427,1528,1560,10.00,10.06,-0.42,-0.37
1787303451.633,29.794,True,1,2.939,2.961,-0.283,1.356,11.175,11.130,0.355,0.579,-0.473,0.665,-0.457,0.339,-0.230,-0.083,-1.69,-7.28,12.83,0.47,-2.63,0.231,0.485,0.059,1545,1427,1528,1560,10.00,10.07,9.58,9.63
1787303451.643,29.804,True,1,2.941,2.961,-0.306,1.417,11.235,11.182,0.357,0.574,-0.475,0.662,-0.457,0.344,-0.216,-0.081,-1.97,-7.50,12.83,0.47,-2.52,0.261,0.520,0.062,1548,1423,1528,1562,9.99,10.06,-0.12,-0.16
1787303451.653,29.814,True,1,2.941,2.961,-0.306,1.417,11.235,11.183,0.357,0.574,-0.475,0.659,-0.458,0.344,-0.216,-0.081,-1.97,-7.50,12.83,0.47,-2.54,0.261,0.518,0.062,1548,1424,1528,1562,10.00,10.06,9.89,9.84
1787303451.663,29.824,True,1,2.941,2.961,-0.306,1.417,11.236,11.184,0.357,0.574,-0.475,0.656,-0.458,0.344,-0.216,-0.081,-1.97,-7.50,12.83,0.47,-2.56,0.261,0.516,0.062,1548,1424,1528,1562,10.00,10.06,19.88,19.84
1787303451.673,29.834,True,1,2.943,2.961,-0.287,1.352,11.169,11.105,0.354,0.570,-0.476,0.653,-0.459,0.348,-0.187,-0.103,-2.35,-7.70,12.79,0.73,-2.38,0.329,0.555,0.069,1555,1420,1529,1559,10.00,10.06,-0.17,-0.12
1787303451.683,29.844,True,1,2.943,2.961,-0.287,1.352,11.169,11.105,0.354,0.570,-0.476,0.651,-0.460,0.348,-0.187,-0.103,-2.35,-7.70,12.79,0.73,-2.40,0.329,0.553,0.069,1555,1420,1529,1559,10.01,10.07,9.84,9.89
1787303451.693,29.854,True,1,2.943,2.961,-0.287,1.352,11.170,11.106,0.354,0.570,-0.476,0.648,-0.460,0.348,-0.187,-0.103,-2.35,-7.70,12.79,0.72,-2.42,0.328,0.551,0.069,1555,1420,1529,1559,10.00,10.07,19.84,19.89
1787303451.703,29.864,True,1,2.943,2.961,-0.287,1.352,11.170,11.107,0.354,0.570,-0.476,0.645,-0.461,0.348,-0.187,-0.103,-2.35,-7.70,12.79,0.72,-2.44,0.328,0.549,0.068,1555,1420,1529,1559,9.99,10.06,29.83,29.88
1787303451.713,29.874,True,1,2.943,2.961,-0.287,1.352,11.170,11.107,0.355,0.570,-0.476,0.643,-0.461,0.348,-0.187,-0.103,-2.35,-7.70,12.79,0.72,-2.45,0.328,0.547,0.068,1555,1420,1529,1559,10.00,10.06,39.83,39.88
1787303451.723,29.884,True,1,2.943,2.961,-0.287,1.353,11.171,11.108,0.355,0.570,-0.476,0.640,-0.462,0.348,-0.187,-0.103,-2.35,-7.70,12.79,0.72,-2.47,0.328,0.545,0.068,1555,1421,1529,1559,10.00,10.06,49.83,49.88
1787303451.733,29.895,True,1,2.944,2.961,-0.289,1.357,11.172,11.097,0.354,0.561,-0.480,0.638,-0.462,0.358,-0.120,-0.119,-2.61,-7.45,12.76,1.00,-1.92,0.385,0.576,0.074,1561,1417,1530,1559,10.00,10.06,-0.41,-0.46
1787303451.743,29.904,True,1,2.944,2.961,-0.289,1.357,11.172,11.105,0.354,0.561,-0.480,0.635,-0.463,0.358,-0.120,-0.119,-2.49,-7.14,12.71,1.00,-1.94,0.372,0.542,0.073,1560,1421,1530,1559,10.00,10.06,-0.07,9.54
1787303451.753,29.914,True,1,2.944,2.961,-0.289,1.357,11.172,11.106,0.354,0.561,-0.480,0.633,-0.463,0.358,-0.120,-0.119,-2.49,-7.14,12.71,1.00,-1.96,0.372,0.540,0.073,1560,1421,1530,1559,10.00,10.06,9.93,19.54
1787303451.763,29.924,True,1,2.944,2.961,-0.289,1.357,11.172,11.106,0.354,0.561,-0.480,0.630,-0.464,0.358,-0.120,-0.119,-2.49,-7.14,12.71,1.00,-1.98,0.372,0.538,0.073,1560,1421,1530,1559,10.00,10.06,19.93,29.54
1787303451.773,29.934,True,1,2.944,2.961,-0.289,1.358,11.173,11.107,0.355,0.561,-0.480,0.628,-0.464,0.358,-0.120,-0.119,-2.49,-7.14,12.71,1.00,-1.99,0.372,0.536,0.073,1560,1422,1530,1559,10.00,10.06,29.93,39.54
1787303451.783,29.944,True,1,2.944,2.961,-0.289,1.358,11.173,11.108,0.355,0.561,-0.480,0.626,-0.465,0.358,-0.120,-0.119,-2.49,-7.14,12.71,1.00,-2.01,0.372,0.534,0.073,1560,1422,1530,1559,10.00,10.06,39.93,49.54
1787303451.793,29.954,True,1,2.944,2.961,-0.289,1.358,11.173,11.108,0.355,0.561,-0.480,0.624,-0.465,0.358,-0.120,-0.119,-2.49,-7.14,12.71,1.00,-2.03,0.372,0.532,0.073,1560,1422,1530,1559,10.00,10.06,49.93,59.54
1787303451.803,29.964,True,1,2.944,2.961,-0.289,1.358,11.174,11.109,0.355,0.561,-0.480,0.622,-0.466,0.358,-0.120,-0.119,-2.49,-7.14,12.71,1.00,-2.04,0.372,0.531,0.073,1560,1422,1530,1559,10.00,10.06,59.93,69.54
1787303451.813,29.975,True,1,2.945,2.961,-0.255,1.249,11.061,11.021,0.352,0.556,-0.487,0.619,-0.467,0.364,-0.029,-0.131,-1.63,-5.21,12.75,1.31,-1.27,0.312,0.411,0.060,1554,1435,1528,1556,10.00,10.06,-0.49,-0.54
1787303451.823,29.984,True,1,2.945,2.961,-0.255,1.249,11.062,11.021,0.352,0.556,-0.487,0.617,-0.467,0.364,-0.029,-0.131,-1.63,-5.21,12.75,1.31,-1.29,0.312,0.409,0.059,1554,1435,1528,1556,10.01,10.06,9.51,9.46
1787303451.833,29.994,True,1,2.945,2.961,-0.255,1.249,11.062,11.022,0.352,0.556,-0.487,0.615,-0.468,0.364,-0.029,-0.131,-1.63,-5.21,12.75,1.31,-1.31,0.312,0.408,0.059,1554,1435,1528,1556,9.99,10.06,19.51,19.46
1787303451.843,30.004,True,1,2.945,2.961,-0.255,1.250,11.062,11.022,0.352,0.556,-0.487,0.613,-0.469,0.364,-0.029,-0.131,-1.63,-5.21,12.75,1.31,-1.32,0.312,0.406,0.059,1554,1435,1528,1556,10.00,10.06,29.51,29.46
1787303451.853,30.014,True,1,2.945,2.961,-0.255,1.250,11.062,11.023,0.352,0.556,-0.487,0.611,-0.469,0.364,-0.029,-0.131,-1.63,-5.21,12.75,1.31,-1.34,0.312,0.404,0.059,1554,1435,1528,1556,10.00,10.06,39.51,39.46
1787303451.863,30.024,True,1,2.945,2.961,-0.255,1.250,11.063,11.023,0.352,0.556,-0.487,0.609,-0.470,0.364,-0.029,-0.131,-1.63,-5.21,12.75,1.31,-1.35,0.312,0.403,0.059,1554,1436,1528,1556,10.00,10.06,49.51,49.46
1787303451.873,30.034,True,1,2.945,2.961,-0.255,1.250,11.063,11.023,0.352,0.556,-0.487,0.608,-0.470,0.364,-0.029,-0.131,-1.63,-5.21,12.75,1.31,-1.37,0.312,0.401,0.059,1554,1436,1528,1556,10.00,10.06,59.51,59.46
1787303451.883,30.044,True,1,2.945,2.961,-0.255,1.250,11.063,11.024,0.352,0.556,-0.487,0.606,-0.471,0.364,-0.029,-0.131,-1.63,-5.21,12.75,1.31,-1.38,0.312,0.400,0.059,1554,1436,1528,1556,10.00,10.06,69.51,69.46
1787303451.893,30.055,True,1,2.947,2.961,-0.223,1.149,10.963,10.961,0.350,0.555,-0.495,0.604,-0.472,0.366,0.012,-0.167,0.64,-1.67,12.95,1.74,-1.12,0.117,0.058,0.038,1532,1473,1525,1554,10.00,10.06,-0.57,-0.52
1787303451.903,30.064,True,1,2.947,2.961,-0.223,1.150,10.963,10.961,0.350,0.555,-0.495,0.603,-0.473,0.366,0.012,-0.167,0.64,-1.67,12.95,1.75,-1.13,0.117,0.056,0.039,1532,1473,1525,1554,10.00,10.06,9.43,9.48
1787303451.913,30.074,True,1,2.947,2.961,-0.223,1.150,10.964,10.961,0.350,0.555,-0.495,0.601,-0.473,0.366,0.012,-0.167,0.64,-1.67,12.95,1.75,-1.15,0.117,0.055,0.039,1533,1473,1525,1554,10.00,10.06,19.43,19.48
1787303451.923,30.084,True,1,2.949,2.961,-0.226,1.150,10.963,10.962,0.350,0.555,-0.498,0.599,-0.474,0.366,0.000,-0.138,1.10,-0.97,13.02,1.45,-1.21,0.037,-0.024,0.036,1524,1522,1525,1554,10.00,10.06,-0.12,-0.17
1787303451.933,30.094,True,1,2.949,2.961,-0.226,1.150,10.963,10.963,0.350,0.555,-0.498,0.598,-0.475,0.366,0.000,-0.138,1.10,-0.97,13.02,1.45,-1.22,0.038,-0.026,0.037,1524,1522,1525,1554,10.00,10.06,9.88,9.84
1787303451.943,30.104,True,1,2.949,2.961,-0.226,1.150,10.963,10.963,0.350,0.555,-0.498,0.597,-0.476,0.366,0.000,-0.138,1.10,-0.97,13.02,1.46,-1.23,0.038,-0.027,0.037,1524,1523,1525,1554,10.00,10.07,19.89,19.84
1787303451.953,30.114,True,1,2.949,2.961,-0.226,1.150,10.963,10.963,0.350,0.555,-0.498,0.595,-0.476,0.366,0.000,-0.138,1.10,-0.97,13.02,1.46,-1.25,0.038,-0.029,0.037,1524,1523,1525,1554,9.99,10.06,29.88,29.83
1787303451.963,30.124,True,1,2.949,2.961,-0.226,1.151,10.963,10.963,0.350,0.555,-0.498,0.594,-0.477,0.366,0.000,-0.138,1.10,-0.97,13.02,1.46,-1.26,0.038,-0.030,0.037,1524,1523,1525,1554,10.00,10.06,39.88,39.83
1787303451.973,30.134,True,1,2.949,2.961,-0.226,1.151,10.964,10.963,0.350,0.555,-0.498,0.593,-0.478,0.366,0.000,-0.138,1.10,-0.97,13.02,1.46,-1.27,0.038,-0.031,0.037,1524,1523,1525,1554,10.00,10.06,49.88,49.83
1787303451.983,30.145,True,1,2.953,2.961,-0.178,0.992,10.806,10.797,0.345,0.556,-0.505,0.591,-0.479,0.366,0.018,-0.164,2.55,1.09,13.48,1.76,-1.21,-0.083,-0.240,0.027,1470,1546,1523,1549,10.00,10.06,-0.47,-0.43
1787303451.993,30.154,True,1,2.953,2.961,-0.178,0.992,10.806,10.797,0.345,0.556,-0.505,0.590,-0.480,0.366,0.018,-0.164,2.55,1.09,13.48,1.77,-1.22,-0.082,-0.241,0.027,1470,1546,1523,1549,10.00,10.06,9.53,9.58
1787303452.003,30.164,True,1,2.953,2.961,-0.178,0.992,10.807,10.797,0.345,0.556,-0.505,0.589,-0.480,0.366,0.018,-0.164,2.55,1.09,13.48,1.77,-1.23,-0.082,-0.243,0.027,1470,1546,1523,1549,10.00,10.06,19.53,19.58
1787303452.013,30.174,True,1,2.953,2.961,-0.178,0.992,10.807,10.797,0.345,0.556,-0.505,0.588,-0.481,0.366,0.018,-0.164,2.55,1.09,13.48,1.77,-1.25,-0.082,-0.244,0.027,1470,1546,1523,1549,10.00,10.06,29.53,29.57
1787303452.023,30.184,True,1,2.953,2.961,-0.178,0.992,10.807,10.797,0.345,0.556,-0.505,0.587,-0.482,0.366,0.018,-0.164,2.55,1.09,13.48,1.78,-1.26,-0.081,-0.245,0.027,1470,1546,1523,1549,10.00,10.06,39.53,39.58
1787303452.033,30.194,True,1,2.953,2.961,-0.178,0.993,10.807,10.797,0.345,0.556,-0.505,0.586,-0.483,0.366,0.018,-0.164,2.55,1.09,13.48,1.78,-1.27,-0.081,-0.246,0.027,1470,1547,1523,1549,10.00,10.06,49.53,49.58
1787303452.043,30.204,True,1,2.953,2.961,-0.178,0.993,10.807,10.797,0.345,0.556,-0.505,0.585,-0.484,0.366,0.018,-0.164,2.55,1.09,13.48,1.78,-1.28,-0.081,-0.247,0.027,1471,1547,1523,1549,10.00,10.06,59.53,59.57
1787303452.053,30.214,True,1,2.953,2.961,-0.178,0.993,10.807,10.797,0.345,0.556,-0.505,0.584,-0.484,0.366,0.018,-0.164,2.55,1.09,13.48,1.78,-1.29,-0.081,-0.248,0.027,1471,1547,1523,1549,10.00,10.06,69.52,69.57
1787303452.063,30.225,True,1,2.962,2.961,-0.147,0.861,10.676,10.639,0.340,0.555,-0.514,0.583,-0.485,0.368,-0.021,-0.139,3.73,2.53,14.18,1.46,-1.64,-0.237,-0.437,0.014,1453,1567,1521,1543,10.00,10.06,-0.51,-0.55
1787303452.073,30.234,True,1,2.962,2.961,-0.147,0.861,10.676,10.639,0.340,0.555,-0.514,0.582,-0.486,0.368,-0.021,-0.139,3.73,2.53,14.18,1.47,-1.66,-0.237,-0.438,0.014,1453,1567,1521,1543,10.00,10.06,9.49,9.45
1787303452.083,30.244,True,1,2.962,2.961,-0.147,0.861,10.676,10.639,0.340,0.555,-0.514,0.581,-0.487,0.368,-0.021,-0.139,3.73,2.53,14.18,1.47,-1.67,-0.236,-0.439,0.014,1453,1567,1521,1543,10.00,10.06,19.50,19.45
1787303452.093,30.254,True,1,2.969,2.961,-0.109,0.718,10.534,10.498,0.335,0.554,-0.517,0.580,-0.488,0.369,-0.026,-0.155,3.73,2.51,14.37,1.63,-1.79,-0.219,-0.451,0.007,1455,1568,1520,1538,10.00,10.06,-0.17,-0.22
1787303452.103,30.264,True,1,2.969,2.961,-0.109,0.718,10.534,10.497,0.335,0.554,-0.517,0.579,-0.489,0.369,-0.026,-0.155,3.73,2.51,14.37,1.63,-1.80,-0.218,-0.452,0.007,1455,1568,1520,1538,10.00,10.06,9.83,9.78
1787303452.113,30.274,True,1,2.969,2.961,-0.109,0.718,10.534,10.497,0.335,0.554,-0.517,0.578,-0.490,0.369,-0.026,-0.155,3.73,2.51,14.37,1.64,-1.81,-0.218,-0.453,0.007,1455,1569,1520,1538,10.00,10.06,19.83,19.78
1787303452.123,30.284,True,1,2.969,2.961,-0.109,0.718,10.534,10.497,0.335,0.554,-0.517,0.578,-0.491,0.369,-0.026,-0.155,3.73,2.51,14.37,1.64,-1.82,-0.217,-0.454,0.007,1456,1569,1520,1538,10.00,10.06,29.83,29.78
1787303452.133,30.295,True,1,2.974,2.961,-0.123,0.741,10.557,10.521,0.336,0.552,-0.522,0.577,-0.492,0.372,-0.058,-0.123,3.36,2.16,14.84,1.24,-2.06,-0.220,-0.444,-0.017,1455,1568,1477,1539,10.00,10.06,-0.25,-0.30
1787303452.143,30.304,True,1,2.974,2.961,-0.123,0.741,10.557,10.521,0.336,0.552,-0.522,0.576,-0.493,0.372,-0.058,-0.123,3.36,2.16,14.84,1.24,-2.07,-0.220,-0.445,-0.017,1455,1568,1477,1539,10.00,10.06,9.75,9.70
1787303452.153,30.314,True,1,2.974,2.961,-0.123,0.741,10.557,10.521,0.336,0.552,-0.522,0.575,-0.494,0.372,-0.058,-0.123,3.36,2.16,14.84,1.25,-2.08,-0.219,-0.446,-0.017,1455,1568,1477,1539,10.00,10.06,19.74,19.70
1787303452.163,30.324,True,1,2.974,2.961,-0.123,0.740,10.557,10.520,0.336,0.552,-0.522,0.574,-0.495,0.372,-0.058,-0.123,3.36,2.16,14.84,1.25,-2.09,-0.219,-0.447,-0.017,1455,1568,1477,1539,10.00,10.06,29.74,29.70
1787303452.173,30.334,True,1,2.974,2.961,-0.123,0.740,10.557,10.520,0.336,0.552,-0.522,0.574,-0.496,0.372,-0.058,-0.123,3.36,2.16,14.84,1.26,-2.10,-0.218,-0.448,-0.017,1455,1568,1477,1539,10.00,10.06,39.74,39.69
1787303452.183,30.344,True,1,2.974,2.961,-0.123,0.740,10.557,10.520,0.336,0.552,-0.522,0.573,-0.497,0.372,-0.058,-0.123,3.36,2.16,14.84,1.26,-2.11,-0.218,-0.449,-0.017,1455,1568,1477,1539,10.01,10.07,49.75,49.70
1787303452.193,30.354,True,1,2.974,2.961,-0.123,0.740,10.557,10.520,0.336,0.552,-0.522,0.572,-0.498,0.372,-0.058,-0.123,3.36,2.16,14.84,1.26,-2.12,-0.218,-0.450,-0.017,1456,1568,1477,1539,10.00,10.07,59.75,59.70
1787303452.203,30.364,True,1,2.974,2.961,-0.123,0.740,10.556,10.520,0.336,0.552,-0.522,0.572,-0.498,0.372,-0.058,-0.123,3.36,2.16,14.84,1.27,-2.13,-0.217,-0.451,-0.017,1456,1568,1477,1539,10.00,10.06,69.74,69.70
1787303452.214,30.375,True,1,2.989,2.961,-0.081,0.552,10.369,10.351,0.330,0.547,-0.528,0.571,-0.499,0.378,-0.079,-0.112,2.71,0.56,15.85,1.10,-2.38,-0.167,-0.312,-0.073,1461,1554,1469,1533,10.00,10.06,-0.56,-0.61
1787303452.223,30.384,True,1,2.989,2.961,-0.081,0.551,10.369,10.351,0.330,0.547,-0.528,0.570,-0.500,0.378,-0.079,-0.112,2.71,0.56,15.85,1.10,-2.39,-0.167,-0.313,-0.073,1461,1554,1469,1533,10.01,10.07,9.45,9.40
1787303452.233,30.394,True,1,2.989,2.961,-0.081,0.551,10.369,10.351,0.330,0.547,-0.528,0.569,-0.501,0.378,-0.079,-0.112,2.71,0.56,15.85,1.11,-2.40,-0.167,-0.314,-0.072,1461,1554,1469,1533,9.99,10.06,19.44,19.39
1787303452.243,30.404,True,1,2.989,2.961,-0.081,0.551,10.368,10.351,0.330,0.547,-0.528,0.568,-0.502,0.378,-0.079,-0.112,2.71,0.56,15.85,1.11,-2.41,-0.166,-0.315,-0.072,1461,1554,1469,1533,10.00,10.06,29.44,29.39
1787303452.253,30.414,True,1,3.001,2.961,-0.067,0.462,10.280,10.269,0.328,0.544,-0.531,0.568,-0.503,0.382,-0.076,-0.111,2.49,-0.15,16.11,1.11,-2.42,-0.145,-0.242,-0.088,1463,1546,1467,1531,10.00,10.06,-0.18,-0.23
1787303452.263,30.424,True,1,3.001,2.961,-0.067,0.462,10.280,10.269,0.328,0.544,-0.531,0.567,-0.504,0.382,-0.076,-0.111,2.49,-0.15,16.11,1.11,-2.43,-0.145,-0.243,-0.088,1463,1546,1467,1530,10.00,10.06,9.82,9.77
1787303452.273,30.434,True,1,3.001,2.961,-0.067,0.461,10.279,10.268,0.328,0.544,-0.531,0.566,-0.505,0.382,-0.076,-0.111,2.49,-0.15,16.11,1.12,-2.44,-0.144,-0.244,-0.088,1464,1546,1467,1530,10.00,10.06,19.82,19.77
1787303452.283,30.444,True,1,3.001,2.961,-0.067,0.461,10.279,10.268,0.328,0.544,-0.531,0.565,-0.506,0.382,-0.076,-0.111,2.49,-0.15,16.11,1.12,-2.45,-0.144,-0.245,-0.088,1464,1546,1467,1530,10.00,10.06,29.82,29.77
1787303452.293,30.455,True,1,3.007,2.961,-0.066,0.436,10.255,10.254,0.327,0.542,-0.534,0.565,-0.507,0.384,-0.072,-0.121,1.72,-1.89,16.59,1.22,-2.46,-0.057,-0.063,-0.118,1473,1527,1463,1530,10.00,10.06,-0.35,-0.30
1787303452.303,30.464,True,1,3.007,2.961,-0.066,0.436,10.255,10.254,0.327,0.542,-0.534,0.564,-0.508,0.384,-0.072,-0.121,1.72,-1.89,16.59,1.22,-2.47,-0.056,-0.064,-0.118,1473,1527,1463,1530,10.00,10.06,9.65,9.70
1787303452.313,30.474,True,1,3.007,2.961,-0.066,0.436,10.254,10.253,0.327,0.542,-0.534,0.563,-0.509,0.384,-0.072,-0.121,1.72,-1.89,16.59,1.23,-2.48,-0.056,-0.065,-0.118,1473,1527,1463,1530,10.00,10.06,19.65,19.70
1787303452.323,30.484,True,1,3.014,2.961,-0.063,0.396,10.213,10.213,0.326,0.541,-0.537,0.562,-0.510,0.386,-0.055,-0.118,1.41,-2.44,16.72,1.25,-2.33,-0.023,0.008,-0.126,1477,1479,1462,1529,10.00,10.06,-0.12,-0.17
1787303452.333,30.494,True,1,3.014,2.961,-0.063,0.395,10.213,10.213,0.326,0.541,-0.537,0.562,-0.511,0.386,-0.055,-0.118,1.41,-2.44,16.72,1.25,-2.34,-0.022,0.007,-0.125,1477,1479,1462,1529,10.00,10.06,9.88,9.83
1787303452.343,30.504,True,1,3.014,2.961,-0.063,0.395,10.212,10.212,0.326,0.541,-0.537,0.561,-0.511,0.386,-0.055,-0.118,1.41,-2.44,16.72,1.26,-2.35,-0.022,0.006,-0.125,1477,1479,1462,1529,10.00,10.06,19.88,19.83
1787303452.353,30.514,True,1,3.014,2.961,-0.063,0.394,10.212,10.212,0.326,0.541,-0.537,0.560,-0.512,0.386,-0.055,-0.118,1.41,-2.44,16.72,1.26,-2.36,-0.021,0.005,-0.125,1477,1479,1462,1528,10.00,10.06,29.88,29.83
1787303452.363,30.524,True,1,3.014,2.961,-0.063,0.394,10.212,10.212,0.326,0.541,-0.537,0.560,-0.513,0.386,-0.055,-0.118,1.41,-2.44,16.72,1.26,-2.37,-0.021,0.004,-0.125,1477,1479,1462,1528,10.00,10.06,39.88,39.83
1787303452.373,30.534,True,1,3.014,2.961,-0.063,0.393,10.211,10.211,0.326,0.541,-0.537,0.559,-0.514,0.386,-0.055,-0.118,1.41,-2.44,16.72,1.27,-2.38,-0.021,0.003,-0.125,1477,1479,1462,1528,10.00,10.07,49.89,49.84
1787303452.383,30.545,True,1,3.026,2.961,-0.089,0.425,10.242,10.236,0.327,0.539,-0.542,0.558,-0.515,0.389,-0.051,-0.103,0.37,-4.20,17.10,1.12,-2.31,0.068,0.198,-0.143,1527,1458,1460,1529,9.99,10.06,-0.46,-0.41
1787303452.393,30.554,True,1,3.026,2.961,-0.089,0.425,10.242,10.235,0.327,0.539,-0.542,0.558,-0.516,0.389,-0.051,-0.103,0.37,-4.20,17.10,1.12,-2.32,0.069,0.197,-0.143,1527,1458,1460,1529,10.00,10.06,9.54,9.59
1787303452.403,30.564,True,1,3.026,2.961,-0.089,0.424,10.241,10.235,0.327,0.539,-0.542,0.557,-0.517,0.389,-0.051,-0.103,0.37,-4.20,17.10,1.13,-2.33,0.069,0.196,-0.143,1527,1458,1460,1529,10.00,10.06,19.54,19.59
1787303452.413,30.574,True,1,3.026,2.961,-0.089,0.423,10.241,10.234,0.327,0.539,-0.542,0.557,-0.517,0.389,-0.051,-0.103,0.37,-4.20,17.10,1.13,-2.34,0.070,0.195,-0.143,1527,1458,1460,1529,10.00,10.06,29.54,29.59
1787303452.423,30.585,True,1,3.035,2.961,-0.074,0.340,10.157,10.140,0.324,0.539,-0.547,0.556,-0.518,0.390,-0.010,-0.135,-0.13,-4.94,17.26,1.57,-2.07,0.165,0.301,-0.148,1538,1447,1459,1526,10.00,10.06,-0.33,-0.28
1787303452.433,30.594,True,1,3.035,2.961,-0.074,0.339,10.157,10.140,0.324,0.539,-0.547,0.555,-0.519,0.390,-0.010,-0.135,-0.13,-4.94,17.26,1.58,-2.08,0.166,0.300,-0.148,1538,1447,1459,1526,10.00,10.06,9.67,9.72
1787303452.443,30.604,True,1,3.035,2.961,-0.074,0.339,10.156,10.139,0.324,0.539,-0.547,0.555,-0.520,0.390,-0.010,-0.135,-0.13,-4.94,17.26,1.58,-2.09,0.166,0.299,-0.148,1538,1447,1459,1526,10.00,10.06,19.67,19.72
1787303452.453,30.614,True,1,3.035,2.961,-0.074,0.338,10.155,10.138,0.324,0.539,-0.547,0.554,-0.521,0.390,-0.010,-0.135,-0.13,-4.94,17.26,1.59,-2.10,0.167,0.298,-0.148,1538,1447,1459,1526,10.00,10.06,29.67,29.72
1787303452.463,30.625,True,1,3.042,2.961,-0.095,0.371,10.186,10.164,0.324,0.539,-0.551,0.554,-0.522,0.391,0.016,-0.119,-0.36,-5.11,17.27,1.51,-1.80,0.183,0.348,-0.147,1540,1442,1459,1527,10.00,10.06,-0.29,-0.34
1787303452.473,30.634,True,1,3.042,2.961,-0.095,0.370,10.185,10.163,0.324,0.539,-0.551,0.553,-0.523,0.391,0.016,-0.119,-0.36,-5.11,17.27,1.52,-1.81,0.183,0.347,-0.147,1540,1442,1459,1527,10.00,10.06,9.71,9.67
1787303452.483,30.644,True,1,3.042,2.961,-0.095,0.369,10.184,10.162,0.324,0.539,-0.551,0.553,-0.524,0.391,0.016,-0.119,-0.36,-5.11,17.27,1.52,-1.82,0.184,0.346,-0.147,1540,1442,1459,1527,10.00,10.06,19.71,19.66
1787303452.493,30.654,True,1,3.042,2.961,-0.095,0.368,10.184,10.162,0.324,0.539,-0.551,0.552,-0.525,0.391,0.016,-0.119,-0.36,-5.11,17.27,1.53,-1.83,0.184,0.345,-0.147,1540,1442,1459,1527,10.00,10.06,29.71,29.66
1787303452.503,30.664,True,1,3.042,2.961,-0.095,0.367,10.183,10.161,0.324,0.539,-0.551,0.552,-0.526,0.391,0.016,-0.119,-0.36,-5.11,17.27,1.53,-1.84,0.185,0.344,-0.147,1540,1442,1459,1527,10.00,10.06,39.71,39.66
1787303452.513,30.675,True,1,3.050,2.961,-0.109,0.377,10.192,10.164,0.324,0.543,-0.557,0.552,-0.527,0.389,0.052,-0.126,-0.61,-5.01,17.17,1.71,-1.52,0.231,0.367,-0.141,1545,1439,1460,1527,10.00,10.06,-0.38,-0.43
1787303452.523,30.684,True,1,3.050,2.961,-0.109,0.376,10.191,10.164,0.324,0.543,-0.557,0.551,-0.528,0.389,0.052,-0.126,-0.61,-5.01,17.17,1.71,-1.53,0.231,0.366,-0.141,1545,1440,1460,1527,10.00,10.07,9.62,9.57
1787303452.533,30.694,True,1,3.050,2.961,-0.109,0.375,10.190,10.163,0.324,0.543,-0.557,0.551,-0.529,0.389,0.052,-0.126,-0.61,-5.01,17.17,1.72,-1.54,0.232,0.365,-0.141,1545,1440,1460,1527,9.99,10.06,19.61,19.56
1787303452.543,30.705,True,1,3.054,2.961,-0.118,0.386,10.201,10.175,0.325,0.545,-0.559,0.551,-0.530,0.387,0.073,-0.145,-0.51,-4.69,17.04,1.97,-1.38,0.249,0.347,-0.136,1547,1442,1461,1527,10.01,10.07,-0.28,-0.33
1787303452.553,30.714,True,1,3.054,2.961,-0.118,0.385,10.201,10.174,0.325,0.545,-0.559,0.551,-0.531,0.387,0.073,-0.145,-0.51,-4.69,17.04,1.98,-1.39,0.250,0.347,-0.136,1547,1442,1461,1527,9.99,10.06,9.71,9.66
1787303452.563,30.724,True,1,3.054,2.961,-0.118,0.384,10.200,10.173,0.325,0.545,-0.559,0.551,-0.532,0.387,0.073,-0.145,-0.51,-4.69,17.04,1.98,-1.40,0.250,0.346,-0.136,1547,1442,1461,1527,9.99,10.06,19.71,19.66
1787303452.573,30.734,True,1,3.054,2.961,-0.118,0.383,10.199,10.172,0.325,0.545,-0.559,0.550,-0.533,0.387,0.073,-0.145,-0.51,-4.69,17.04,1.99,-1.41,0.251,0.345,-0.136,1547,1442,1461,1527,10.01,10.07,29.72,29.67
1787303452.583,30.744,True,1,3.054,2.961,-0.118,0.382,10.198,10.171,0.325,0.545,-0.559,0.550,-0.534,0.387,0.073,-0.145,-0.51,-4.69,17.04,1.99,-1.41,0.251,0.344,-0.136,1547,1442,1461,1527,10.00,10.07,39.72,39.67
1787303452.593,30.754,True,1,3.054,2.961,-0.118,0.381,10.197,10.171,0.325,0.545,-0.559,0.550,-0.534,0.387,0.073,-0.145,-0.51,-4.69,17.04,2.00,-1.42,0.252,0.344,-0.136,1547,1442,1461,1527,9.99,10.06,49.71,49.66
1787303452.603,30.764,True,1,3.054,2.961,-0.118,0.380,10.196,10.170,0.325,0.545,-0.559,0.550,-0.535,0.387,0.073,-0.145,-0.51,-4.69,17.04,2.00,-1.43,0.252,0.343,-0.136,1547,1442,1461,1527,10.00,10.06,59.71,59.66
1787303452.613,30.774,True,1,3.054,2.961,-0.118,0.379,10.195,10.169,0.325,0.545,-0.559,0.550,-0.536,0.387,0.073,-0.145,-0.51,-4.69,17.04,2.01,-1.43,0.253,0.342,-0.136,1547,1442,1461,1527,10.00,10.06,69.71,69.66
1787303452.624,30.785,True,1,3.062,2.961,-0.125,0.367,10.182,10.171,0.325,0.554,-0.566,0.550,-0.537,0.381,0.128,-0.137,0.79,-3.22,16.53,2.11,-0.87,0.132,0.244,-0.120,1534,1453,1463,1527,10.00,10.06,-0.60,-0.55
1787303452.633,30.794,True,1,3.062,2.961,-0.125,0.366,10.181,10.170,0.325,0.554,-0.566,0.550,-0.538,0.381,0.128,-0.137,0.79,-3.22,16.53,2.12,-0.87,0.133,0.244,-0.120,1534,1453,1463,1527,10.01,10.07,9.41,9.46
1787303452.643,30.804,True,1,3.062,2.961,-0.125,0.365,10.180,10.169,0.325,0.554,-0.566,0.550,-0.539,0.381,0.128,-0.137,0.79,-3.22,16.53,2.13,-0.88,0.134,0.243,-0.120,1534,1453,1463,1527,9.99,10.06,19.40,19.45
1787303452.653,30.814,True,1,3.062,2.961,-0.125,0.364,10.179,10.168,0.325,0.554,-0.566,0.550,-0.540,0.381,0.128,-0.137,0.79,-3.22,16.53,2.13,-0.88,0.134,0.242,-0.120,1534,1453,1463,1527,10.00,10.06,29.40,29.45
1787303452.663,30.824,True,1,3.062,2.961,-0.125,0.363,10.178,10.167,0.324,0.554,-0.566,0.550,-0.541,0.381,0.128,-0.137,0.79,-3.22,16.53,2.14,-0.89,0.135,0.242,-0.120,1534,1453,1463,1527,10.00,10.06,39.40,39.45
1787303452.673,30.834,True,1,3.062,2.961,-0.125,0.362,10.177,10.166,0.324,0.554,-0.566,0.551,-0.542,0.381,0.128,-0.137,0.79,-3.22,16.53,2.14,-0.89,0.135,0.241,-0.120,1534,1453,1463,1527,10.00,10.06,49.40,49.45
1787303452.683,30.844,True,1,3.062,2.961,-0.125,0.361,10.176,10.165,0.324,0.554,-0.566,0.551,-0.542,0.381,0.128,-0.137,0.79,-3.22,16.53,2.15,-0.90,0.136,0.241,-0.120,1535,1453,1463,1527,10.00,10.06,59.40,59.45
1787303452.693,30.854,True,1,3.062,2.961,-0.125,0.360,10.175,10.164,0.324,0.554,-0.566,0.551,-0.543,0.381,0.128,-0.137,0.79,-3.22,16.53,2.15,-0.90,0.137,0.240,-0.120,1535,1453,1463,1527,10.00,10.06,69.40,69.45
1787303452.703,30.864,True,1,3.062,2.961,-0.125,0.359,10.174,10.163,0.324,0.554,-0.566,0.551,-0.544,0.381,0.128,-0.137,0.79,-3.22,16.53,2.16,-0.91,0.137,0.240,-0.120,1535,1453,1463,1527,10.00,10.06,79.40,79.45
1787303452.714,30.875,True,1,3.069,2.961,-0.157,0.427,10.243,10.240,0.327,0.568,-0.574,0.551,-0.545,0.370,0.174,-0.147,2.25,-1.90,15.69,2.38,-0.46,0.012,0.148,-0.086,1521,1463,1468,1529,10.00,10.06,-0.61,-0.56
1787303452.723,30.884,True,1,3.069,2.961,-0.157,0.426,10.242,10.239,0.327,0.568,-0.574,0.552,-0.546,0.370,0.174,-0.147,2.25,-1.90,15.69,2.39,-0.46,0.013,0.148,-0.086,1521,1463,1468,1529,10.00,10.07,9.40,9.45
1787303452.733,30.894,True,1,3.069,2.961,-0.157,0.425,10.241,10.238,0.327,0.568,-0.574,0.553,-0.547,0.370,0.174,-0.147,2.25,-1.90,15.69,2.40,-0.46,0.013,0.147,-0.086,1521,1463,1468,1529,9.99,10.06,19.39,19.44
1787303452.743,30.904,True,1,3.069,2.961,-0.157,0.424,10.240,10.237,0.327,0.568,-0.574,0.553,-0.548,0.370,0.174,-0.147,2.25,-1.90,15.69,2.41,-0.47,0.014,0.147,-0.086,1521,1463,1468,1529,10.00,10.06,29.39,29.44
1787303452.753,30.915,True,1,3.073,2.961,-0.163,0.422,10.238,10.236,0.327,0.576,-0.579,0.554,-0.549,0.364,0.187,-0.136,2.79,-1.19,15.11,2.35,-0.29,-0.047,0.092,-0.059,1474,1469,1471,1529,10.00,10.06,-0.32,-0.27
1787303452.763,30.924,True,1,3.073,2.961,-0.163,0.421,10.237,10.235,0.327,0.576,-0.579,0.555,-0.550,0.364,0.187,-0.136,2.79,-1.19,15.11,2.36,-0.29,-0.046,0.092,-0.059,1474,1469,1471,1529,10.00,10.06,9.68,9.73
1787303452.773,30.934,True,1,3.073,2.961,-0.163,0.420,10.236,10.234,0.327,0.576,-0.579,0.555,-0.551,0.364,0.187,-0.136,2.79,-1.19,15.11,2.37,-0.29,-0.045,0.092,-0.059,1474,1469,1471,1529,10.00,10.06,19.68,19.73
1787303452.783,30.944,True,1,3.073,2.961,-0.163,0.419,10.234,10.233,0.327,0.576,-0.579,0.556,-0.552,0.364,0.187,-0.136,2.79,-1.19,15.11,2.37,-0.29,-0.044,0.092,-0.059,1475,1469,1471,1529,10.00,10.06,29.68,29.72
1787303452.793,30.954,True,1,3.077,2.961,-0.225,0.589,10.403,10.401,0.332,0.586,-0.582,0.557,-0.553,0.356,0.183,-0.115,3.14,-0.65,14.69,2.13,-0.25,-0.105,0.040,-0.039,1468,1475,1474,1535,10.00,10.06,-0.21,-0.25
1787303452.803,30.964,True,1,3.077,2.961,-0.225,0.588,10.402,10.400,0.332,0.586,-0.582,0.558,-0.554,0.356,0.183,-0.115,3.14,-0.65,14.69,2.14,-0.25,-0.104,0.040,-0.039,1468,1475,1474,1535,10.00,10.06,9.79,9.74
1787303452.813,30.974,True,1,3.077,2.961,-0.225,0.587,10.401,10.399,0.332,0.586,-0.582,0.559,-0.555,0.356,0.183,-0.115,3.14,-0.65,14.69,2.15,-0.25,-0.104,0.040,-0.039,1468,1475,1474,1535,10.00,10.06,19.80,19.75
1787303452.823,30.984,True,1,3.077,2.961,-0.225,0.586,10.400,10.398,0.332,0.586,-0.582,0.560,-0.556,0.356,0.183,-0.115,3.14,-0.65,14.69,2.16,-0.25,-0.103,0.040,-0.039,1468,1475,1474,1535,10.00,10.06,29.79,29.75
1787303452.833,30.994,True,1,3.077,2.961,-0.225,0.584,10.399,10.397,0.332,0.586,-0.582,0.561,-0.556,0.356,0.183,-0.115,3.14,-0.65,14.69,2.17,-0.25,-0.102,0.040,-0.039,1468,1475,1474,1535,10.00,10.06,39.79,39.75
1787303452.843,31.004,True,1,3.077,2.961,-0.225,0.583,10.397,10.396,0.332,0.586,-0.582,0.561,-0.557,0.356,0.183,-0.115,3.14,-0.65,14.69,2.17,-0.25,-0.101,0.040,-0.039,1468,1475,1474,1535,10.00,10.06,49.80,49.75
1787303452.853,31.014,True,1,3.077,2.961,-0.225,0.582,10.396,10.395,0.332,0.586,-0.582,0.562,-0.558,0.356,0.183,-0.115,3.14,-0.65,14.69,2.18,-0.25,-0.100,0.040,-0.039,1468,1475,1474,1535,10.00,10.06,59.79,59.75
1787303452.863,31.024,True,1,3.077,2.961,-0.225,0.581,10.395,10.394,0.332,0.586,-0.582,0.563,-0.559,0.356,0.183,-0.115,3.14,-0.65,14.69,2.19,-0.25,-0.100,0.040,-0.039,1468,1475,1474,1535,10.00,10.06,69.79,69.75
1787303452.874,31.035,True,1,3.078,2.961,-0.203,0.511,10.327,10.326,0.330,0.604,-0.588,0.564,-0.560,0.341,0.230,-0.120,3.29,0.34,13.61,2.37,0.24,-0.096,-0.010,0.011,1469,1521,1521,1532,10.00,10.06,-0.55,-0.60
1787303452.883,31.044,True,1,3.078,2.961,-0.203,0.510,10.326,10.325,0.330,0.604,-0.588,0.566,-0.561,0.341,0.230,-0.120,3.29,0.34,13.61,2.38,0.24,-0.096,-0.010,0.011,1469,1521,1521,1532,10.00,10.06,9.45,9.41
1787303452.893,31.054,True,1,3.078,2.961,-0.203,0.509,10.325,10.323,0.329,0.604,-0.588,0.567,-0.562,0.341,0.230,-0.120,3.29,0.34,13.61,2.39,0.25,-0.095,-0.009,0.011,1469,1521,1521,1532,9.99,10.06,19.45,19.40
1787303452.903,31.064,True,1,3.078,2.961,-0.203,0.508,10.324,10.322,0.329,0.604,-0.588,0.568,-0.563,0.341,0.230,-0.120,3.29,0.34,13.61,2.40,0.25,-0.094,-0.009,0.011,1469,1521,1521,1532,10.00,10.06,29.45,29.40
1787303452.913,31.074,True,1,3.078,2.961,-0.203,0.507,10.323,10.321,0.329,0.604,-0.588,0.570,-0.563,0.341,0.230,-0.120,3.29,0.34,13.61,2.41,0.25,-0.093,-0.009,0.011,1469,1520,1521,1532,10.00,10.06,39.45,39.40
1787303452.923,31.084,True,1,3.078,2.961,-0.203,0.506,10.321,10.320,0.329,0.604,-0.588,0.571,-0.564,0.341,0.230,-0.120,3.29,0.34,13.61,2.41,0.25,-0.092,-0.008,0.011,1469,1520,1521,1532,10.00,10.06,49.45,49.40
1787303452.933,31.094,True,1,3.078,2.961,-0.203,0.504,10.320,10.319,0.329,0.604,-0.588,0.572,-0.565,0.341,0.230,-0.120,3.29,0.34,13.61,2.42,0.25,-0.091,-0.008,0.011,1469,1520,1521,1532,10.01,10.07,59.46,59.41
1787303452.943,31.104,True,1,3.078,2.961,-0.203,0.503,10.319,10.318,0.329,0.604,-0.588,0.573,-0.566,0.341,0.230,-0.120,3.29,0.34,13.61,2.43,0.26,-0.091,-0.008,0.011,1469,1520,1521,1532,10.00,10.06,69.45,69.40
1787303452.953,31.114,True,1,3.078,2.961,-0.203,0.502,10.318,10.317,0.329,0.604,-0.588,0.574,-0.567,0.341,0.230,-0.120,3.29,0.34,13.61,2.44,0.26,-0.090,-0.008,0.011,1470,1520,1521,1532,10.00,10.06,79.45,79.40
1787303452.964,31.125,True,1,3.080,2.961,-0.220,0.543,10.360,10.359,0.331,0.623,-0.592,0.576,-0.567,0.326,0.223,-0.134,2.97,0.94,12.65,2.55,0.20,-0.045,-0.075,0.056,1474,1528,1527,1534,10.00,10.06,-0.60,-0.65
1787303452.973,31.134,True,1,3.080,2.961,-0.220,0.542,10.359,10.358,0.331,0.623,-0.592,0.577,-0.568,0.326,0.223,-0.134,2.97,0.94,12.65,2.56,0.20,-0.044,-0.074,0.056,1475,1528,1527,1534,10.00,10.06,9.40,9.35
1787303452.983,31.144,True,1,3.080,2.961,-0.220,0.540,10.358,10.356,0.331,0.623,-0.592,0.579,-0.569,0.326,0.223,-0.134,2.97,0.94,12.65,2.56,0.21,-0.044,-0.074,0.056,1475,1528,1527,1534,10.00,10.06,19.40,19.35
1787303452.993,31.154,True,1,3.080,2.961,-0.220,0.539,10.356,10.355,0.331,0.623,-0.592,0.580,-0.570,0.326,0.223,-0.134,2.97,0.94,12.65,2.57,0.21,-0.043,-0.073,0.056,1475,1528,1527,1534,10.00,10.06,29.40,29.35
1787303453.003,31.164,True,1,3.080,2.961,-0.220,0.538,10.355,10.354,0.330,0.623,-0.592,0.582,-0.571,0.326,0.223,-0.134,2.97,0.94,12.65,2.58,0.22,-0.042,-0.073,0.056,1475,1528,1527,1533,10.00,10.06,39.40,39.35
1787303453.013,31.174,True,1,3.080,2.961,-0.220,0.537,10.354,10.353,0.330,0.623,-0.592,0.583,-0.571,0.326,0.223,-0.134,2.97,0.94,12.65,2.59,0.22,-0.041,-0.072,0.056,1475,1528,1527,1533,10.00,10.06,49.40,49.35
1787303453.023,31.184,True,1,3.080,2.961,-0.220,0.536,10.353,10.352,0.330,0.623,-0.592,0.584,-0.572,0.326,0.223,-0.134,2.97,0.94,12.65,2.59,0.23,-0.040,-0.072,0.056,1475,1528,1527,1533,10.00,10.06,59.40,59.35
1787303453.033,31.195,True,1,3.080,2.961,-0.252,0.628,10.443,10.441,0.333,0.639,-0.596,0.586,-0.573,0.313,0.214,-0.106,2.52,1.19,11.67,2.29,0.25,-0.027,-0.095,0.099,1477,1530,1533,1537,10.00,10.06,-0.57,-0.53
1787303453.043,31.204,True,1,3.080,2.961,-0.252,0.627,10.442,10.440,0.333,0.639,-0.596,0.588,-0.574,0.313,0.214,-0.106,2.52,1.19,11.67,2.30,0.25,-0.026,-0.094,0.099,1477,1530,1533,1537,10.00,10.06,9.43,9.48
1787303453.053,31.214,True,1,3.080,2.961,-0.252,0.626,10.441,10.439,0.333,0.639,-0.596,0.590,-0.574,0.313,0.214,-0.106,2.52,1.19,11.67,2.30,0.26,-0.025,-0.093,0.099,1477,1530,1533,1536,10.00,10.06,19.43,19.47
1787303453.063,31.224,True,1,3.080,2.961,-0.252,0.624,10.440,10.438,0.333,0.639,-0.596,0.591,-0.575,0.313,0.214,-0.106,2.52,1.19,11.67,2.31,0.27,-0.024,-0.093,0.099,1477,1530,1533,1536,10.00,10.06,29.43,29.47
1787303453.073,31.234,True,1,3.080,2.961,-0.252,0.623,10.438,10.437,0.333,0.639,-0.596,0.593,-0.576,0.313,0.214,-0.106,2.52,1.19,11.67,2.32,0.27,-0.023,-0.092,0.099,1477,1530,1533,1536,10.00,10.06,39.43,39.47
1787303453.083,31.244,True,1,3.080,2.961,-0.252,0.622,10.437,10.436,0.333,0.639,-0.596,0.594,-0.576,0.313,0.214,-0.106,2.52,1.19,11.67,2.33,0.28,-0.023,-0.092,0.099,1477,1530,1533,1536,10.00,10.06,49.43,49.47
1787303453.093,31.254,True,1,3.080,2.961,-0.252,0.621,10.436,10.435,0.333,0.639,-0.596,0.596,-0.577,0.313,0.214,-0.106,2.52,1.19,11.67,2.33,0.28,-0.022,-0.091,0.099,1477,1530,1533,1536,10.00,10.06,59.43,59.47
1787303453.103,31.265,True,1,3.081,2.961,-0.292,0.735,10.549,10.547,0.337,0.656,-0.600,0.598,-0.578,0.300,0.196,-0.098,2.85,1.25,11.21,2.20,0.14,-0.071,-0.110,0.121,1472,1532,1536,1540,10.00,10.06,-0.42,-0.47
1787303453.113,31.274,True,1,3.081,2.961,-0.292,0.734,10.548,10.545,0.337,0.656,-0.600,0.600,-0.579,0.300,0.196,-0.098,2.85,1.25,11.21,2.21,0.15,-0.070,-0.109,0.121,1472,1532,1536,1540,10.00,10.06,9.58,9.53
1787303453.123,31.284,True,1,3.082,2.961,-0.308,0.782,10.597,10.593,0.338,0.658,-0.600,0.602,-0.579,0.299,0.195,-0.094,3.14,1.24,11.12,2.17,0.17,-0.104,-0.106,0.125,1468,1531,1537,1542,10.00,10.06,-0.16,-0.11
1787303453.133,31.294,True,1,3.078,2.961,-0.292,0.743,10.559,10.557,0.337,0.662,-0.602,0.604,-0.580,0.295,0.210,-0.117,3.14,1.24,11.12,2.44,0.27,-0.076,-0.095,0.125,1471,1530,1537,1541,10.00,10.06,9.84,-0.06
1787303453.143,31.304,True,1,3.078,2.961,-0.292,0.742,10.558,10.556,0.337,0.662,-0.602,0.606,-0.581,0.295,0.210,-0.117,3.14,1.24,11.12,2.44,0.28,-0.076,-0.094,0.125,1471,1530,1537,1541,10.00,10.06,19.84,9.94
1787303453.153,31.314,True,1,3.078,2.961,-0.292,0.741,10.557,10.555,0.337,0.662,-0.602,0.608,-0.581,0.295,0.210,-0.117,3.14,1.24,11.12,2.45,0.29,-0.075,-0.094,0.125,1471,1530,1537,1540,10.00,10.06,29.84,19.93
1787303453.163,31.324,True,1,3.078,2.961,-0.292,0.739,10.556,10.554,0.337,0.662,-0.602,0.609,-0.582,0.295,0.210,-0.117,3.14,1.24,11.12,2.46,0.29,-0.074,-0.093,0.124,1471,1530,1537,1540,10.00,10.06,39.84,29.94
1787303453.173,31.334,True,1,3.078,2.961,-0.292,0.738,10.555,10.553,0.337,0.662,-0.602,0.611,-0.583,0.295,0.210,-0.117,3.14,1.24,11.12,2.47,0.30,-0.073,-0.092,0.124,1471,1530,1537,1540,10.01,10.07,49.84,39.94
1787303453.183,31.344,True,1,3.078,2.961,-0.292,0.737,10.554,10.552,0.337,0.662,-0.602,0.613,-0.583,0.295,0.210,-0.117,3.14,1.24,11.12,2.48,0.31,-0.072,-0.091,0.124,1471,1530,1537,1540,10.00,10.07,59.84,49.94
1787303453.193,31.354,True,1,3.078,2.961,-0.292,0.736,10.553,10.551,0.337,0.662,-0.602,0.615,-0.584,0.295,0.210,-0.117,3.14,1.24,11.12,2.48,0.31,-0.072,-0.091,0.124,1472,1530,1537,1540,10.00,10.06,69.84,59.93
1787303453.203,31.365,True,1,3.081,2.961,-0.328,0.835,10.649,10.644,0.340,0.677,-0.608,0.617,-0.585,0.286,0.180,-0.094,3.62,1.14,11.01,2.19,0.09,-0.153,-0.102,0.131,1463,1531,1538,1544,10.00,10.06,-0.45,-0.50
1787303453.213,31.374,True,1,3.081,2.961,-0.328,0.834,10.648,10.643,0.340,0.677,-0.608,0.619,-0.586,0.286,0.180,-0.094,3.62,1.14,11.01,2.20,0.09,-0.152,-0.101,0.131,1463,1531,1538,1544,10.01,10.07,9.55,9.51
1787303453.223,31.384,True,1,3.081,2.961,-0.328,0.833,10.647,10.642,0.340,0.677,-0.608,0.621,-0.586,0.286,0.180,-0.094,3.62,1.14,11.01,2.20,0.10,-0.151,-0.100,0.131,1463,1531,1538,1543,9.99,10.06,19.55,19.50
1787303453.233,31.394,True,1,3.081,2.961,-0.328,0.831,10.646,10.641,0.340,0.677,-0.608,0.622,-0.587,0.286,0.180,-0.094,3.62,1.14,11.01,2.21,0.11,-0.150,-0.100,0.131,1463,1531,1538,1543,10.00,10.06,29.55,29.50
1787303453.243,31.404,True,1,3.081,2.961,-0.328,0.830,10.645,10.640,0.340,0.677,-0.608,0.624,-0.588,0.286,0.180,-0.094,3.62,1.14,11.01,2.22,0.12,-0.150,-0.099,0.131,1463,1530,1538,1543,10.00,10.06,39.55,39.50
1787303453.253,31.414,True,1,3.081,2.961,-0.328,0.829,10.644,10.639,0.340,0.677,-0.608,0.626,-0.589,0.286,0.180,-0.094,3.62,1.14,11.01,2.23,0.12,-0.149,-0.098,0.131,1463,1530,1538,1543,10.00,10.07,49.55,49.51
1787303453.263,31.424,True,1,3.081,2.961,-0.328,0.828,10.643,10.638,0.340,0.677,-0.608,0.628,-0.589,0.286,0.180,-0.094,3.62,1.14,11.01,2.23,0.13,-0.148,-0.098,0.130,1463,1530,1538,1543,10.00,10.07,59.55,59.51
1787303453.273,31.435,True,1,3.077,2.961,-0.341,0.880,10.695,10.694,0.341,0.691,-0.614,0.630,-0.590,0.278,0.168,-0.090,2.92,0.50,11.28,2.18,0.02,-0.079,-0.045,0.115,1471,1524,1535,1545,9.99,10.06,-0.53,-0.58
1787303453.283,31.444,True,1,3.077,2.961,-0.341,0.879,10.694,10.693,0.341,0.691,-0.614,0.632,-0.591,0.278,0.168,-0.090,2.92,0.50,11.28,2.19,0.03,-0.078,-0.044,0.115,1471,1524,1535,1545,10.00,10.06,9.47,9.43
1787303453.293,31.454,True,1,3.077,2.961,-0.341,0.878,10.693,10.692,0.341,0.691,-0.614,0.634,-0.592,0.278,0.168,-0.090,2.83,0.45,11.32,2.19,0.03,-0.068,-0.038,0.112,1472,1524,1535,1545,10.00,10.06,-0.07,19.43
1787303453.303,31.464,True,1,3.077,2.961,-0.341,0.877,10.692,10.691,0.341,0.691,-0.614,0.636,-0.592,0.278,0.168,-0.090,2.83,0.45,11.32,2.20,0.04,-0.067,-0.038,0.112,1472,1524,1535,1545,10.00,10.06,9.93,29.43
1787303453.313,31.474,True,1,3.077,2.961,-0.341,0.876,10.690,10.690,0.341,0.691,-0.614,0.638,-0.593,0.278,0.168,-0.090,2.83,0.45,11.32,2.21,0.05,-0.066,-0.037,0.112,1472,1524,1535,1545,10.00,10.06,19.92,39.42
1787303453.323,31.484,True,1,3.077,2.961,-0.341,0.875,10.689,10.688,0.341,0.691,-0.614,0.639,-0.594,0.278,0.168,-0.090,2.83,0.45,11.32,2.22,0.06,-0.065,-0.036,0.112,1472,1524,1535,1545,10.00,10.06,29.93,49.42
1787303453.333,31.494,True,1,3.077,2.961,-0.341,0.874,10.688,10.687,0.341,0.691,-0.614,0.641,-0.594,0.278,0.168,-0.090,2.83,0.45,11.32,2.23,0.06,-0.064,-0.035,0.112,1472,1523,1535,1545,10.00,10.06,39.92,59.42
1787303453.343,31.504,True,1,3.077,2.961,-0.341,0.872,10.687,10.686,0.341,0.691,-0.614,0.643,-0.595,0.278,0.168,-0.090,2.83,0.45,11.32,2.23,0.07,-0.064,-0.035,0.112,1472,1523,1535,1545,10.00,10.06,49.92,69.42
1787303453.353,31.515,True,1,3.068,2.961,-0.348,0.927,10.741,10.741,0.343,0.702,-0.619,0.645,-0.596,0.272,0.146,-0.083,2.08,0.18,11.81,2.12,-0.14,0.004,-0.030,0.090,1520,1523,1532,1547,10.00,10.06,-0.49,-0.45
1787303453.363,31.524,True,1,3.068,2.961,-0.348,0.926,10.740,10.740,0.343,0.702,-0.619,0.647,-0.597,0.272,0.146,-0.083,2.08,0.18,11.81,2.13,-0.13,0.004,-0.029,0.090,1520,1523,1532,1547,10.01,10.07,9.51,9.56
1787303453.373,31.534,True,1,3.068,2.961,-0.348,0.925,10.739,10.739,0.343,0.702,-0.619,0.649,-0.597,0.272,0.146,-0.083,2.08,0.18,11.81,2.14,-0.12,0.005,-0.028,0.090,1520,1523,1532,1547,9.99,10.06,19.51,19.55
1787303453.383,31.544,True,1,3.068,2.961,-0.348,0.924,10.738,10.738,0.343,0.702,-0.619,0.650,-0.598,0.272,0.146,-0.083,2.08,0.18,11.81,2.14,-0.11,0.006,-0.028,0.090,1520,1523,1532,1547,10.00,10.06,29.51,29.56
1787303453.393,31.554,True,1,3.068,2.961,-0.348,0.923,10.737,10.737,0.343,0.702,-0.619,0.652,-0.599,0.272,0.146,-0.083,2.08,0.18,11.81,2.15,-0.11,0.007,-0.027,0.090,1520,1523,1532,1547,10.00,10.06,39.51,39.55
1787303453.403,31.564,True,1,3.068,2.961,-0.348,0.922,10.736,10.736,0.343,0.702,-0.619,0.654,-0.599,0.272,0.146,-0.083,2.08,0.18,11.81,2.16,-0.10,0.008,-0.026,0.090,1520,1522,1532,1547,10.00,10.06,49.51,49.56
1787303453.413,31.574,True,1,3.068,2.961,-0.348,0.920,10.735,10.735,0.343,0.702,-0.619,0.655,-0.600,0.272,0.146,-0.083,2.08,0.18,11.81,2.17,-0.10,0.008,-0.026,0.090,1520,1522,1532,1547,10.00,10.06,59.51,59.55
1787303453.423,31.584,True,1,3.068,2.961,-0.348,0.919,10.734,10.734,0.343,0.702,-0.619,0.657,-0.601,0.272,0.146,-0.083,2.08,0.18,11.81,2.17,-0.09,0.009,-0.025,0.090,1521,1522,1532,1547,10.00,10.06,69.51,69.56
1787303453.433,31.595,True,1,3.054,2.961,-0.314,0.871,10.688,10.684,0.341,0.713,-0.624,0.659,-0.602,0.266,0.136,-0.116,0.94,0.28,12.69,2.48,-0.28,0.161,-0.057,0.051,1537,1526,1527,1545,10.00,10.06,-0.52,-0.57
1787303453.443,31.604,True,1,3.054,2.961,-0.314,0.870,10.687,10.683,0.341,0.713,-0.624,0.661,-0.602,0.266,0.136,-0.116,0.94,0.28,12.69,2.49,-0.27,0.161,-0.057,0.051,1537,1526,1527,1545,10.00,10.06,9.48,9.43
1787303453.453,31.614,True,1,3.054,2.961,-0.314,0.869,10.686,10.682,0.341,0.713,-0.624,0.662,-0.603,0.266,0.136,-0.116,0.94,0.28,12.69,2.49,-0.26,0.162,-0.056,0.051,1537,1526,1527,1545,10.00,10.07,19.48,19.43
1787303453.463,31.624,True,1,3.054,2.961,-0.314,0.868,10.685,10.681,0.341,0.713,-0.624,0.664,-0.604,0.266,0.136,-0.116,0.94,0.28,12.69,2.50,-0.26,0.163,-0.055,0.051,1538,1526,1527,1545,9.99,10.06,29.48,29.43
1787303453.473,31.634,True,1,3.054,2.961,-0.314,0.868,10.685,10.680,0.341,0.713,-0.624,0.666,-0.604,0.266,0.136,-0.116,0.94,0.28,12.69,2.51,-0.25,0.164,-0.055,0.051,1538,1526,1527,1545,10.00,10.06,39.48,39.43
1787303453.483,31.644,True,1,3.054,2.961,-0.314,0.867,10.684,10.679,0.341,0.713,-0.624,0.667,-0.605,0.266,0.136,-0.116,0.94,0.28,12.69,2.52,-0.24,0.165,-0.054,0.051,1538,1526,1527,1545,10.00,10.07,49.48,49.44
1787303453.493,31.654,True,1,3.054,2.961,-0.314,0.866,10.683,10.678,0.341,0.713,-0.624,0.669,-0.606,0.266,0.136,-0.116,0.94,0.28,12.69,2.53,-0.24,0.166,-0.053,0.051,1538,1525,1527,1545,10.00,10.07,59.48,59.44
1787303453.503,31.664,True,1,3.054,2.961,-0.314,0.865,10.682,10.677,0.341,0.713,-0.624,0.670,-0.606,0.266,0.136,-0.116,0.94,0.28,12.69,2.53,-0.23,0.166,-0.053,0.051,1538,1525,1527,1545,10.00,10.06,69.48,69.43
1787303453.514,31.675,True,1,3.043,2.961,-0.276,0.798,10.616,10.603,0.338,0.725,-0.630,0.672,-0.607,0.262,0.135,-0.124,-0.10,-0.07,13.77,2.63,-0.30,0.285,-0.025,0.004,1551,1522,1520,1542,10.00,10.06,-0.55,-0.59
1787303453.523,31.684,True,1,3.043,2.961,-0.276,0.797,10.615,10.603,0.338,0.725,-0.630,0.674,-0.608,0.262,0.135,-0.124,-0.10,-0.07,13.77,2.64,-0.30,0.286,-0.024,0.004,1551,1522,1520,1542,10.00,10.07,9.46,9.41
1787303453.533,31.694,True,1,3.043,2.961,-0.276,0.796,10.614,10.602,0.338,0.725,-0.630,0.675,-0.609,0.262,0.135,-0.124,-0.10,-0.07,13.77,2.65,-0.29,0.287,-0.023,0.004,1551,1522,1520,1542,10.00,10.06,19.46,19.41
1787303453.543,31.704,True,1,3.043,2.961,-0.276,0.795,10.613,10.601,0.338,0.725,-0.630,0.677,-0.609,0.262,0.135,-0.124,-0.10,-0.07,13.77,2.65,-0.28,0.288,-0.023,0.004,1551,1522,1520,1542,10.00,10.07,29.46,29.41
1787303453.553,31.714,True,1,3.043,2.961,-0.276,0.794,10.613,10.600,0.338,0.725,-0.630,0.679,-0.610,0.262,0.135,-0.124,-0.10,-0.07,13.77,2.66,-0.28,0.289,-0.022,0.004,1551,1522,1520,1542,10.00,10.06,39.46,39.41
1787303453.563,31.724,True,1,3.043,2.961,-0.276,0.793,10.612,10.599,0.338,0.725,-0.630,0.680,-0.611,0.262,0.135,-0.124,-0.10,-0.07,13.77,2.67,-0.27,0.290,-0.022,0.004,1551,1522,1520,1542,10.00,10.07,49.46,49.41
1787303453.573,31.734,True,1,3.043,2.961,-0.276,0.793,10.611,10.599,0.338,0.725,-0.630,0.682,-0.611,0.262,0.135,-0.124,-0.10,-0.07,13.77,2.68,-0.27,0.290,-0.021,0.004,1551,1522,1520,1542,10.00,10.06,59.46,59.41
1787303453.583,31.744,True,1,3.043,2.961,-0.276,0.792,10.610,10.598,0.338,0.725,-0.630,0.683,-0.612,0.262,0.135,-0.124,-0.10,-0.07,13.77,2.69,-0.26,0.291,-0.020,0.004,1551,1522,1520,1542,10.00,10.06,69.45,69.41
1787303453.594,31.755,True,1,3.037,2.961,-0.221,0.648,10.472,10.446,0.333,0.734,-0.639,0.685,-0.613,0.261,0.135,-0.183,-0.76,-0.23,14.77,3.29,-0.46,0.423,-0.023,-0.040,1565,1522,1474,1537,10.00,10.06,-0.59,-0.54
1787303453.603,31.764,True,1,3.037,2.961,-0.221,0.647,10.471,10.445,0.333,0.734,-0.639,0.686,-0.614,0.261,0.135,-0.183,-0.76,-0.23,14.77,3.30,-0.45,0.424,-0.022,-0.040,1566,1522,1474,1537,10.00,10.07,9.42,9.47
1787303453.613,31.774,True,1,3.037,2.961,-0.221,0.646,10.471,10.444,0.333,0.734,-0.639,0.688,-0.615,0.261,0.135,-0.183,-0.76,-0.23,14.77,3.31,-0.44,0.425,-0.021,-0.040,1566,1522,1474,1537,9.99,10.06,19.41,19.46
1787303453.623,31.784,True,1,3.037,2.961,-0.221,0.645,10.470,10.443,0.333,0.734,-0.639,0.690,-0.615,0.261,0.135,-0.183,-0.76,-0.23,14.77,3.32,-0.44,0.426,-0.021,-0.040,1566,1522,1474,1537,10.00,10.06,29.41,29.46
1787303453.633,31.794,True,1,3.037,2.961,-0.221,0.645,10.469,10.443,0.333,0.734,-0.639,0.691,-0.616,0.261,0.135,-0.183,-0.76,-0.23,14.77,3.32,-0.43,0.427,-0.020,-0.040,1566,1522,1474,1537,10.00,10.06,39.41,39.46
1787303453.643,31.804,True,1,3.037,2.961,-0.221,0.644,10.469,10.442,0.333,0.734,-0.639,0.693,-0.617,0.261,0.135,-0.183,-0.76,-0.23,14.77,3.33,-0.43,0.428,-0.020,-0.040,1566,1522,1474,1537,10.01,10.07,49.42,49.47
1787303453.653,31.814,True,1,3.037,2.961,-0.221,0.643,10.468,10.441,0.333,0.734,-0.639,0.694,-0.618,0.261,0.135,-0.183,-0.76,-0.23,14.77,3.34,-0.42,0.429,-0.019,-0.040,1566,1522,1474,1537,10.00,10.07,59.42,59.46
1787303453.663,31.825,True,1,3.035,2.961,-0.160,0.465,10.293,10.271,0.328,0.746,-0.652,0.696,-0.619,0.262,0.128,-0.202,-0.13,-0.14,15.46,3.57,-0.58,0.386,-0.046,-0.070,1562,1525,1470,1531,10.00,10.06,-0.52,-0.57
1787303453.673,31.834,True,1,3.035,2.961,-0.160,0.465,10.292,10.270,0.328,0.746,-0.652,0.697,-0.620,0.262,0.128,-0.202,-0.13,-0.14,15.46,3.58,-0.57,0.388,-0.046,-0.070,1562,1525,1470,1531,10.00,10.07,9.49,9.44
1787303453.683,31.844,True,1,3.035,2.961,-0.160,0.464,10.291,10.269,0.328,0.746,-0.652,0.699,-0.621,0.262,0.128,-0.202,-0.13,-0.14,15.46,3.59,-0.57,0.389,-0.045,-0.070,1562,1524,1470,1531,10.00,10.06,19.49,19.44
1787303453.693,31.854,True,1,3.035,2.961,-0.160,0.463,10.291,10.269,0.328,0.746,-0.652,0.701,-0.622,0.262,0.128,-0.202,-0.13,-0.14,15.46,3.60,-0.56,0.390,-0.044,-0.070,1562,1524,1470,1530,10.00,10.06,29.48,29.43
1787303453.703,31.864,True,1,3.035,2.961,-0.160,0.463,10.290,10.268,0.328,0.746,-0.652,0.702,-0.623,0.262,0.128,-0.202,-0.13,-0.14,15.46,3.61,-0.56,0.391,-0.044,-0.070,1562,1524,1470,1530,10.00,10.06,39.48,39.43
1787303453.713,31.874,True,1,3.035,2.961,-0.160,0.462,10.289,10.267,0.328,0.746,-0.652,0.704,-0.624,0.262,0.128,-0.202,-0.13,-0.14,15.46,3.62,-0.55,0.392,-0.043,-0.070,1562,1524,1470,1530,10.01,10.07,49.49,49.44
1787303453.723,31.884,True,1,3.035,2.961,-0.160,0.461,10.289,10.266,0.328,0.746,-0.652,0.705,-0.625,0.262,0.128,-0.202,-0.13,-0.14,15.46,3.63,-0.55,0.393,-0.043,-0.070,1562,1524,1470,1530,9.99,10.06,59.48,59.43
1787303453.733,31.894,True,1,3.035,2.961,-0.160,0.460,10.288,10.266,0.328,0.746,-0.652,0.706,-0.626,0.262,0.128,-0.202,-0.13,-0.14,15.46,3.64,-0.54,0.394,-0.042,-0.070,1562,1524,1470,1530,10.00,10.06,69.48,69.43
1787303453.743,31.904,True,1,3.035,2.961,-0.160,0.460,10.288,10.265,0.328,0.746,-0.652,0.708,-0.627,0.262,0.128,-0.202,-0.13,-0.14,15.46,3.65,-0.54,0.395,-0.042,-0.070,1562,1524,1470,1530,10.00,10.06,79.48,79.43
1787303453.754,31.915,True,1,3.039,2.961,-0.094,0.251,10.080,10.072,0.321,0.757,-0.667,0.709,-0.628,0.267,0.129,-0.212,1.61,0.08,16.16,3.84,-0.61,0.233,-0.075,-0.099,1545,1528,1466,1524,10.00,10.06,-0.56,-0.61
1787303453.763,31.924,True,1,3.039,2.961,-0.094,0.250,10.080,10.071,0.321,0.757,-0.667,0.711,-0.629,0.267,0.129,-0.212,1.61,0.08,16.16,3.85,-0.60,0.235,-0.074,-0.099,1545,1528,1466,1524,10.00,10.07,9.44,9.39
1787303453.773,31.934,True,1,3.039,2.961,-0.094,0.249,10.079,10.071,0.321,0.757,-0.667,0.712,-0.630,0.267,0.129,-0.212,1.61,0.08,16.16,3.86,-0.60,0.236,-0.074,-0.099,1545,1528,1466,1523,10.00,10.06,19.44,19.39
1787303453.783,31.944,True,1,3.039,2.961,-0.094,0.248,10.079,10.070,0.321,0.757,-0.667,0.714,-0.632,0.267,0.129,-0.212,1.61,0.08,16.16,3.87,-0.59,0.237,-0.073,-0.099,1546,1528,1466,1523,10.00,10.06,29.44,29.39
1787303453.793,31.954,True,1,3.039,2.961,-0.094,0.248,10.078,10.069,0.321,0.757,-0.667,0.715,-0.633,0.267,0.129,-0.212,1.61,0.08,16.16,3.89,-0.59,0.239,-0.073,-0.099,1546,1528,1466,1523,10.00,10.06,39.44,39.39
1787303453.803,31.964,True,1,3.039,2.961,-0.094,0.247,10.077,10.069,0.321,0.757,-0.667,0.717,-0.634,0.267,0.129,-0.212,1.61,0.08,16.16,3.90,-0.58,0.240,-0.072,-0.099,1546,1528,1466,1523,10.00,10.07,49.44,49.39
1787303453.813,31.974,True,1,3.039,2.961,-0.094,0.246,10.077,10.068,0.321,0.757,-0.667,0.718,-0.635,0.267,0.129,-0.212,1.61,0.08,16.16,3.91,-0.58,0.241,-0.072,-0.099,1546,1527,1466,1523,10.00,10.07,59.44,59.39
1787303453.823,31.984,True,1,3.039,2.961,-0.094,0.245,10.076,10.067,0.321,0.757,-0.667,0.719,-0.636,0.267,0.129,-0.212,1.61,0.08,16.16,3.92,-0.58,0.242,-0.071,-0.099,1546,1527,1466,1523,10.00,10.06,69.44,69.39
1787303453.834,31.995,True,1,3.045,2.961,-0.067,0.135,9.965,9.965,0.318,0.768,-0.681,0.721,-0.638,0.272,0.116,-0.205,3.53,-0.11,16.45,3.87,-0.71,0.035,-0.070,-0.109,1523,1527,1464,1520,10.00,10.06,-0.56,-0.61
1787303453.843,32.004,True,1,3.045,2.961,-0.067,0.135,9.965,9.964,0.318,0.768,-0.681,0.723,-0.639,0.272,0.116,-0.205,3.53,-0.11,16.45,3.88,-0.71,0.036,-0.070,-0.109,1524,1527,1464,1520,10.00,10.06,9.44,9.39
1787303453.853,32.014,True,1,3.045,2.961,-0.067,0.134,9.964,9.963,0.318,0.768,-0.681,0.724,-0.640,0.272,0.116,-0.205,3.53,-0.11,16.45,3.90,-0.70,0.038,-0.069,-0.109,1524,1527,1464,1520,10.00,10.06,19.44,19.39
1787303453.863,32.024,True,1,3.045,2.961,-0.067,0.133,9.963,9.963,0.318,0.768,-0.681,0.726,-0.642,0.272,0.116,-0.205,3.53,-0.11,16.45,3.91,-0.70,0.039,-0.069,-0.109,1524,1527,1464,1520,10.00,10.06,29.43,29.39
1787303453.873,32.034,True,1,3.045,2.961,-0.067,0.132,9.963,9.962,0.318,0.768,-0.681,0.727,-0.643,0.272,0.116,-0.205,3.53,-0.11,16.45,3.92,-0.70,0.041,-0.068,-0.109,1524,1527,1464,1520,10.00,10.06,39.43,39.39
1787303453.883,32.045,True,1,3.049,2.961,-0.037,0.026,9.855,9.852,0.314,0.774,-0.689,0.729,-0.645,0.275,0.098,-0.184,4.85,-0.00,16.44,3.72,-0.81,-0.118,-0.094,-0.105,1466,1530,1465,1516,10.01,10.07,-0.29,-0.33
1787303453.893,32.054,True,1,3.049,2.961,-0.037,0.025,9.854,9.851,0.314,0.774,-0.689,0.730,-0.646,0.275,0.098,-0.184,4.85,-0.00,16.44,3.73,-0.81,-0.117,-0.094,-0.105,1467,1530,1465,1516,10.00,10.07,9.71,9.67
1787303453.903,32.064,True,1,3.049,2.961,-0.037,0.025,9.853,9.850,0.314,0.774,-0.689,0.732,-0.648,0.275,0.098,-0.184,4.85,-0.00,16.44,3.74,-0.80,-0.115,-0.093,-0.105,1467,1530,1465,1516,10.00,10.07,19.71,19.67
1787303453.913,32.074,True,1,3.049,2.961,-0.037,0.024,9.852,9.850,0.314,0.774,-0.689,0.733,-0.649,0.275,0.098,-0.184,4.85,-0.00,16.44,3.76,-0.80,-0.114,-0.093,-0.105,1467,1530,1465,1516,9.99,10.06,29.71,29.66
1787303453.923,32.085,True,1,3.053,2.961,0.015,-0.151,9.681,9.677,0.309,0.778,-0.694,0.734,-0.650,0.278,0.117,-0.202,5.71,0.11,16.30,4.08,-0.67,-0.170,-0.092,-0.098,1461,1530,1466,1509,10.00,10.06,-0.26,-0.31
1787303453.933,32.094,True,1,3.053,2.961,0.015,-0.151,9.681,9.676,0.309,0.778,-0.694,0.736,-0.652,0.278,0.117,-0.202,5.71,0.11,16.30,4.10,-0.66,-0.169,-0.092,-0.098,1461,1530,1466,1509,10.00,10.07,9.74,9.69
1787303453.943,32.104,True,1,3.053,2.961,0.015,-0.152,9.680,9.675,0.309,0.778,-0.694,0.737,-0.653,0.278,0.117,-0.202,5.71,0.11,16.30,4.11,-0.66,-0.167,-0.091,-0.098,1461,1530,1466,1509,10.00,10.07,19.74,19.69
1787303453.953,32.114,True,1,3.053,2.961,0.015,-0.153,9.679,9.675,0.309,0.778,-0.694,0.739,-0.655,0.278,0.117,-0.202,5.71,0.11,16.30,4.13,-0.65,-0.166,-0.091,-0.098,1461,1530,1466,1509,9.99,10.06,29.74,29.69
1787303453.963,32.125,True,1,3.062,2.961,0.037,-0.255,9.572,9.559,0.305,0.783,-0.699,0.740,-0.656,0.280,0.095,-0.154,6.58,-0.04,15.96,3.63,-0.72,-0.310,-0.081,-0.083,1446,1529,1468,1505,10.00,10.06,-0.29,-0.33
1787303453.973,32.134,True,1,3.062,2.961,0.037,-0.256,9.571,9.558,0.305,0.783,-0.699,0.742,-0.657,0.280,0.095,-0.154,6.58,-0.04,15.96,3.64,-0.71,-0.308,-0.081,-0.084,1446,1528,1468,1505,10.00,10.06,9.72,9.67
1787303453.983,32.144,True,1,3.062,2.961,0.037,-0.257,9.570,9.557,0.305,0.783,-0.699,0.743,-0.659,0.280,0.095,-0.154,6.58,-0.04,15.96,3.66,-0.71,-0.307,-0.081,-0.084,1446,1528,1468,1505,10.00,10.06,19.72,19.67
1787303453.993,32.154,True,1,3.062,2.961,0.037,-0.258,9.569,9.556,0.305,0.783,-0.699,0.744,-0.660,0.280,0.095,-0.154,6.58,-0.04,15.96,3.67,-0.71,-0.305,-0.080,-0.084,1446,1528,1468,1505,10.00,10.06,29.72,29.67
1787303454.003,32.165,True,1,3.068,2.961,0.020,-0.231,9.593,9.572,0.306,0.786,-0.702,0.746,-0.662,0.281,0.075,-0.129,7.07,-0.09,15.63,3.37,-0.81,-0.388,-0.084,-0.068,1437,1529,1470,1505,10.00,10.06,-0.26,-0.31
1787303454.013,32.174,True,1,3.068,2.961,0.020,-0.232,9.592,9.571,0.305,0.786,-0.702,0.747,-0.663,0.281,0.075,-0.129,7.07,-0.09,15.63,3.38,-0.80,-0.387,-0.084,-0.068,1437,1529,1470,1505,10.00,10.06,9.74,9.69
1787303454.023,32.184,True,1,3.068,2.961,0.020,-0.233,9.591,9.570,0.305,0.786,-0.702,0.748,-0.664,0.281,0.075,-0.129,7.07,-0.09,15.63,3.39,-0.80,-0.385,-0.083,-0.068,1438,1529,1470,1505,10.00,10.06,19.74,19.69
1787303454.033,32.194,True,1,3.068,2.961,0.020,-0.235,9.590,9.570,0.305,0.786,-0.702,0.750,-0.665,0.281,0.075,-0.129,7.07,-0.09,15.63,3.41,-0.79,-0.384,-0.083,-0.068,1438,1529,1470,1505,10.00,10.06,29.74,29.69
1787303454.043,32.204,True,1,3.068,2.961,0.020,-0.236,9.589,9.569,0.305,0.786,-0.702,0.751,-0.667,0.281,0.075,-0.129,7.07,-0.09,15.63,3.42,-0.79,-0.382,-0.083,-0.068,1438,1529,1470,1505,10.00,10.06,39.74,39.69
1787303454.053,32.215,True,1,3.078,2.961,0.064,-0.409,9.415,9.394,0.300,0.790,-0.704,0.752,-0.668,0.281,0.081,-0.122,7.27,-0.10,15.13,3.44,-0.69,-0.401,-0.068,-0.048,1436,1527,1473,1499,10.00,10.06,-0.28,-0.33
1787303454.063,32.224,True,1,3.078,2.961,0.064,-0.410,9.414,9.393,0.300,0.790,-0.704,0.753,-0.669,0.281,0.081,-0.122,7.27,-0.10,15.13,3.46,-0.68,-0.400,-0.067,-0.048,1436,1527,1473,1499,10.00,10.06,9.72,9.67
1787303454.073,32.234,True,1,3.078,2.961,0.064,-0.412,9.413,9.392,0.300,0.790,-0.704,0.755,-0.670,0.281,0.081,-0.122,7.27,-0.10,15.13,3.47,-0.68,-0.398,-0.067,-0.048,1436,1527,1473,1499,10.00,10.07,19.72,19.67
1787303454.083,32.244,True,1,3.078,2.961,0.064,-0.413,9.412,9.391,0.300,0.790,-0.704,0.756,-0.671,0.281,0.081,-0.122,7.27,-0.10,15.13,3.48,-0.68,-0.397,-0.067,-0.048,1436,1527,1473,1499,9.99,10.06,29.71,29.66
1787303454.093,32.255,True,1,3.085,2.961,0.034,-0.352,9.467,9.441,0.301,0.792,-0.704,0.757,-0.672,0.280,0.054,-0.067,6.99,-0.21,14.69,2.82,-0.77,-0.437,-0.063,-0.029,1432,1526,1475,1501,10.00,10.06,-0.26,-0.31
1787303454.103,32.264,True,1,3.085,2.961,0.034,-0.354,9.465,9.440,0.301,0.792,-0.704,0.758,-0.674,0.280,0.054,-0.067,6.99,-0.21,14.69,2.83,-0.77,-0.436,-0.062,-0.029,1432,1526,1475,1501,10.00,10.06,9.74,9.69
1787303454.113,32.274,True,1,3.085,2.961,0.034,-0.355,9.464,9.439,0.301,0.792,-0.704,0.759,-0.675,0.280,0.054,-0.067,6.99,-0.21,14.69,2.85,-0.76,-0.435,-0.062,-0.029,1432,1526,1475,1501,10.00,10.06,19.74,19.69
1787303454.123,32.284,True,1,3.092,2.961,0.032,-0.380,9.438,9.417,0.301,0.793,-0.704,0.760,-0.676,0.280,0.054,-0.051,6.53,-0.39,14.32,2.69,-0.71,-0.402,-0.036,-0.017,1436,1523,1477,1500,10.00,10.06,-0.16,-0.21
1787303454.133,32.294,True,1,3.092,2.961,0.032,-0.381,9.437,9.416,0.301,0.793,-0.704,0.761,-0.676,0.280,0.054,-0.051,6.53,-0.39,14.32,2.71,-0.71,-0.401,-0.035,-0.017,1436,1523,1477,1500,10.00,10.06,9.84,9.79
1787303454.143,32.304,True,1,3.094,2.961,0.052,-0.451,9.369,9.354,0.299,0.794,-0.704,0.763,-0.677,0.279,0.064,-0.071,6.22,-0.44,14.03,2.98,-0.63,-0.339,-0.021,-0.006,1442,1522,1479,1497,10.00,10.06,-0.05,-0.10
1787303454.153,32.314,True,1,3.094,2.961,0.052,-0.453,9.367,9.352,0.299,0.794,-0.704,0.764,-0.678,0.279,0.064,-0.071,6.22,-0.44,14.03,3.00,-0.63,-0.338,-0.021,-0.006,1443,1522,1479,1497,10.00,10.06,9.95,9.90
1787303454.163,32.324,True,1,3.094,2.961,0.052,-0.454,9.366,9.351,0.298,0.794,-0.704,0.765,-0.679,0.279,0.064,-0.071,6.22,-0.44,14.03,3.01,-0.63,-0.337,-0.020,-0.006,1443,1522,1479,1497,10.00,10.06,19.95,19.90
1787303454.173,32.334,True,1,3.098,2.961,0.032,-0.411,9.405,9.393,0.300,0.795,-0.702,0.766,-0.680,0.277,0.053,-0.030,5.48,-0.58,13.55,2.54,-0.61,-0.307,-0.002,0.013,1446,1520,1521,1499,10.00,10.06,-0.25,-0.20
1787303454.183,32.344,True,1,3.098,2.961,0.032,-0.412,9.404,9.392,0.300,0.795,-0.702,0.767,-0.681,0.277,0.053,-0.030,5.48,-0.58,13.55,2.55,-0.61,-0.306,-0.002,0.013,1446,1520,1521,1499,10.01,10.07,9.76,9.80
1787303454.193,32.354,True,1,3.098,2.961,0.032,-0.414,9.403,9.391,0.300,0.795,-0.702,0.768,-0.681,0.277,0.053,-0.030,5.48,-0.58,13.55,2.56,-0.61,-0.305,-0.001,0.013,1446,1520,1521,1499,10.00,10.07,19.75,19.80
1787303454.203,32.364,True,1,3.102,2.961,0.047,-0.476,9.342,9.336,0.298,0.797,-0.701,0.769,-0.682,0.276,0.060,-0.040,4.68,-0.82,13.15,2.71,-0.53,-0.205,0.033,0.028,1457,1476,1523,1497,9.99,10.06,-0.23,-0.18
1787303454.213,32.374,True,1,3.102,2.961,0.047,-0.477,9.341,9.335,0.298,0.797,-0.701,0.769,-0.683,0.276,0.060,-0.040,4.68,-0.82,13.15,2.72,-0.53,-0.205,0.033,0.028,1457,1476,1523,1497,10.00,10.06,9.77,9.82
1787303454.223,32.384,True,1,3.102,2.961,0.047,-0.478,9.339,9.334,0.298,0.797,-0.701,0.770,-0.683,0.276,0.060,-0.040,4.68,-0.82,13.15,2.73,-0.53,-0.204,0.033,0.028,1457,1476,1523,1497,10.00,10.06,19.77,19.82
1787303454.233,32.394,True,1,3.102,2.961,0.047,-0.480,9.338,9.332,0.298,0.797,-0.701,0.771,-0.684,0.276,0.060,-0.040,4.68,-0.82,13.15,2.74,-0.52,-0.203,0.034,0.028,1457,1476,1523,1497,10.00,10.06,29.77,29.82
1787303454.243,32.404,True,1,3.102,2.961,0.047,-0.481,9.337,9.331,0.298,0.797,-0.701,0.772,-0.685,0.276,0.060,-0.040,4.68,-0.82,13.15,2.75,-0.52,-0.202,0.034,0.028,1457,1476,1523,1497,10.00,10.06,39.77,39.82
1787303454.253,32.415,True,1,3.111,2.961,0.029,-0.462,9.354,9.352,0.298,0.799,-0.698,0.773,-0.685,0.271,0.064,-0.018,3.60,-0.99,12.47,2.53,-0.39,-0.111,0.067,0.056,1467,1472,1527,1497,10.00,10.07,-0.32,-0.37
1787303454.263,32.424,True,1,3.111,2.961,0.029,-0.463,9.353,9.351,0.298,0.799,-0.698,0.774,-0.685,0.271,0.064,-0.018,3.60,-0.99,12.47,2.54,-0.38,-0.111,0.067,0.056,1467,1472,1527,1497,10.00,10.06,9.68,9.63
1787303454.273,32.434,True,1,3.111,2.961,0.029,-0.465,9.352,9.349,0.298,0.799,-0.698,0.775,-0.686,0.271,0.064,-0.018,3.60,-0.99,12.47,2.54,-0.38,-0.110,0.068,0.056,1467,1472,1527,1497,10.00,10.06,19.68,19.63
1787303454.283,32.444,True,1,3.111,2.961,0.029,-0.466,9.350,9.348,0.298,0.799,-0.698,0.776,-0.686,0.271,0.064,-0.018,3.60,-0.99,12.47,2.55,-0.38,-0.109,0.068,0.056,1467,1472,1527,1497,10.00,10.06,29.67,29.63
1787303454.293,32.454,True,1,3.111,2.961,0.029,-0.468,9.349,9.347,0.298,0.799,-0.698,0.776,-0.687,0.271,0.064,-0.018,3.60,-0.99,12.47,2.56,-0.38,-0.108,0.068,0.056,1467,1472,1527,1497,10.00,10.06,39.67,39.63
1787303454.303,32.464,True,1,3.111,2.961,0.029,-0.469,9.347,9.345,0.298,0.799,-0.698,0.777,-0.687,0.271,0.064,-0.018,3.60,-0.99,12.47,2.56,-0.37,-0.108,0.069,0.056,1468,1472,1527,1497,10.01,10.07,49.68,49.63
1787303454.313,32.474,True,1,3.111,2.961,0.029,-0.471,9.346,9.344,0.298,0.799,-0.698,0.778,-0.687,0.271,0.064,-0.018,3.60,-0.99,12.47,2.57,-0.37,-0.107,0.069,0.056,1468,1472,1527,1497,10.00,10.07,59.68,59.63
1787303454.323,32.484,True,1,3.111,2.961,0.029,-0.472,9.344,9.342,0.298,0.799,-0.698,0.779,-0.688,0.271,0.064,-0.018,3.60,-0.99,12.47,2.58,-0.37,-0.106,0.069,0.056,1468,1472,1527,1497,10.00,10.06,69.67,69.63
1787303454.334,32.495,True,1,3.119,2.961,0.013,-0.460,9.355,9.353,0.299,0.804,-0.691,0.779,-0.688,0.264,0.071,-0.001,1.77,-1.12,11.40,2.42,-0.21,0.070,0.098,0.104,1527,1469,1534,1497,10.00,10.06,-0.56,-0.61
1787303454.343,32.504,True,1,3.119,2.961,0.013,-0.462,9.353,9.351,0.298,0.804,-0.691,0.780,-0.688,0.264,0.071,-0.001,1.77,-1.12,11.40,2.42,-0.21,0.070,0.099,0.104,1527,1469,1534,1497,10.01,10.07,9.44,9.39
1787303454.353,32.514,True,1,3.119,2.961,0.013,-0.464,9.351,9.350,0.298,0.804,-0.691,0.781,-0.688,0.264,0.071,-0.001,1.77,-1.12,11.40,2.42,-0.21,0.071,0.099,0.104,1527,1468,1534,1497,9.99,10.06,19.43,19.39
1787303454.363,32.524,True,1,3.119,2.961,0.013,-0.465,9.350,9.348,0.298,0.804,-0.691,0.782,-0.688,0.264,0.071,-0.001,1.77,-1.12,11.40,2.43,-0.20,0.071,0.099,0.104,1527,1468,1534,1497,10.00,10.06,29.43,29.39
1787303454.373,32.534,True,1,3.119,2.961,0.013,-0.467,9.348,9.347,0.298,0.804,-0.691,0.782,-0.688,0.264,0.071,-0.001,1.77,-1.12,11.40,2.43,-0.20,0.072,0.100,0.104,1527,1468,1534,1497,10.00,10.06,39.43,39.39
1787303454.383,32.544,True,1,3.119,2.961,0.013,-0.468,9.347,9.345,0.298,0.804,-0.691,0.783,-0.688,0.264,0.071,-0.001,1.77,-1.12,11.40,2.44,-0.20,0.072,0.100,0.104,1528,1468,1534,1497,10.01,10.07,49.44,49.39
1787303454.393,32.554,True,1,3.119,2.961,0.013,-0.470,9.345,9.343,0.298,0.804,-0.691,0.784,-0.688,0.264,0.071,-0.001,1.77,-1.12,11.40,2.44,-0.19,0.073,0.100,0.104,1528,1468,1534,1497,10.00,10.07,59.44,59.39
1787303454.403,32.564,True,1,3.119,2.961,0.013,-0.472,9.344,9.342,0.298,0.804,-0.691,0.784,-0.689,0.264,0.071,-0.001,1.77,-1.12,11.40,2.45,-0.19,0.073,0.100,0.104,1528,1468,1534,1497,10.00,10.06,69.43,69.39
1787303454.413,32.574,True,1,3.119,2.961,0.013,-0.473,9.342,9.340,0.298,0.804,-0.691,0.785,-0.689,0.264,0.071,-0.001,1.77,-1.12,11.40,2.45,-0.19,0.074,0.101,0.104,1528,1468,1534,1497,10.00,10.06,79.44,79.39
1787303454.424,32.585,True,1,3.123,2.961,-0.034,-0.349,9.466,9.463,0.302,0.810,-0.686,0.786,-0.689,0.256,0.073,0.003,1.20,-0.90,10.64,2.39,-0.12,0.127,0.085,0.138,1534,1470,1539,1501,10.00,10.06,-0.56,-0.61
1787303454.433,32.594,True,1,3.123,2.961,-0.034,-0.351,9.464,9.461,0.302,0.810,-0.686,0.787,-0.688,0.256,0.073,0.003,1.20,-0.90,10.64,2.39,-0.12,0.127,0.085,0.138,1534,1470,1539,1501,10.00,10.06,9.44,9.39
1787303454.443,32.604,True,1,3.123,2.961,-0.034,-0.352,9.463,9.460,0.302,0.810,-0.686,0.788,-0.688,0.256,0.073,0.003,1.20,-0.90,10.64,2.39,-0.11,0.128,0.086,0.138,1534,1470,1539,1501,10.00,10.06,19.44,19.39
1787303454.453,32.614,True,1,3.123,2.961,-0.034,-0.354,9.461,9.458,0.302,0.810,-0.686,0.788,-0.688,0.256,0.073,0.003,1.20,-0.90,10.64,2.40,-0.11,0.128,0.086,0.138,1534,1470,1539,1501,10.00,10.06,29.43,29.39
1787303454.463,32.624,True,1,3.123,2.961,-0.034,-0.355,9.459,9.457,0.302,0.810,-0.686,0.789,-0.688,0.256,0.073,0.003,1.20,-0.90,10.64,2.40,-0.11,0.128,0.086,0.138,1534,1470,1539,1501,10.00,10.06,39.44,39.39
1787303454.473,32.634,True,1,3.123,2.961,-0.034,-0.357,9.458,9.455,0.302,0.810,-0.686,0.790,-0.688,0.256,0.073,0.003,1.20,-0.90,10.64,2.41,-0.10,0.129,0.087,0.138,1534,1470,1539,1501,10.00,10.07,49.44,49.39
1787303454.483,32.644,True,1,3.123,2.961,-0.034,-0.359,9.456,9.453,0.302,0.810,-0.686,0.790,-0.688,0.256,0.073,0.003,1.20,-0.90,10.64,2.41,-0.10,0.129,0.087,0.138,1534,1470,1539,1501,10.00,10.07,59.44,59.39
1787303454.494,32.655,True,1,3.125,2.961,-0.057,-0.299,9.518,9.514,0.304,0.817,-0.681,0.791,-0.688,0.249,0.102,-0.018,0.98,-0.24,10.06,2.67,0.20,0.177,0.048,0.165,1539,1474,1542,1503,9.99,10.06,-0.55,-0.60
1787303454.503,32.664,True,1,3.125,2.961,-0.057,-0.301,9.516,9.512,0.304,0.817,-0.681,0.792,-0.688,0.249,0.102,-0.018,0.98,-0.24,10.06,2.68,0.20,0.178,0.049,0.165,1539,1474,1542,1503,10.00,10.06,9.45,9.40
1787303454.513,32.674,True,1,3.125,2.961,-0.057,-0.302,9.515,9.510,0.304,0.817,-0.681,0.793,-0.687,0.249,0.102,-0.018,0.98,-0.24,10.06,2.68,0.21,0.178,0.049,0.165,1539,1474,1542,1503,10.00,10.06,19.45,19.40
1787303454.523,32.684,True,1,3.125,2.961,-0.057,-0.304,9.513,9.509,0.303,0.817,-0.681,0.794,-0.687,0.249,0.102,-0.018,0.98,-0.24,10.06,2.68,0.21,0.178,0.050,0.165,1539,1474,1542,1503,10.00,10.06,29.45,29.40
1787303454.533,32.694,True,1,3.125,2.961,-0.057,-0.306,9.511,9.507,0.303,0.817,-0.681,0.794,-0.687,0.249,0.102,-0.018,0.98,-0.24,10.06,2.68,0.21,0.179,0.050,0.165,1539,1474,1542,1503,10.00,10.06,39.45,39.40
1787303454.543,32.704,True,1,3.125,2.961,-0.057,-0.307,9.510,9.505,0.303,0.817,-0.681,0.795,-0.687,0.249,0.102,-0.018,0.98,-0.24,10.06,2.68,0.22,0.179,0.050,0.165,1539,1474,1542,1503,10.00,10.06,49.45,49.40
1787303454.553,32.714,True,1,3.125,2.961,-0.057,-0.309,9.508,9.504,0.303,0.817,-0.681,0.796,-0.687,0.249,0.102,-0.018,0.98,-0.24,10.06,2.69,0.22,0.179,0.051,0.165,1539,1474,1542,1503,10.00,10.06,59.44,59.40
1787303454.563,32.725,True,1,3.124,2.961,-0.093,-0.200,9.618,9.616,0.307,0.822,-0.679,0.797,-0.686,0.245,0.107,-0.031,1.49,0.16,9.61,2.81,0.28,0.138,0.017,0.185,1535,1478,1545,1507,10.00,10.06,-0.47,-0.42
1787303454.573,32.734,True,1,3.124,2.961,-0.093,-0.202,9.617,9.614,0.307,0.822,-0.679,0.798,-0.686,0.245,0.107,-0.031,1.49,0.16,9.61,2.81,0.28,0.138,0.017,0.185,1535,1478,1545,1507,10.00,10.06,9.53,9.58
1787303454.583,32.744,True,1,3.123,2.961,-0.100,-0.178,9.640,9.638,0.308,0.824,-0.678,0.798,-0.686,0.243,0.111,-0.032,1.68,0.24,9.55,2.82,0.33,0.119,0.016,0.187,1533,1478,1546,1508,10.00,10.06,-0.10,-0.15
1787303454.593,32.754,True,1,3.123,2.961,-0.100,-0.180,9.638,9.637,0.308,0.824,-0.678,0.799,-0.686,0.243,0.111,-0.032,1.68,0.24,9.55,2.83,0.34,0.119,0.016,0.187,1533,1478,1546,1508,10.00,10.06,9.90,9.85
1787303454.603,32.764,True,1,3.123,2.961,-0.100,-0.182,9.637,9.635,0.308,0.824,-0.678,0.800,-0.685,0.243,0.111,-0.032,1.68,0.24,9.55,2.83,0.34,0.119,0.016,0.187,1533,1478,1545,1508,10.00,10.06,19.90,19.85
1787303454.613,32.774,True,1,3.121,2.961,-0.097,-0.183,9.637,9.636,0.308,0.827,-0.676,0.801,-0.685,0.240,0.132,-0.045,2.12,0.30,9.41,3.00,0.55,0.091,0.033,0.193,1530,1476,1546,1508,10.00,10.06,-0.17,-0.22
1787303454.623,32.784,True,1,3.121,2.961,-0.129,-0.088,9.730,9.730,0.311,0.828,-0.676,0.802,-0.685,0.239,0.112,-0.032,2.29,0.25,9.33,2.80,0.36,0.053,0.020,0.197,1525,1477,1547,1511,10.00,10.06,-0.05,-0.10
1787303454.633,32.794,True,1,3.121,2.961,-0.129,-0.090,9.729,9.728,0.310,0.828,-0.676,0.803,-0.684,0.239,0.112,-0.032,2.29,0.25,9.33,2.81,0.37,0.053,0.020,0.197,1525,1477,1547,1511,10.00,10.06,9.95,9.90
1787303454.643,32.804,True,1,3.121,2.961,-0.129,-0.092,9.727,9.727,0.310,0.828,-0.676,0.804,-0.684,0.239,0.112,-0.032,2.29,0.25,9.33,2.81,0.37,0.054,0.021,0.197,1525,1477,1547,1511,10.00,10.06,19.95,19.90
1787303454.653,32.814,True,1,3.121,2.961,-0.145,-0.046,9.771,9.771,0.312,0.829,-0.675,0.805,-0.684,0.239,0.115,-0.024,2.64,0.31,9.26,2.72,0.42,0.007,0.021,0.200,1520,1477,1547,1513,10.00,10.06,-0.15,-0.10
1787303454.663,32.824,True,1,3.121,2.961,-0.126,-0.102,9.717,9.717,0.310,0.830,-0.675,0.805,-0.684,0.238,0.122,-0.034,2.76,0.36,9.23,2.85,0.49,0.008,0.023,0.201,1520,1477,1547,1511,10.00,10.06,-0.10,-0.05
1787303454.673,32.834,True,1,3.121,2.961,-0.126,-0.103,9.716,9.716,0.310,0.830,-0.675,0.806,-0.683,0.238,0.122,-0.034,2.76,0.36,9.23,2.85,0.49,0.008,0.023,0.201,1520,1477,1547,1511,10.00,10.06,9.90,9.95
1787303454.683,32.844,True,1,3.121,2.961,-0.126,-0.105,9.714,9.714,0.310,0.830,-0.675,0.807,-0.683,0.238,0.122,-0.034,2.76,0.36,9.23,2.86,0.50,0.008,0.024,0.201,1520,1477,1547,1511,10.00,10.06,19.90,19.96
1787303454.693,32.854,True,1,3.119,2.961,-0.105,-0.164,9.657,9.657,0.308,0.833,-0.674,0.808,-0.683,0.236,0.139,-0.052,2.96,0.34,9.19,3.09,0.66,0.012,0.044,0.201,1521,1475,1547,1509,10.00,10.06,-0.21,-0.16
1787303454.703,32.864,True,1,3.119,2.961,-0.105,-0.166,9.656,9.655,0.308,0.833,-0.674,0.809,-0.682,0.236,0.139,-0.052,2.96,0.34,9.19,3.09,0.66,0.012,0.044,0.201,1521,1475,1547,1508,10.00,10.06,9.79,9.84
1787303454.713,32.874,True,1,3.119,2.961,-0.105,-0.167,9.654,9.654,0.308,0.833,-0.674,0.810,-0.682,0.236,0.139,-0.052,2.96,0.34,9.19,3.09,0.66,0.012,0.045,0.201,1521,1475,1547,1508,10.00,10.06,19.79,19.84
1787303454.723,32.884,True,1,3.119,2.961,-0.105,-0.169,9.652,9.652,0.308,0.833,-0.674,0.810,-0.682,0.236,0.139,-0.052,2.96,0.34,9.19,3.09,0.67,0.013,0.045,0.201,1521,1474,1547,1508,10.00,10.06,29.79,29.84
1787303454.733,32.895,True,1,3.117,2.961,-0.133,-0.075,9.745,9.744,0.311,0.839,-0.672,0.811,-0.681,0.232,0.141,-0.038,3.30,0.20,9.20,2.92,0.71,-0.040,0.065,0.200,1475,1472,1547,1512,10.00,10.06,-0.30,-0.35
1787303454.743,32.904,True,1,3.117,2.961,-0.133,-0.077,9.743,9.743,0.311,0.839,-0.672,0.812,-0.681,0.232,0.141,-0.038,3.30,0.20,9.20,2.92,0.72,-0.040,0.066,0.200,1475,1472,1547,1512,10.00,10.06,9.70,9.65
1787303454.753,32.914,True,1,3.117,2.961,-0.133,-0.078,9.742,9.741,0.311,0.839,-0.672,0.813,-0.681,0.232,0.141,-0.038,3.30,0.20,9.20,2.93,0.72,-0.040,0.066,0.200,1475,1472,1547,1512,10.00,10.06,19.70,19.65
1787303454.763,32.924,True,1,3.117,2.961,-0.133,-0.080,9.740,9.740,0.311,0.839,-0.672,0.814,-0.681,0.232,0.141,-0.038,3.30,0.20,9.20,2.93,0.73,-0.039,0.067,0.200,1475,1472,1547,1512,10.00,10.06,29.70,29.65
1787303454.773,32.934,True,1,3.117,2.961,-0.133,-0.082,9.739,9.738,0.311,0.839,-0.672,0.815,-0.680,0.232,0.141,-0.038,3.30,0.20,9.20,2.93,0.73,-0.039,0.067,0.200,1475,1472,1547,1512,10.00,10.06,39.70,39.65
1787303454.783,32.944,True,1,3.117,2.961,-0.133,-0.083,9.737,9.736,0.311,0.839,-0.672,0.816,-0.680,0.232,0.141,-0.038,3.30,0.20,9.20,2.93,0.74,-0.039,0.068,0.200,1475,1472,1547,1511,10.00,10.06,49.70,49.65
1787303454.793,32.954,True,1,3.117,2.961,-0.133,-0.085,9.736,9.735,0.311,0.839,-0.672,0.816,-0.680,0.232,0.141,-0.038,3.30,0.20,9.20,2.93,0.74,-0.039,0.068,0.200,1475,1472,1547,1511,10.00,10.06,59.70,59.65
1787303454.803,32.964,True,1,3.117,2.961,-0.133,-0.086,9.734,9.733,0.311,0.839,-0.672,0.817,-0.679,0.232,0.141,-0.038,3.30,0.20,9.20,2.93,0.74,-0.039,0.069,0.199,1475,1472,1547,1511,10.00,10.06,69.70,69.65
1787303454.813,32.974,True,1,3.117,2.961,-0.133,-0.088,9.733,9.732,0.311,0.839,-0.672,0.818,-0.679,0.232,0.141,-0.038,3.30,0.20,9.20,2.94,0.75,-0.038,0.069,0.199,1475,1472,1547,1511,10.00,10.06,79.70,79.65
1787303454.824,32.985,True,1,3.112,2.961,-0.139,-0.053,9.767,9.765,0.312,0.850,-0.669,0.819,-0.679,0.225,0.139,-0.027,3.33,-0.32,9.58,2.82,0.73,-0.052,0.121,0.179,1474,1466,1544,1512,10.00,10.06,-0.55,-0.60
1787303454.833,32.994,True,1,3.112,2.961,-0.139,-0.054,9.765,9.763,0.312,0.850,-0.669,0.820,-0.679,0.225,0.139,-0.027,3.33,-0.32,9.58,2.82,0.73,-0.052,0.121,0.179,1474,1466,1544,1512,10.00,10.06,9.45,9.40
1787303454.843,33.004,True,1,3.112,2.961,-0.139,-0.056,9.764,9.762,0.312,0.850,-0.669,0.821,-0.678,0.225,0.139,-0.027,3.33,-0.32,9.58,2.82,0.74,-0.052,0.122,0.179,1474,1466,1544,1512,10.00,10.06,19.45,19.40
1787303454.853,33.014,True,1,3.112,2.961,-0.139,-0.057,9.762,9.760,0.312,0.850,-0.669,0.822,-0.678,0.225,0.139,-0.027,3.33,-0.32,9.58,2.83,0.75,-0.052,0.123,0.179,1474,1466,1544,1512,10.00,10.06,29.45,29.40
1787303454.863,33.024,True,1,3.112,2.961,-0.139,-0.059,9.761,9.759,0.311,0.850,-0.669,0.823,-0.678,0.225,0.139,-0.027,3.33,-0.32,9.58,2.83,0.75,-0.051,0.123,0.179,1474,1466,1544,1512,10.00,10.06,39.45,39.40
1787303454.873,33.034,True,1,3.112,2.961,-0.139,-0.060,9.759,9.757,0.311,0.850,-0.669,0.824,-0.677,0.225,0.139,-0.027,3.33,-0.32,9.58,2.83,0.76,-0.051,0.124,0.179,1474,1466,1544,1512,10.00,10.06,49.45,49.40
1787303454.883,33.044,True,1,3.112,2.961,-0.139,-0.062,9.758,9.756,0.311,0.850,-0.669,0.825,-0.677,0.225,0.139,-0.027,3.33,-0.32,9.58,2.83,0.76,-0.051,0.124,0.179,1474,1466,1544,1512,10.00,10.06,59.45,59.40
1787303454.893,33.054,True,1,3.112,2.961,-0.139,-0.063,9.756,9.754,0.311,0.850,-0.669,0.826,-0.677,0.225,0.139,-0.027,3.33,-0.32,9.58,2.83,0.77,-0.051,0.125,0.179,1474,1466,1544,1512,10.00,10.06,69.45,69.40
1787303454.903,33.064,True,1,3.112,2.961,-0.139,-0.065,9.755,9.753,0.311,0.850,-0.669,0.826,-0.676,0.225,0.139,-0.027,3.33,-0.32,9.58,2.84,0.77,-0.051,0.125,0.179,1474,1466,1544,1512,10.00,10.06,79.45,79.40
1787303454.914,33.075,True,1,3.106,2.961,-0.180,0.080,9.896,9.892,0.316,0.864,-0.664,0.828,-0.676,0.217,0.140,0.006,3.50,-0.43,10.34,2.46,0.81,-0.108,0.138,0.145,1468,1464,1540,1517,10.00,10.06,-0.55,-0.60
1787303454.923,33.084,True,1,3.106,2.961,-0.180,0.078,9.895,9.891,0.316,0.864,-0.664,0.829,-0.676,0.217,0.140,0.006,3.50,-0.43,10.34,2.46,0.81,-0.107,0.139,0.145,1468,1464,1540,1517,10.00,10.06,9.45,9.40
1787303454.933,33.094,True,1,3.106,2.961,-0.180,0.077,9.893,9.889,0.316,0.864,-0.664,0.830,-0.675,0.217,0.140,0.006,3.50,-0.43,10.34,2.46,0.82,-0.107,0.140,0.145,1468,1464,1540,1517,10.00,10.07,19.45,19.41
1787303454.943,33.104,True,1,3.106,2.961,-0.180,0.075,9.892,9.888,0.316,0.864,-0.664,0.831,-0.675,0.217,0.140,0.006,3.50,-0.43,10.34,2.46,0.83,-0.107,0.140,0.145,1468,1464,1540,1517,10.00,10.07,29.45,29.40
1787303454.953,33.114,True,1,3.106,2.961,-0.180,0.074,9.891,9.887,0.316,0.864,-0.664,0.832,-0.675,0.217,0.140,0.006,3.50,-0.43,10.34,2.47,0.83,-0.107,0.141,0.145,1468,1464,1540,1517,10.00,10.06,39.45,39.40
1787303454.963,33.124,True,1,3.106,2.961,-0.180,0.072,9.889,9.885,0.316,0.864,-0.664,0.833,-0.674,0.217,0.140,0.006,3.50,-0.43,10.34,2.47,0.84,-0.107,0.142,0.145,1468,1464,1540,1517,10.00,10.07,49.45,49.40
1787303454.973,33.134,True,1,3.106,2.961,-0.180,0.071,9.888,9.884,0.315,0.864,-0.664,0.834,-0.674,0.217,0.140,0.006,3.50,-0.43,10.34,2.47,0.85,-0.107,0.142,0.145,1468,1464,1540,1517,10.00,10.06,59.45,59.40
1787303454.983,33.144,True,1,3.106,2.961,-0.180,0.069,9.886,9.882,0.315,0.864,-0.664,0.835,-0.674,0.217,0.140,0.006,3.50,-0.43,10.34,2.47,0.85,-0.106,0.143,0.145,1468,1464,1540,1517,10.00,10.06,69.45,69.40
1787303454.994,33.155,True,1,3.101,2.961,-0.160,0.029,9.846,9.842,0.314,0.878,-0.659,0.837,-0.673,0.209,0.151,0.011,3.71,-0.23,11.56,2.48,0.94,-0.129,0.129,0.092,1465,1465,1532,1515,10.00,10.06,-0.58,-0.63
1787303455.003,33.164,True,1,3.101,2.961,-0.160,0.028,9.845,9.840,0.314,0.878,-0.659,0.838,-0.673,0.209,0.151,0.011,3.71,-0.23,11.56,2.48,0.95,-0.129,0.130,0.092,1465,1465,1532,1515,10.00,10.06,9.42,9.37
1787303455.013,33.174,True,1,3.101,2.961,-0.160,0.026,9.843,9.839,0.314,0.878,-0.659,0.839,-0.672,0.209,0.151,0.011,3.71,-0.23,11.56,2.48,0.96,-0.129,0.131,0.092,1465,1465,1532,1515,9.99,10.06,19.41,19.37
1787303455.023,33.184,True,1,3.101,2.961,-0.160,0.025,9.842,9.838,0.314,0.878,-0.659,0.841,-0.672,0.209,0.151,0.011,3.71,-0.23,11.56,2.48,0.96,-0.128,0.132,0.092,1465,1465,1532,1515,10.00,10.06,29.42,29.37
1787303455.033,33.194,True,1,3.101,2.961,-0.160,0.023,9.841,9.836,0.314,0.878,-0.659,0.842,-0.671,0.209,0.151,0.011,3.71,-0.23,11.56,2.48,0.97,-0.128,0.133,0.092,1465,1465,1532,1515,10.00,10.06,39.42,39.37
1787303455.043,33.204,True,1,3.101,2.961,-0.160,0.022,9.839,9.835,0.314,0.878,-0.659,0.843,-0.671,0.209,0.151,0.011,3.71,-0.23,11.56,2.48,0.98,-0.128,0.133,0.091,1465,1465,1532,1515,10.00,10.06,49.42,49.37
1787303455.053,33.214,True,1,3.101,2.961,-0.160,0.021,9.838,9.833,0.314,0.878,-0.659,0.844,-0.670,0.209,0.151,0.011,3.71,-0.23,11.56,2.48,0.99,-0.128,0.134,0.091,1465,1465,1532,1515,10.00,10.06,59.42,59.37
1787303455.063,33.224,True,1,3.101,2.961,-0.160,0.019,9.837,9.832,0.314,0.878,-0.659,0.845,-0.670,0.209,0.151,0.011,3.71,-0.23,11.56,2.49,0.99,-0.128,0.135,0.091,1465,1465,1532,1515,10.00,10.06,69.42,69.37
1787303455.073,33.234,True,1,3.101,2.961,-0.160,0.018,9.835,9.831,0.314,0.878,-0.659,0.846,-0.670,0.209,0.151,0.011,3.71,-0.23,11.56,2.49,1.00,-0.128,0.136,0.091,1465,1464,1532,1515,10.00,10.06,79.42,79.37
1787303455.084,33.245,True,1,3.095,2.961,-0.147,0.003,9.823,9.822,0.314,0.892,-0.655,0.848,-0.669,0.203,0.166,-0.006,2.97,0.58,12.96,2.72,1.06,-0.026,0.052,0.036,1477,1474,1525,1515,10.00,10.06,-0.56,-0.61
1787303455.093,33.254,True,1,3.095,2.961,-0.147,0.002,9.821,9.821,0.313,0.892,-0.655,0.849,-0.669,0.203,0.166,-0.006,2.97,0.58,12.96,2.73,1.07,-0.026,0.053,0.036,1477,1474,1525,1515,10.00,10.06,9.44,9.39
1787303455.103,33.264,True,1,3.095,2.961,-0.147,0.001,9.820,9.820,0.313,0.892,-0.655,0.851,-0.668,0.203,0.166,-0.006,2.97,0.58,12.96,2.73,1.08,-0.026,0.054,0.036,1477,1473,1525,1514,10.00,10.06,19.44,19.39
1787303455.113,33.274,True,1,3.095,2.961,-0.147,-0.001,9.819,9.818,0.313,0.892,-0.655,0.852,-0.668,0.203,0.166,-0.006,2.97,0.58,12.96,2.73,1.09,-0.026,0.055,0.036,1477,1473,1525,1514,10.00,10.06,29.44,29.39
1787303455.123,33.284,True,1,3.095,2.961,-0.147,-0.002,9.818,9.817,0.313,0.892,-0.655,0.853,-0.667,0.203,0.166,-0.006,2.97,0.58,12.96,2.73,1.09,-0.025,0.056,0.036,1477,1473,1525,1514,10.00,10.06,39.44,39.39
1787303455.133,33.294,True,1,3.095,2.961,-0.147,-0.003,9.816,9.816,0.313,0.892,-0.655,0.855,-0.667,0.203,0.166,-0.006,2.97,0.58,12.96,2.73,1.10,-0.025,0.057,0.036,1477,1473,1525,1514,10.00,10.06,49.44,49.39
1787303455.143,33.304,True,1,3.095,2.961,-0.147,-0.005,9.815,9.814,0.313,0.892,-0.655,0.856,-0.667,0.203,0.166,-0.006,2.97,0.58,12.96,2.73,1.11,-0.025,0.058,0.036,1477,1473,1525,1514,10.00,10.06,59.44,59.39
1787303455.153,33.314,True,1,3.095,2.961,-0.147,-0.006,9.814,9.813,0.313,0.892,-0.655,0.857,-0.666,0.203,0.166,-0.006,2.97,0.58,12.96,2.74,1.12,-0.025,0.058,0.036,1477,1473,1525,1514,10.00,10.06,69.44,69.39
1787303455.164,33.325,True,1,3.089,2.961,-0.171,0.087,9.907,9.904,0.316,0.906,-0.653,0.859,-0.666,0.200,0.154,-0.007,1.54,1.56,14.28,2.72,0.93,0.124,-0.066,-0.017,1533,1527,1477,1518,10.00,10.06,-0.56,-0.61
1787303455.173,33.334,True,1,3.089,2.961,-0.171,0.086,9.905,9.903,0.316,0.906,-0.653,0.860,-0.665,0.200,0.154,-0.007,1.54,1.56,14.28,2.73,0.94,0.124,-0.065,-0.017,1533,1527,1477,1517,10.00,10.06,9.45,9.40
1787303455.183,33.344,True,1,3.089,2.961,-0.171,0.085,9.904,9.901,0.316,0.906,-0.653,0.862,-0.665,0.200,0.154,-0.007,1.54,1.56,14.28,2.73,0.95,0.125,-0.064,-0.017,1533,1527,1477,1517,9.99,10.06,19.44,19.39
1787303455.193,33.354,True,1,3.089,2.961,-0.171,0.084,9.903,9.900,0.316,0.906,-0.653,0.863,-0.665,0.200,0.154,-0.007,1.54,1.56,14.28,2.73,0.96,0.125,-0.063,-0.017,1533,1527,1477,1517,10.00,10.06,29.44,29.40
1787303455.203,33.364,True,1,3.089,2.961,-0.171,0.082,9.902,9.899,0.316,0.906,-0.653,0.865,-0.664,0.200,0.154,-0.007,1.54,1.56,14.28,2.73,0.97,0.125,-0.062,-0.017,1533,1526,1477,1517,10.00,10.06,39.44,39.39
1787303455.213,33.375,True,1,3.086,2.961,-0.131,-0.028,9.795,9.786,0.312,0.914,-0.654,0.866,-0.664,0.200,0.152,-0.048,1.08,2.10,15.03,3.19,0.82,0.223,-0.134,-0.049,1544,1534,1473,1513,10.00,10.06,-0.27,-0.32
1787303455.223,33.384,True,1,3.086,2.961,-0.131,-0.029,9.794,9.785,0.312,0.914,-0.654,0.868,-0.663,0.200,0.152,-0.048,1.08,2.10,15.03,3.19,0.83,0.223,-0.133,-0.049,1544,1534,1473,1513,10.00,10.06,9.73,9.68
1787303455.233,33.394,True,1,3.086,2.961,-0.131,-0.030,9.793,9.783,0.312,0.914,-0.654,0.870,-0.663,0.200,0.152,-0.048,1.08,2.10,15.03,3.19,0.84,0.224,-0.132,-0.049,1544,1534,1473,1513,10.00,10.06,19.73,19.68
1787303455.243,33.404,True,1,3.086,2.961,-0.131,-0.032,9.791,9.782,0.312,0.914,-0.654,0.871,-0.663,0.200,0.152,-0.048,1.08,2.10,15.03,3.20,0.85,0.224,-0.131,-0.049,1544,1534,1473,1513,10.00,10.06,29.73,29.68
1787303455.253,33.415,True,1,3.085,2.961,-0.151,0.034,9.857,9.844,0.314,0.919,-0.655,0.873,-0.663,0.202,0.142,-0.054,0.91,2.55,15.55,3.22,0.72,0.245,-0.193,-0.071,1546,1541,1470,1515,10.00,10.06,-0.26,-0.31
1787303455.263,33.424,True,1,3.085,2.961,-0.151,0.033,9.856,9.843,0.314,0.919,-0.655,0.874,-0.662,0.202,0.142,-0.054,0.91,2.55,15.55,3.22,0.73,0.245,-0.192,-0.071,1546,1541,1470,1515,10.00,10.06,9.74,9.69
1787303455.273,33.434,True,1,3.084,2.961,-0.155,0.046,9.868,9.853,0.314,0.921,-0.656,0.876,-0.662,0.202,0.129,-0.045,0.87,2.81,15.98,3.10,0.60,0.239,-0.233,-0.089,1546,1545,1467,1516,10.00,10.06,-0.16,-0.12
1787303455.283,33.444,True,1,3.084,2.961,-0.155,0.045,9.866,9.852,0.314,0.921,-0.656,0.877,-0.662,0.202,0.129,-0.045,0.87,2.81,15.98,3.10,0.61,0.239,-0.232,-0.089,1546,1545,1467,1516,10.00,10.06,9.84,9.89
1787303455.293,33.454,True,1,3.084,2.961,-0.155,0.044,9.865,9.850,0.314,0.921,-0.656,0.879,-0.662,0.202,0.129,-0.045,0.87,2.81,15.98,3.11,0.62,0.239,-0.231,-0.089,1546,1545,1467,1516,10.00,10.06,19.83,19.88
1787303455.303,33.464,True,1,3.084,2.961,-0.155,0.042,9.864,9.849,0.314,0.921,-0.656,0.880,-0.662,0.202,0.129,-0.045,0.87,2.81,15.98,3.11,0.63,0.240,-0.230,-0.089,1546,1545,1467,1516,10.00,10.06,29.84,29.88
1787303455.313,33.474,True,1,3.084,2.961,-0.155,0.041,9.863,9.848,0.314,0.921,-0.656,0.881,-0.661,0.202,0.129,-0.045,0.87,2.81,15.98,3.12,0.64,0.240,-0.229,-0.089,1546,1545,1467,1516,10.00,10.06,39.83,39.88
1787303455.323,33.484,True,1,3.084,2.961,-0.155,0.040,9.862,9.847,0.314,0.921,-0.656,0.883,-0.661,0.202,0.129,-0.045,0.87,2.81,15.98,3.12,0.65,0.241,-0.228,-0.089,1546,1545,1467,1515,10.00,10.06,49.84,49.88
1787303455.333,33.495,True,1,3.081,2.961,-0.124,-0.045,9.781,9.759,0.311,0.929,-0.659,0.884,-0.661,0.205,0.124,-0.084,0.86,3.11,16.72,3.54,0.46,0.288,-0.280,-0.121,1551,1550,1463,1512,10.00,10.06,-0.39,-0.44
1787303455.343,33.504,True,1,3.081,2.961,-0.124,-0.046,9.779,9.758,0.311,0.929,-0.659,0.886,-0.661,0.205,0.124,-0.084,0.86,3.11,16.72,3.55,0.46,0.288,-0.279,-0.121,1551,1550,1463,1512,10.00,10.06,9.61,9.56
1787303455.353,33.514,True,1,3.081,2.961,-0.124,-0.047,9.778,9.757,0.311,0.929,-0.659,0.887,-0.661,0.205,0.124,-0.084,0.86,3.11,16.72,3.55,0.47,0.289,-0.278,-0.121,1551,1550,1463,1512,10.00,10.06,19.60,19.55
1787303455.363,33.524,True,1,3.081,2.961,-0.124,-0.049,9.777,9.756,0.311,0.929,-0.659,0.889,-0.661,0.205,0.124,-0.084,0.86,3.11,16.72,3.56,0.48,0.289,-0.277,-0.121,1551,1550,1463,1512,10.00,10.06,29.60,29.56
1787303455.373,33.534,True,1,3.081,2.961,-0.124,-0.050,9.776,9.755,0.311,0.929,-0.659,0.890,-0.661,0.205,0.124,-0.084,0.86,3.11,16.72,3.56,0.49,0.290,-0.276,-0.121,1551,1550,1463,1512,10.00,10.06,39.60,39.55
1787303455.383,33.544,True,1,3.081,2.961,-0.124,-0.051,9.775,9.754,0.311,0.929,-0.659,0.891,-0.661,0.205,0.124,-0.084,0.86,3.11,16.72,3.57,0.50,0.290,-0.275,-0.121,1551,1550,1463,1512,10.00,10.06,49.60,49.55
1787303455.393,33.554,True,1,3.081,2.961,-0.124,-0.052,9.774,9.753,0.311,0.929,-0.659,0.892,-0.661,0.205,0.124,-0.084,0.86,3.11,16.72,3.57,0.51,0.291,-0.274,-0.121,1551,1550,1463,1512,10.00,10.06,59.60,59.55
1787303455.403,33.564,True,1,3.081,2.961,-0.124,-0.053,9.773,9.752,0.311,0.929,-0.659,0.894,-0.661,0.205,0.124,-0.084,0.86,3.11,16.72,3.58,0.51,0.291,-0.274,-0.121,1551,1549,1463,1512,10.00,10.06,69.60,69.56
1787303455.413,33.574,True,1,3.081,2.961,-0.124,-0.055,9.772,9.751,0.311,0.929,-0.659,0.895,-0.660,0.205,0.124,-0.084,0.86,3.11,16.72,3.58,0.52,0.292,-0.273,-0.121,1551,1549,1463,1512,10.00,10.06,79.60,79.55
1787303455.424,33.585,True,1,3.076,2.961,-0.100,-0.106,9.720,9.709,0.310,0.935,-0.660,0.896,-0.660,0.207,0.084,-0.099,2.10,2.27,17.66,3.63,0.01,0.167,-0.242,-0.157,1538,1546,1458,1510,10.00,10.06,-0.55,-0.60
1787303455.433,33.594,True,1,3.076,2.961,-0.100,-0.107,9.719,9.708,0.310,0.935,-0.660,0.897,-0.660,0.207,0.084,-0.099,2.10,2.27,17.66,3.64,0.02,0.167,-0.241,-0.157,1538,1546,1458,1510,10.01,10.07,9.46,9.41
1787303455.443,33.604,True,1,3.076,2.961,-0.100,-0.109,9.718,9.707,0.310,0.935,-0.660,0.899,-0.660,0.207,0.084,-0.099,2.10,2.27,17.66,3.64,0.03,0.168,-0.241,-0.157,1538,1546,1458,1510,10.00,10.07,19.46,19.41
1787303455.453,33.614,True,1,3.076,2.961,-0.100,-0.110,9.717,9.706,0.310,0.935,-0.660,0.900,-0.660,0.207,0.084,-0.099,2.10,2.27,17.66,3.65,0.03,0.168,-0.240,-0.158,1538,1546,1458,1510,9.99,10.06,29.45,29.40
1787303455.463,33.624,True,1,3.076,2.961,-0.100,-0.111,9.715,9.705,0.310,0.935,-0.660,0.901,-0.660,0.207,0.084,-0.099,2.10,2.27,17.66,3.65,0.04,0.169,-0.239,-0.158,1538,1546,1458,1510,10.00,10.06,39.45,39.40
1787303455.473,33.634,True,1,3.076,2.961,-0.100,-0.112,9.714,9.703,0.310,0.935,-0.660,0.902,-0.660,0.207,0.084,-0.099,2.10,2.27,17.66,3.66,0.05,0.169,-0.238,-0.158,1538,1546,1458,1510,10.00,10.06,49.45,49.40
1787303455.483,33.644,True,1,3.076,2.961,-0.100,-0.113,9.713,9.702,0.310,0.935,-0.660,0.903,-0.660,0.207,0.084,-0.099,2.10,2.27,17.66,3.66,0.05,0.170,-0.238,-0.158,1538,1546,1458,1510,10.00,10.06,59.45,59.40
1787303455.494,33.655,True,1,3.073,2.961,-0.090,-0.134,9.691,9.686,0.309,0.940,-0.663,0.904,-0.661,0.210,0.044,-0.095,3.40,1.39,18.21,3.50,-0.36,0.015,-0.195,-0.179,1521,1541,1455,1510,10.00,10.06,-0.56,-0.60
1787303455.503,33.664,True,1,3.073,2.961,-0.090,-0.135,9.690,9.685,0.309,0.940,-0.663,0.906,-0.661,0.210,0.044,-0.095,3.40,1.39,18.21,3.51,-0.35,0.016,-0.194,-0.179,1521,1541,1455,1510,10.01,10.07,9.45,9.40
1787303455.513,33.674,True,1,3.073,2.961,-0.090,-0.136,9.689,9.684,0.309,0.940,-0.663,0.907,-0.661,0.210,0.044,-0.095,3.40,1.39,18.21,3.51,-0.35,0.016,-0.193,-0.179,1521,1541,1455,1510,9.99,10.06,19.44,19.40
1787303455.523,33.684,True,1,3.073,2.961,-0.090,-0.137,9.688,9.683,0.309,0.940,-0.663,0.908,-0.661,0.210,0.044,-0.095,3.40,1.39,18.21,3.52,-0.34,0.017,-0.193,-0.179,1521,1541,1455,1510,10.00,10.06,29.44,29.40
1787303455.533,33.694,True,1,3.073,2.961,-0.090,-0.138,9.687,9.682,0.309,0.940,-0.663,0.909,-0.661,0.210,0.044,-0.095,3.40,1.39,18.21,3.52,-0.34,0.018,-0.192,-0.179,1521,1541,1455,1509,10.00,10.06,39.45,39.40
1787303455.543,33.704,True,1,3.073,2.961,-0.090,-0.140,9.686,9.681,0.309,0.940,-0.663,0.910,-0.661,0.210,0.044,-0.095,3.40,1.39,18.21,3.53,-0.33,0.018,-0.192,-0.179,1522,1541,1455,1509,10.00,10.06,49.44,49.40
1787303455.553,33.714,True,1,3.073,2.961,-0.090,-0.141,9.685,9.680,0.309,0.940,-0.663,0.911,-0.661,0.210,0.044,-0.095,3.40,1.39,18.21,3.54,-0.32,0.019,-0.191,-0.179,1522,1541,1455,1509,10.00,10.06,59.45,59.40
1787303455.563,33.724,True,1,3.073,2.961,-0.090,-0.142,9.684,9.679,0.309,0.940,-0.663,0.912,-0.661,0.210,0.044,-0.095,3.40,1.39,18.21,3.54,-0.32,0.019,-0.190,-0.179,1522,1540,1455,1509,10.00,10.06,69.44,69.40
1787303455.573,33.734,True,1,3.073,2.961,-0.090,-0.143,9.682,9.678,0.309,0.940,-0.663,0.913,-0.661,0.210,0.044,-0.095,3.40,1.39,18.21,3.55,-0.31,0.020,-0.190,-0.179,1522,1540,1455,1509,10.00,10.06,79.45,79.40
1787303455.584,33.745,True,1,3.070,2.961,-0.086,-0.141,9.681,9.679,0.309,0.944,-0.664,0.914,-0.661,0.212,0.037,-0.069,4.57,-0.01,18.50,3.26,-0.31,-0.137,-0.047,-0.200,1464,1525,1452,1509,10.00,10.06,-0.56,-0.61
1787303455.593,33.754,True,1,3.070,2.961,-0.086,-0.142,9.680,9.678,0.309,0.944,-0.664,0.915,-0.661,0.212,0.037,-0.069,4.57,-0.01,18.50,3.27,-0.30,-0.137,-0.047,-0.200,1464,1525,1452,1509,10.00,10.06,9.44,9.39
1787303455.603,33.764,True,1,3.070,2.961,-0.086,-0.143,9.679,9.677,0.309,0.944,-0.664,0.916,-0.661,0.212,0.037,-0.069,4.57,-0.01,18.50,3.27,-0.30,-0.136,-0.046,-0.200,1464,1525,1452,1509,9.99,10.06,19.44,19.39
1787303455.613,33.774,True,1,3.070,2.961,-0.086,-0.144,9.678,9.676,0.309,0.944,-0.664,0.917,-0.661,0.212,0.037,-0.069,4.57,-0.01,18.50,3.28,-0.29,-0.136,-0.046,-0.200,1464,1525,1452,1509,10.00,10.06,29.44,29.39
1787303455.623,33.784,True,1,3.070,2.961,-0.086,-0.146,9.677,9.674,0.309,0.944,-0.664,0.918,-0.662,0.212,0.037,-0.069,4.57,-0.01,18.50,3.28,-0.29,-0.135,-0.045,-0.200,1465,1525,1452,1509,10.00,10.06,39.44,39.39
1787303455.633,33.794,True,1,3.070,2.961,-0.086,-0.147,9.676,9.673,0.309,0.944,-0.664,0.919,-0.662,0.212,0.037,-0.069,4.57,-0.01,18.50,3.29,-0.28,-0.135,-0.045,-0.200,1465,1524,1452,1509,10.00,10.06,49.44,49.39
1787303455.643,33.804,True,1,3.070,2.961,-0.086,-0.148,9.675,9.672,0.309,0.944,-0.664,0.919,-0.662,0.212,0.037,-0.069,4.57,-0.01,18.50,3.29,-0.28,-0.134,-0.044,-0.200,1465,1524,1452,1509,10.00,10.06,59.44,59.39
1787303455.653,33.815,True,1,3.066,2.961,-0.103,-0.083,9.737,9.728,0.310,0.947,-0.664,0.920,-0.662,0.212,0.015,-0.045,5.41,-1.12,18.28,2.96,-0.40,-0.260,0.057,-0.199,1451,1473,1452,1511,10.00,10.06,-0.56,-0.51
1787303455.663,33.824,True,1,3.066,2.961,-0.103,-0.084,9.736,9.727,0.310,0.947,-0.664,0.921,-0.662,0.212,0.015,-0.045,5.41,-1.12,18.28,2.97,-0.39,-0.259,0.058,-0.199,1451,1473,1452,1511,10.00,10.06,9.44,9.49
1787303455.673,33.834,True,1,3.066,2.961,-0.103,-0.085,9.735,9.726,0.310,0.947,-0.664,0.922,-0.662,0.212,0.015,-0.045,5.41,-1.12,18.28,2.97,-0.39,-0.259,0.058,-0.199,1451,1473,1452,1511,10.00,10.06,19.44,19.49
1787303455.683,33.844,True,1,3.066,2.961,-0.103,-0.086,9.734,9.725,0.310,0.947,-0.664,0.923,-0.662,0.212,0.015,-0.045,5.41,-1.12,18.28,2.98,-0.38,-0.258,0.059,-0.200,1451,1473,1452,1511,10.00,10.06,29.44,29.48
1787303455.693,33.854,True,1,3.066,2.961,-0.103,-0.087,9.733,9.724,0.310,0.947,-0.664,0.924,-0.662,0.212,0.015,-0.045,5.41,-1.12,18.28,2.98,-0.38,-0.258,0.059,-0.200,1451,1473,1452,1511,10.00,10.06,39.44,39.48
1787303455.703,33.864,True,1,3.066,2.961,-0.103,-0.088,9.732,9.723,0.310,0.947,-0.664,0.925,-0.662,0.212,0.015,-0.045,5.41,-1.12,18.28,2.99,-0.37,-0.257,0.060,-0.200,1451,1473,1452,1511,10.00,10.06,49.44,49.49
1787303455.713,33.874,True,1,3.066,2.961,-0.103,-0.089,9.731,9.722,0.310,0.947,-0.664,0.925,-0.662,0.212,0.015,-0.045,5.41,-1.12,18.28,2.99,-0.37,-0.257,0.060,-0.200,1451,1473,1452,1511,10.00,10.06,59.44,59.48
1787303455.723,33.884,True,1,3.066,2.961,-0.103,-0.090,9.730,9.721,0.310,0.947,-0.664,0.926,-0.662,0.212,0.015,-0.045,5.41,-1.12,18.28,3.00,-0.36,-0.256,0.060,-0.200,1451,1473,1452,1511,10.00,10.06,69.44,69.49
1787303455.733,33.894,True,1,3.066,2.961,-0.103,-0.091,9.729,9.720,0.310,0.947,-0.664,0.927,-0.662,0.212,0.015,-0.045,5.41,-1.12,18.28,3.00,-0.36,-0.256,0.061,-0.200,1451,1473,1452,1511,10.00,10.06,79.44,79.49
1787303455.744,33.905,True,1,3.058,2.961,-0.119,-0.011,9.805,9.790,0.312,0.949,-0.661,0.928,-0.662,0.210,0.008,0.011,5.21,-1.51,17.67,2.41,-0.21,-0.298,0.120,-0.178,1447,1466,1455,1513,10.00,10.06,-0.60,-0.55
1787303455.753,33.914,True,1,3.056,2.961,-0.095,-0.077,9.740,9.728,0.310,0.949,-0.660,0.928,-0.662,0.209,0.027,-0.011,5.21,-1.51,17.67,2.70,-0.10,-0.267,0.132,-0.180,1450,1465,1455,1511,10.00,10.06,9.40,-0.07
1787303455.763,33.924,True,1,3.056,2.961,-0.095,-0.078,9.740,9.727,0.310,0.949,-0.660,0.929,-0.662,0.209,0.027,-0.011,5.21,-1.51,17.67,2.71,-0.09,-0.267,0.133,-0.180,1450,1465,1455,1511,10.00,10.06,19.40,9.94
1787303455.773,33.934,True,1,3.056,2.961,-0.095,-0.079,9.739,9.726,0.310,0.949,-0.660,0.930,-0.662,0.209,0.027,-0.011,5.21,-1.51,17.67,2.71,-0.09,-0.266,0.133,-0.180,1450,1465,1454,1511,10.00,10.06,29.40,19.93
1787303455.783,33.944,True,1,3.056,2.961,-0.095,-0.080,9.738,9.725,0.310,0.949,-0.660,0.930,-0.662,0.209,0.027,-0.011,5.21,-1.51,17.67,2.71,-0.08,-0.266,0.134,-0.180,1450,1465,1454,1511,10.00,10.06,39.40,29.94
1787303455.793,33.954,True,1,3.056,2.961,-0.095,-0.081,9.737,9.725,0.310,0.949,-0.660,0.931,-0.662,0.209,0.027,-0.011,5.21,-1.51,17.67,2.72,-0.08,-0.266,0.134,-0.180,1450,1465,1454,1511,10.00,10.06,49.40,39.94
1787303455.803,33.964,True,1,3.056,2.961,-0.095,-0.082,9.736,9.724,0.310,0.949,-0.660,0.932,-0.662,0.209,0.027,-0.011,5.21,-1.51,17.67,2.72,-0.08,-0.265,0.135,-0.180,1450,1465,1454,1511,10.00,10.06,59.40,49.93
1787303455.813,33.974,True,1,3.056,2.961,-0.095,-0.083,9.735,9.723,0.310,0.949,-0.660,0.932,-0.662,0.209,0.027,-0.011,5.21,-1.51,17.67,2.72,-0.07,-0.265,0.135,-0.180,1450,1465,1454,1511,10.00,10.06,69.40,59.93
1787303455.823,33.985,True,1,3.049,2.961,-0.089,-0.072,9.743,9.735,0.311,0.949,-0.655,0.933,-0.662,0.204,0.027,0.029,3.87,-1.50,16.93,2.32,0.10,-0.166,0.158,-0.145,1461,1462,1459,1511,10.00,10.06,-0.44,-0.49
1787303455.833,33.994,True,1,3.049,2.961,-0.089,-0.073,9.742,9.734,0.311,0.949,-0.655,0.933,-0.661,0.204,0.027,0.029,3.87,-1.50,16.93,2.32,0.10,-0.166,0.159,-0.145,1461,1462,1459,1511,10.00,10.06,9.55,9.51
1787303455.843,34.004,True,1,3.047,2.961,-0.103,-0.027,9.786,9.779,0.312,0.949,-0.653,0.934,-0.661,0.202,0.020,0.053,3.59,-1.39,16.70,2.05,0.11,-0.164,0.149,-0.134,1461,1463,1461,1513,10.00,10.06,-0.17,-0.12
1787303455.853,34.014,True,1,3.047,2.961,-0.103,-0.028,9.785,9.778,0.312,0.949,-0.653,0.934,-0.661,0.202,0.020,0.053,3.59,-1.39,16.70,2.05,0.12,-0.164,0.150,-0.134,1461,1463,1461,1513,10.00,10.06,9.83,9.88
1787303455.863,34.024,True,1,3.047,2.961,-0.103,-0.029,9.784,9.777,0.312,0.949,-0.653,0.935,-0.661,0.202,0.020,0.053,3.59,-1.39,16.70,2.05,0.12,-0.164,0.150,-0.134,1461,1463,1461,1513,10.00,10.06,19.83,19.88
1787303455.873,34.034,True,1,3.047,2.961,-0.103,-0.030,9.783,9.776,0.312,0.949,-0.653,0.935,-0.660,0.202,0.020,0.053,3.59,-1.39,16.70,2.06,0.12,-0.164,0.150,-0.134,1461,1463,1461,1513,10.00,10.06,29.83,29.88
1787303455.883,34.044,True,1,3.047,2.961,-0.103,-0.031,9.782,9.775,0.312,0.949,-0.653,0.936,-0.660,0.202,0.020,0.053,3.59,-1.39,16.70,2.06,0.13,-0.163,0.151,-0.134,1461,1463,1461,1513,10.00,10.06,39.83,39.88
1787303455.893,34.054,True,1,3.047,2.961,-0.103,-0.032,9.781,9.774,0.312,0.949,-0.653,0.936,-0.660,0.202,0.020,0.053,3.59,-1.39,16.70,2.06,0.13,-0.163,0.151,-0.134,1461,1463,1461,1513,10.00,10.06,49.83,49.88
1787303455.903,34.065,True,1,3.037,2.961,-0.091,-0.024,9.788,9.784,0.312,0.952,-0.643,0.937,-0.659,0.192,0.029,0.070,2.46,-1.21,15.84,1.91,0.30,-0.059,0.154,-0.094,1473,1462,1466,1513,10.00,10.06,-0.40,-0.44
1787303455.913,34.074,True,1,3.037,2.961,-0.091,-0.025,9.787,9.783,0.312,0.952,-0.643,0.937,-0.659,0.192,0.029,0.070,2.46,-1.21,15.84,1.91,0.30,-0.059,0.155,-0.094,1473,1462,1466,1513,10.00,10.06,9.61,9.56
1787303455.923,34.084,True,1,3.037,2.961,-0.091,-0.026,9.786,9.782,0.312,0.952,-0.643,0.938,-0.658,0.192,0.029,0.070,2.46,-1.21,15.84,1.91,0.31,-0.059,0.155,-0.094,1473,1462,1466,1513,10.00,10.06,19.61,19.56
1787303455.933,34.094,True,1,3.037,2.961,-0.091,-0.027,9.785,9.782,0.312,0.952,-0.643,0.938,-0.658,0.192,0.029,0.070,2.46,-1.21,15.84,1.91,0.31,-0.059,0.156,-0.094,1473,1462,1466,1513,10.00,10.06,29.61,29.56
1787303455.943,34.104,True,1,3.037,2.961,-0.091,-0.028,9.785,9.781,0.312,0.952,-0.643,0.939,-0.657,0.192,0.029,0.070,2.46,-1.21,15.84,1.91,0.31,-0.059,0.156,-0.094,1473,1462,1466,1513,10.01,10.07,39.62,39.57
1787303455.953,34.114,True,1,3.037,2.961,-0.091,-0.028,9.784,9.780,0.312,0.952,-0.643,0.939,-0.657,0.192,0.029,0.070,2.46,-1.21,15.84,1.91,0.32,-0.059,0.156,-0.094,1473,1462,1466,1513,9.99,10.06,49.61,49.56
1787303455.963,34.124,True,1,3.037,2.961,-0.091,-0.029,9.783,9.779,0.312,0.952,-0.643,0.940,-0.656,0.192,0.029,0.070,2.46,-1.21,15.84,1.91,0.32,-0.059,0.157,-0.094,1473,1462,1466,1513,10.00,10.06,59.61,59.56
1787303455.973,34.134,True,1,3.037,2.961,-0.091,-0.030,9.782,9.779,0.312,0.952,-0.643,0.940,-0.656,0.192,0.029,0.070,2.46,-1.21,15.84,1.91,0.32,-0.059,0.157,-0.094,1473,1462,1466,1513,10.00,10.06,69.61,69.56
1787303455.983,34.144,True,1,3.037,2.961,-0.091,-0.031,9.782,9.778,0.312,0.952,-0.643,0.940,-0.655,0.192,0.029,0.070,2.46,-1.21,15.84,1.92,0.33,-0.059,0.157,-0.094,1473,1462,1466,1513,10.00,10.06,79.60,79.56
1787303455.994,34.155,True,1,3.026,2.961,-0.087,0.001,9.813,9.812,0.313,0.955,-0.630,0.941,-0.655,0.180,0.028,0.072,1.50,-0.30,14.46,1.88,0.37,0.039,0.070,-0.029,1524,1472,1476,1514,10.00,10.06,-0.59,-0.64
1787303456.003,34.164,True,1,3.026,2.961,-0.087,0.000,9.812,9.812,0.313,0.955,-0.630,0.941,-0.654,0.180,0.028,0.072,1.50,-0.30,14.46,1.87,0.37,0.039,0.070,-0.029,1524,1472,1476,1514,10.00,10.07,9.42,9.37
1787303456.013,34.174,True,1,3.026,2.961,-0.087,-0.000,9.812,9.811,0.313,0.955,-0.630,0.942,-0.653,0.180,0.028,0.072,1.50,-0.30,14.46,1.87,0.38,0.039,0.071,-0.029,1524,1472,1476,1514,9.99,10.06,19.41,19.36
1787303456.023,34.184,True,1,3.026,2.961,-0.087,-0.001,9.811,9.810,0.313,0.955,-0.630,0.942,-0.652,0.180,0.028,0.072,1.50,-0.30,14.46,1.87,0.38,0.038,0.071,-0.029,1524,1472,1476,1514,10.00,10.06,29.41,29.36
1787303456.033,34.194,True,1,3.026,2.961,-0.087,-0.002,9.811,9.810,0.313,0.955,-0.630,0.943,-0.651,0.180,0.028,0.072,1.50,-0.30,14.46,1.87,0.39,0.038,0.071,-0.029,1524,1472,1476,1514,10.00,10.06,39.41,39.36
1787303456.043,34.204,True,1,3.026,2.961,-0.087,-0.002,9.810,9.809,0.313,0.955,-0.630,0.943,-0.651,0.180,0.028,0.072,1.50,-0.30,14.46,1.87,0.39,0.038,0.072,-0.029,1524,1472,1476,1514,10.00,10.06,49.41,49.36
1787303456.053,34.214,True,1,3.026,2.961,-0.087,-0.003,9.809,9.808,0.313,0.955,-0.630,0.943,-0.650,0.180,0.028,0.072,1.50,-0.30,14.46,1.86,0.39,0.038,0.072,-0.029,1524,1471,1476,1514,10.00,10.06,59.41,59.37
1787303456.063,34.224,True,1,3.026,2.961,-0.087,-0.003,9.809,9.808,0.313,0.955,-0.630,0.944,-0.649,0.180,0.028,0.072,1.50,-0.30,14.46,1.86,0.40,0.038,0.073,-0.029,1524,1471,1476,1514,10.00,10.06,69.41,69.36
1787303456.074,34.235,True,1,3.016,2.961,-0.113,0.111,9.923,9.922,0.317,0.958,-0.618,0.944,-0.648,0.169,0.028,0.069,1.20,0.90,13.02,1.86,0.44,0.069,-0.048,0.037,1527,1525,1525,1518,10.00,10.06,-0.56,-0.61
1787303456.083,34.244,True,1,3.016,2.961,-0.113,0.110,9.923,9.922,0.317,0.958,-0.618,0.945,-0.647,0.169,0.028,0.069,1.20,0.90,13.02,1.85,0.44,0.068,-0.047,0.037,1527,1525,1525,1518,10.00,10.06,9.43,9.39
1787303456.093,34.254,True,1,3.016,2.961,-0.113,0.110,9.922,9.921,0.317,0.958,-0.618,0.945,-0.646,0.169,0.028,0.069,1.20,0.90,13.02,1.85,0.45,0.068,-0.047,0.037,1527,1525,1525,1518,10.00,10.06,19.44,19.39
1787303456.103,34.264,True,1,3.016,2.961,-0.113,0.109,9.921,9.920,0.317,0.958,-0.618,0.946,-0.645,0.169,0.028,0.069,1.20,0.90,13.02,1.85,0.45,0.068,-0.046,0.037,1527,1525,1525,1518,10.00,10.06,29.43,29.39
1787303456.113,34.274,True,1,3.016,2.961,-0.113,0.109,9.921,9.920,0.317,0.958,-0.618,0.946,-0.645,0.169,0.028,0.069,1.20,0.90,13.02,1.84,0.46,0.067,-0.046,0.037,1527,1525,1525,1518,10.00,10.06,39.44,39.39
1787303456.123,34.284,True,1,3.016,2.961,-0.113,0.108,9.920,9.919,0.317,0.958,-0.618,0.947,-0.644,0.169,0.028,0.069,1.20,0.90,13.02,1.84,0.46,0.067,-0.045,0.037,1527,1525,1525,1518,10.00,10.06,49.44,49.39
1787303456.133,34.294,True,1,3.016,2.961,-0.113,0.108,9.920,9.919,0.317,0.958,-0.618,0.947,-0.643,0.169,0.028,0.069,1.20,0.90,13.02,1.84,0.46,0.067,-0.045,0.037,1527,1525,1525,1518,10.00,10.06,59.44,59.39
1787303456.143,34.304,True,1,3.016,2.961,-0.113,0.107,9.919,9.918,0.317,0.958,-0.618,0.947,-0.642,0.169,0.028,0.069,1.20,0.90,13.02,1.84,0.47,0.066,-0.045,0.037,1527,1524,1525,1518,10.00,10.06,69.43,69.39
1787303456.153,34.314,True,1,3.016,2.961,-0.113,0.107,9.919,9.918,0.317,0.958,-0.618,0.948,-0.641,0.169,0.028,0.069,1.20,0.90,13.02,1.83,0.47,0.066,-0.044,0.037,1527,1524,1525,1518,10.00,10.06,79.43,79.39
1787303456.164,34.325,True,1,3.005,2.961,-0.123,0.180,9.993,9.989,0.319,0.958,-0.606,0.948,-0.640,0.157,0.004,0.043,1.16,1.60,12.12,2.02,0.20,0.088,-0.144,0.078,1529,1535,1530,1521,10.00,10.06,-0.56,-0.61
1787303456.173,34.334,True,1,3.005,2.961,-0.123,0.180,9.993,9.988,0.319,0.958,-0.606,0.948,-0.639,0.157,0.004,0.043,1.16,1.60,12.12,2.01,0.21,0.088,-0.144,0.078,1529,1535,1530,1521,10.00,10.06,9.45,9.40
1787303456.183,34.344,True,1,3.005,2.961,-0.123,0.179,9.992,9.988,0.319,0.958,-0.606,0.949,-0.638,0.157,0.004,0.043,1.16,1.60,12.12,2.01,0.21,0.087,-0.144,0.078,1529,1535,1530,1521,9.99,10.06,19.44,19.39
1787303456.193,34.354,True,1,3.005,2.961,-0.123,0.179,9.992,9.988,0.319,0.958,-0.606,0.949,-0.637,0.157,0.004,0.043,1.16,1.60,12.12,2.00,0.22,0.087,-0.143,0.078,1529,1535,1530,1521,10.00,10.06,29.44,29.39
1787303456.203,34.364,True,1,3.005,2.961,-0.123,0.178,9.991,9.987,0.319,0.958,-0.606,0.949,-0.636,0.157,0.004,0.043,1.16,1.60,12.12,2.00,0.22,0.086,-0.143,0.078,1529,1535,1530,1521,10.00,10.06,39.44,39.39
1787303456.213,34.374,True,1,3.005,2.961,-0.123,0.178,9.991,9.987,0.319,0.958,-0.606,0.950,-0.635,0.157,0.004,0.043,1.16,1.60,12.12,2.00,0.22,0.086,-0.143,0.078,1529,1535,1530,1520,10.00,10.06,49.44,49.39
1787303456.223,34.385,True,1,2.994,2.961,-0.133,0.253,10.065,10.058,0.321,0.955,-0.597,0.950,-0.633,0.148,-0.033,0.054,1.40,1.89,11.85,1.78,-0.12,0.038,-0.208,0.092,1524,1542,1532,1523,10.00,10.06,-0.36,-0.41
1787303456.233,34.394,True,1,2.994,2.961,-0.133,0.253,10.064,10.058,0.321,0.955,-0.597,0.950,-0.632,0.148,-0.033,0.054,1.40,1.89,11.85,1.78,-0.11,0.037,-0.208,0.092,1524,1542,1532,1523,10.00,10.06,9.64,9.59
1787303456.243,34.404,True,1,2.992,2.961,-0.107,0.182,9.995,9.989,0.319,0.954,-0.595,0.950,-0.631,0.146,-0.024,0.024,1.55,1.85,11.77,2.10,-0.07,0.055,-0.199,0.096,1526,1541,1533,1521,10.00,10.06,-0.17,-0.12
1787303456.253,34.414,True,1,2.992,2.961,-0.107,0.182,9.995,9.989,0.319,0.954,-0.595,0.950,-0.630,0.146,-0.024,0.024,1.55,1.85,11.77,2.09,-0.07,0.054,-0.199,0.096,1526,1541,1533,1521,10.00,10.06,9.84,9.89
1787303456.263,34.424,True,1,2.992,2.961,-0.107,0.181,9.995,9.989,0.319,0.954,-0.595,0.950,-0.629,0.146,-0.024,0.024,1.55,1.85,11.77,2.09,-0.07,0.054,-0.199,0.096,1525,1541,1533,1521,10.00,10.06,19.83,19.88
1787303456.273,34.434,True,1,2.992,2.961,-0.107,0.181,9.994,9.988,0.319,0.954,-0.595,0.950,-0.628,0.146,-0.024,0.024,1.55,1.85,11.77,2.08,-0.07,0.053,-0.198,0.096,1525,1541,1533,1521,10.00,10.06,29.83,29.88
1787303456.283,34.444,True,1,2.992,2.961,-0.107,0.181,9.994,9.988,0.319,0.954,-0.595,0.951,-0.626,0.146,-0.024,0.024,1.55,1.85,11.77,2.08,-0.07,0.052,-0.198,0.096,1525,1541,1533,1521,10.00,10.06,39.83,39.88
1787303456.293,34.454,True,1,2.992,2.961,-0.107,0.180,9.994,9.988,0.319,0.954,-0.595,0.951,-0.625,0.146,-0.024,0.024,1.55,1.85,11.77,2.07,-0.06,0.052,-0.198,0.096,1525,1541,1533,1521,10.00,10.06,49.83,49.88
1787303456.303,34.464,True,1,2.992,2.961,-0.107,0.180,9.993,9.987,0.319,0.954,-0.595,0.951,-0.624,0.146,-0.024,0.024,1.55,1.85,11.77,2.07,-0.06,0.051,-0.198,0.096,1525,1541,1533,1521,10.00,10.06,59.84,59.89
1787303456.313,34.474,True,1,2.992,2.961,-0.107,0.180,9.993,9.987,0.319,0.954,-0.595,0.951,-0.623,0.146,-0.024,0.024,1.55,1.85,11.77,2.07,-0.06,0.051,-0.197,0.096,1525,1541,1533,1520,10.00,10.06,69.83,69.88
1787303456.323,34.485,True,1,2.977,2.961,-0.113,0.260,10.071,10.060,0.321,0.948,-0.584,0.951,-0.622,0.134,-0.106,0.050,1.98,1.83,11.62,1.61,-0.82,-0.041,-0.275,0.107,1475,1550,1534,1523,10.00,10.06,-0.51,-0.55
1787303456.333,34.494,True,1,2.977,2.961,-0.113,0.260,10.071,10.060,0.321,0.948,-0.584,0.951,-0.621,0.134,-0.106,0.050,1.98,1.83,11.62,1.61,-0.82,-0.042,-0.275,0.107,1475,1550,1534,1523,10.00,10.06,9.49,9.45
1787303456.343,34.504,True,1,2.977,2.961,-0.113,0.259,10.071,10.060,0.321,0.948,-0.584,0.951,-0.620,0.134,-0.106,0.050,1.98,1.83,11.62,1.60,-0.82,-0.043,-0.275,0.107,1475,1550,1534,1523,10.00,10.06,19.49,19.44
1787303456.353,34.514,True,1,2.977,2.961,-0.113,0.259,10.071,10.060,0.321,0.948,-0.584,0.951,-0.618,0.134,-0.106,0.050,1.98,1.83,11.62,1.59,-0.82,-0.043,-0.275,0.107,1475,1550,1534,1523,10.00,10.06,29.49,29.45
1787303456.363,34.524,True,1,2.977,2.961,-0.113,0.259,10.071,10.060,0.321,0.948,-0.584,0.950,-0.617,0.134,-0.106,0.050,1.98,1.83,11.62,1.59,-0.82,-0.044,-0.274,0.107,1475,1550,1534,1523,10.00,10.06,39.50,39.45
1787303456.373,34.534,True,1,2.977,2.961,-0.113,0.259,10.070,10.059,0.321,0.948,-0.584,0.950,-0.616,0.134,-0.106,0.050,1.98,1.83,11.62,1.58,-0.82,-0.045,-0.274,0.107,1475,1550,1534,1523,10.00,10.06,49.50,49.45
1787303456.383,34.544,True,1,2.977,2.961,-0.113,0.259,10.070,10.059,0.321,0.948,-0.584,0.950,-0.615,0.134,-0.106,0.050,1.98,1.83,11.62,1.58,-0.82,-0.045,-0.274,0.107,1474,1550,1534,1523,10.00,10.06,59.49,59.45
1787303456.393,34.554,True,1,2.977,2.961,-0.113,0.259,10.070,10.059,0.321,0.948,-0.584,0.950,-0.614,0.134,-0.106,0.050,1.98,1.83,11.62,1.57,-0.82,-0.046,-0.274,0.107,1474,1550,1534,1523,10.00,10.06,69.49,69.45
1787303456.404,34.565,True,1,2.966,2.961,-0.081,0.203,10.016,9.983,0.319,0.936,-0.574,0.950,-0.613,0.122,-0.164,0.045,3.81,2.67,11.66,1.51,-1.42,-0.246,-0.421,0.124,1452,1565,1537,1520,10.00,10.06,-0.55,-0.60
1787303456.413,34.574,True,1,2.966,2.961,-0.081,0.203,10.016,9.983,0.319,0.936,-0.574,0.949,-0.611,0.122,-0.164,0.045,3.81,2.67,11.66,1.50,-1.42,-0.246,-0.421,0.124,1452,1565,1537,1520,10.00,10.06,9.45,9.40
1787303456.423,34.584,True,1,2.966,2.961,-0.081,0.203,10.016,9.983,0.319,0.936,-0.574,0.949,-0.610,0.122,-0.164,0.045,3.81,2.67,11.66,1.49,-1.42,-0.247,-0.421,0.124,1452,1565,1537,1520,10.00,10.06,19.45,19.40
1787303456.433,34.594,True,1,2.966,2.961,-0.081,0.203,10.016,9.982,0.319,0.936,-0.574,0.948,-0.609,0.122,-0.164,0.045,3.81,2.67,11.66,1.49,-1.42,-0.248,-0.421,0.124,1452,1565,1537,1520,10.00,10.06,29.45,29.40
1787303456.443,34.604,True,1,2.966,2.961,-0.081,0.203,10.016,9.982,0.319,0.936,-0.574,0.948,-0.608,0.122,-0.164,0.045,3.81,2.67,11.66,1.48,-1.43,-0.249,-0.421,0.124,1452,1565,1537,1520,10.00,10.06,39.45,39.41
1787303456.453,34.614,True,1,2.966,2.961,-0.081,0.203,10.016,9.982,0.319,0.936,-0.574,0.948,-0.607,0.122,-0.164,0.045,3.81,2.67,11.66,1.47,-1.43,-0.249,-0.422,0.124,1452,1565,1537,1520,10.00,10.06,49.45,49.41
1787303456.463,34.624,True,1,2.966,2.961,-0.081,0.203,10.016,9.982,0.319,0.936,-0.574,0.947,-0.606,0.122,-0.164,0.045,3.81,2.67,11.66,1.47,-1.43,-0.250,-0.422,0.124,1452,1565,1537,1520,10.00,10.06,59.45,59.40
1787303456.473,34.634,True,1,2.966,2.961,-0.081,0.203,10.016,9.982,0.319,0.936,-0.574,0.947,-0.605,0.122,-0.164,0.045,3.81,2.67,11.66,1.46,-1.43,-0.250,-0.422,0.124,1452,1565,1537,1520,10.00,10.06,69.45,69.40
1787303456.483,34.645,True,1,2.960,2.961,-0.081,0.226,10.041,9.969,0.318,0.918,-0.565,0.946,-0.603,0.111,-0.231,0.065,5.19,3.46,11.90,1.10,-2.07,-0.433,-0.569,0.137,1432,1581,1539,1520,10.00,10.06,-0.54,-0.58
1787303456.493,34.654,True,1,2.960,2.961,-0.081,0.226,10.041,9.969,0.318,0.918,-0.565,0.945,-0.602,0.111,-0.231,0.065,5.19,3.46,11.90,1.09,-2.07,-0.434,-0.570,0.137,1432,1581,1539,1520,10.00,10.06,9.46,9.42
1787303456.503,34.664,True,1,2.960,2.961,-0.081,0.226,10.041,9.969,0.318,0.918,-0.565,0.944,-0.601,0.111,-0.231,0.065,5.19,3.46,11.90,1.08,-2.08,-0.435,-0.570,0.137,1432,1581,1539,1520,10.00,10.06,19.46,19.42
1787303456.513,34.674,True,1,2.960,2.961,-0.081,0.226,10.041,9.969,0.318,0.918,-0.565,0.943,-0.600,0.111,-0.231,0.065,5.19,3.46,11.90,1.08,-2.08,-0.435,-0.570,0.137,1432,1581,1539,1520,10.00,10.06,29.46,29.42
1787303456.523,34.684,True,1,2.960,2.961,-0.081,0.226,10.041,9.968,0.318,0.918,-0.565,0.942,-0.598,0.111,-0.231,0.065,5.19,3.46,11.90,1.07,-2.09,-0.436,-0.571,0.137,1432,1581,1539,1520,10.00,10.06,39.46,39.42
1787303456.533,34.694,True,1,2.960,2.961,-0.081,0.226,10.041,9.968,0.318,0.918,-0.565,0.942,-0.597,0.111,-0.231,0.065,5.19,3.46,11.90,1.06,-2.09,-0.437,-0.571,0.137,1432,1581,1539,1520,10.00,10.06,49.46,49.42
1787303456.543,34.704,True,1,2.960,2.961,-0.081,0.226,10.041,9.968,0.318,0.918,-0.565,0.941,-0.596,0.111,-0.231,0.065,5.19,3.46,11.90,1.05,-2.09,-0.438,-0.572,0.137,1432,1581,1539,1520,10.00,10.06,59.46,59.41
1787303456.553,34.714,True,1,2.960,2.961,-0.081,0.226,10.041,9.968,0.318,0.918,-0.565,0.940,-0.595,0.111,-0.231,0.065,5.19,3.46,11.90,1.05,-2.10,-0.438,-0.572,0.137,1432,1581,1539,1520,10.00,10.06,69.46,69.42
1787303456.564,34.725,True,1,2.957,2.961,-0.030,0.090,9.907,9.852,0.314,0.896,-0.551,0.939,-0.594,0.100,-0.279,0.094,4.87,1.75,12.19,0.64,-2.56,-0.446,-0.443,0.111,1431,1568,1535,1516,10.00,10.06,-0.55,-0.60
1787303456.573,34.734,True,1,2.957,2.961,-0.030,0.090,9.907,9.852,0.314,0.896,-0.551,0.937,-0.592,0.100,-0.279,0.094,4.87,1.75,12.19,0.63,-2.57,-0.447,-0.444,0.111,1431,1568,1535,1516,10.00,10.07,9.45,9.40
1787303456.583,34.744,True,1,2.957,2.961,-0.030,0.090,9.907,9.851,0.314,0.896,-0.551,0.936,-0.591,0.100,-0.279,0.094,4.87,1.75,12.19,0.62,-2.57,-0.448,-0.445,0.111,1431,1568,1535,1516,9.99,10.06,19.45,19.40
1787303456.593,34.754,True,1,2.957,2.961,-0.030,0.090,9.907,9.851,0.314,0.896,-0.551,0.934,-0.590,0.100,-0.279,0.094,4.87,1.75,12.19,0.61,-2.58,-0.449,-0.445,0.111,1431,1568,1535,1516,10.00,10.06,29.45,29.40
1787303456.603,34.764,True,1,2.957,2.961,-0.030,0.090,9.907,9.851,0.314,0.896,-0.551,0.933,-0.588,0.100,-0.279,0.094,4.87,1.75,12.19,0.60,-2.59,-0.450,-0.446,0.111,1431,1568,1535,1516,10.00,10.06,39.45,39.40
1787303456.613,34.774,True,1,2.957,2.961,-0.030,0.090,9.907,9.851,0.314,0.896,-0.551,0.932,-0.587,0.100,-0.279,0.094,4.87,1.75,12.19,0.59,-2.60,-0.451,-0.447,0.111,1431,1568,1535,1516,10.00,10.06,49.45,49.40
1787303456.623,34.784,True,1,2.957,2.961,-0.030,0.090,9.907,9.851,0.314,0.896,-0.551,0.931,-0.586,0.100,-0.279,0.094,4.87,1.75,12.19,0.58,-2.60,-0.451,-0.447,0.111,1431,1568,1535,1516,10.00,10.06,59.45,59.40
1787303456.633,34.794,True,1,2.957,2.961,-0.030,0.090,9.907,9.851,0.314,0.896,-0.551,0.930,-0.585,0.100,-0.279,0.094,4.87,1.75,12.19,0.57,-2.61,-0.452,-0.448,0.111,1430,1568,1535,1516,10.00,10.06,69.45,69.40
1787303456.643,34.804,True,1,2.957,2.961,-0.030,0.090,9.907,9.851,0.314,0.896,-0.551,0.928,-0.584,0.100,-0.279,0.094,4.87,1.75,12.19,0.57,-2.61,-0.453,-0.449,0.111,1430,1568,1535,1516,10.00,10.06,79.45,79.40
1787303456.654,34.815,True,1,2.953,2.961,-0.029,0.100,9.920,9.906,0.316,0.870,-0.535,0.926,-0.582,0.094,-0.306,0.109,2.56,-0.91,12.30,0.33,-2.87,-0.232,-0.202,0.077,1454,1542,1530,1518,10.00,10.06,-0.55,-0.60
1787303456.663,34.824,True,1,2.953,2.961,-0.029,0.100,9.920,9.906,0.316,0.870,-0.535,0.925,-0.580,0.094,-0.306,0.109,2.56,-0.91,12.30,0.32,-2.88,-0.233,-0.203,0.077,1454,1542,1530,1518,10.00,10.06,9.45,9.40
1787303456.673,34.834,True,1,2.953,2.961,-0.029,0.101,9.920,9.906,0.316,0.870,-0.535,0.923,-0.579,0.094,-0.306,0.109,2.56,-0.91,12.30,0.31,-2.89,-0.234,-0.204,0.077,1454,1542,1530,1518,10.00,10.06,19.45,19.40
1787303456.683,34.844,True,1,2.953,2.961,-0.029,0.101,9.920,9.906,0.316,0.870,-0.535,0.921,-0.577,0.094,-0.306,0.109,2.56,-0.91,12.30,0.30,-2.90,-0.235,-0.205,0.077,1454,1542,1530,1518,10.01,10.07,29.45,29.41
1787303456.693,34.854,True,1,2.953,2.961,-0.029,0.101,9.920,9.906,0.316,0.870,-0.535,0.919,-0.576,0.094,-0.306,0.109,2.56,-0.91,12.30,0.29,-2.91,-0.236,-0.206,0.077,1453,1542,1530,1518,9.99,10.06,39.45,39.40
1787303456.703,34.864,True,1,2.953,2.961,-0.029,0.101,9.920,9.907,0.316,0.870,-0.535,0.918,-0.575,0.094,-0.306,0.109,2.56,-0.91,12.30,0.28,-2.92,-0.238,-0.207,0.077,1453,1542,1530,1518,10.00,10.06,49.45,49.40
1787303456.713,34.874,True,1,2.953,2.961,-0.029,0.101,9.921,9.907,0.316,0.870,-0.535,0.916,-0.573,0.094,-0.306,0.109,2.56,-0.91,12.30,0.27,-2.93,-0.239,-0.208,0.077,1453,1542,1530,1518,10.00,10.06,59.45,59.40
1787303456.723,34.885,True,1,2.946,2.961,-0.007,0.063,9.881,9.880,0.315,0.854,-0.525,0.914,-0.572,0.095,-0.281,0.088,0.33,-3.46,12.56,0.52,-2.75,0.024,0.075,0.056,1522,1471,1527,1517,10.00,10.06,-0.48,-0.43
1787303456.733,34.894,True,1,2.944,2.961,-0.001,0.054,9.872,9.868,0.315,0.846,-0.520,0.912,-0.570,0.098,-0.262,0.071,-0.13,-3.91,12.65,0.72,-2.60,0.092,0.136,0.052,1530,1464,1527,1516,10.00,10.06,-0.11,-0.15
1787303456.743,34.904,True,1,2.944,2.961,-0.001,0.054,9.872,9.868,0.315,0.846,-0.520,0.910,-0.568,0.098,-0.262,0.071,-0.13,-3.91,12.65,0.70,-2.62,0.091,0.135,0.052,1530,1465,1527,1516,10.00,10.06,9.89,9.85
1787303456.753,34.914,True,1,2.944,2.961,-0.001,0.054,9.872,9.869,0.315,0.846,-0.520,0.908,-0.567,0.098,-0.262,0.071,-0.13,-3.91,12.65,0.69,-2.63,0.090,0.134,0.052,1529,1465,1527,1516,10.00,10.06,19.89,19.85
1787303456.763,34.924,True,1,2.944,2.961,-0.001,0.054,9.872,9.869,0.315,0.846,-0.520,0.906,-0.565,0.098,-0.262,0.071,-0.13,-3.91,12.65,0.68,-2.64,0.088,0.132,0.052,1529,1465,1527,1516,10.00,10.06,29.89,29.85
1787303456.773,34.934,True,1,2.944,2.961,-0.001,0.055,9.873,9.869,0.315,0.846,-0.520,0.904,-0.564,0.098,-0.262,0.071,-0.13,-3.91,12.65,0.67,-2.65,0.087,0.131,0.052,1529,1465,1527,1516,10.00,10.06,39.90,39.85
1787303456.783,34.944,True,1,2.944,2.961,-0.001,0.055,9.873,9.870,0.315,0.846,-0.520,0.902,-0.562,0.098,-0.262,0.071,-0.13,-3.91,12.65,0.65,-2.66,0.086,0.130,0.052,1529,1465,1527,1516,10.00,10.06,49.90,49.85
1787303456.793,34.954,True,1,2.944,2.961,-0.001,0.055,9.873,9.870,0.315,0.846,-0.520,0.900,-0.561,0.098,-0.262,0.071,-0.13,-3.91,12.65,0.64,-2.67,0.085,0.129,0.052,1529,1465,1527,1516,10.00,10.06,59.89,59.85
1787303456.803,34.965,True,1,2.937,2.961,-0.048,0.225,10.043,10.010,0.319,0.831,-0.512,0.898,-0.559,0.104,-0.266,0.078,-2.77,-5.99,13.30,0.51,-2.67,0.346,0.345,0.041,1557,1442,1525,1521,10.00,10.06,-0.46,-0.41
1787303456.813,34.974,True,1,2.937,2.961,-0.048,0.225,10.043,10.010,0.320,0.831,-0.512,0.895,-0.558,0.104,-0.266,0.078,-2.77,-5.99,13.30,0.50,-2.68,0.345,0.344,0.041,1557,1442,1525,1521,10.00,10.07,9.54,9.59
1787303456.823,34.984,True,1,2.934,2.961,-0.032,0.187,10.005,9.965,0.318,0.824,-0.509,0.893,-0.556,0.109,-0.254,0.074,-3.09,-6.22,13.43,0.55,-2.60,0.383,0.378,0.039,1561,1438,1525,1520,9.99,10.06,-0.11,-0.15
1787303456.833,34.994,True,1,2.934,2.961,-0.032,0.188,10.005,9.965,0.318,0.824,-0.509,0.891,-0.554,0.109,-0.254,0.074,-3.09,-6.22,13.43,0.53,-2.62,0.382,0.376,0.039,1561,1438,1525,1520,10.00,10.06,9.90,9.85
1787303456.843,35.004,True,1,2.934,2.961,-0.032,0.188,10.005,9.966,0.318,0.824,-0.509,0.888,-0.553,0.109,-0.254,0.074,-3.09,-6.22,13.43,0.52,-2.63,0.381,0.375,0.039,1561,1439,1525,1520,10.00,10.06,19.89,19.85
1787303456.853,35.014,True,1,2.931,2.961,-0.036,0.214,10.031,9.977,0.318,0.815,-0.505,0.886,-0.551,0.115,-0.227,0.048,-3.49,-6.48,13.69,0.82,-2.43,0.451,0.423,0.033,1568,1434,1524,1520,10.00,10.06,-0.17,-0.22
1787303456.863,35.024,True,1,2.931,2.961,-0.036,0.214,10.031,9.978,0.318,0.815,-0.505,0.884,-0.550,0.115,-0.227,0.048,-3.49,-6.48,13.69,0.80,-2.44,0.450,0.421,0.033,1568,1434,1524,1520,10.00,10.06,9.84,9.79
1787303456.873,35.034,True,1,2.931,2.961,-0.036,0.215,10.031,9.979,0.318,0.815,-0.505,0.881,-0.548,0.115,-0.227,0.048,-3.49,-6.48,13.69,0.79,-2.46,0.449,0.420,0.033,1568,1434,1524,1520,10.00,10.06,19.83,19.78
1787303456.883,35.044,True,1,2.931,2.961,-0.036,0.215,10.032,9.979,0.319,0.815,-0.505,0.879,-0.547,0.115,-0.227,0.048,-3.49,-6.48,13.69,0.78,-2.47,0.447,0.419,0.032,1568,1434,1524,1520,10.00,10.06,29.84,29.79
1787303456.893,35.054,True,1,2.931,2.961,-0.036,0.215,10.032,9.980,0.319,0.815,-0.505,0.877,-0.546,0.115,-0.227,0.048,-3.49,-6.48,13.69,0.77,-2.48,0.446,0.417,0.032,1568,1434,1524,1520,10.00,10.06,39.84,39.79
1787303456.903,35.065,True,1,2.927,2.961,-0.020,0.183,10.000,9.951,0.318,0.807,-0.503,0.875,-0.544,0.121,-0.221,0.040,-3.66,-5.94,14.16,0.83,-2.47,0.469,0.363,0.010,1570,1440,1521,1519,10.00,10.06,-0.35,-0.30
1787303456.913,35.074,True,1,2.927,2.961,-0.020,0.184,10.001,9.952,0.318,0.807,-0.503,0.872,-0.543,0.121,-0.221,0.040,-3.66,-5.94,14.16,0.82,-2.49,0.468,0.362,0.010,1570,1440,1521,1519,10.00,10.06,9.65,9.70
1787303456.923,35.084,True,1,2.927,2.961,-0.020,0.184,10.001,9.953,0.318,0.807,-0.503,0.870,-0.541,0.121,-0.221,0.040,-3.66,-5.94,14.16,0.81,-2.50,0.467,0.360,0.009,1570,1440,1521,1519,10.00,10.06,19.65,19.69
1787303456.933,35.094,True,1,2.927,2.961,-0.020,0.184,10.002,9.954,0.318,0.807,-0.503,0.868,-0.540,0.121,-0.221,0.040,-3.66,-5.94,14.16,0.80,-2.51,0.466,0.359,0.009,1570,1440,1521,1519,10.00,10.06,29.65,29.70
1787303456.943,35.104,True,1,2.927,2.961,-0.020,0.185,10.002,9.954,0.318,0.807,-0.503,0.866,-0.539,0.121,-0.221,0.040,-3.66,-5.94,14.16,0.79,-2.52,0.465,0.358,0.009,1570,1440,1521,1519,10.00,10.07,39.65,39.70
1787303456.953,35.114,True,1,2.927,2.961,-0.020,0.185,10.003,9.955,0.318,0.807,-0.503,0.864,-0.538,0.121,-0.221,0.040,-3.66,-5.94,14.16,0.78,-2.53,0.463,0.357,0.009,1570,1441,1521,1519,9.99,10.06,49.65,49.69
1787303456.963,35.124,True,1,2.927,2.961,-0.020,0.186,10.003,9.956,0.318,0.807,-0.503,0.862,-0.536,0.121,-0.221,0.040,-3.66,-5.94,14.16,0.77,-2.55,0.462,0.355,0.009,1570,1441,1521,1519,10.00,10.06,59.65,59.70
1787303456.973,35.134,True,1,2.927,2.961,-0.020,0.186,10.003,9.956,0.318,0.807,-0.503,0.860,-0.535,0.121,-0.221,0.040,-3.66,-5.94,14.16,0.76,-2.56,0.461,0.354,0.009,1569,1441,1521,1519,10.00,10.06,69.65,69.69
1787303456.984,35.145,True,1,2.922,2.961,0.033,0.044,9.862,9.837,0.314,0.792,-0.500,0.858,-0.534,0.134,-0.157,-0.032,-2.11,-3.90,14.95,1.62,-2.16,0.387,0.184,-0.041,1562,1459,1474,1515,10.00,10.06,-0.63,-0.58
1787303456.993,35.154,True,1,2.922,2.961,0.033,0.045,9.862,9.837,0.314,0.792,-0.500,0.856,-0.533,0.134,-0.157,-0.032,-2.11,-3.90,14.95,1.61,-2.18,0.386,0.182,-0.041,1562,1459,1474,1515,10.00,10.06,9.37,9.42
1787303457.003,35.164,True,1,2.922,2.961,0.033,0.045,9.863,9.838,0.314,0.792,-0.500,0.854,-0.532,0.134,-0.157,-0.032,-2.11,-3.90,14.95,1.60,-2.19,0.385,0.181,-0.041,1561,1460,1474,1515,10.00,10.06,19.38,19.43
1787303457.013,35.174,True,1,2.922,2.961,0.033,0.046,9.863,9.838,0.314,0.792,-0.500,0.852,-0.531,0.134,-0.157,-0.032,-2.11,-3.90,14.95,1.59,-2.20,0.384,0.180,-0.041,1561,1460,1474,1515,10.00,10.06,29.37,29.42
1787303457.023,35.184,True,1,2.922,2.961,0.033,0.046,9.864,9.839,0.314,0.792,-0.500,0.850,-0.530,0.134,-0.157,-0.032,-2.11,-3.90,14.95,1.58,-2.21,0.383,0.178,-0.041,1561,1460,1474,1515,10.00,10.06,39.37,39.42
1787303457.033,35.194,True,1,2.922,2.961,0.033,0.046,9.864,9.840,0.314,0.792,-0.500,0.848,-0.529,0.134,-0.157,-0.032,-2.11,-3.90,14.95,1.57,-2.23,0.382,0.177,-0.041,1561,1460,1474,1515,10.00,10.06,49.38,49.43
1787303457.043,35.204,True,1,2.922,2.961,0.033,0.047,9.865,9.840,0.314,0.792,-0.500,0.846,-0.528,0.134,-0.157,-0.032,-2.11,-3.90,14.95,1.56,-2.24,0.381,0.176,-0.041,1561,1460,1474,1515,10.00,10.06,59.37,59.42
1787303457.053,35.215,True,1,2.926,2.961,0.122,-0.233,9.584,9.578,0.306,0.781,-0.502,0.844,-0.527,0.145,-0.109,-0.058,-0.09,-1.76,15.49,1.99,-1.92,0.216,-0.017,-0.072,1543,1521,1470,1506,10.00,10.06,-0.42,-0.47
1787303457.063,35.224,True,1,2.926,2.961,0.129,-0.254,9.564,9.560,0.305,0.780,-0.502,0.842,-0.526,0.146,-0.106,-0.062,0.71,-1.10,15.72,2.02,-1.92,0.136,-0.087,-0.081,1535,1529,1468,1505,10.00,10.06,-0.05,-0.11
1787303457.075,35.237,True,1,2.926,2.961,0.129,-0.254,9.564,9.561,0.305,0.780,-0.502,0.840,-0.525,0.146,-0.106,-0.062,1.07,-0.81,15.83,2.01,-1.94,0.097,-0.120,-0.084,1530,1533,1468,1505,10.00,10.06,-2.21,9.89
1787303457.083,35.244,True,1,2.926,2.961,0.129,-0.254,9.564,9.561,0.305,0.780,-0.502,0.838,-0.525,0.146,-0.106,-0.062,1.07,-0.81,15.83,2.00,-1.95,0.096,-0.121,-0.084,1530,1533,1468,1505,10.00,10.07,7.80,19.89
1787303457.093,35.254,True,1,2.926,2.961,0.129,-0.253,9.565,9.562,0.305,0.780,-0.502,0.836,-0.524,0.146,-0.106,-0.062,1.07,-0.81,15.83,1.99,-1.96,0.095,-0.123,-0.084,1530,1533,1468,1505,10.00,10.06,17.79,29.89
1787303457.103,35.264,True,1,2.926,2.961,0.129,-0.253,9.565,9.562,0.305,0.780,-0.502,0.834,-0.523,0.146,-0.106,-0.062,1.07,-0.81,15.83,1.98,-1.97,0.094,-0.124,-0.084,1530,1533,1468,1505,10.00,10.06,27.79,39.89
1787303457.113,35.274,True,1,2.926,2.961,0.129,-0.253,9.565,9.562,0.305,0.780,-0.502,0.832,-0.522,0.146,-0.106,-0.062,1.07,-0.81,15.83,1.98,-1.99,0.094,-0.125,-0.084,1530,1533,1468,1505,10.00,10.06,37.79,49.89
1787303457.123,35.284,True,1,2.926,2.961,0.129,-0.252,9.566,9.563,0.305,0.780,-0.502,0.830,-0.522,0.146,-0.106,-0.062,1.07,-0.81,15.83,1.97,-2.00,0.093,-0.126,-0.084,1530,1533,1468,1505,10.00,10.06,47.79,59.89
1787303457.133,35.295,True,1,2.935,2.961,0.188,-0.466,9.352,9.340,0.298,0.770,-0.503,0.828,-0.521,0.156,-0.110,-0.053,3.01,0.58,16.36,1.88,-2.09,-0.118,-0.285,-0.095,1466,1551,1466,1497,10.00,10.06,-0.43,-0.48
1787303457.143,35.304,True,1,2.935,2.961,0.188,-0.465,9.352,9.340,0.298,0.770,-0.503,0.826,-0.521,0.156,-0.110,-0.053,3.01,0.58,16.36,1.87,-2.11,-0.118,-0.286,-0.095,1466,1551,1466,1497,10.01,10.07,9.57,9.52
1787303457.153,35.314,True,1,2.935,2.961,0.188,-0.465,9.353,9.341,0.298,0.770,-0.503,0.824,-0.520,0.156,-0.110,-0.053,3.01,0.58,16.36,1.87,-2.12,-0.119,-0.288,-0.095,1466,1551,1466,1497,9.99,10.06,19.57,19.52
1787303457.163,35.324,True,1,2.935,2.961,0.188,-0.465,9.353,9.341,0.298,0.770,-0.503,0.823,-0.519,0.156,-0.110,-0.053,3.01,0.58,16.36,1.86,-2.13,-0.120,-0.289,-0.095,1466,1551,1466,1497,10.00,10.06,29.57,29.52
1787303457.173,35.334,True,1,2.935,2.961,0.188,-0.465,9.353,9.341,0.298,0.770,-0.503,0.821,-0.519,0.156,-0.110,-0.053,3.01,0.58,16.36,1.85,-2.14,-0.121,-0.290,-0.094,1466,1551,1466,1497,10.00,10.06,39.57,39.52
1787303457.183,35.345,True,1,2.942,2.961,0.188,-0.492,9.326,9.294,0.297,0.764,-0.502,0.819,-0.518,0.161,-0.163,-0.019,4.37,1.03,16.76,1.30,-2.63,-0.319,-0.391,-0.098,1445,1562,1466,1495,10.00,10.06,-0.27,-0.32
1787303457.193,35.354,True,1,2.942,2.961,0.188,-0.492,9.327,9.294,0.297,0.764,-0.502,0.817,-0.518,0.161,-0.163,-0.019,4.37,1.03,16.76,1.29,-2.64,-0.320,-0.393,-0.097,1444,1562,1466,1495,10.00,10.06,9.73,9.68
1787303457.203,35.364,True,1,2.942,2.961,0.188,-0.492,9.327,9.294,0.297,0.764,-0.502,0.815,-0.517,0.161,-0.163,-0.019,4.37,1.03,16.76,1.28,-2.65,-0.321,-0.394,-0.097,1444,1562,1466,1495,10.00,10.06,19.73,19.68
1787303457.213,35.374,True,1,2.942,2.961,0.188,-0.492,9.327,9.294,0.297,0.764,-0.502,0.814,-0.517,0.161,-0.163,-0.019,4.37,1.03,16.76,1.28,-2.67,-0.321,-0.395,-0.097,1444,1562,1466,1495,10.00,10.06,29.73,29.68
1787303457.223,35.385,True,1,2.950,2.961,0.225,-0.632,9.187,9.130,0.291,0.759,-0.501,0.812,-0.516,0.166,-0.162,-0.003,5.82,1.60,17.11,1.10,-2.67,-0.490,-0.459,-0.096,1426,1569,1466,1489,10.00,10.06,-0.25,-0.30
1787303457.233,35.394,True,1,2.950,2.961,0.225,-0.632,9.187,9.130,0.291,0.759,-0.501,0.810,-0.516,0.166,-0.162,-0.003,5.82,1.60,17.11,1.10,-2.68,-0.491,-0.460,-0.096,1426,1569,1466,1489,10.00,10.06,9.74,9.70
1787303457.243,35.404,True,1,2.950,2.961,0.225,-0.632,9.187,9.130,0.291,0.759,-0.501,0.808,-0.515,0.166,-0.162,-0.003,5.82,1.60,17.11,1.09,-2.69,-0.491,-0.461,-0.096,1426,1569,1466,1489,10.00,10.06,19.75,19.70
1787303457.253,35.414,True,1,2.960,2.961,0.253,-0.757,9.062,8.996,0.287,0.752,-0.499,0.806,-0.515,0.172,-0.191,0.017,6.14,1.45,17.25,0.78,-3.00,-0.558,-0.479,-0.098,1419,1571,1466,1484,10.00,10.06,-0.16,-0.21
1787303457.263,35.424,True,1,2.960,2.961,0.253,-0.757,9.062,8.995,0.287,0.752,-0.499,0.805,-0.514,0.172,-0.191,0.017,6.14,1.45,17.25,0.77,-3.01,-0.559,-0.480,-0.098,1419,1571,1466,1484,10.00,10.06,9.84,9.79
1787303457.273,35.434,True,1,2.960,2.961,0.253,-0.757,9.063,8.995,0.287,0.752,-0.499,0.803,-0.514,0.172,-0.191,0.017,6.14,1.45,17.25,0.76,-3.02,-0.560,-0.481,-0.097,1419,1572,1466,1484,10.00,10.06,19.84,19.79
1787303457.283,35.444,True,1,2.960,2.961,0.253,-0.757,9.063,8.995,0.287,0.752,-0.499,0.801,-0.513,0.172,-0.191,0.017,6.14,1.45,17.25,0.75,-3.04,-0.561,-0.483,-0.097,1419,1572,1466,1484,10.00,10.06,29.84,29.79
1787303457.293,35.454,True,1,2.960,2.961,0.253,-0.757,9.063,8.995,0.287,0.752,-0.499,0.800,-0.513,0.172,-0.191,0.017,6.14,1.45,17.25,0.75,-3.05,-0.561,-0.484,-0.097,1419,1572,1466,1484,10.00,10.06,39.84,39.79
1787303457.303,35.465,True,1,2.971,2.961,0.310,-0.971,8.848,8.793,0.281,0.745,-0.496,0.798,-0.512,0.178,-0.189,0.040,5.75,0.60,17.35,0.50,-3.04,-0.549,-0.394,-0.114,1420,1562,1464,1476,10.00,10.06,-0.35,-0.30
1787303457.313,35.474,True,1,2.971,2.961,0.310,-0.971,8.848,8.793,0.281,0.745,-0.496,0.796,-0.512,0.178,-0.189,0.040,5.75,0.60,17.35,0.49,-3.05,-0.549,-0.395,-0.114,1420,1562,1464,1476,10.00,10.06,9.65,9.70
1787303457.323,35.484,True,1,2.971,2.961,0.310,-0.972,8.848,8.793,0.281,0.745,-0.496,0.794,-0.511,0.178,-0.189,0.040,5.75,0.60,17.35,0.48,-3.06,-0.550,-0.396,-0.114,1420,1563,1464,1476,10.00,10.06,19.65,19.70
1787303457.333,35.494,True,1,2.971,2.961,0.310,-0.972,8.848,8.793,0.281,0.745,-0.496,0.793,-0.511,0.178,-0.189,0.040,5.75,0.60,17.35,0.48,-3.07,-0.551,-0.398,-0.114,1420,1563,1464,1476,10.00,10.06,29.65,29.70
1787303457.343,35.505,True,1,2.988,2.961,0.331,-1.103,8.717,8.681,0.277,0.734,-0.491,0.791,-0.510,0.188,-0.205,0.075,4.74,-1.03,17.20,0.04,-3.19,-0.495,-0.237,-0.127,1426,1546,1462,1472,10.00,10.06,-0.31,-0.26
1787303457.353,35.514,True,1,2.988,2.961,0.331,-1.104,8.717,8.681,0.277,0.734,-0.491,0.789,-0.509,0.188,-0.205,0.075,4.74,-1.03,17.20,0.03,-3.20,-0.496,-0.238,-0.127,1426,1546,1462,1472,10.00,10.06,9.70,9.74
1787303457.363,35.524,True,1,2.988,2.961,0.331,-1.104,8.716,8.681,0.277,0.734,-0.491,0.787,-0.509,0.188,-0.205,0.075,4.74,-1.03,17.20,0.02,-3.22,-0.497,-0.240,-0.127,1426,1546,1462,1472,10.00,10.06,19.69,19.74
1787303457.373,35.534,True,1,2.988,2.961,0.331,-1.104,8.716,8.680,0.277,0.734,-0.491,0.785,-0.508,0.188,-0.205,0.075,4.74,-1.03,17.20,0.01,-3.23,-0.498,-0.241,-0.126,1426,1546,1462,1472,10.00,10.06,29.69,29.74
1787303457.383,35.544,True,1,2.998,2.961,0.340,-1.174,8.647,8.623,0.275,0.727,-0.486,0.783,-0.507,0.194,-0.215,0.106,3.78,-2.40,16.99,-0.37,-3.28,-0.440,-0.102,-0.130,1432,1531,1461,1469,10.00,10.06,-0.30,-0.25
1787303457.393,35.554,True,1,2.998,2.961,0.340,-1.175,8.647,8.623,0.275,0.727,-0.486,0.781,-0.507,0.194,-0.215,0.106,3.78,-2.40,16.99,-0.38,-3.30,-0.441,-0.103,-0.130,1432,1531,1461,1469,10.00,10.06,9.71,9.75
1787303457.403,35.564,True,1,2.998,2.961,0.340,-1.175,8.646,8.622,0.275,0.727,-0.486,0.780,-0.506,0.194,-0.215,0.106,3.78,-2.40,16.99,-0.39,-3.31,-0.442,-0.105,-0.130,1431,1531,1461,1469,10.00,10.06,19.71,19.76
1787303457.413,35.574,True,1,2.998,2.961,0.340,-1.175,8.646,8.622,0.275,0.727,-0.486,0.778,-0.505,0.194,-0.215,0.106,3.78,-2.40,16.99,-0.40,-3.33,-0.443,-0.106,-0.130,1431,1531,1461,1469,10.00,10.06,29.70,29.75
1787303457.423,35.584,True,1,2.998,2.961,0.340,-1.176,8.646,8.622,0.275,0.727,-0.486,0.776,-0.505,0.194,-0.215,0.106,3.78,-2.40,16.99,-0.41,-3.34,-0.444,-0.108,-0.130,1431,1531,1461,1469,10.00,10.06,39.70,39.75
1787303457.433,35.594,True,1,2.998,2.961,0.340,-1.176,8.646,8.621,0.275,0.727,-0.486,0.774,-0.504,0.194,-0.215,0.106,3.78,-2.40,16.99,-0.42,-3.35,-0.445,-0.109,-0.130,1431,1532,1461,1469,10.00,10.06,49.71,49.75
1787303457.443,35.604,True,1,2.998,2.961,0.340,-1.176,8.645,8.621,0.275,0.727,-0.486,0.773,-0.503,0.194,-0.215,0.106,3.78,-2.40,16.99,-0.42,-3.37,-0.446,-0.110,-0.130,1431,1532,1461,1469,10.00,10.06,59.71,59.75
1787303457.453,35.615,True,1,3.023,2.961,0.310,-1.186,8.632,8.617,0.275,0.710,-0.474,0.771,-0.502,0.209,-0.182,0.137,1.35,-5.62,16.31,-0.64,-2.91,-0.219,0.281,-0.113,1455,1449,1464,1469,10.00,10.06,-0.48,-0.53
1787303457.463,35.624,True,1,3.026,2.961,0.326,-1.246,8.571,8.553,0.273,0.708,-0.473,0.769,-0.501,0.211,-0.159,0.132,0.93,-6.08,16.17,-0.52,-2.70,-0.163,0.353,-0.106,1462,1441,1465,1467,10.00,10.06,-0.05,-0.11
1787303457.473,35.634,True,1,3.026,2.961,0.326,-1.247,8.570,8.552,0.273,0.708,-0.473,0.767,-0.500,0.211,-0.159,0.132,0.93,-6.08,16.17,-0.53,-2.71,-0.164,0.352,-0.106,1461,1441,1465,1467,10.00,10.06,9.95,9.89
1787303457.483,35.644,True,1,3.026,2.961,0.326,-1.247,8.570,8.552,0.273,0.708,-0.473,0.765,-0.500,0.211,-0.159,0.132,0.93,-6.08,16.17,-0.54,-2.73,-0.165,0.350,-0.106,1461,1441,1465,1467,10.00,10.06,19.95,19.89
1787303457.493,35.654,True,1,3.026,2.961,0.326,-1.248,8.569,8.552,0.273,0.708,-0.473,0.763,-0.499,0.211,-0.159,0.132,0.93,-6.08,16.17,-0.55,-2.74,-0.166,0.348,-0.106,1461,1441,1465,1467,10.00,10.06,29.95,29.89
1787303457.503,35.664,True,1,3.026,2.961,0.326,-1.248,8.569,8.551,0.273,0.708,-0.473,0.761,-0.498,0.211,-0.159,0.132,0.93,-6.08,16.17,-0.56,-2.76,-0.167,0.347,-0.106,1461,1442,1465,1467,10.00,10.06,39.95,39.89
1787303457.513,35.674,True,1,3.026,2.961,0.326,-1.249,8.568,8.551,0.273,0.708,-0.473,0.759,-0.497,0.211,-0.159,0.132,0.93,-6.08,16.17,-0.57,-2.77,-0.169,0.345,-0.106,1461,1442,1465,1467,10.00,10.06,49.95,49.89
1787303457.523,35.684,True,1,3.026,2.961,0.326,-1.250,8.567,8.550,0.273,0.708,-0.473,0.758,-0.496,0.211,-0.159,0.132,0.93,-6.08,16.17,-0.58,-2.78,-0.170,0.344,-0.106,1461,1442,1465,1467,10.00,10.06,59.95,59.89
1787303457.533,35.694,True,1,3.026,2.961,0.326,-1.250,8.567,8.550,0.273,0.708,-0.473,0.756,-0.495,0.211,-0.159,0.132,0.93,-6.08,16.17,-0.59,-2.80,-0.171,0.343,-0.106,1461,1442,1465,1467,10.00,10.06,69.95,69.89
1787303457.543,35.704,True,1,3.026,2.961,0.326,-1.251,8.566,8.549,0.273,0.708,-0.473,0.754,-0.495,0.211,-0.159,0.132,0.93,-6.08,16.17,-0.60,-2.81,-0.172,0.341,-0.106,1461,1442,1465,1467,10.00,10.06,79.95,79.90
1787303457.554,35.715,True,1,3.043,2.961,0.212,-0.979,8.835,8.781,0.280,0.694,-0.460,0.752,-0.493,0.224,-0.116,0.148,-1.41,-8.47,15.35,-0.61,-2.22,0.075,0.656,-0.048,1528,1409,1473,1476,10.00,10.06,-0.56,-0.61
1787303457.563,35.724,True,1,3.043,2.961,0.212,-0.980,8.834,8.781,0.280,0.694,-0.460,0.750,-0.492,0.224,-0.116,0.148,-1.41,-8.47,15.35,-0.62,-2.24,0.073,0.655,-0.048,1528,1409,1473,1476,10.00,10.07,9.44,9.39
1787303457.573,35.734,True,1,3.043,2.961,0.212,-0.981,8.833,8.780,0.280,0.694,-0.460,0.749,-0.491,0.224,-0.116,0.148,-1.41,-8.47,15.35,-0.63,-2.25,0.072,0.653,-0.048,1528,1410,1473,1476,9.99,10.06,19.43,19.39
1787303457.583,35.744,True,1,3.043,2.961,0.212,-0.982,8.833,8.780,0.280,0.694,-0.460,0.747,-0.490,0.224,-0.116,0.148,-1.41,-8.47,15.35,-0.64,-2.26,0.071,0.652,-0.049,1527,1410,1473,1476,10.00,10.06,29.43,29.39
1787303457.593,35.754,True,1,3.043,2.961,0.212,-0.982,8.832,8.779,0.280,0.694,-0.460,0.745,-0.489,0.224,-0.116,0.148,-1.41,-8.47,15.35,-0.65,-2.28,0.070,0.650,-0.049,1527,1410,1473,1476,10.00,10.06,39.44,39.39
1787303457.603,35.764,True,1,3.043,2.961,0.212,-0.983,8.831,8.779,0.280,0.694,-0.460,0.743,-0.488,0.224,-0.116,0.148,-1.41,-8.47,15.35,-0.66,-2.29,0.069,0.649,-0.049,1527,1410,1473,1476,10.00,10.06,49.44,49.39
1787303457.613,35.774,True,1,3.043,2.961,0.212,-0.984,8.830,8.779,0.280,0.694,-0.460,0.742,-0.487,0.224,-0.116,0.148,-1.41,-8.47,15.35,-0.68,-2.30,0.068,0.648,-0.049,1527,1410,1473,1476,10.00,10.06,59.44,59.39
1787303457.623,35.784,True,1,3.043,2.961,0.212,-0.985,8.830,8.778,0.280,0.694,-0.460,0.740,-0.486,0.224,-0.116,0.148,-1.41,-8.47,15.35,-0.69,-2.32,0.066,0.646,-0.049,1527,1410,1473,1476,10.00,10.06,69.44,69.39
1787303457.634,35.795,True,1,3.050,2.961,0.069,-0.583,9.228,9.145,0.292,0.685,-0.446,0.738,-0.485,0.233,-0.071,0.157,-2.58,-9.18,14.61,-0.61,-1.72,0.201,0.782,0.002,1542,1396,1520,1490,10.00,10.06,-0.56,-0.60
1787303457.643,35.804,True,1,3.050,2.961,0.069,-0.584,9.227,9.144,0.292,0.685,-0.446,0.736,-0.484,0.233,-0.071,0.157,-2.58,-9.18,14.61,-0.62,-1.73,0.200,0.781,0.002,1541,1397,1520,1490,10.00,10.06,9.45,9.40
1787303457.653,35.814,True,1,3.050,2.961,0.069,-0.585,9.227,9.144,0.292,0.685,-0.446,0.735,-0.482,0.233,-0.071,0.157,-2.58,-9.18,14.61,-0.64,-1.74,0.198,0.779,0.002,1541,1397,1520,1489,10.00,10.06,19.44,19.40
1787303457.663,35.824,True,1,3.050,2.961,0.069,-0.586,9.226,9.143,0.292,0.685,-0.446,0.733,-0.481,0.233,-0.071,0.157,-2.58,-9.18,14.61,-0.65,-1.76,0.197,0.778,0.002,1541,1397,1520,1489,10.00,10.06,29.44,29.40
1787303457.673,35.834,True,1,3.050,2.961,0.069,-0.587,9.225,9.143,0.292,0.685,-0.446,0.731,-0.480,0.233,-0.071,0.157,-2.58,-9.18,14.61,-0.66,-1.77,0.196,0.777,0.002,1541,1397,1520,1489,10.00,10.06,39.45,39.40
1787303457.683,35.844,True,1,3.050,2.961,0.069,-0.588,9.224,9.142,0.292,0.685,-0.446,0.730,-0.479,0.233,-0.071,0.157,-2.58,-9.18,14.61,-0.67,-1.78,0.195,0.776,0.002,1541,1397,1520,1489,10.00,10.06,49.45,49.40
1787303457.693,35.854,True,1,3.050,2.961,0.069,-0.588,9.223,9.142,0.292,0.685,-0.446,0.728,-0.478,0.233,-0.071,0.157,-2.58,-9.18,14.61,-0.68,-1.79,0.193,0.774,0.002,1541,1397,1520,1489,10.00,10.06,59.44,59.40
1787303457.703,35.865,True,1,3.047,2.961,-0.010,-0.341,9.469,9.407,0.300,0.681,-0.437,0.727,-0.476,0.238,-0.023,0.162,-2.38,-7.53,13.75,-0.59,-1.25,0.189,0.657,0.032,1540,1409,1524,1499,10.00,10.06,-0.46,-0.41
1787303457.713,35.874,True,1,3.047,2.961,-0.010,-0.342,9.468,9.407,0.300,0.681,-0.437,0.725,-0.475,0.238,-0.023,0.162,-2.38,-7.53,13.75,-0.60,-1.26,0.187,0.656,0.032,1540,1409,1524,1499,10.01,10.07,9.55,9.60
1787303457.723,35.884,True,1,3.045,2.961,-0.038,-0.249,9.560,9.500,0.303,0.680,-0.432,0.724,-0.474,0.239,-0.001,0.165,-2.19,-7.24,13.59,-0.57,-1.02,0.171,0.650,0.036,1538,1410,1524,1503,9.99,10.06,-0.11,-0.16
1787303457.733,35.894,True,1,3.045,2.961,-0.038,-0.250,9.559,9.499,0.303,0.680,-0.432,0.722,-0.472,0.239,-0.001,0.165,-2.19,-7.24,13.59,-0.58,-1.03,0.170,0.649,0.036,1538,1410,1524,1503,10.00,10.06,9.89,9.84
1787303457.743,35.904,True,1,3.045,2.961,-0.038,-0.251,9.558,9.498,0.303,0.680,-0.432,0.721,-0.471,0.239,-0.001,0.165,-2.19,-7.24,13.59,-0.59,-1.04,0.169,0.648,0.036,1538,1410,1524,1503,10.00,10.06,19.89,19.84
1787303457.753,35.914,True,1,3.045,2.961,-0.038,-0.252,9.557,9.498,0.303,0.680,-0.432,0.720,-0.470,0.239,-0.001,0.165,-2.19,-7.24,13.59,-0.61,-1.05,0.167,0.647,0.036,1538,1410,1524,1503,10.00,10.06,29.89,29.84
1787303457.763,35.924,True,1,3.045,2.961,-0.038,-0.252,9.556,9.497,0.303,0.680,-0.432,0.718,-0.468,0.239,-0.001,0.165,-2.19,-7.24,13.59,-0.62,-1.06,0.166,0.646,0.036,1538,1410,1524,1503,10.00,10.06,39.89,39.84
1787303457.773,35.934,True,1,3.045,2.961,-0.038,-0.253,9.556,9.497,0.303,0.680,-0.432,0.717,-0.467,0.239,-0.001,0.165,-2.19,-7.24,13.59,-0.63,-1.07,0.165,0.645,0.036,1538,1410,1524,1503,10.00,10.07,49.89,49.85
1787303457.783,35.944,True,1,3.045,2.961,-0.038,-0.254,9.555,9.496,0.303,0.680,-0.432,0.716,-0.466,0.239,-0.001,0.165,-2.19,-7.24,13.59,-0.64,-1.07,0.164,0.644,0.036,1538,1410,1524,1503,10.00,10.07,59.89,59.85
1787303457.793,35.954,True,1,3.045,2.961,-0.038,-0.255,9.554,9.496,0.303,0.680,-0.432,0.715,-0.465,0.239,-0.001,0.165,-2.19,-7.24,13.59,-0.65,-1.08,0.163,0.643,0.036,1537,1411,1524,1503,10.00,10.06,69.89,69.84
1787303457.803,35.965,True,1,3.035,2.961,-0.109,-0.002,9.806,9.780,0.312,0.681,-0.420,0.713,-0.463,0.239,0.037,0.166,-0.49,-4.87,12.32,-0.55,-0.69,-0.000,0.438,0.070,1479,1432,1529,1513,10.00,10.06,-0.57,-0.52
1787303457.813,35.974,True,1,3.035,2.961,-0.109,-0.003,9.805,9.779,0.312,0.681,-0.420,0.712,-0.462,0.239,0.037,0.166,-0.49,-4.87,12.32,-0.56,-0.70,-0.002,0.437,0.070,1479,1432,1529,1513,10.01,10.07,9.44,9.49
1787303457.823,35.984,True,1,3.035,2.961,-0.109,-0.004,9.804,9.778,0.312,0.681,-0.420,0.711,-0.461,0.239,0.037,0.166,-0.49,-4.87,12.32,-0.57,-0.70,-0.003,0.436,0.070,1479,1432,1529,1513,9.99,10.06,19.43,19.48
1787303457.833,35.994,True,1,3.035,2.961,-0.109,-0.004,9.804,9.778,0.312,0.681,-0.420,0.710,-0.459,0.239,0.037,0.166,-0.49,-4.87,12.32,-0.59,-0.71,-0.004,0.435,0.070,1479,1432,1529,1513,10.00,10.06,29.43,29.48
1787303457.843,36.004,True,1,3.035,2.961,-0.109,-0.005,9.803,9.777,0.312,0.681,-0.420,0.709,-0.458,0.239,0.037,0.166,-0.49,-4.87,12.32,-0.60,-0.72,-0.005,0.435,0.070,1479,1432,1529,1513,10.00,10.06,39.43,39.48
1787303457.853,36.014,True,1,3.035,2.961,-0.109,-0.006,9.802,9.776,0.312,0.681,-0.420,0.708,-0.457,0.239,0.037,0.166,-0.49,-4.87,12.32,-0.61,-0.72,-0.006,0.434,0.070,1479,1432,1529,1513,10.01,10.07,49.44,49.49
1787303457.863,36.024,True,1,3.035,2.961,-0.109,-0.007,9.801,9.776,0.312,0.681,-0.420,0.708,-0.455,0.239,0.037,0.166,-0.49,-4.87,12.32,-0.62,-0.73,-0.008,0.433,0.070,1479,1432,1529,1513,10.00,10.07,59.44,59.49
1787303457.873,36.034,True,1,3.035,2.961,-0.109,-0.007,9.801,9.775,0.312,0.681,-0.420,0.707,-0.454,0.239,0.037,0.166,-0.49,-4.87,12.32,-0.63,-0.74,-0.009,0.432,0.070,1479,1433,1529,1513,10.00,10.06,69.43,69.48
1787303457.883,36.045,True,1,3.020,2.961,-0.138,0.136,9.944,9.936,0.317,0.685,-0.403,0.706,-0.453,0.238,0.072,0.189,0.93,-1.79,11.26,-0.78,-0.34,-0.175,0.154,0.111,1460,1462,1535,1519,10.00,10.06,-0.52,-0.56
1787303457.893,36.054,True,1,3.020,2.961,-0.138,0.136,9.943,9.936,0.317,0.685,-0.403,0.705,-0.451,0.238,0.072,0.189,0.93,-1.79,11.26,-0.79,-0.34,-0.177,0.153,0.111,1460,1463,1535,1519,10.00,10.06,9.49,9.44
1787303457.903,36.064,True,1,3.015,2.961,-0.145,0.175,9.983,9.974,0.318,0.687,-0.398,0.705,-0.449,0.238,0.067,0.188,1.64,-0.59,10.79,-0.80,-0.40,-0.254,0.023,0.133,1452,1477,1538,1520,10.00,10.06,-0.18,-0.13
1787303457.913,36.074,True,1,3.015,2.961,-0.145,0.175,9.982,9.973,0.318,0.687,-0.398,0.704,-0.447,0.238,0.067,0.188,1.64,-0.59,10.79,-0.81,-0.41,-0.256,0.023,0.133,1451,1477,1538,1520,10.00,10.06,9.81,9.86
1787303457.923,36.084,True,1,3.015,2.961,-0.145,0.174,9.982,9.973,0.318,0.687,-0.398,0.703,-0.446,0.238,0.067,0.188,1.64,-0.59,10.79,-0.83,-0.41,-0.257,0.022,0.133,1451,1477,1538,1520,10.00,10.06,19.81,19.86
1787303457.933,36.094,True,1,3.015,2.961,-0.145,0.174,9.981,9.972,0.318,0.687,-0.398,0.703,-0.444,0.238,0.067,0.188,1.64,-0.59,10.79,-0.84,-0.41,-0.258,0.022,0.133,1451,1477,1538,1520,10.01,10.07,29.82,29.87
1787303457.943,36.104,True,1,3.015,2.961,-0.145,0.173,9.981,9.971,0.318,0.687,-0.398,0.702,-0.443,0.238,0.067,0.188,1.64,-0.59,10.79,-0.85,-0.42,-0.260,0.021,0.133,1451,1477,1538,1520,10.00,10.06,39.81,39.87
1787303457.953,36.114,True,1,3.015,2.961,-0.145,0.172,9.980,9.971,0.318,0.687,-0.398,0.702,-0.441,0.238,0.067,0.188,1.64,-0.59,10.79,-0.86,-0.42,-0.261,0.021,0.133,1451,1477,1538,1520,10.01,10.07,49.82,49.87
1787303457.963,36.125,True,1,3.009,2.961,-0.156,0.230,10.039,10.018,0.320,0.690,-0.382,0.701,-0.439,0.239,0.052,0.209,2.33,1.00,10.00,-1.11,-0.55,-0.363,-0.156,0.174,1440,1537,1544,1522,9.99,10.06,-0.45,-0.50
1787303457.973,36.134,True,1,3.009,2.961,-0.156,0.230,10.039,10.015,0.320,0.690,-0.382,0.701,-0.437,0.239,0.052,0.209,2.37,1.25,9.78,-1.12,-0.56,-0.370,-0.182,0.185,1439,1540,1545,1522,10.01,10.07,-0.08,9.51
1787303457.983,36.144,True,1,3.009,2.961,-0.156,0.229,10.039,10.015,0.320,0.690,-0.382,0.701,-0.435,0.239,0.052,0.209,2.37,1.25,9.78,-1.13,-0.56,-0.371,-0.182,0.185,1439,1540,1545,1521,10.00,10.06,9.92,19.51
1787303457.993,36.154,True,1,3.009,2.961,-0.156,0.229,10.038,10.014,0.320,0.690,-0.382,0.700,-0.434,0.239,0.052,0.209,2.37,1.25,9.78,-1.15,-0.56,-0.372,-0.182,0.185,1439,1540,1545,1521,10.00,10.06,19.91,29.50
1787303458.003,36.164,True,1,3.009,2.961,-0.156,0.228,10.038,10.014,0.320,0.690,-0.382,0.700,-0.432,0.239,0.052,0.209,2.37,1.25,9.78,-1.16,-0.57,-0.374,-0.183,0.185,1439,1540,1545,1521,10.00,10.07,29.92,39.51
1787303458.013,36.174,True,1,3.009,2.961,-0.156,0.228,10.037,10.013,0.320,0.690,-0.382,0.700,-0.430,0.239,0.052,0.209,2.37,1.25,9.78,-1.17,-0.57,-0.375,-0.183,0.185,1439,1540,1545,1521,10.00,10.07,39.92,49.51
1787303458.023,36.184,True,1,3.009,2.961,-0.156,0.228,10.037,10.012,0.320,0.690,-0.382,0.699,-0.429,0.239,0.052,0.209,2.37,1.25,9.78,-1.18,-0.57,-0.376,-0.183,0.185,1438,1540,1545,1521,10.00,10.07,49.92,59.51
1787303458.033,36.194,True,1,3.009,2.961,-0.156,0.227,10.036,10.012,0.320,0.690,-0.382,0.699,-0.427,0.239,0.052,0.209,2.37,1.25,9.78,-1.20,-0.57,-0.377,-0.184,0.185,1438,1540,1545,1521,10.00,10.06,59.91,69.50
1787303458.043,36.204,True,1,3.009,2.961,-0.156,0.227,10.036,10.011,0.320,0.690,-0.382,0.699,-0.426,0.239,0.052,0.209,2.37,1.25,9.78,-1.21,-0.58,-0.379,-0.184,0.185,1438,1540,1545,1521,10.00,10.06,69.91,79.50
1787303458.053,36.215,True,1,3.006,2.961,-0.152,0.227,10.037,10.015,0.320,0.694,-0.360,0.699,-0.423,0.243,0.029,0.213,1.44,1.84,8.51,-1.28,-0.83,-0.292,-0.274,0.240,1448,1550,1553,1522,10.00,10.06,-0.51,-0.55
1787303458.063,36.224,True,1,3.006,2.961,-0.152,0.227,10.037,10.015,0.320,0.694,-0.360,0.698,-0.421,0.243,0.029,0.213,1.44,1.84,8.51,-1.29,-0.83,-0.293,-0.274,0.240,1447,1550,1553,1521,10.01,10.07,9.50,9.45
1787303458.073,36.234,True,1,3.006,2.961,-0.152,0.226,10.037,10.014,0.320,0.694,-0.360,0.698,-0.419,0.243,0.029,0.213,1.44,1.84,8.51,-1.31,-0.83,-0.295,-0.274,0.240,1447,1550,1553,1521,9.99,10.06,19.49,19.45
1787303458.083,36.244,True,1,3.006,2.961,-0.152,0.226,10.036,10.014,0.320,0.694,-0.360,0.698,-0.417,0.243,0.029,0.213,1.44,1.84,8.51,-1.32,-0.84,-0.296,-0.274,0.240,1447,1550,1553,1521,10.00,10.06,29.49,29.45
1787303458.093,36.254,True,1,3.006,2.961,-0.152,0.225,10.036,10.013,0.320,0.694,-0.360,0.698,-0.415,0.243,0.029,0.213,1.44,1.84,8.51,-1.34,-0.84,-0.298,-0.274,0.240,1447,1550,1553,1521,10.00,10.06,39.50,39.45
1787303458.103,36.264,True,1,3.006,2.961,-0.152,0.225,10.036,10.013,0.320,0.694,-0.360,0.698,-0.414,0.243,0.029,0.213,1.44,1.84,8.51,-1.35,-0.84,-0.299,-0.275,0.240,1447,1550,1553,1521,10.00,10.07,49.50,49.45
1787303458.113,36.274,True,1,3.006,2.961,-0.152,0.225,10.035,10.012,0.320,0.694,-0.360,0.698,-0.412,0.243,0.029,0.213,1.44,1.84,8.51,-1.36,-0.84,-0.301,-0.275,0.240,1447,1550,1553,1521,10.00,10.07,59.50,59.45
1787303458.123,36.285,True,1,3.004,2.961,-0.163,0.263,10.074,10.063,0.321,0.693,-0.346,0.698,-0.410,0.249,0.013,0.198,-1.70,1.54,6.95,-1.22,-1.06,0.043,-0.281,0.293,1524,1550,1560,1523,9.99,10.06,-0.56,-0.52
1787303458.133,36.294,True,1,3.004,2.961,-0.163,0.263,10.074,10.063,0.321,0.693,-0.346,0.697,-0.407,0.249,0.013,0.198,-1.70,1.54,6.95,-1.23,-1.06,0.041,-0.282,0.293,1524,1550,1560,1523,10.01,10.07,9.44,9.49
1787303458.143,36.304,True,1,3.004,2.961,-0.163,0.262,10.073,10.063,0.321,0.693,-0.346,0.697,-0.405,0.249,0.013,0.198,-1.70,1.54,6.95,-1.25,-1.06,0.039,-0.282,0.293,1524,1550,1560,1523,10.00,10.06,19.44,19.49
1787303458.153,36.314,True,1,3.004,2.961,-0.163,0.262,10.073,10.062,0.321,0.693,-0.346,0.697,-0.403,0.249,0.013,0.198,-1.70,1.54,6.95,-1.26,-1.07,0.038,-0.282,0.293,1524,1550,1560,1523,10.00,10.06,29.44,29.49
1787303458.163,36.324,True,1,3.004,2.961,-0.163,0.262,10.073,10.062,0.321,0.693,-0.346,0.697,-0.401,0.249,0.013,0.198,-1.70,1.54,6.95,-1.28,-1.07,0.036,-0.282,0.293,1524,1550,1560,1523,10.00,10.06,39.44,39.48
1787303458.173,36.334,True,1,3.004,2.961,-0.163,0.261,10.072,10.061,0.321,0.693,-0.346,0.697,-0.400,0.249,0.013,0.198,-1.70,1.54,6.95,-1.29,-1.07,0.035,-0.282,0.293,1523,1550,1560,1523,10.01,10.07,49.44,49.49
1787303458.183,36.344,True,1,3.004,2.961,-0.163,0.261,10.072,10.061,0.321,0.693,-0.346,0.697,-0.398,0.249,0.013,0.198,-1.70,1.54,6.95,-1.30,-1.07,0.034,-0.282,0.293,1523,1550,1560,1523,10.00,10.06,59.44,59.48
1787303458.193,36.354,True,1,3.004,2.961,-0.163,0.260,10.071,10.061,0.321,0.693,-0.346,0.697,-0.396,0.249,0.013,0.198,-1.70,1.54,6.95,-1.32,-1.07,0.032,-0.283,0.293,1523,1550,1560,1523,10.00,10.06,69.44,69.48
1787303458.203,36.365,True,1,2.997,2.961,-0.180,0.341,10.152,10.138,0.324,0.692,-0.329,0.697,-0.394,0.258,0.003,0.166,-3.97,-0.65,6.27,-1.00,-1.22,0.315,-0.082,0.326,1554,1529,1565,1526,10.00,10.06,-0.52,-0.56
1787303458.213,36.374,True,1,2.997,2.961,-0.180,0.341,10.152,10.138,0.324,0.692,-0.329,0.696,-0.392,0.258,0.003,0.166,-3.97,-0.65,6.27,-1.02,-1.22,0.313,-0.082,0.326,1554,1529,1565,1526,10.00,10.06,9.48,9.43
1787303458.223,36.384,True,1,2.997,2.961,-0.180,0.341,10.151,10.137,0.324,0.692,-0.329,0.696,-0.390,0.258,0.003,0.166,-3.97,-0.65,6.27,-1.03,-1.22,0.312,-0.082,0.326,1554,1529,1565,1526,10.00,10.06,19.48,19.43
1787303458.233,36.394,True,1,2.997,2.961,-0.180,0.340,10.151,10.137,0.324,0.692,-0.329,0.696,-0.388,0.258,0.003,0.166,-3.97,-0.65,6.27,-1.05,-1.23,0.310,-0.083,0.326,1553,1529,1565,1526,10.00,10.06,29.48,29.43
1787303458.243,36.404,True,1,2.997,2.961,-0.180,0.340,10.151,10.137,0.324,0.692,-0.329,0.696,-0.386,0.258,0.003,0.166,-3.97,-0.65,6.27,-1.06,-1.23,0.309,-0.083,0.326,1553,1529,1565,1526,10.00,10.06,39.48,39.44
1787303458.253,36.414,True,1,2.997,2.961,-0.180,0.340,10.150,10.137,0.324,0.692,-0.329,0.696,-0.384,0.258,0.003,0.166,-3.97,-0.65,6.27,-1.08,-1.23,0.307,-0.083,0.326,1553,1529,1565,1526,10.01,10.07,49.49,49.44
1787303458.263,36.424,True,1,2.997,2.961,-0.180,0.339,10.150,10.137,0.324,0.692,-0.329,0.696,-0.382,0.258,0.003,0.166,-3.97,-0.65,6.27,-1.09,-1.23,0.306,-0.083,0.326,1553,1529,1565,1526,9.99,10.06,59.48,59.43
1787303458.273,36.435,True,1,2.985,2.961,-0.163,0.336,10.145,10.097,0.322,0.693,-0.318,0.696,-0.380,0.263,0.033,0.110,-5.72,-2.90,5.95,-0.50,-0.99,0.564,0.165,0.363,1580,1461,1570,1524,10.00,10.06,-0.47,-0.52
1787303458.283,36.444,True,1,2.985,2.961,-0.163,0.336,10.145,10.097,0.322,0.693,-0.318,0.696,-0.378,0.263,0.033,0.110,-5.72,-2.90,5.95,-0.51,-0.99,0.562,0.164,0.363,1580,1461,1570,1524,10.00,10.07,9.53,9.48
1787303458.293,36.454,True,1,2.985,2.961,-0.163,0.336,10.145,10.097,0.322,0.693,-0.318,0.696,-0.376,0.263,0.033,0.110,-5.72,-2.90,5.95,-0.53,-0.99,0.561,0.164,0.363,1580,1461,1570,1524,10.00,10.06,19.53,19.48
1787303458.303,36.464,True,1,2.985,2.961,-0.163,0.336,10.144,10.097,0.322,0.693,-0.318,0.695,-0.374,0.263,0.033,0.110,-5.72,-2.90,5.95,-0.54,-0.99,0.559,0.164,0.363,1580,1461,1570,1524,10.00,10.06,29.53,29.48
1787303458.313,36.474,True,1,2.985,2.961,-0.163,0.336,10.144,10.098,0.322,0.693,-0.318,0.695,-0.372,0.263,0.033,0.110,-5.72,-2.90,5.95,-0.56,-0.99,0.558,0.164,0.363,1579,1461,1570,1524,10.00,10.06,39.53,39.48
1787303458.323,36.484,True,1,2.985,2.961,-0.163,0.335,10.144,10.098,0.322,0.693,-0.318,0.695,-0.370,0.263,0.033,0.110,-5.72,-2.90,5.95,-0.57,-1.00,0.556,0.164,0.363,1579,1461,1570,1524,10.00,10.07,49.53,49.49
1787303458.333,36.494,True,1,2.985,2.961,-0.163,0.335,10.144,10.098,0.322,0.693,-0.318,0.695,-0.368,0.263,0.033,0.110,-5.72,-2.90,5.95,-0.58,-1.00,0.555,0.164,0.363,1579,1461,1570,1524,10.00,10.07,59.53,59.48
1787303458.343,36.504,True,1,2.985,2.961,-0.163,0.335,10.144,10.098,0.322,0.693,-0.318,0.695,-0.367,0.263,0.033,0.110,-5.72,-2.90,5.95,-0.60,-1.00,0.554,0.163,0.363,1579,1461,1570,1524,9.99,10.06,69.53,69.48
1787303458.353,36.514,True,1,2.985,2.961,-0.163,0.335,10.143,10.098,0.322,0.693,-0.318,0.695,-0.365,0.263,0.033,0.110,-5.72,-2.90,5.95,-0.61,-1.00,0.552,0.163,0.363,1579,1461,1570,1524,10.00,10.06,79.53,79.48
1787303458.364,36.525,True,1,2.968,2.961,-0.183,0.459,10.267,10.185,0.325,0.696,-0.310,0.695,-0.363,0.265,0.069,0.041,-5.88,-4.81,5.82,0.11,-0.71,0.657,0.391,0.391,1590,1437,1574,1528,10.00,10.06,-0.56,-0.61
1787303458.373,36.534,True,1,2.968,2.961,-0.183,0.459,10.267,10.185,0.325,0.696,-0.310,0.695,-0.361,0.265,0.069,0.041,-5.88,-4.81,5.82,0.10,-0.71,0.655,0.391,0.391,1590,1437,1574,1528,10.01,10.07,9.45,9.40
1787303458.383,36.544,True,1,2.968,2.961,-0.183,0.459,10.267,10.185,0.325,0.696,-0.310,0.695,-0.360,0.265,0.069,0.041,-5.88,-4.81,5.82,0.09,-0.71,0.654,0.391,0.391,1589,1437,1574,1528,9.99,10.06,19.44,19.39
1787303458.393,36.554,True,1,2.968,2.961,-0.183,0.459,10.267,10.185,0.325,0.696,-0.310,0.695,-0.358,0.265,0.069,0.041,-5.88,-4.81,5.82,0.07,-0.71,0.653,0.391,0.391,1589,1437,1574,1528,10.00,10.06,29.44,29.39
1787303458.403,36.565,True,1,2.957,2.961,-0.192,0.530,10.338,10.262,0.328,0.699,-0.307,0.695,-0.356,0.263,0.084,0.007,-5.19,-4.64,5.85,0.41,-0.59,0.615,0.391,0.385,1585,1437,1573,1530,10.00,10.06,-0.27,-0.32
1787303458.413,36.574,True,1,2.957,2.961,-0.192,0.530,10.338,10.263,0.328,0.699,-0.307,0.696,-0.355,0.263,0.084,0.007,-5.19,-4.64,5.85,0.40,-0.59,0.613,0.391,0.385,1585,1437,1573,1530,10.00,10.06,9.73,9.68
1787303458.423,36.584,True,1,2.957,2.961,-0.192,0.530,10.338,10.263,0.328,0.699,-0.307,0.696,-0.353,0.263,0.084,0.007,-5.19,-4.64,5.85,0.39,-0.59,0.612,0.391,0.385,1585,1437,1573,1530,10.00,10.06,19.73,19.68
1787303458.433,36.594,True,1,2.951,2.961,-0.213,0.620,10.427,10.365,0.331,0.702,-0.306,0.696,-0.352,0.262,0.085,0.002,-4.56,-4.36,5.92,0.43,-0.58,0.549,0.367,0.375,1579,1439,1572,1534,10.00,10.06,-0.24,-0.29
1787303458.443,36.604,True,1,2.951,2.961,-0.213,0.620,10.428,10.366,0.331,0.702,-0.306,0.696,-0.350,0.262,0.085,0.002,-4.56,-4.36,5.92,0.42,-0.58,0.547,0.367,0.375,1578,1439,1572,1534,10.00,10.06,9.77,9.72
1787303458.453,36.614,True,1,2.951,2.961,-0.213,0.620,10.428,10.366,0.331,0.702,-0.306,0.696,-0.349,0.262,0.085,0.002,-4.56,-4.36,5.92,0.40,-0.58,0.546,0.367,0.375,1578,1439,1572,1534,10.00,10.06,19.76,19.71
1787303458.463,36.624,True,1,2.951,2.961,-0.213,0.620,10.428,10.366,0.331,0.702,-0.306,0.696,-0.347,0.262,0.085,0.002,-4.56,-4.36,5.92,0.39,-0.58,0.545,0.367,0.375,1578,1439,1572,1534,10.00,10.06,29.76,29.71
1787303458.473,36.634,True,1,2.951,2.961,-0.213,0.620,10.428,10.367,0.331,0.702,-0.306,0.697,-0.346,0.262,0.085,0.002,-4.56,-4.36,5.92,0.38,-0.58,0.544,0.367,0.375,1578,1440,1572,1534,10.00,10.06,39.77,39.72
1787303458.483,36.644,True,1,2.951,2.961,-0.213,0.621,10.428,10.367,0.331,0.702,-0.306,0.697,-0.344,0.262,0.085,0.002,-4.56,-4.36,5.92,0.37,-0.58,0.543,0.366,0.375,1578,1440,1572,1534,10.01,10.07,49.77,49.72
1787303458.493,36.654,True,1,2.951,2.961,-0.213,0.621,10.428,10.367,0.331,0.702,-0.306,0.697,-0.343,0.262,0.085,0.002,-4.56,-4.36,5.92,0.36,-0.58,0.542,0.366,0.375,1578,1440,1572,1534,10.00,10.07,59.77,59.72
1787303458.503,36.664,True,1,2.951,2.961,-0.213,0.621,10.428,10.367,0.331,0.702,-0.306,0.697,-0.342,0.262,0.085,0.002,-4.56,-4.36,5.92,0.35,-0.58,0.541,0.366,0.375,1578,1440,1572,1534,9.99,10.06,69.77,69.71
1787303458.513,36.674,True,1,2.951,2.961,-0.213,0.621,10.428,10.368,0.331,0.702,-0.306,0.697,-0.341,0.262,0.085,0.002,-4.56,-4.36,5.92,0.35,-0.58,0.540,0.366,0.375,1578,1440,1572,1534,10.00,10.06,79.77,79.72
1787303458.524,36.685,True,1,2.933,2.961,-0.201,0.656,10.464,10.451,0.334,0.710,-0.308,0.698,-0.340,0.254,0.123,-0.047,-0.77,-2.64,6.52,0.85,-0.27,0.185,0.244,0.323,1540,1453,1564,1537,10.00,10.06,-0.57,-0.61
1787303458.533,36.694,True,1,2.933,2.961,-0.201,0.656,10.464,10.451,0.334,0.710,-0.308,0.698,-0.339,0.254,0.123,-0.047,-0.77,-2.64,6.52,0.85,-0.27,0.184,0.244,0.323,1540,1453,1564,1537,10.00,10.06,9.44,9.39
1787303458.543,36.704,True,1,2.933,2.961,-0.201,0.657,10.464,10.451,0.334,0.710,-0.308,0.699,-0.338,0.254,0.123,-0.047,-0.77,-2.64,6.52,0.84,-0.27,0.183,0.244,0.323,1540,1453,1564,1537,10.00,10.06,19.44,19.39
1787303458.553,36.714,True,1,2.933,2.961,-0.201,0.657,10.465,10.452,0.334,0.710,-0.308,0.699,-0.337,0.254,0.123,-0.047,-0.77,-2.64,6.52,0.83,-0.27,0.182,0.244,0.323,1540,1453,1564,1537,10.02,10.08,29.46,29.41
1787303458.563,36.725,True,1,2.923,2.961,-0.197,0.685,10.492,10.489,0.335,0.716,-0.310,0.700,-0.336,0.248,0.116,-0.023,1.47,-1.27,7.14,0.57,-0.31,-0.087,0.108,0.290,1470,1468,1560,1538,9.98,10.07,-0.31,-0.35
1787303458.573,36.734,True,1,2.923,2.961,-0.197,0.685,10.492,10.490,0.335,0.716,-0.310,0.700,-0.335,0.248,0.116,-0.023,1.47,-1.27,7.14,0.57,-0.30,-0.088,0.108,0.290,1470,1467,1560,1538,9.99,10.06,9.69,9.64
1787303458.583,36.744,True,1,2.923,2.961,-0.197,0.686,10.493,10.490,0.335,0.716,-0.310,0.701,-0.334,0.248,0.116,-0.023,1.47,-1.27,7.14,0.56,-0.30,-0.089,0.108,0.290,1470,1467,1560,1538,10.00,10.06,19.69,19.64
1787303458.593,36.754,True,1,2.923,2.961,-0.197,0.686,10.493,10.490,0.335,0.716,-0.310,0.701,-0.333,0.248,0.116,-0.023,1.47,-1.27,7.14,0.55,-0.30,-0.089,0.109,0.290,1470,1467,1560,1538,10.01,10.07,29.69,29.65
1787303458.603,36.765,True,1,2.915,2.961,-0.176,0.656,10.464,10.456,0.334,0.721,-0.312,0.702,-0.332,0.243,0.129,-0.037,2.85,-0.29,7.73,0.70,-0.19,-0.224,0.023,0.266,1455,1477,1557,1537,9.99,10.06,-0.26,-0.31
1787303458.613,36.774,True,1,2.915,2.961,-0.176,0.657,10.464,10.457,0.334,0.721,-0.312,0.702,-0.332,0.243,0.129,-0.037,2.85,-0.29,7.73,0.69,-0.19,-0.225,0.023,0.266,1455,1477,1557,1537,10.00,10.06,9.73,9.69
1787303458.623,36.784,True,1,2.915,2.961,-0.176,0.657,10.465,10.457,0.334,0.721,-0.312,0.703,-0.331,0.243,0.129,-0.037,2.85,-0.29,7.73,0.68,-0.19,-0.225,0.024,0.266,1455,1477,1557,1537,10.01,10.07,19.74,19.69
1787303458.633,36.794,True,1,2.915,2.961,-0.176,0.658,10.465,10.457,0.334,0.721,-0.312,0.704,-0.330,0.243,0.129,-0.037,2.85,-0.29,7.73,0.68,-0.19,-0.226,0.024,0.266,1455,1477,1557,1537,10.00,10.06,29.74,29.69
1787303458.643,36.804,True,1,2.915,2.961,-0.176,0.658,10.465,10.458,0.334,0.721,-0.312,0.704,-0.330,0.243,0.129,-0.037,2.85,-0.29,7.73,0.67,-0.18,-0.227,0.024,0.266,1455,1477,1557,1537,10.00,10.06,39.74,39.69
1787303458.653,36.815,True,1,2.906,2.961,-0.178,0.698,10.505,10.467,0.334,0.726,-0.313,0.705,-0.329,0.238,0.092,0.007,4.82,0.99,8.73,0.19,-0.48,-0.489,-0.135,0.235,1427,1534,1552,1537,10.00,10.07,-0.30,-0.34
1787303458.663,36.824,True,1,2.906,2.961,-0.178,0.699,10.506,10.468,0.334,0.726,-0.313,0.706,-0.329,0.238,0.092,0.007,4.82,0.99,8.73,0.18,-0.48,-0.489,-0.135,0.235,1427,1534,1552,1537,10.01,10.07,9.71,9.66
1787303458.673,36.834,True,1,2.906,2.961,-0.178,0.699,10.506,10.468,0.334,0.726,-0.313,0.706,-0.328,0.238,0.092,0.007,4.82,0.99,8.73,0.18,-0.48,-0.490,-0.134,0.235,1426,1534,1552,1537,9.99,10.07,19.70,19.66
1787303458.683,36.844,True,1,2.906,2.961,-0.178,0.700,10.507,10.469,0.334,0.726,-0.313,0.707,-0.328,0.238,0.092,0.007,4.82,0.99,8.73,0.17,-0.47,-0.490,-0.134,0.235,1426,1534,1552,1537,9.99,10.06,29.70,29.65
1787303458.693,36.855,True,1,2.898,2.961,-0.141,0.623,10.430,10.364,0.331,0.730,-0.313,0.708,-0.327,0.235,0.096,0.024,6.09,1.68,9.47,0.00,-0.41,-0.644,-0.197,0.213,1411,1541,1549,1534,10.00,10.06,-0.26,-0.31
1787303458.703,36.864,True,1,2.898,2.961,-0.141,0.624,10.431,10.365,0.331,0.730,-0.313,0.709,-0.327,0.235,0.096,0.024,6.09,1.68,9.47,-0.00,-0.41,-0.644,-0.197,0.213,1410,1541,1549,1534,10.01,10.07,9.74,9.69
1787303458.713,36.874,True,1,2.898,2.961,-0.141,0.625,10.431,10.366,0.331,0.730,-0.313,0.709,-0.326,0.235,0.096,0.024,6.09,1.68,9.47,-0.01,-0.40,-0.644,-0.197,0.213,1410,1541,1549,1534,10.00,10.06,19.74,19.69
1787303458.723,36.884,True,1,2.892,2.961,-0.120,0.583,10.391,10.310,0.329,0.734,-0.312,0.710,-0.326,0.232,0.080,0.029,6.60,1.92,10.11,-0.09,-0.55,-0.707,-0.238,0.192,1404,1546,1546,1532,10.00,10.06,-0.19,-0.24
1787303458.733,36.894,True,1,2.892,2.961,-0.120,0.584,10.391,10.311,0.329,0.734,-0.312,0.711,-0.325,0.232,0.080,0.029,6.60,1.92,10.11,-0.10,-0.55,-0.707,-0.237,0.192,1404,1546,1546,1532,10.00,10.06,9.81,9.76
1787303458.743,36.904,True,1,2.892,2.961,-0.120,0.585,10.392,10.311,0.329,0.734,-0.312,0.712,-0.325,0.232,0.080,0.029,6.60,1.92,10.11,-0.10,-0.54,-0.708,-0.237,0.192,1404,1546,1546,1532,10.00,10.06,19.81,19.76
1787303458.753,36.914,True,1,2.892,2.961,-0.120,0.586,10.393,10.312,0.329,0.734,-0.312,0.712,-0.325,0.232,0.080,0.029,6.60,1.92,10.11,-0.11,-0.54,-0.708,-0.237,0.192,1404,1545,1546,1532,10.00,10.06,29.81,29.76
1787303458.763,36.924,True,1,2.892,2.961,-0.120,0.586,10.393,10.313,0.329,0.734,-0.312,0.713,-0.324,0.232,0.080,0.029,6.60,1.92,10.11,-0.11,-0.54,-0.708,-0.236,0.191,1404,1545,1546,1532,10.00,10.06,39.81,39.76
1787303458.773,36.935,True,1,2.887,2.961,-0.143,0.677,10.485,10.407,0.332,0.737,-0.311,0.714,-0.324,0.230,0.060,0.064,6.15,1.49,11.41,-0.50,-0.65,-0.699,-0.212,0.130,1405,1543,1538,1535,10.01,10.07,-0.37,-0.32
1787303458.783,36.944,True,1,2.887,2.961,-0.143,0.678,10.486,10.408,0.332,0.737,-0.311,0.715,-0.323,0.230,0.060,0.064,6.15,1.49,11.41,-0.50,-0.64,-0.699,-0.211,0.130,1405,1543,1538,1535,10.00,10.07,9.63,9.68
1787303458.793,36.954,True,1,2.887,2.961,-0.143,0.679,10.487,10.409,0.332,0.737,-0.311,0.715,-0.323,0.230,0.060,0.064,6.15,1.49,11.41,-0.51,-0.64,-0.699,-0.211,0.130,1405,1543,1538,1535,10.00,10.07,19.63,19.68
1787303458.803,36.964,True,1,2.887,2.961,-0.143,0.680,10.487,10.409,0.332,0.737,-0.311,0.716,-0.322,0.230,0.060,0.064,6.15,1.49,11.41,-0.51,-0.64,-0.700,-0.211,0.130,1405,1543,1538,1535,9.99,10.06,29.63,29.67
1787303458.813,36.975,True,1,2.880,2.961,-0.123,0.649,10.458,10.397,0.332,0.742,-0.307,0.717,-0.322,0.229,0.046,0.109,5.07,0.41,12.79,-0.99,-0.66,-0.634,-0.108,0.056,1411,1531,1527,1535,10.00,10.06,-0.32,-0.27
1787303458.823,36.984,True,1,2.880,2.961,-0.123,0.649,10.458,10.398,0.332,0.742,-0.307,0.718,-0.321,0.229,0.046,0.109,5.07,0.41,12.79,-0.99,-0.66,-0.635,-0.107,0.056,1411,1531,1527,1535,10.00,10.06,9.68,9.73
1787303458.833,36.994,True,1,2.880,2.961,-0.123,0.650,10.459,10.399,0.332,0.742,-0.307,0.719,-0.321,0.229,0.046,0.109,5.07,0.41,12.79,-0.99,-0.65,-0.635,-0.107,0.056,1411,1531,1527,1535,10.00,10.06,19.68,19.72
1787303458.843,37.004,True,1,2.880,2.961,-0.123,0.651,10.460,10.400,0.332,0.742,-0.307,0.719,-0.321,0.229,0.046,0.109,5.07,0.41,12.79,-1.00,-0.65,-0.635,-0.106,0.056,1411,1531,1527,1535,10.00,10.06,29.68,29.72
1787303458.853,37.015,True,1,2.877,2.961,-0.132,0.691,10.502,10.449,0.334,0.744,-0.304,0.720,-0.320,0.230,0.026,0.145,4.34,-0.52,13.80,-1.40,-0.73,-0.601,-0.022,0.004,1415,1522,1520,1537,10.00,10.06,-0.30,-0.25
1787303458.863,37.024,True,1,2.877,2.961,-0.132,0.692,10.503,10.450,0.334,0.744,-0.304,0.721,-0.319,0.230,0.026,0.145,4.34,-0.52,13.80,-1.41,-0.73,-0.602,-0.022,0.004,1415,1522,1520,1537,10.00,10.06,9.70,9.75
1787303458.873,37.034,True,1,2.877,2.961,-0.132,0.693,10.503,10.450,0.334,0.744,-0.304,0.722,-0.319,0.230,0.026,0.145,4.34,-0.52,13.80,-1.41,-0.72,-0.602,-0.021,0.004,1415,1522,1520,1537,10.00,10.06,19.70,19.74
1787303458.883,37.044,True,1,2.877,2.961,-0.132,0.694,10.504,10.451,0.334,0.744,-0.304,0.723,-0.318,0.230,0.026,0.145,4.34,-0.52,13.80,-1.41,-0.72,-0.602,-0.021,0.004,1415,1522,1520,1537,10.00,10.06,29.70,29.75
1787303458.893,37.054,True,1,2.877,2.961,-0.132,0.694,10.505,10.452,0.334,0.744,-0.304,0.723,-0.318,0.230,0.026,0.145,4.34,-0.52,13.80,-1.42,-0.72,-0.603,-0.020,0.004,1415,1522,1520,1537,10.00,10.06,39.70,39.75
1787303458.903,37.064,True,1,2.877,2.961,-0.132,0.695,10.506,10.453,0.334,0.744,-0.304,0.724,-0.317,0.230,0.026,0.145,4.34,-0.52,13.80,-1.42,-0.71,-0.603,-0.020,0.004,1415,1522,1520,1537,10.01,10.07,49.70,49.75
1787303458.913,37.075,True,1,2.871,2.961,-0.130,0.713,10.525,10.498,0.335,0.747,-0.295,0.725,-0.317,0.233,0.041,0.172,2.18,-1.72,15.83,-1.66,-0.45,-0.405,0.130,-0.091,1435,1465,1467,1539,10.00,10.07,-0.42,-0.37
1787303458.923,37.084,True,1,2.870,2.961,-0.142,0.758,10.569,10.544,0.337,0.748,-0.291,0.725,-0.316,0.235,0.034,0.161,2.18,-1.72,15.83,-1.58,-0.53,-0.397,0.121,-0.091,1436,1466,1467,1540,9.99,10.06,9.58,-0.07
1787303458.933,37.094,True,1,2.869,2.961,-0.141,0.757,10.569,10.555,0.337,0.749,-0.290,0.726,-0.315,0.236,0.036,0.165,0.97,-1.91,16.72,-1.62,-0.47,-0.276,0.148,-0.128,1449,1463,1462,1540,10.01,10.07,-0.09,-0.15
1787303458.943,37.104,True,1,2.869,2.961,-0.141,0.758,10.570,10.555,0.337,0.749,-0.290,0.727,-0.314,0.236,0.036,0.165,0.97,-1.91,16.72,-1.63,-0.47,-0.277,0.148,-0.128,1449,1463,1462,1540,10.01,10.07,9.92,9.86
1787303458.953,37.114,True,1,2.869,2.961,-0.141,0.759,10.571,10.556,0.337,0.749,-0.290,0.728,-0.313,0.236,0.036,0.165,0.97,-1.91,16.72,-1.64,-0.46,-0.277,0.149,-0.128,1449,1463,1462,1541,9.99,10.06,19.91,19.85
1787303458.963,37.124,True,1,2.869,2.961,-0.141,0.760,10.572,10.557,0.337,0.749,-0.290,0.728,-0.313,0.236,0.036,0.165,0.97,-1.91,16.72,-1.64,-0.46,-0.278,0.149,-0.128,1449,1463,1462,1541,10.00,10.06,29.91,29.85
1787303458.973,37.134,True,1,2.869,2.961,-0.141,0.761,10.572,10.558,0.337,0.749,-0.290,0.729,-0.312,0.236,0.036,0.165,0.97,-1.91,16.72,-1.65,-0.45,-0.278,0.150,-0.128,1449,1463,1462,1541,10.00,10.06,39.91,39.85
1787303458.983,37.144,True,1,2.869,2.961,-0.141,0.762,10.573,10.559,0.337,0.749,-0.290,0.730,-0.311,0.236,0.036,0.165,0.97,-1.91,16.72,-1.65,-0.45,-0.279,0.150,-0.128,1449,1463,1462,1541,10.00,10.06,49.91,49.85
1787303458.993,37.154,True,1,2.869,2.961,-0.141,0.763,10.574,10.560,0.337,0.749,-0.290,0.730,-0.310,0.236,0.036,0.165,0.97,-1.91,16.72,-1.66,-0.45,-0.279,0.151,-0.128,1449,1463,1462,1541,10.00,10.06,59.91,59.85
1787303459.003,37.165,True,1,2.853,2.961,-0.153,0.865,10.676,10.673,0.341,0.753,-0.277,0.731,-0.309,0.242,0.050,0.167,-2.17,-1.33,19.50,-1.64,-0.23,0.050,0.125,-0.242,1525,1466,1446,1545,10.00,10.06,-0.47,-0.52
1787303459.013,37.174,True,1,2.853,2.961,-0.153,0.866,10.677,10.674,0.341,0.753,-0.277,0.732,-0.308,0.242,0.050,0.167,-2.17,-1.33,19.50,-1.65,-0.22,0.049,0.126,-0.242,1525,1466,1446,1545,10.00,10.06,9.53,9.48
1787303459.023,37.184,True,1,2.853,2.961,-0.153,0.867,10.678,10.676,0.341,0.753,-0.277,0.732,-0.307,0.242,0.050,0.167,-2.17,-1.33,19.50,-1.66,-0.22,0.048,0.126,-0.242,1525,1466,1446,1545,10.00,10.06,19.53,19.48
1787303459.033,37.194,True,1,2.853,2.961,-0.153,0.868,10.679,10.677,0.341,0.753,-0.277,0.733,-0.306,0.242,0.050,0.167,-2.17,-1.33,19.50,-1.66,-0.21,0.048,0.127,-0.242,1525,1465,1446,1545,10.00,10.06,29.53,29.48
1787303459.043,37.204,True,1,2.853,2.961,-0.153,0.869,10.680,10.678,0.341,0.753,-0.277,0.734,-0.305,0.242,0.050,0.167,-2.17,-1.33,19.50,-1.67,-0.21,0.047,0.127,-0.242,1525,1465,1446,1545,10.00,10.06,39.53,39.48
1787303459.053,37.215,True,1,2.843,2.961,-0.193,1.032,10.843,10.828,0.346,0.756,-0.270,0.735,-0.304,0.245,0.040,0.154,-4.50,-0.77,21.32,-1.58,-0.28,0.301,0.077,-0.321,1552,1471,1435,1550,10.00,10.06,-0.27,-0.32
1787303459.063,37.224,True,1,2.843,2.961,-0.193,1.033,10.844,10.830,0.346,0.756,-0.270,0.735,-0.303,0.245,0.040,0.154,-4.50,-0.77,21.32,-1.59,-0.27,0.300,0.078,-0.321,1552,1471,1435,1550,10.01,10.07,9.73,9.69
1787303459.073,37.234,True,1,2.843,2.961,-0.193,1.034,10.845,10.831,0.346,0.756,-0.270,0.736,-0.302,0.245,0.040,0.154,-4.50,-0.77,21.32,-1.59,-0.27,0.300,0.078,-0.321,1552,1471,1435,1550,9.99,10.06,19.73,19.68
1787303459.083,37.244,True,1,2.843,2.961,-0.193,1.035,10.846,10.832,0.346,0.756,-0.270,0.737,-0.301,0.245,0.040,0.154,-4.50,-0.77,21.32,-1.60,-0.26,0.299,0.079,-0.321,1552,1471,1435,1550,10.00,10.06,29.73,29.68
1787303459.093,37.255,True,1,2.832,2.961,-0.185,1.055,10.865,10.822,0.345,0.759,-0.267,0.737,-0.299,0.245,0.055,0.121,-6.35,0.30,23.04,-1.26,-0.20,0.535,-0.007,-0.404,1577,1520,1423,1550,10.00,10.06,-0.26,-0.31
1787303459.103,37.264,True,1,2.832,2.961,-0.185,1.057,10.866,10.823,0.345,0.759,-0.267,0.738,-0.298,0.245,0.055,0.121,-6.35,0.30,23.04,-1.27,-0.19,0.534,-0.006,-0.404,1577,1520,1423,1550,10.00,10.06,9.74,9.69
1787303459.113,37.274,True,1,2.832,2.961,-0.185,1.058,10.867,10.824,0.345,0.759,-0.267,0.739,-0.297,0.245,0.055,0.121,-6.35,0.30,23.04,-1.27,-0.19,0.533,-0.006,-0.404,1577,1520,1423,1550,10.00,10.06,19.74,19.69
1787303459.123,37.284,True,1,2.832,2.961,-0.185,1.059,10.869,10.826,0.346,0.759,-0.267,0.740,-0.296,0.245,0.055,0.121,-6.35,0.30,23.04,-1.28,-0.18,0.533,-0.005,-0.404,1577,1520,1423,1550,10.00,10.06,29.74,29.69
1787303459.133,37.294,True,1,2.832,2.961,-0.185,1.061,10.870,10.827,0.346,0.759,-0.267,0.740,-0.295,0.245,0.055,0.121,-6.35,0.30,23.04,-1.29,-0.17,0.532,-0.005,-0.404,1577,1520,1423,1550,10.00,10.06,39.74,39.69
1787303459.143,37.304,True,1,2.832,2.961,-0.185,1.062,10.871,10.829,0.346,0.759,-0.267,0.741,-0.294,0.245,0.055,0.121,-6.35,0.30,23.04,-1.29,-0.17,0.531,-0.004,-0.404,1577,1520,1423,1550,10.00,10.06,49.74,49.69
1787303459.153,37.314,True,1,2.832,2.961,-0.185,1.063,10.873,10.830,0.346,0.759,-0.267,0.741,-0.293,0.245,0.055,0.121,-6.35,0.30,23.04,-1.30,-0.16,0.531,-0.004,-0.404,1577,1520,1423,1550,10.00,10.06,59.74,59.69
1787303459.163,37.324,True,1,2.832,2.961,-0.185,1.064,10.874,10.831,0.346,0.759,-0.267,0.742,-0.293,0.245,0.055,0.121,-6.35,0.30,23.04,-1.31,-0.16,0.530,-0.003,-0.404,1577,1520,1423,1550,10.00,10.06,69.74,69.69
1787303459.173,37.335,True,1,2.815,2.961,-0.119,0.938,10.746,10.646,0.340,0.767,-0.263,0.743,-0.292,0.243,0.077,0.042,-7.75,2.81,25.73,-0.56,-0.23,0.778,-0.246,-0.556,1602,1546,1402,1544,10.00,10.06,-0.55,-0.51
1787303459.183,37.344,True,1,2.815,2.961,-0.119,0.940,10.747,10.648,0.340,0.767,-0.263,0.744,-0.291,0.243,0.077,0.042,-7.75,2.81,25.73,-0.56,-0.22,0.778,-0.245,-0.556,1602,1546,1402,1544,10.01,10.07,9.45,9.50
1787303459.193,37.354,True,1,2.815,2.961,-0.119,0.941,10.749,10.649,0.340,0.767,-0.263,0.744,-0.290,0.243,0.077,0.042,-7.75,2.81,25.73,-0.57,-0.22,0.777,-0.244,-0.556,1602,1546,1402,1544,9.99,10.06,19.45,19.50
1787303459.203,37.364,True,1,2.815,2.961,-0.119,0.943,10.750,10.651,0.340,0.767,-0.263,0.745,-0.289,0.243,0.077,0.042,-7.75,2.81,25.73,-0.57,-0.21,0.777,-0.244,-0.556,1602,1546,1402,1544,10.00,10.06,29.44,29.49
1787303459.213,37.374,True,1,2.815,2.961,-0.119,0.944,10.751,10.653,0.340,0.767,-0.263,0.746,-0.288,0.243,0.077,0.042,-7.75,2.81,25.73,-0.58,-0.20,0.776,-0.243,-0.556,1602,1546,1402,1544,10.00,10.06,39.45,39.50
1787303459.223,37.384,True,1,2.815,2.961,-0.119,0.946,10.753,10.654,0.340,0.767,-0.263,0.747,-0.287,0.243,0.077,0.042,-7.75,2.81,25.73,-0.58,-0.20,0.776,-0.242,-0.556,1602,1546,1402,1544,10.00,10.06,49.45,49.50
1787303459.233,37.394,True,1,2.815,2.961,-0.119,0.947,10.754,10.656,0.340,0.767,-0.263,0.747,-0.286,0.243,0.077,0.042,-7.75,2.81,25.73,-0.59,-0.19,0.775,-0.242,-0.556,1602,1546,1402,1544,10.00,10.06,59.45,59.49
1787303459.243,37.404,True,1,2.815,2.961,-0.119,0.949,10.756,10.658,0.340,0.767,-0.263,0.748,-0.286,0.243,0.077,0.042,-7.75,2.81,25.73,-0.59,-0.19,0.775,-0.241,-0.556,1602,1546,1402,1544,10.00,10.06,69.45,69.49
1787303459.254,37.415,True,1,2.802,2.961,-0.057,0.813,10.620,10.508,0.335,0.777,-0.268,0.749,-0.285,0.233,0.092,-0.060,-6.54,4.27,27.99,0.33,-0.49,0.765,-0.425,-0.668,1601,1566,1387,1539,10.00,10.06,-0.62,-0.57
1787303459.263,37.424,True,1,2.802,2.961,-0.057,0.815,10.622,10.509,0.335,0.777,-0.268,0.750,-0.284,0.233,0.092,-0.060,-6.54,4.27,27.99,0.32,-0.49,0.765,-0.424,-0.668,1601,1566,1387,1539,10.02,10.08,9.41,9.45
1787303459.273,37.434,True,1,2.802,2.961,-0.057,0.816,10.623,10.511,0.335,0.777,-0.268,0.751,-0.284,0.233,0.092,-0.060,-6.54,4.27,27.99,0.32,-0.48,0.764,-0.424,-0.668,1601,1565,1387,1539,9.98,10.06,19.38,19.43
1787303459.283,37.444,True,1,2.802,2.961,-0.057,0.818,10.625,10.513,0.336,0.777,-0.268,0.752,-0.283,0.233,0.092,-0.060,-6.54,4.27,27.99,0.32,-0.48,0.764,-0.423,-0.668,1601,1565,1387,1539,10.00,10.06,29.38,29.43
1787303459.293,37.454,True,1,2.802,2.961,-0.057,0.819,10.626,10.514,0.336,0.777,-0.268,0.753,-0.283,0.233,0.092,-0.060,-6.54,4.27,27.99,0.32,-0.47,0.764,-0.423,-0.668,1601,1565,1387,1539,10.00,10.06,39.38,39.43
1787303459.303,37.464,True,1,2.802,2.961,-0.057,0.821,10.628,10.516,0.336,0.777,-0.268,0.753,-0.282,0.233,0.092,-0.060,-6.54,4.27,27.99,0.31,-0.46,0.763,-0.422,-0.667,1601,1565,1387,1539,10.00,10.06,49.39,49.44
1787303459.313,37.474,True,1,2.802,2.961,-0.057,0.822,10.630,10.518,0.336,0.777,-0.268,0.754,-0.282,0.233,0.092,-0.060,-6.54,4.27,27.99,0.31,-0.46,0.763,-0.421,-0.667,1600,1565,1387,1539,10.00,10.06,59.39,59.43
1787303459.323,37.484,True,1,2.802,2.961,-0.057,0.824,10.631,10.520,0.336,0.777,-0.268,0.755,-0.282,0.233,0.092,-0.060,-6.54,4.27,27.99,0.31,-0.45,0.763,-0.421,-0.667,1600,1565,1387,1539,10.00,10.06,69.38,69.43
1787303459.333,37.495,True,1,2.796,2.961,0.055,0.511,10.322,10.238,0.327,0.788,-0.283,0.756,-0.282,0.215,0.089,-0.166,-4.31,3.72,29.57,1.21,-1.02,0.623,-0.444,-0.720,1586,1568,1379,1529,10.00,10.06,-0.52,-0.56
1787303459.343,37.504,True,1,2.796,2.961,0.055,0.513,10.323,10.249,0.327,0.788,-0.283,0.757,-0.282,0.215,0.089,-0.166,-4.01,3.44,29.75,1.21,-1.02,0.588,-0.417,-0.723,1583,1565,1379,1530,10.00,10.06,-0.07,9.44
1787303459.353,37.514,True,1,2.796,2.961,0.055,0.514,10.325,10.251,0.327,0.788,-0.283,0.758,-0.282,0.215,0.089,-0.166,-4.01,3.44,29.75,1.21,-1.01,0.588,-0.417,-0.723,1583,1565,1379,1530,10.00,10.06,9.94,19.44
1787303459.363,37.524,True,1,2.796,2.961,0.055,0.516,10.327,10.253,0.327,0.788,-0.283,0.759,-0.282,0.215,0.089,-0.166,-4.01,3.44,29.75,1.21,-1.01,0.589,-0.416,-0.723,1583,1565,1379,1530,10.00,10.06,19.93,29.44
1787303459.373,37.534,True,1,2.796,2.961,0.055,0.518,10.328,10.254,0.327,0.788,-0.283,0.760,-0.282,0.215,0.089,-0.166,-4.01,3.44,29.75,1.21,-1.00,0.589,-0.416,-0.723,1583,1565,1379,1530,10.00,10.06,29.93,39.44
1787303459.383,37.544,True,1,2.796,2.961,0.055,0.519,10.330,10.256,0.327,0.788,-0.283,0.761,-0.282,0.215,0.089,-0.166,-4.01,3.44,29.75,1.21,-1.00,0.589,-0.415,-0.723,1583,1565,1379,1530,10.00,10.07,39.94,49.44
1787303459.393,37.554,True,1,2.796,2.961,0.055,0.521,10.331,10.258,0.327,0.788,-0.283,0.762,-0.282,0.215,0.089,-0.166,-4.01,3.44,29.75,1.21,-0.99,0.589,-0.415,-0.723,1583,1565,1379,1530,10.00,10.06,49.93,59.44
1787303459.403,37.565,True,1,2.799,2.961,0.128,0.295,10.109,10.065,0.321,0.796,-0.301,0.763,-0.282,0.196,0.101,-0.232,-2.03,2.37,30.28,1.88,-1.26,0.439,-0.355,-0.729,1567,1558,1378,1523,10.00,10.06,-0.40,-0.45
1787303459.413,37.574,True,1,2.799,2.961,0.128,0.296,10.111,10.067,0.321,0.796,-0.301,0.764,-0.283,0.196,0.101,-0.232,-2.03,2.37,30.28,1.88,-1.26,0.439,-0.354,-0.729,1567,1558,1378,1523,10.00,10.06,9.60,9.55
1787303459.423,37.584,True,1,2.799,2.961,0.128,0.298,10.112,10.069,0.321,0.796,-0.301,0.765,-0.284,0.196,0.101,-0.232,-2.03,2.37,30.28,1.89,-1.25,0.440,-0.354,-0.729,1567,1558,1378,1523,10.00,10.06,19.60,19.55
1787303459.433,37.594,True,1,2.799,2.961,0.128,0.300,10.114,10.070,0.321,0.796,-0.301,0.766,-0.284,0.196,0.101,-0.232,-2.03,2.37,30.28,1.89,-1.25,0.440,-0.353,-0.729,1567,1558,1378,1523,10.00,10.06,29.60,29.55
1787303459.443,37.604,True,1,2.799,2.961,0.128,0.301,10.116,10.072,0.321,0.796,-0.301,0.767,-0.285,0.196,0.101,-0.232,-2.03,2.37,30.28,1.89,-1.25,0.441,-0.353,-0.729,1567,1558,1378,1524,10.00,10.06,39.60,39.55
1787303459.453,37.615,True,1,2.803,2.961,0.182,0.122,9.938,9.926,0.317,0.800,-0.309,0.768,-0.286,0.187,0.095,-0.245,-0.26,0.31,30.40,2.02,-1.39,0.242,-0.175,-0.723,1546,1539,1379,1518,10.00,10.06,-0.35,-0.30
1787303459.463,37.624,True,1,2.803,2.961,0.182,0.124,9.940,9.927,0.317,0.800,-0.309,0.769,-0.286,0.187,0.095,-0.245,-0.26,0.31,30.40,2.02,-1.39,0.243,-0.175,-0.723,1546,1539,1379,1518,10.00,10.07,9.66,9.71
1787303459.473,37.634,True,1,2.803,2.961,0.182,0.125,9.941,9.929,0.317,0.800,-0.309,0.770,-0.287,0.187,0.095,-0.245,-0.26,0.31,30.40,2.03,-1.39,0.243,-0.174,-0.723,1546,1539,1379,1518,10.00,10.06,19.65,19.70
1787303459.483,37.644,True,1,2.803,2.961,0.182,0.127,9.943,9.930,0.317,0.800,-0.309,0.771,-0.288,0.187,0.095,-0.245,-0.26,0.31,30.40,2.03,-1.38,0.244,-0.174,-0.723,1546,1539,1379,1518,10.00,10.06,29.66,29.70
1787303459.493,37.655,True,1,2.812,2.961,0.225,-0.035,9.782,9.779,0.312,0.806,-0.324,0.773,-0.289,0.172,0.118,-0.257,0.96,-0.95,30.22,2.32,-1.25,0.130,-0.044,-0.714,1534,1524,1380,1513,10.00,10.06,-0.31,-0.35
1787303459.503,37.664,True,1,2.812,2.961,0.225,-0.034,9.783,9.782,0.312,0.806,-0.324,0.774,-0.290,0.172,0.118,-0.257,1.46,-1.56,30.07,2.33,-1.25,0.071,0.015,-0.708,1527,1478,1381,1513,10.00,10.06,-0.06,9.65
1787303459.513,37.674,True,1,2.812,2.961,0.225,-0.032,9.785,9.784,0.312,0.806,-0.324,0.775,-0.291,0.172,0.118,-0.257,1.46,-1.56,30.07,2.34,-1.24,0.072,0.015,-0.708,1528,1478,1381,1513,10.00,10.06,9.93,19.64
1787303459.523,37.684,True,1,2.812,2.961,0.225,-0.031,9.786,9.785,0.312,0.806,-0.324,0.776,-0.292,0.172,0.118,-0.257,1.46,-1.56,30.07,2.34,-1.24,0.073,0.015,-0.708,1528,1478,1381,1513,10.00,10.06,19.94,29.65
1787303459.533,37.694,True,1,2.812,2.961,0.225,-0.029,9.788,9.787,0.312,0.806,-0.324,0.777,-0.293,0.172,0.118,-0.257,1.46,-1.56,30.07,2.35,-1.24,0.074,0.015,-0.708,1528,1478,1381,1513,10.00,10.06,29.93,39.64
1787303459.543,37.704,True,1,2.812,2.961,0.225,-0.028,9.789,9.788,0.312,0.806,-0.324,0.778,-0.294,0.172,0.118,-0.257,1.46,-1.56,30.07,2.36,-1.24,0.074,0.015,-0.708,1528,1478,1381,1513,10.00,10.06,39.93,49.64
1787303459.553,37.715,True,1,2.827,2.961,0.277,-0.244,9.572,9.564,0.305,0.813,-0.340,0.779,-0.296,0.155,0.118,-0.230,2.80,-3.23,29.37,2.18,-1.09,-0.103,0.191,-0.686,1468,1458,1384,1505,10.00,10.06,-0.30,-0.35
1787303459.563,37.724,True,1,2.833,2.961,0.290,-0.303,9.511,9.500,0.303,0.816,-0.346,0.780,-0.298,0.148,0.116,-0.218,3.08,-3.56,29.10,2.09,-1.04,-0.145,0.228,-0.677,1463,1454,1385,1503,10.00,10.06,-0.07,-0.12
1787303459.573,37.734,True,1,2.833,2.961,0.290,-0.302,9.512,9.502,0.303,0.816,-0.346,0.781,-0.299,0.148,0.116,-0.218,3.08,-3.56,29.10,2.10,-1.04,-0.144,0.229,-0.677,1464,1454,1385,1503,10.00,10.06,9.94,9.89
1787303459.583,37.744,True,1,2.833,2.961,0.290,-0.301,9.514,9.503,0.303,0.816,-0.346,0.782,-0.301,0.148,0.116,-0.218,3.08,-3.56,29.10,2.11,-1.04,-0.143,0.229,-0.677,1464,1454,1385,1503,10.00,10.06,19.93,19.88
1787303459.593,37.754,True,1,2.833,2.961,0.290,-0.300,9.515,9.505,0.303,0.816,-0.346,0.784,-0.302,0.148,0.116,-0.218,3.08,-3.56,29.10,2.12,-1.03,-0.142,0.229,-0.677,1464,1454,1385,1503,10.00,10.06,29.93,29.88
1787303459.603,37.764,True,1,2.833,2.961,0.290,-0.298,9.517,9.506,0.303,0.816,-0.346,0.785,-0.304,0.148,0.116,-0.218,3.08,-3.56,29.10,2.14,-1.03,-0.141,0.229,-0.677,1464,1454,1385,1503,10.00,10.06,39.93,39.88
1787303459.613,37.774,True,1,2.833,2.961,0.290,-0.297,9.518,9.507,0.303,0.816,-0.346,0.786,-0.305,0.148,0.116,-0.218,3.08,-3.56,29.10,2.15,-1.03,-0.140,0.229,-0.677,1464,1454,1385,1503,10.00,10.06,49.93,49.88
1787303459.623,37.785,True,1,2.851,2.961,0.309,-0.423,9.391,9.365,0.299,0.824,-0.359,0.787,-0.307,0.133,0.137,-0.198,4.07,-4.49,27.09,2.12,-0.66,-0.249,0.359,-0.603,1452,1440,1396,1498,10.00,10.06,-0.36,-0.41
1787303459.633,37.794,True,1,2.851,2.961,0.309,-0.421,9.392,9.366,0.299,0.824,-0.359,0.788,-0.309,0.133,0.137,-0.198,4.07,-4.49,27.09,2.14,-0.66,-0.248,0.359,-0.603,1452,1440,1396,1498,10.00,10.06,9.64,9.59
1787303459.643,37.804,True,1,2.851,2.961,0.309,-0.420,9.394,9.367,0.299,0.824,-0.359,0.789,-0.310,0.133,0.137,-0.198,4.07,-4.49,27.09,2.15,-0.66,-0.247,0.360,-0.603,1452,1440,1396,1498,10.00,10.06,19.64,19.59
1787303459.653,37.814,True,1,2.858,2.961,0.309,-0.452,9.361,9.332,0.298,0.828,-0.364,0.791,-0.312,0.127,0.138,-0.176,4.06,-4.45,26.23,1.97,-0.51,-0.261,0.374,-0.567,1451,1439,1401,1497,10.00,10.06,-0.17,-0.22
1787303459.663,37.824,True,1,2.858,2.961,0.309,-0.451,9.362,9.334,0.298,0.828,-0.364,0.792,-0.314,0.127,0.138,-0.176,4.06,-4.45,26.23,1.99,-0.51,-0.259,0.374,-0.567,1451,1439,1401,1497,10.00,10.06,9.83,9.78
1787303459.673,37.834,True,1,2.858,2.961,0.309,-0.450,9.363,9.335,0.298,0.828,-0.364,0.793,-0.316,0.127,0.138,-0.176,4.06,-4.45,26.23,2.00,-0.50,-0.258,0.374,-0.567,1451,1439,1401,1497,10.00,10.06,19.83,19.78
1787303459.683,37.844,True,1,2.858,2.961,0.309,-0.449,9.364,9.336,0.298,0.828,-0.364,0.794,-0.317,0.127,0.138,-0.176,4.06,-4.45,26.23,2.01,-0.50,-0.257,0.374,-0.567,1451,1439,1401,1497,10.00,10.06,29.83,29.78
1787303459.693,37.855,True,1,2.874,2.961,0.305,-0.498,9.315,9.295,0.297,0.836,-0.374,0.796,-0.319,0.114,0.145,-0.171,3.58,-3.74,24.02,2.03,-0.33,-0.192,0.328,-0.464,1458,1444,1415,1495,10.00,10.06,-0.26,-0.31
1787303459.703,37.864,True,1,2.874,2.961,0.305,-0.497,9.316,9.296,0.297,0.836,-0.374,0.797,-0.321,0.114,0.145,-0.171,3.58,-3.74,24.02,2.04,-0.33,-0.190,0.329,-0.464,1458,1444,1415,1495,10.00,10.06,9.74,9.69
1787303459.713,37.874,True,1,2.874,2.961,0.305,-0.496,9.317,9.297,0.297,0.836,-0.374,0.798,-0.323,0.114,0.145,-0.171,3.58,-3.74,24.02,2.06,-0.33,-0.189,0.329,-0.464,1459,1444,1415,1495,10.00,10.06,19.74,19.69
1787303459.723,37.884,True,1,2.874,2.961,0.305,-0.495,9.318,9.298,0.297,0.836,-0.374,0.800,-0.324,0.114,0.145,-0.171,3.58,-3.74,24.02,2.07,-0.33,-0.188,0.329,-0.464,1459,1443,1415,1495,10.00,10.06,29.74,29.69
1787303459.733,37.895,True,1,2.887,2.961,0.272,-0.450,9.361,9.349,0.298,0.842,-0.381,0.801,-0.326,0.105,0.143,-0.131,3.12,-2.61,22.23,1.68,-0.11,-0.168,0.242,-0.379,1461,1453,1427,1497,10.00,10.06,-0.25,-0.30
1787303459.743,37.904,True,1,2.887,2.961,0.272,-0.449,9.362,9.350,0.298,0.842,-0.381,0.802,-0.328,0.105,0.143,-0.131,3.12,-2.61,22.23,1.69,-0.10,-0.167,0.242,-0.379,1461,1453,1427,1497,10.00,10.06,9.75,9.70
1787303459.753,37.914,True,1,2.887,2.961,0.272,-0.448,9.362,9.350,0.298,0.842,-0.381,0.804,-0.330,0.105,0.143,-0.131,3.12,-2.61,22.23,1.70,-0.10,-0.165,0.243,-0.379,1461,1453,1427,1497,10.00,10.06,19.75,19.70
1787303459.763,37.924,True,1,2.887,2.961,0.272,-0.448,9.363,9.351,0.298,0.842,-0.381,0.805,-0.332,0.105,0.143,-0.131,3.12,-2.61,22.23,1.72,-0.09,-0.164,0.243,-0.379,1461,1453,1427,1497,10.00,10.06,29.75,29.70
1787303459.773,37.934,True,1,2.887,2.961,0.272,-0.447,9.364,9.352,0.298,0.842,-0.381,0.806,-0.333,0.105,0.143,-0.131,3.12,-2.61,22.23,1.73,-0.09,-0.163,0.243,-0.379,1462,1453,1427,1497,10.00,10.06,39.75,39.70
1787303459.783,37.944,True,1,2.887,2.961,0.272,-0.446,9.365,9.353,0.299,0.842,-0.381,0.807,-0.335,0.105,0.143,-0.131,3.12,-2.61,22.23,1.74,-0.09,-0.161,0.244,-0.379,1462,1453,1427,1497,10.00,10.06,49.75,49.70
1787303459.793,37.954,True,1,2.887,2.961,0.272,-0.446,9.366,9.354,0.299,0.842,-0.381,0.809,-0.336,0.105,0.143,-0.131,3.12,-2.61,22.23,1.75,-0.09,-0.160,0.244,-0.379,1462,1453,1427,1497,10.00,10.06,59.75,59.70
1787303459.803,37.964,True,1,2.887,2.961,0.272,-0.445,9.366,9.355,0.299,0.842,-0.381,0.810,-0.338,0.105,0.143,-0.131,3.12,-2.61,22.23,1.76,-0.08,-0.159,0.244,-0.379,1462,1453,1427,1497,10.00,10.06,69.74,69.70
1787303459.813,37.975,True,1,2.905,2.961,0.238,-0.410,9.400,9.398,0.300,0.853,-0.388,0.811,-0.340,0.092,0.144,-0.110,2.51,0.17,17.33,1.55,0.15,-0.100,-0.009,-0.152,1468,1520,1458,1499,10.00,10.06,-0.55,-0.50
1787303459.823,37.984,True,1,2.905,2.961,0.238,-0.410,9.400,9.399,0.300,0.853,-0.388,0.813,-0.341,0.092,0.144,-0.110,2.51,0.17,17.33,1.56,0.15,-0.099,-0.008,-0.152,1468,1520,1458,1499,10.00,10.06,9.46,9.50
1787303459.833,37.994,True,1,2.905,2.961,0.238,-0.409,9.401,9.400,0.300,0.853,-0.388,0.814,-0.343,0.092,0.144,-0.110,2.51,0.17,17.33,1.57,0.16,-0.098,-0.008,-0.152,1469,1520,1458,1499,10.00,10.06,19.45,19.50
1787303459.843,38.004,True,1,2.905,2.961,0.238,-0.409,9.402,9.400,0.300,0.853,-0.388,0.815,-0.344,0.092,0.144,-0.110,2.51,0.17,17.33,1.59,0.16,-0.097,-0.007,-0.152,1469,1520,1458,1499,10.00,10.06,29.45,29.50
1787303459.853,38.014,True,1,2.905,2.961,0.238,-0.408,9.402,9.401,0.300,0.853,-0.388,0.817,-0.346,0.092,0.144,-0.110,2.51,0.17,17.33,1.60,0.17,-0.095,-0.007,-0.152,1469,1520,1458,1499,10.00,10.06,39.45,39.50
1787303459.863,38.024,True,1,2.905,2.961,0.238,-0.408,9.403,9.402,0.300,0.853,-0.388,0.818,-0.347,0.092,0.144,-0.110,2.51,0.17,17.33,1.61,0.17,-0.094,-0.006,-0.152,1469,1520,1458,1499,10.00,10.06,49.45,49.50
1787303459.873,38.034,True,1,2.905,2.961,0.238,-0.407,9.404,9.402,0.300,0.853,-0.388,0.819,-0.349,0.092,0.144,-0.110,2.51,0.17,17.33,1.62,0.18,-0.093,-0.006,-0.152,1469,1520,1458,1499,10.00,10.06,59.45,59.50
1787303459.883,38.044,True,1,2.905,2.961,0.238,-0.406,9.404,9.403,0.300,0.853,-0.388,0.820,-0.350,0.092,0.144,-0.110,2.51,0.17,17.33,1.63,0.18,-0.092,-0.005,-0.152,1469,1520,1458,1499,10.00,10.06,69.45,69.50
1787303459.893,38.055,True,1,2.919,2.961,0.167,-0.251,9.558,9.546,0.305,0.864,-0.394,0.822,-0.351,0.081,0.117,-0.088,1.83,2.88,12.41,1.30,0.09,-0.059,-0.290,0.072,1473,1551,1529,1504,10.00,10.06,-0.51,-0.56
1787303459.903,38.064,True,1,2.919,2.961,0.167,-0.251,9.558,9.547,0.305,0.864,-0.394,0.823,-0.353,0.081,0.117,-0.088,1.83,2.88,12.41,1.31,0.10,-0.058,-0.289,0.072,1473,1551,1529,1505,10.00,10.06,9.49,9.44
1787303459.913,38.074,True,1,2.919,2.961,0.167,-0.251,9.559,9.547,0.305,0.864,-0.394,0.824,-0.354,0.081,0.117,-0.088,1.83,2.88,12.41,1.32,0.11,-0.057,-0.288,0.072,1473,1551,1529,1505,10.00,10.06,19.49,19.44
1787303459.923,38.084,True,1,2.919,2.961,0.167,-0.250,9.559,9.548,0.305,0.864,-0.394,0.826,-0.355,0.081,0.117,-0.088,1.83,2.88,12.41,1.33,0.11,-0.056,-0.287,0.072,1473,1551,1529,1505,10.00,10.06,29.49,29.44
1787303459.933,38.094,True,1,2.919,2.961,0.167,-0.250,9.560,9.548,0.305,0.864,-0.394,0.827,-0.357,0.081,0.117,-0.088,1.83,2.88,12.41,1.34,0.12,-0.055,-0.287,0.072,1473,1551,1529,1505,10.00,10.06,39.49,39.45
1787303459.943,38.104,True,1,2.919,2.961,0.167,-0.249,9.560,9.549,0.305,0.864,-0.394,0.828,-0.358,0.081,0.117,-0.088,1.83,2.88,12.41,1.35,0.12,-0.054,-0.286,0.072,1474,1551,1529,1505,10.00,10.07,49.50,49.45
1787303459.953,38.114,True,1,2.919,2.961,0.167,-0.249,9.560,9.549,0.305,0.864,-0.394,0.829,-0.359,0.081,0.117,-0.088,1.83,2.88,12.41,1.36,0.13,-0.053,-0.286,0.072,1474,1551,1529,1505,9.99,10.06,59.49,59.44
1787303459.963,38.124,True,1,2.919,2.961,0.167,-0.248,9.561,9.550,0.305,0.864,-0.394,0.830,-0.360,0.081,0.117,-0.088,1.83,2.88,12.41,1.36,0.14,-0.052,-0.285,0.072,1474,1551,1529,1505,10.00,10.06,69.49,69.44
1787303459.973,38.134,True,1,2.919,2.961,0.167,-0.248,9.561,9.550,0.305,0.864,-0.394,0.832,-0.361,0.081,0.117,-0.088,1.83,2.88,12.41,1.37,0.14,-0.051,-0.285,0.072,1474,1551,1529,1505,10.00,10.06,79.49,79.44
1787303459.984,38.145,True,1,2.926,2.961,0.098,-0.069,9.739,9.698,0.310,0.869,-0.398,0.833,-0.363,0.074,0.050,-0.055,1.23,4.88,5.88,0.92,-0.37,-0.063,-0.542,0.358,1473,1578,1569,1510,10.00,10.06,-0.57,-0.62
1787303459.993,38.154,True,1,2.926,2.961,0.098,-0.069,9.739,9.698,0.310,0.869,-0.398,0.834,-0.364,0.074,0.050,-0.055,1.23,4.88,5.88,0.93,-0.37,-0.062,-0.541,0.358,1473,1578,1569,1510,10.00,10.06,9.43,9.38
1787303460.003,38.164,True,1,2.926,2.961,0.098,-0.068,9.740,9.699,0.310,0.869,-0.398,0.835,-0.365,0.074,0.050,-0.055,1.23,4.88,5.88,0.93,-0.36,-0.061,-0.541,0.358,1473,1578,1569,1510,10.00,10.06,19.42,19.37
1787303460.013,38.174,True,1,2.926,2.961,0.098,-0.068,9.740,9.699,0.310,0.869,-0.398,0.836,-0.366,0.074,0.050,-0.055,1.23,4.88,5.88,0.94,-0.35,-0.060,-0.540,0.358,1473,1578,1569,1510,10.00,10.06,29.43,29.38
1787303460.023,38.184,True,1,2.926,2.961,0.098,-0.068,9.740,9.700,0.310,0.869,-0.398,0.837,-0.367,0.074,0.050,-0.055,1.23,4.88,5.88,0.95,-0.35,-0.059,-0.539,0.358,1473,1578,1569,1510,10.01,10.07,39.43,39.38
1787303460.033,38.194,True,1,2.926,2.961,0.098,-0.067,9.741,9.700,0.310,0.869,-0.398,0.839,-0.368,0.074,0.050,-0.055,1.23,4.88,5.88,0.95,-0.34,-0.059,-0.539,0.358,1473,1578,1569,1510,10.00,10.06,49.43,49.38
1787303460.043,38.205,True,1,2.930,2.961,0.086,-0.047,9.762,9.720,0.310,0.870,-0.400,0.840,-0.369,0.072,-0.000,-0.066,0.00,4.45,0.24,1.10,-0.77,0.069,-0.546,0.592,1527,1578,1602,1511,10.00,10.06,-0.47,-0.42
1787303460.053,38.214,True,1,2.930,2.961,0.086,-0.047,9.762,9.720,0.310,0.870,-0.400,0.841,-0.370,0.072,-0.000,-0.066,0.00,4.45,0.24,1.11,-0.76,0.070,-0.545,0.592,1527,1578,1602,1511,10.00,10.06,9.53,9.58
1787303460.063,38.224,True,1,2.931,2.961,0.095,-0.077,9.733,9.692,0.309,0.869,-0.401,0.842,-0.371,0.072,-0.008,-0.079,-0.20,4.23,-0.51,1.26,-0.83,0.107,-0.532,0.623,1531,1577,1606,1510,10.00,10.06,-0.11,-0.16
1787303460.073,38.234,True,1,2.931,2.961,0.095,-0.077,9.733,9.698,0.310,0.869,-0.401,0.842,-0.372,0.072,-0.008,-0.079,-0.60,3.70,-1.87,1.29,-0.79,0.154,-0.478,0.680,1537,1571,1614,1510,10.00,10.06,-0.06,9.84
1787303460.083,38.244,True,1,2.931,2.961,0.095,-0.077,9.733,9.698,0.310,0.869,-0.401,0.843,-0.373,0.072,-0.008,-0.079,-0.60,3.70,-1.87,1.30,-0.78,0.155,-0.477,0.680,1537,1571,1614,1510,10.00,10.06,9.94,19.84
1787303460.093,38.254,True,1,2.931,2.961,0.095,-0.077,9.733,9.698,0.310,0.869,-0.401,0.844,-0.374,0.072,-0.008,-0.079,-0.60,3.70,-1.87,1.30,-0.78,0.155,-0.476,0.680,1537,1571,1614,1510,10.00,10.06,19.94,29.84
1787303460.103,38.264,True,1,2.931,2.961,0.095,-0.076,9.734,9.699,0.310,0.869,-0.401,0.845,-0.375,0.072,-0.008,-0.079,-0.60,3.70,-1.87,1.31,-0.77,0.156,-0.476,0.680,1537,1571,1614,1510,10.00,10.06,29.94,39.84
1787303460.113,38.274,True,1,2.931,2.961,0.095,-0.076,9.734,9.699,0.310,0.869,-0.401,0.846,-0.376,0.072,-0.008,-0.079,-0.60,3.70,-1.87,1.31,-0.77,0.156,-0.475,0.680,1537,1571,1614,1510,10.00,10.06,39.94,49.84
1787303460.123,38.285,True,1,2.933,2.961,0.110,-0.129,9.683,9.657,0.308,0.866,-0.402,0.847,-0.377,0.073,-0.046,-0.087,-1.09,2.21,-4.99,1.48,-1.09,0.237,-0.361,0.815,1546,1559,1633,1509,10.00,10.06,-0.30,-0.35
1787303460.133,38.294,True,1,2.933,2.961,0.110,-0.128,9.683,9.658,0.308,0.866,-0.402,0.847,-0.378,0.073,-0.046,-0.087,-1.09,2.21,-4.99,1.48,-1.09,0.238,-0.361,0.815,1546,1559,1633,1509,10.00,10.06,9.70,9.65
1787303460.143,38.304,True,1,2.934,2.961,0.110,-0.130,9.681,9.665,0.308,0.865,-0.403,0.848,-0.378,0.073,-0.050,-0.074,-0.97,1.17,-6.71,1.39,-1.10,0.230,-0.253,0.893,1545,1547,1644,1509,10.00,10.06,-0.17,-0.12
1787303460.153,38.314,True,1,2.934,2.961,0.110,-0.130,9.681,9.666,0.308,0.865,-0.403,0.848,-0.379,0.073,-0.050,-0.074,-0.97,1.17,-6.71,1.40,-1.10,0.230,-0.252,0.893,1545,1547,1644,1509,10.00,10.06,9.84,9.89
1787303460.163,38.324,True,1,2.933,2.961,0.095,-0.082,9.730,9.720,0.310,0.863,-0.403,0.849,-0.380,0.074,-0.055,-0.077,-0.63,0.36,-8.09,1.45,-1.10,0.213,-0.164,0.956,1543,1538,1652,1511,10.00,10.06,-0.12,-0.17
1787303460.173,38.334,True,1,2.933,2.961,0.095,-0.081,9.730,9.721,0.310,0.863,-0.403,0.849,-0.381,0.074,-0.055,-0.077,-0.63,0.36,-8.09,1.46,-1.09,0.213,-0.163,0.956,1543,1538,1652,1511,10.00,10.06,9.88,9.83
1787303460.183,38.344,True,1,2.933,2.961,0.095,-0.081,9.731,9.721,0.310,0.863,-0.403,0.850,-0.382,0.074,-0.055,-0.077,-0.63,0.36,-8.09,1.46,-1.09,0.214,-0.163,0.956,1543,1537,1652,1511,10.00,10.06,19.89,19.84
1787303460.193,38.354,True,1,2.933,2.961,0.095,-0.081,9.731,9.721,0.310,0.863,-0.403,0.850,-0.382,0.074,-0.055,-0.077,-0.63,0.36,-8.09,1.47,-1.09,0.214,-0.163,0.956,1543,1537,1652,1511,10.00,10.06,29.89,29.84
1787303460.203,38.364,True,1,2.933,2.961,0.095,-0.080,9.731,9.721,0.310,0.863,-0.403,0.851,-0.383,0.074,-0.055,-0.077,-0.63,0.36,-8.09,1.47,-1.08,0.214,-0.162,0.956,1543,1537,1652,1511,10.00,10.06,39.88,39.84
1787303460.213,38.374,True,1,2.933,2.961,0.095,-0.080,9.731,9.722,0.310,0.863,-0.403,0.851,-0.384,0.074,-0.055,-0.077,-0.63,0.36,-8.09,1.47,-1.08,0.215,-0.162,0.956,1543,1537,1652,1511,10.00,10.06,49.89,49.84
1787303460.223,38.385,True,1,2.931,2.961,0.095,-0.070,9.742,9.740,0.311,0.859,-0.404,0.851,-0.384,0.077,-0.061,-0.071,1.06,-2.13,-12.07,1.49,-1.05,0.088,0.134,1.128,1529,1465,1676,1512,10.00,10.06,-0.45,-0.40
1787303460.233,38.394,True,1,2.931,2.961,0.095,-0.070,9.742,9.740,0.311,0.859,-0.404,0.852,-0.385,0.077,-0.061,-0.071,1.06,-2.13,-12.07,1.50,-1.05,0.088,0.134,1.128,1529,1465,1676,1512,10.00,10.06,9.55,9.60
1787303460.243,38.404,True,1,2.931,2.961,0.095,-0.069,9.742,9.740,0.311,0.859,-0.404,0.852,-0.386,0.077,-0.061,-0.071,1.06,-2.13,-12.07,1.50,-1.05,0.089,0.135,1.128,1529,1465,1676,1512,10.00,10.06,19.55,19.60
1787303460.253,38.414,True,1,2.931,2.961,0.095,-0.069,9.743,9.741,0.311,0.859,-0.404,0.852,-0.386,0.077,-0.061,-0.071,1.06,-2.13,-12.07,1.50,-1.04,0.089,0.135,1.128,1529,1465,1676,1512,10.00,10.06,29.55,29.60
1787303460.263,38.424,True,1,2.931,2.961,0.095,-0.069,9.743,9.741,0.311,0.859,-0.404,0.852,-0.387,0.077,-0.061,-0.071,1.06,-2.13,-12.07,1.51,-1.04,0.089,0.135,1.128,1529,1465,1676,1512,10.00,10.06,39.55,39.60
1787303460.273,38.434,True,1,2.931,2.961,0.095,-0.068,9.743,9.741,0.311,0.859,-0.404,0.853,-0.387,0.077,-0.061,-0.071,1.06,-2.13,-12.07,1.51,-1.04,0.089,0.135,1.128,1529,1465,1676,1512,10.00,10.06,49.55,49.60
1787303460.283,38.444,True,1,2.931,2.961,0.095,-0.068,9.744,9.741,0.311,0.859,-0.404,0.853,-0.388,0.077,-0.061,-0.071,1.06,-2.13,-12.07,1.51,-1.04,0.090,0.135,1.128,1529,1465,1676,1512,10.00,10.06,59.55,59.60
1787303460.293,38.455,True,1,2.929,2.961,0.112,-0.111,9.701,9.688,0.309,0.855,-0.405,0.853,-0.388,0.080,-0.055,-0.075,2.86,-3.46,-14.92,1.60,-0.89,-0.057,0.331,1.238,1473,1443,1691,1510,10.00,10.06,-0.42,-0.46
1787303460.303,38.464,True,1,2.928,2.961,0.107,-0.093,9.718,9.700,0.310,0.854,-0.405,0.853,-0.389,0.081,-0.050,-0.051,3.57,-3.61,-15.78,1.36,-0.89,-0.150,0.365,1.270,1463,1440,1696,1510,10.00,10.06,-0.05,-0.10
1787303460.313,38.474,True,1,2.928,2.961,0.107,-0.092,9.718,9.700,0.310,0.854,-0.405,0.853,-0.390,0.081,-0.050,-0.051,3.57,-3.61,-15.78,1.36,-0.89,-0.150,0.365,1.270,1463,1440,1696,1510,10.00,10.06,9.95,9.90
1787303460.323,38.484,True,1,2.928,2.961,0.107,-0.092,9.719,9.700,0.310,0.854,-0.405,0.853,-0.390,0.081,-0.050,-0.051,3.57,-3.61,-15.78,1.36,-0.89,-0.150,0.365,1.270,1463,1440,1696,1510,10.00,10.06,19.95,19.90
1787303460.333,38.494,True,1,2.928,2.961,0.107,-0.092,9.719,9.701,0.310,0.854,-0.405,0.853,-0.391,0.081,-0.050,-0.051,3.57,-3.61,-15.78,1.37,-0.89,-0.149,0.365,1.270,1463,1440,1696,1510,10.00,10.06,29.95,29.90
1787303460.343,38.504,True,1,2.928,2.961,0.107,-0.091,9.719,9.701,0.310,0.854,-0.405,0.853,-0.391,0.081,-0.050,-0.051,3.57,-3.61,-15.78,1.37,-0.89,-0.149,0.365,1.270,1463,1440,1696,1510,10.00,10.06,39.95,39.90
1787303460.353,38.514,True,1,2.928,2.961,0.107,-0.091,9.720,9.702,0.310,0.854,-0.405,0.853,-0.391,0.081,-0.050,-0.051,3.57,-3.61,-15.78,1.37,-0.89,-0.149,0.365,1.270,1463,1440,1696,1510,10.00,10.06,49.95,49.90
1787303460.363,38.524,True,1,2.928,2.961,0.107,-0.091,9.720,9.702,0.310,0.854,-0.405,0.853,-0.392,0.081,-0.050,-0.051,3.57,-3.61,-15.78,1.37,-0.89,-0.148,0.365,1.270,1463,1440,1696,1510,10.00,10.06,59.95,59.90
1787303460.373,38.535,True,1,2.928,2.961,0.129,-0.157,9.652,9.607,0.307,0.851,-0.405,0.853,-0.392,0.083,-0.029,-0.001,5.66,-3.55,-17.40,0.84,-0.80,-0.420,0.421,1.326,1434,1434,1704,1507,10.00,10.06,-0.46,-0.51
1787303460.383,38.544,True,1,2.928,2.961,0.129,-0.156,9.652,9.607,0.307,0.851,-0.405,0.853,-0.393,0.083,-0.029,-0.001,5.66,-3.55,-17.40,0.84,-0.80,-0.420,0.421,1.326,1434,1434,1704,1507,10.00,10.06,9.54,9.49
1787303460.393,38.554,True,1,2.928,2.961,0.129,-0.156,9.653,9.607,0.307,0.851,-0.405,0.853,-0.393,0.083,-0.029,-0.001,5.66,-3.55,-17.40,0.84,-0.80,-0.420,0.421,1.326,1434,1434,1704,1507,10.00,10.06,19.54,19.49
1787303460.403,38.564,True,1,2.928,2.961,0.129,-0.156,9.653,9.608,0.307,0.851,-0.405,0.853,-0.394,0.083,-0.029,-0.001,5.66,-3.55,-17.40,0.84,-0.80,-0.420,0.421,1.326,1434,1434,1704,1507,10.00,10.06,29.54,29.49
1787303460.413,38.574,True,1,2.928,2.961,0.129,-0.155,9.653,9.608,0.307,0.851,-0.405,0.853,-0.394,0.083,-0.029,-0.001,5.66,-3.55,-17.40,0.85,-0.80,-0.419,0.421,1.326,1434,1434,1704,1507,10.00,10.06,39.55,39.50
1787303460.423,38.585,True,1,2.928,2.961,0.146,-0.207,9.602,9.543,0.305,0.851,-0.404,0.853,-0.394,0.084,-0.017,0.000,6.74,-2.85,-17.77,0.80,-0.68,-0.553,0.387,1.342,1420,1437,1706,1504,10.00,10.06,-0.28,-0.23
1787303460.433,38.594,True,1,2.928,2.961,0.146,-0.206,9.602,9.544,0.305,0.851,-0.404,0.853,-0.395,0.084,-0.017,0.000,6.74,-2.85,-17.77,0.80,-0.68,-0.553,0.387,1.342,1420,1437,1706,1504,10.00,10.06,9.73,9.77
1787303460.443,38.604,True,1,2.928,2.961,0.146,-0.206,9.602,9.544,0.305,0.851,-0.404,0.853,-0.395,0.084,-0.017,0.000,6.74,-2.85,-17.77,0.80,-0.69,-0.553,0.386,1.342,1420,1437,1706,1504,10.00,10.06,19.72,19.77
1787303460.453,38.614,True,1,2.928,2.961,0.146,-0.206,9.603,9.544,0.305,0.851,-0.404,0.853,-0.395,0.084,-0.017,0.000,6.74,-2.85,-17.77,0.81,-0.69,-0.553,0.386,1.342,1420,1437,1706,1504,10.00,10.06,29.72,29.77
1787303460.463,38.625,True,1,2.930,2.961,0.161,-0.256,9.551,9.478,0.303,0.850,-0.401,0.852,-0.395,0.087,-0.020,0.058,7.31,-1.46,-17.52,0.22,-0.92,-0.707,0.231,1.350,1404,1454,1707,1502,10.00,10.06,-0.32,-0.37
1787303460.473,38.634,True,1,2.930,2.961,0.161,-0.256,9.552,9.478,0.303,0.850,-0.401,0.852,-0.396,0.087,-0.020,0.058,7.31,-1.46,-17.52,0.22,-0.92,-0.707,0.230,1.350,1404,1454,1707,1502,10.00,10.06,9.68,9.63
1787303460.483,38.644,True,1,2.930,2.961,0.161,-0.256,9.552,9.479,0.303,0.850,-0.401,0.852,-0.396,0.087,-0.020,0.058,7.31,-1.46,-17.52,0.22,-0.92,-0.707,0.230,1.350,1404,1454,1707,1502,10.00,10.06,19.68,19.63
1787303460.493,38.654,True,1,2.930,2.961,0.161,-0.256,9.552,9.479,0.303,0.850,-0.401,0.852,-0.396,0.087,-0.020,0.058,7.31,-1.46,-17.52,0.22,-0.92,-0.707,0.230,1.350,1404,1454,1707,1502,10.00,10.06,29.68,29.63
1787303460.503,38.664,True,1,2.930,2.961,0.161,-0.255,9.553,9.479,0.303,0.850,-0.401,0.852,-0.396,0.087,-0.020,0.058,7.31,-1.46,-17.52,0.23,-0.92,-0.707,0.230,1.350,1404,1454,1707,1502,10.00,10.06,39.68,39.63
1787303460.513,38.674,True,1,2.930,2.961,0.161,-0.255,9.553,9.480,0.303,0.850,-0.401,0.852,-0.396,0.087,-0.020,0.058,7.31,-1.46,-17.52,0.23,-0.92,-0.707,0.230,1.350,1404,1454,1707,1502,10.00,10.06,49.68,49.63
1787303460.523,38.685,True,1,2.931,2.961,0.197,-0.367,9.442,9.346,0.298,0.849,-0.393,0.852,-0.396,0.092,-0.019,0.136,7.30,0.91,-16.41,-0.61,-1.16,-0.850,-0.047,1.337,1390,1525,1705,1497,10.00,10.06,-0.36,-0.41
1787303460.533,38.694,True,1,2.932,2.961,0.242,-0.504,9.305,9.208,0.294,0.848,-0.389,0.852,-0.396,0.095,-0.025,0.152,7.04,1.46,-16.07,-0.78,-1.29,-0.852,-0.126,1.330,1389,1533,1704,1492,10.00,10.06,-0.07,-0.12
1787303460.543,38.704,True,1,2.932,2.961,0.242,-0.504,9.306,9.209,0.294,0.848,-0.389,0.852,-0.396,0.095,-0.025,0.152,7.04,1.46,-16.07,-0.78,-1.30,-0.852,-0.126,1.330,1389,1533,1704,1492,10.00,10.06,9.93,9.88
1787303460.553,38.714,True,1,2.932,2.961,0.242,-0.504,9.306,9.209,0.294,0.848,-0.389,0.852,-0.396,0.095,-0.025,0.152,7.04,1.46,-16.07,-0.78,-1.30,-0.852,-0.126,1.330,1389,1533,1704,1492,10.00,10.06,19.93,19.88
1787303460.563,38.724,True,1,2.932,2.961,0.242,-0.504,9.306,9.209,0.294,0.848,-0.389,0.851,-0.395,0.095,-0.025,0.152,7.04,1.46,-16.07,-0.79,-1.30,-0.852,-0.127,1.331,1389,1534,1704,1492,10.00,10.06,29.93,29.88
1787303460.573,38.734,True,1,2.932,2.961,0.242,-0.503,9.307,9.209,0.294,0.848,-0.389,0.851,-0.395,0.095,-0.025,0.152,7.04,1.46,-16.07,-0.79,-1.30,-0.853,-0.127,1.331,1389,1534,1704,1492,10.00,10.06,39.93,39.88
1787303460.583,38.745,True,1,2.937,2.961,0.285,-0.653,9.159,9.073,0.290,0.847,-0.380,0.851,-0.395,0.102,-0.041,0.182,5.33,2.93,-14.76,-1.12,-1.57,-0.739,-0.353,1.285,1401,1558,1698,1487,10.01,10.07,-0.27,-0.32
1787303460.593,38.754,True,1,2.937,2.961,0.285,-0.653,9.159,9.073,0.290,0.847,-0.380,0.851,-0.394,0.102,-0.041,0.182,5.33,2.93,-14.76,-1.12,-1.57,-0.739,-0.353,1.285,1401,1558,1698,1487,10.00,10.06,9.72,9.68
1787303460.603,38.764,True,1,2.937,2.961,0.285,-0.653,9.159,9.073,0.290,0.847,-0.380,0.851,-0.394,0.102,-0.041,0.182,5.33,2.93,-14.76,-1.13,-1.57,-0.740,-0.354,1.285,1401,1558,1698,1487,10.00,10.06,19.72,19.67
1787303460.613,38.774,True,1,2.937,2.961,0.285,-0.652,9.160,9.073,0.290,0.847,-0.380,0.851,-0.393,0.102,-0.041,0.182,5.33,2.93,-14.76,-1.13,-1.57,-0.740,-0.354,1.285,1401,1558,1698,1487,10.00,10.06,29.72,29.67
1787303460.623,38.785,True,1,2.941,2.961,0.309,-0.740,9.073,9.009,0.288,0.846,-0.373,0.851,-0.393,0.109,-0.045,0.211,2.84,3.60,-12.83,-1.51,-1.67,-0.528,-0.494,1.188,1423,1573,1684,1484,10.00,10.06,-0.26,-0.30
1787303460.633,38.794,True,1,2.941,2.961,0.309,-0.740,9.073,9.009,0.288,0.846,-0.373,0.850,-0.392,0.109,-0.045,0.211,2.84,3.60,-12.83,-1.51,-1.68,-0.528,-0.494,1.188,1422,1573,1684,1484,10.00,10.06,9.75,9.70
1787303460.643,38.804,True,1,2.941,2.961,0.309,-0.740,9.074,9.009,0.288,0.846,-0.373,0.850,-0.391,0.109,-0.045,0.211,2.84,3.60,-12.83,-1.52,-1.68,-0.529,-0.495,1.188,1422,1573,1684,1484,10.00,10.06,19.75,19.70
1787303460.653,38.814,True,1,2.941,2.961,0.309,-0.740,9.074,9.009,0.288,0.846,-0.373,0.850,-0.391,0.109,-0.045,0.211,2.84,3.60,-12.83,-1.52,-1.68,-0.529,-0.495,1.188,1422,1573,1684,1484,10.00,10.06,29.75,29.70
1787303460.663,38.824,True,1,2.941,2.961,0.309,-0.740,9.074,9.009,0.288,0.846,-0.373,0.850,-0.390,0.109,-0.045,0.211,2.84,3.60,-12.83,-1.53,-1.68,-0.530,-0.495,1.188,1422,1573,1684,1484,10.00,10.06,39.74,39.70
1787303460.673,38.834,True,1,2.941,2.961,0.309,-0.739,9.074,9.009,0.288,0.846,-0.373,0.850,-0.389,0.109,-0.045,0.211,2.84,3.60,-12.83,-1.53,-1.69,-0.530,-0.496,1.188,1422,1573,1684,1484,10.00,10.06,49.75,49.70
1787303460.683,38.844,True,1,2.941,2.961,0.309,-0.739,9.075,9.010,0.288,0.846,-0.373,0.850,-0.389,0.109,-0.045,0.211,2.84,3.60,-12.83,-1.53,-1.69,-0.531,-0.496,1.188,1422,1573,1685,1484,10.00,10.06,59.75,59.70
1787303460.693,38.854,True,1,2.941,2.961,0.309,-0.739,9.075,9.010,0.288,0.846,-0.373,0.850,-0.388,0.109,-0.045,0.211,2.84,3.60,-12.83,-1.54,-1.69,-0.531,-0.496,1.188,1422,1573,1685,1484,10.00,10.06,69.74,69.70
1787303460.703,38.865,True,1,2.954,2.961,0.341,-0.888,8.928,8.910,0.284,0.842,-0.353,0.849,-0.387,0.126,-0.071,0.226,-2.36,1.78,-7.31,-1.87,-1.89,0.023,-0.422,0.906,1522,1565,1645,1481,10.00,10.06,-0.52,-0.48
1787303460.713,38.874,True,1,2.954,2.961,0.341,-0.888,8.929,8.910,0.284,0.842,-0.353,0.849,-0.386,0.126,-0.071,0.226,-2.36,1.78,-7.31,-1.88,-1.89,0.022,-0.423,0.906,1522,1565,1645,1481,10.00,10.06,9.48,9.52
1787303460.723,38.884,True,1,2.954,2.961,0.341,-0.888,8.929,8.910,0.284,0.842,-0.353,0.849,-0.385,0.126,-0.071,0.226,-2.36,1.78,-7.31,-1.88,-1.90,0.021,-0.423,0.906,1522,1565,1645,1481,10.00,10.06,19.47,19.52
1787303460.733,38.894,True,1,2.954,2.961,0.341,-0.888,8.929,8.910,0.284,0.842,-0.353,0.849,-0.384,0.126,-0.071,0.226,-2.36,1.78,-7.31,-1.89,-1.90,0.020,-0.424,0.906,1522,1565,1645,1481,10.00,10.06,29.48,29.52
1787303460.743,38.904,True,1,2.954,2.961,0.341,-0.888,8.929,8.910,0.284,0.842,-0.353,0.848,-0.383,0.126,-0.071,0.226,-2.36,1.78,-7.31,-1.90,-1.91,0.019,-0.424,0.906,1522,1565,1645,1481,10.00,10.06,39.48,39.52
1787303460.753,38.915,True,1,2.966,2.961,0.316,-0.860,8.957,8.934,0.285,0.838,-0.337,0.848,-0.381,0.142,-0.079,0.223,-6.07,-0.82,-1.50,-2.04,-1.79,0.431,-0.172,0.655,1566,1538,1611,1482,10.00,10.06,-0.41,-0.37
1787303460.763,38.924,True,1,2.966,2.961,0.316,-0.860,8.957,8.934,0.285,0.838,-0.337,0.848,-0.380,0.142,-0.079,0.223,-6.07,-0.82,-1.50,-2.06,-1.80,0.430,-0.172,0.655,1566,1539,1611,1482,10.00,10.06,9.59,9.64
1787303460.773,38.934,True,1,2.966,2.961,0.316,-0.860,8.957,8.934,0.285,0.838,-0.337,0.847,-0.378,0.142,-0.079,0.223,-6.07,-0.82,-1.50,-2.07,-1.80,0.429,-0.173,0.655,1566,1539,1611,1482,10.00,10.06,19.58,19.63
1787303460.783,38.944,True,1,2.971,2.961,0.293,-0.812,9.004,8.976,0.286,0.836,-0.332,0.847,-0.377,0.147,-0.076,0.217,-6.60,-1.46,-0.17,-2.05,-1.71,0.492,-0.096,0.605,1573,1530,1603,1483,10.00,10.06,-0.12,-0.17
1787303460.793,38.954,True,1,2.971,2.961,0.293,-0.812,9.004,8.976,0.286,0.836,-0.332,0.847,-0.375,0.147,-0.076,0.217,-6.60,-1.46,-0.17,-2.06,-1.72,0.491,-0.097,0.605,1572,1530,1603,1483,10.00,10.06,9.88,9.83
1787303460.803,38.964,True,1,2.971,2.961,0.293,-0.813,9.004,8.976,0.286,0.836,-0.332,0.846,-0.374,0.147,-0.076,0.217,-6.60,-1.46,-0.17,-2.07,-1.72,0.489,-0.097,0.605,1572,1530,1603,1483,10.00,10.06,19.88,19.83
1787303460.813,38.974,True,1,2.971,2.961,0.293,-0.813,9.004,8.976,0.286,0.836,-0.332,0.846,-0.373,0.147,-0.076,0.217,-6.60,-1.46,-0.17,-2.09,-1.72,0.488,-0.097,0.605,1572,1530,1603,1483,10.00,10.06,29.88,29.83
1787303460.823,38.984,True,1,2.971,2.961,0.293,-0.813,9.004,8.976,0.286,0.836,-0.332,0.846,-0.371,0.147,-0.076,0.217,-6.60,-1.46,-0.17,-2.10,-1.73,0.487,-0.098,0.604,1572,1530,1603,1483,10.00,10.06,39.88,39.83
1787303460.833,38.994,True,1,2.971,2.961,0.293,-0.813,9.004,8.976,0.286,0.836,-0.332,0.845,-0.370,0.147,-0.076,0.217,-6.60,-1.46,-0.17,-2.11,-1.73,0.486,-0.098,0.604,1572,1530,1603,1483,10.00,10.06,49.88,49.83
1787303460.843,39.004,True,1,2.971,2.961,0.293,-0.813,9.004,8.976,0.287,0.836,-0.332,0.845,-0.369,0.147,-0.076,0.217,-6.60,-1.46,-0.17,-2.12,-1.73,0.485,-0.098,0.604,1572,1530,1603,1483,10.00,10.06,59.88,59.83
1787303460.853,39.015,True,1,2.978,2.961,0.229,-0.651,9.162,9.095,0.290,0.834,-0.317,0.845,-0.367,0.161,-0.052,0.170,-7.76,-4.69,7.55,-1.74,-1.21,0.652,0.325,0.321,1589,1444,1564,1488,10.00,10.06,-0.46,-0.50
1787303460.863,39.024,True,1,2.978,2.961,0.229,-0.651,9.162,9.095,0.290,0.834,-0.317,0.844,-0.365,0.161,-0.052,0.170,-7.76,-4.69,7.55,-1.76,-1.21,0.651,0.324,0.321,1589,1444,1564,1488,10.00,10.06,9.55,9.50
1787303460.873,39.034,True,1,2.978,2.961,0.229,-0.651,9.162,9.095,0.290,0.834,-0.317,0.844,-0.364,0.161,-0.052,0.170,-7.76,-4.69,7.55,-1.77,-1.21,0.649,0.324,0.321,1589,1444,1564,1488,10.00,10.06,19.55,19.50
1787303460.883,39.044,True,1,2.978,2.961,0.229,-0.651,9.162,9.095,0.290,0.834,-0.317,0.844,-0.362,0.161,-0.052,0.170,-7.76,-4.69,7.55,-1.78,-1.21,0.648,0.324,0.321,1589,1444,1564,1488,10.00,10.06,29.54,29.50
1787303460.893,39.054,True,1,2.978,2.961,0.229,-0.652,9.162,9.095,0.290,0.834,-0.317,0.843,-0.361,0.161,-0.052,0.170,-7.76,-4.69,7.55,-1.80,-1.21,0.647,0.324,0.321,1589,1444,1564,1488,10.00,10.06,39.54,39.50
1787303460.903,39.064,True,1,2.978,2.961,0.229,-0.652,9.162,9.096,0.290,0.834,-0.317,0.843,-0.359,0.161,-0.052,0.170,-7.76,-4.69,7.55,-1.81,-1.22,0.645,0.324,0.321,1589,1444,1564,1488,10.00,10.06,49.54,49.50
1787303460.913,39.074,True,1,2.978,2.961,0.229,-0.652,9.161,9.096,0.290,0.834,-0.317,0.843,-0.358,0.161,-0.052,0.170,-7.76,-4.69,7.55,-1.82,-1.22,0.644,0.324,0.321,1588,1444,1564,1488,10.00,10.06,59.54,59.49
1787303460.923,39.084,True,1,2.978,2.961,0.229,-0.652,9.161,9.096,0.290,0.834,-0.317,0.842,-0.356,0.161,-0.052,0.170,-7.76,-4.69,7.55,-1.83,-1.22,0.643,0.323,0.321,1588,1444,1564,1488,10.00,10.06,69.54,69.49
1787303460.933,39.095,True,1,2.979,2.961,0.125,-0.338,9.472,9.393,0.300,0.833,-0.308,0.842,-0.355,0.169,-0.030,0.124,-7.66,-4.76,18.55,-1.43,-0.75,0.635,0.444,-0.147,1587,1431,1459,1499,10.01,10.06,-0.43,-0.46
1787303460.943,39.104,True,1,2.979,2.961,0.125,-0.338,9.472,9.393,0.300,0.833,-0.308,0.842,-0.353,0.169,-0.030,0.124,-7.66,-4.76,18.55,-1.45,-0.75,0.633,0.444,-0.147,1587,1431,1459,1499,10.00,10.06,9.57,9.54
1787303460.953,39.114,True,1,2.979,2.961,0.125,-0.339,9.472,9.394,0.300,0.833,-0.308,0.842,-0.352,0.169,-0.030,0.124,-7.66,-4.76,18.55,-1.46,-0.75,0.632,0.444,-0.147,1587,1431,1459,1499,10.00,10.06,19.57,19.54
1787303460.963,39.124,True,1,2.979,2.961,0.125,-0.339,9.472,9.394,0.300,0.833,-0.308,0.841,-0.350,0.169,-0.030,0.124,-7.66,-4.76,18.55,-1.47,-0.75,0.631,0.444,-0.147,1587,1431,1459,1499,10.00,10.06,29.58,29.54
1787303460.973,39.134,True,1,2.979,2.961,0.125,-0.339,9.472,9.394,0.300,0.833,-0.308,0.841,-0.349,0.169,-0.030,0.124,-7.66,-4.76,18.55,-1.48,-0.75,0.629,0.444,-0.147,1587,1431,1459,1499,10.00,10.06,39.57,39.54
1787303460.983,39.144,True,1,2.979,2.961,0.125,-0.339,9.472,9.394,0.300,0.833,-0.308,0.841,-0.347,0.169,-0.030,0.124,-7.66,-4.76,18.55,-1.49,-0.75,0.628,0.444,-0.146,1587,1431,1459,1499,10.00,10.07,49.58,49.55
1787303460.993,39.155,True,1,2.972,2.961,0.061,-0.123,9.685,9.634,0.308,0.836,-0.305,0.841,-0.346,0.170,0.026,0.095,-6.13,-3.01,25.54,-1.01,-0.14,0.510,0.354,-0.474,1574,1441,1413,1508,10.00,10.06,-0.38,-0.43
1787303461.003,39.164,True,1,2.972,2.961,0.061,-0.123,9.685,9.634,0.308,0.836,-0.305,0.840,-0.345,0.170,0.026,0.095,-6.13,-3.01,25.54,-1.02,-0.13,0.509,0.354,-0.474,1574,1441,1413,1508,10.00,10.07,9.62,9.57
1787303461.013,39.174,True,1,2.970,2.961,0.046,-0.070,9.738,9.698,0.310,0.837,-0.305,0.840,-0.343,0.170,0.040,0.083,-5.50,-2.27,28.51,-0.85,-0.01,0.461,0.297,-0.613,1569,1447,1394,1510,9.99,10.06,-0.17,-0.13
1787303461.023,39.184,True,1,2.970,2.961,0.046,-0.070,9.737,9.698,0.310,0.837,-0.305,0.840,-0.342,0.170,0.040,0.083,-5.50,-2.27,28.51,-0.86,-0.01,0.460,0.297,-0.613,1569,1447,1394,1510,10.00,10.06,9.83,9.88
1787303461.033,39.194,True,1,2.970,2.961,0.046,-0.070,9.737,9.698,0.310,0.837,-0.305,0.840,-0.341,0.170,0.040,0.083,-5.50,-2.27,28.51,-0.87,-0.01,0.459,0.298,-0.613,1569,1447,1394,1510,10.00,10.06,19.83,19.88
1787303461.043,39.204,True,1,2.970,2.961,0.046,-0.070,9.737,9.698,0.310,0.837,-0.305,0.840,-0.339,0.170,0.040,0.083,-5.50,-2.27,28.51,-0.88,-0.00,0.458,0.298,-0.613,1569,1447,1394,1510,10.00,10.06,29.83,29.88
1787303461.053,39.214,True,1,2.970,2.961,0.046,-0.071,9.737,9.698,0.310,0.837,-0.305,0.840,-0.338,0.170,0.040,0.083,-5.50,-2.27,28.51,-0.89,-0.00,0.457,0.298,-0.613,1569,1447,1394,1510,10.00,10.06,39.83,39.87
1787303461.063,39.224,True,1,2.970,2.961,0.046,-0.071,9.737,9.698,0.310,0.837,-0.305,0.840,-0.337,0.170,0.040,0.083,-5.50,-2.27,28.51,-0.90,0.00,0.456,0.298,-0.613,1569,1447,1394,1510,10.01,10.07,49.83,49.88
1787303461.073,39.234,True,1,2.970,2.961,0.046,-0.071,9.737,9.698,0.310,0.837,-0.305,0.840,-0.336,0.170,0.040,0.083,-5.50,-2.27,28.51,-0.91,0.01,0.455,0.299,-0.613,1569,1447,1394,1510,10.00,10.07,59.83,59.88
1787303461.083,39.244,True,1,2.970,2.961,0.046,-0.071,9.737,9.698,0.310,0.837,-0.305,0.840,-0.335,0.170,0.040,0.083,-5.50,-2.27,28.51,-0.92,0.01,0.454,0.299,-0.613,1569,1447,1394,1510,9.99,10.06,69.83,69.88
1787303461.093,39.254,True,1,2.970,2.961,0.046,-0.071,9.737,9.698,0.310,0.837,-0.305,0.839,-0.334,0.170,0.040,0.083,-5.50,-2.27,28.51,-0.93,0.01,0.453,0.299,-0.613,1569,1447,1394,1510,10.00,10.06,79.83,79.87
1787303461.104,39.265,True,1,2.951,2.961,-0.054,0.307,10.114,10.093,0.322,0.847,-0.305,0.840,-0.333,0.165,0.069,0.049,-4.10,0.46,38.30,-0.42,0.18,0.393,0.047,-1.066,1562,1474,1331,1524,10.00,10.06,-0.61,-0.56
1787303461.113,39.274,True,1,2.951,2.961,-0.054,0.307,10.114,10.094,0.322,0.847,-0.305,0.840,-0.332,0.165,0.069,0.049,-4.10,0.46,38.30,-0.43,0.19,0.393,0.048,-1.066,1562,1474,1331,1524,10.01,10.07,9.39,9.44
1787303461.123,39.284,True,1,2.951,2.961,-0.054,0.308,10.115,10.094,0.322,0.847,-0.305,0.840,-0.331,0.165,0.069,0.049,-4.10,0.46,38.30,-0.44,0.19,0.392,0.048,-1.066,1562,1474,1331,1524,10.00,10.06,19.39,19.44
1787303461.133,39.294,True,1,2.951,2.961,-0.054,0.308,10.115,10.094,0.322,0.847,-0.305,0.840,-0.330,0.165,0.069,0.049,-4.10,0.46,38.30,-0.44,0.20,0.392,0.049,-1.066,1562,1474,1331,1524,10.00,10.06,29.39,29.44
1787303461.143,39.305,True,1,2.940,2.961,-0.076,0.416,10.223,10.207,0.326,0.852,-0.305,0.841,-0.330,0.163,0.072,0.035,-2.72,2.21,43.42,-0.30,0.17,0.304,-0.152,-1.298,1553,1536,1299,1528,10.02,10.08,-0.34,-0.29
1787303461.153,39.314,True,1,2.940,2.961,-0.076,0.416,10.223,10.207,0.326,0.852,-0.305,0.841,-0.329,0.163,0.072,0.035,-2.72,2.21,43.42,-0.30,0.17,0.303,-0.151,-1.298,1553,1536,1299,1528,9.98,10.06,9.64,9.69
1787303461.163,39.324,True,1,2.940,2.961,-0.076,0.416,10.223,10.207,0.326,0.852,-0.305,0.842,-0.328,0.163,0.072,0.035,-2.72,2.21,43.42,-0.31,0.18,0.303,-0.151,-1.298,1553,1536,1299,1528,10.00,10.06,19.64,19.69
1787303461.173,39.334,True,1,2.940,2.961,-0.076,0.416,10.223,10.208,0.326,0.852,-0.305,0.842,-0.327,0.163,0.072,0.035,-2.72,2.21,43.42,-0.31,0.18,0.302,-0.150,-1.298,1553,1536,1299,1528,10.00,10.06,29.65,29.69
1787303461.183,39.344,True,1,2.925,2.961,-0.103,0.558,10.365,10.348,0.330,0.860,-0.306,0.843,-0.326,0.159,0.068,0.032,-1.95,3.01,46.72,-0.30,0.16,0.248,-0.250,-1.442,1547,1547,1279,1533,10.00,10.06,-0.21,-0.26
1787303461.193,39.354,True,1,2.925,2.961,-0.103,0.558,10.365,10.348,0.330,0.860,-0.306,0.843,-0.326,0.159,0.068,0.032,-1.95,3.01,46.72,-0.30,0.17,0.248,-0.249,-1.442,1547,1547,1279,1533,10.00,10.06,9.79,9.74
1787303461.203,39.364,True,1,2.925,2.961,-0.103,0.559,10.366,10.348,0.330,0.860,-0.306,0.844,-0.325,0.159,0.068,0.032,-1.95,3.01,46.72,-0.30,0.17,0.248,-0.249,-1.442,1547,1547,1279,1533,10.00,10.06,19.79,19.74
1787303461.213,39.374,True,1,2.925,2.961,-0.103,0.559,10.366,10.349,0.330,0.860,-0.306,0.844,-0.324,0.159,0.068,0.032,-1.95,3.01,46.72,-0.30,0.18,0.248,-0.248,-1.442,1547,1547,1279,1533,10.00,10.06,29.79,29.74
1787303461.223,39.384,True,1,2.925,2.961,-0.103,0.559,10.366,10.349,0.330,0.860,-0.306,0.845,-0.324,0.159,0.068,0.032,-1.95,3.01,46.72,-0.31,0.19,0.248,-0.247,-1.442,1547,1547,1279,1533,10.00,10.06,39.79,39.74
1787303461.233,39.394,True,1,2.925,2.961,-0.103,0.560,10.367,10.350,0.330,0.860,-0.306,0.845,-0.323,0.159,0.068,0.032,-1.95,3.01,46.72,-0.31,0.19,0.248,-0.247,-1.442,1547,1547,1279,1533,10.01,10.07,49.80,49.75
1787303461.243,39.404,True,1,2.925,2.961,-0.103,0.560,10.367,10.350,0.330,0.860,-0.306,0.846,-0.323,0.159,0.068,0.032,-1.95,3.01,46.72,-0.31,0.20,0.247,-0.246,-1.442,1547,1547,1279,1533,10.00,10.07,59.79,59.75
1787303461.253,39.415,True,1,2.903,2.961,-0.117,0.689,10.496,10.475,0.334,0.872,-0.306,0.847,-0.322,0.155,0.054,0.037,-0.48,3.86,52.43,-0.43,0.18,0.106,-0.372,-1.500,1531,1560,1271,1538,10.00,10.06,-0.47,-0.51
1787303461.263,39.424,True,1,2.903,2.961,-0.117,0.690,10.497,10.475,0.334,0.872,-0.306,0.847,-0.322,0.155,0.054,0.037,-0.48,3.86,52.43,-0.43,0.19,0.106,-0.372,-1.500,1531,1560,1271,1538,10.00,10.07,9.54,9.49
1787303461.273,39.434,True,1,2.903,2.961,-0.117,0.691,10.498,10.476,0.334,0.872,-0.306,0.848,-0.321,0.155,0.054,0.037,-0.48,3.86,52.43,-0.43,0.19,0.106,-0.371,-1.500,1531,1560,1271,1538,10.00,10.06,19.54,19.49
1787303461.283,39.444,True,1,2.903,2.961,-0.117,0.691,10.498,10.477,0.334,0.872,-0.306,0.849,-0.321,0.155,0.054,0.037,-0.48,3.86,52.43,-0.43,0.20,0.106,-0.370,-1.500,1531,1560,1271,1538,10.00,10.06,29.53,29.49
1787303461.293,39.454,True,1,2.903,2.961,-0.117,0.692,10.499,10.477,0.334,0.872,-0.306,0.850,-0.320,0.155,0.054,0.037,-0.48,3.86,52.43,-0.43,0.21,0.106,-0.370,-1.500,1531,1560,1271,1538,10.00,10.06,39.54,39.49
1787303461.303,39.464,True,1,2.903,2.961,-0.117,0.692,10.499,10.478,0.334,0.872,-0.306,0.851,-0.320,0.155,0.054,0.037,-0.48,3.86,52.43,-0.42,0.21,0.106,-0.369,-1.500,1531,1560,1271,1538,10.00,10.07,49.54,49.49
1787303461.313,39.474,True,1,2.903,2.961,-0.117,0.693,10.500,10.479,0.334,0.872,-0.306,0.851,-0.319,0.155,0.054,0.037,-0.48,3.86,52.43,-0.42,0.22,0.106,-0.369,-1.500,1531,1560,1271,1538,10.00,10.07,59.54,59.49
1787303461.323,39.484,True,1,2.903,2.961,-0.117,0.693,10.501,10.479,0.334,0.872,-0.306,0.852,-0.319,0.155,0.054,0.037,-0.48,3.86,52.43,-0.42,0.22,0.106,-0.368,-1.500,1531,1560,1271,1538,9.99,10.06,69.53,69.49
1787303461.334,39.495,True,1,2.886,2.961,-0.017,0.462,10.270,10.255,0.327,0.882,-0.304,0.853,-0.318,0.154,0.049,0.070,1.92,2.32,58.37,-0.62,0.54,-0.205,-0.236,-1.492,1457,1545,1272,1530,10.00,10.06,-0.56,-0.60
1787303461.343,39.504,True,1,2.886,2.961,-0.017,0.463,10.271,10.256,0.327,0.882,-0.304,0.854,-0.318,0.154,0.049,0.070,1.92,2.32,58.37,-0.62,0.55,-0.205,-0.236,-1.492,1457,1545,1272,1530,10.01,10.07,9.45,9.40
1787303461.353,39.514,True,1,2.886,2.961,-0.017,0.464,10.271,10.256,0.327,0.882,-0.304,0.855,-0.317,0.154,0.049,0.070,1.92,2.32,58.37,-0.62,0.55,-0.205,-0.235,-1.492,1457,1545,1272,1530,9.99,10.06,19.44,19.39
1787303461.363,39.524,True,1,2.886,2.961,-0.017,0.464,10.272,10.257,0.327,0.882,-0.304,0.856,-0.317,0.154,0.049,0.070,1.92,2.32,58.37,-0.61,0.56,-0.204,-0.234,-1.492,1457,1545,1272,1530,10.00,10.06,29.44,29.40
1787303461.373,39.534,True,1,2.886,2.961,-0.017,0.465,10.273,10.258,0.327,0.882,-0.304,0.857,-0.316,0.154,0.049,0.070,1.92,2.32,58.37,-0.61,0.57,-0.204,-0.233,-1.492,1457,1545,1272,1530,10.00,10.06,39.44,39.39
1787303461.383,39.544,True,1,2.886,2.961,-0.017,0.466,10.274,10.259,0.327,0.882,-0.304,0.857,-0.316,0.154,0.049,0.070,1.92,2.32,58.37,-0.61,0.57,-0.204,-0.233,-1.492,1457,1545,1272,1530,10.01,10.07,49.45,49.40
1787303461.393,39.554,True,1,2.886,2.961,-0.017,0.467,10.274,10.260,0.327,0.882,-0.304,0.858,-0.315,0.154,0.049,0.070,1.92,2.32,58.37,-0.61,0.58,-0.204,-0.232,-1.492,1457,1545,1272,1530,10.00,10.07,59.45,59.40
1787303461.403,39.564,True,1,2.886,2.961,-0.017,0.467,10.275,10.260,0.327,0.882,-0.304,0.859,-0.315,0.154,0.049,0.070,1.92,2.32,58.37,-0.61,0.58,-0.204,-0.232,-1.492,1457,1545,1272,1530,10.00,10.06,69.44,69.40
1787303461.414,39.575,True,1,2.881,2.961,0.098,0.146,9.956,9.920,0.317,0.891,-0.299,0.860,-0.315,0.157,0.021,0.110,2.89,-1.98,61.05,-1.04,0.86,-0.464,0.222,-1.500,1429,1455,1271,1518,10.00,10.06,-0.55,-0.51
1787303461.423,39.584,True,1,2.881,2.961,0.098,0.147,9.957,9.921,0.317,0.891,-0.299,0.861,-0.314,0.157,0.021,0.110,2.89,-1.98,61.05,-1.04,0.87,-0.463,0.222,-1.500,1429,1455,1271,1518,10.01,10.07,9.45,9.50
1787303461.433,39.594,True,1,2.881,2.961,0.098,0.148,9.958,9.922,0.317,0.891,-0.299,0.862,-0.314,0.157,0.021,0.110,2.89,-1.98,61.05,-1.04,0.88,-0.463,0.223,-1.500,1429,1455,1271,1518,9.99,10.06,19.45,19.49
1787303461.443,39.604,True,1,2.881,2.961,0.148,-0.003,9.810,9.753,0.311,0.894,-0.295,0.863,-0.313,0.161,0.015,0.166,2.95,-2.99,61.32,-1.39,1.39,-0.533,0.382,-1.500,1422,1438,1271,1512,10.00,10.06,-0.13,-0.19
1787303461.453,39.614,True,1,2.881,2.961,0.148,-0.002,9.810,9.754,0.311,0.894,-0.295,0.864,-0.312,0.161,0.015,0.166,2.95,-2.99,61.32,-1.38,1.40,-0.532,0.383,-1.500,1422,1438,1271,1512,10.00,10.06,9.87,9.82
1787303461.463,39.624,True,1,2.881,2.961,0.148,-0.001,9.811,9.754,0.311,0.894,-0.295,0.865,-0.312,0.161,0.015,0.166,2.95,-2.99,61.32,-1.38,1.41,-0.532,0.383,-1.500,1422,1438,1271,1512,10.00,10.06,19.87,19.82
1787303461.473,39.634,True,1,2.881,2.961,0.148,-0.000,9.812,9.755,0.311,0.894,-0.295,0.866,-0.311,0.161,0.015,0.166,2.95,-2.99,61.32,-1.38,1.42,-0.532,0.384,-1.500,1422,1438,1271,1512,10.00,10.06,29.87,29.82
1787303461.483,39.644,True,1,2.881,2.961,0.148,0.000,9.813,9.756,0.311,0.894,-0.295,0.867,-0.311,0.161,0.015,0.166,2.95,-2.99,61.32,-1.38,1.43,-0.532,0.385,-1.500,1422,1438,1271,1512,10.00,10.06,39.87,39.82
1787303461.493,39.655,True,1,2.884,2.961,0.213,-0.208,9.607,9.507,0.303,0.898,-0.286,0.868,-0.310,0.169,-0.010,0.195,3.00,-5.17,61.46,-1.79,1.61,-0.636,0.631,-1.500,1411,1412,1271,1503,10.00,10.07,-0.37,-0.42
1787303461.503,39.664,True,1,2.884,2.961,0.213,-0.207,9.608,9.507,0.303,0.898,-0.286,0.869,-0.309,0.169,-0.010,0.195,3.00,-5.17,61.46,-1.78,1.62,-0.636,0.632,-1.500,1411,1412,1271,1503,10.00,10.06,9.63,9.58
1787303461.513,39.674,True,1,2.884,2.961,0.213,-0.206,9.609,9.508,0.303,0.898,-0.286,0.870,-0.308,0.169,-0.010,0.195,3.00,-5.17,61.46,-1.78,1.63,-0.636,0.633,-1.500,1411,1412,1271,1503,10.00,10.07,19.63,19.58
1787303461.523,39.684,True,1,2.884,2.961,0.213,-0.205,9.610,9.509,0.303,0.898,-0.286,0.871,-0.308,0.169,-0.010,0.195,3.00,-5.17,61.46,-1.78,1.64,-0.636,0.634,-1.500,1411,1412,1271,1503,10.00,10.06,29.63,29.58
1787303461.533,39.694,True,1,2.884,2.961,0.213,-0.205,9.611,9.509,0.304,0.898,-0.286,0.872,-0.307,0.169,-0.010,0.195,3.00,-5.17,61.46,-1.78,1.65,-0.635,0.635,-1.500,1411,1411,1271,1503,10.00,10.06,39.63,39.58
1787303461.543,39.704,True,1,2.884,2.961,0.213,-0.204,9.611,9.510,0.304,0.898,-0.286,0.873,-0.306,0.169,-0.010,0.195,3.00,-5.17,61.46,-1.78,1.66,-0.635,0.635,-1.500,1411,1411,1271,1503,10.01,10.07,49.63,49.59
1787303461.553,39.715,True,1,2.890,2.961,0.281,-0.426,9.394,9.278,0.296,0.902,-0.274,0.874,-0.305,0.180,0.011,0.259,1.04,-6.11,60.47,-1.98,2.40,-0.476,0.864,-1.500,1428,1388,1271,1495,10.00,10.07,-0.38,-0.43
1787303461.563,39.724,True,1,2.890,2.961,0.281,-0.425,9.395,9.281,0.296,0.902,-0.274,0.875,-0.304,0.180,0.011,0.259,0.51,-6.17,60.18,-1.99,2.40,-0.424,0.884,-1.499,1433,1386,1271,1495,9.99,10.06,-0.07,9.57
1787303461.573,39.734,True,1,2.894,2.961,0.295,-0.485,9.339,9.214,0.294,0.904,-0.268,0.876,-0.303,0.186,0.031,0.294,0.51,-6.17,60.18,-2.01,2.88,-0.425,0.934,-1.500,1433,1381,1271,1492,10.00,10.06,9.93,-0.05
1787303461.583,39.744,True,1,2.894,2.961,0.295,-0.485,9.340,9.214,0.294,0.904,-0.268,0.877,-0.302,0.186,0.031,0.294,0.51,-6.17,60.18,-2.01,2.89,-0.425,0.935,-1.500,1433,1381,1271,1492,10.00,10.06,19.94,9.95
1787303461.593,39.754,True,1,2.894,2.961,0.295,-0.484,9.340,9.215,0.294,0.904,-0.268,0.878,-0.301,0.186,0.031,0.294,0.51,-6.17,60.18,-2.01,2.90,-0.425,0.936,-1.500,1433,1381,1271,1492,10.00,10.06,29.93,19.95
1787303461.603,39.764,True,1,2.897,2.961,0.280,-0.452,9.373,9.277,0.296,0.905,-0.261,0.878,-0.299,0.193,0.003,0.293,-0.64,-5.34,58.92,-2.33,2.69,-0.316,0.858,-1.484,1445,1389,1273,1494,10.00,10.06,-0.17,-0.21
1787303461.613,39.774,True,1,2.897,2.961,0.280,-0.451,9.373,9.277,0.296,0.905,-0.261,0.879,-0.298,0.193,0.003,0.293,-0.64,-5.34,58.92,-2.33,2.70,-0.316,0.859,-1.484,1445,1389,1273,1495,10.00,10.06,9.84,9.79
1787303461.623,39.784,True,1,2.897,2.961,0.280,-0.451,9.374,9.278,0.296,0.905,-0.261,0.880,-0.297,0.193,0.003,0.293,-0.64,-5.34,58.92,-2.33,2.72,-0.316,0.861,-1.484,1445,1389,1273,1495,10.00,10.06,19.83,19.79
1787303461.633,39.794,True,1,2.897,2.961,0.280,-0.450,9.375,9.278,0.296,0.905,-0.261,0.881,-0.296,0.193,0.003,0.293,-0.64,-5.34,58.92,-2.33,2.73,-0.316,0.862,-1.484,1445,1388,1273,1495,10.00,10.06,29.83,29.79
1787303461.643,39.804,True,1,2.897,2.961,0.280,-0.450,9.376,9.278,0.296,0.905,-0.261,0.882,-0.294,0.193,0.003,0.293,-0.64,-5.34,58.92,-2.33,2.74,-0.316,0.863,-1.484,1445,1388,1273,1495,10.00,10.06,39.84,39.79
1787303461.653,39.815,True,1,2.903,2.961,0.286,-0.493,9.335,9.302,0.297,0.909,-0.242,0.883,-0.293,0.212,0.012,0.317,-2.38,-1.96,55.83,-2.56,2.91,-0.070,0.571,-1.477,1472,1418,1274,1495,10.00,10.06,-0.36,-0.41
1787303461.663,39.824,True,1,2.903,2.961,0.286,-0.492,9.336,9.302,0.297,0.909,-0.242,0.884,-0.291,0.212,0.012,0.317,-2.38,-1.96,55.83,-2.56,2.93,-0.070,0.573,-1.477,1472,1418,1274,1495,10.00,10.06,9.64,9.59
1787303461.673,39.834,True,1,2.903,2.961,0.286,-0.491,9.337,9.303,0.297,0.909,-0.242,0.885,-0.289,0.212,0.012,0.317,-2.38,-1.96,55.83,-2.56,2.94,-0.071,0.575,-1.477,1472,1418,1274,1495,10.00,10.06,19.64,19.59
1787303461.683,39.844,True,1,2.903,2.961,0.286,-0.491,9.338,9.303,0.297,0.909,-0.242,0.885,-0.288,0.212,0.012,0.317,-2.38,-1.96,55.83,-2.56,2.95,-0.071,0.576,-1.477,1472,1417,1274,1495,10.01,10.07,29.65,29.60
1787303461.693,39.854,True,1,2.903,2.961,0.286,-0.490,9.338,9.304,0.297,0.909,-0.242,0.886,-0.286,0.212,0.012,0.317,-2.38,-1.96,55.83,-2.57,2.97,-0.071,0.578,-1.476,1472,1417,1274,1496,10.00,10.07,39.65,39.60
1787303461.703,39.864,True,1,2.903,2.961,0.286,-0.490,9.339,9.304,0.297,0.909,-0.242,0.887,-0.285,0.212,0.012,0.317,-2.38,-1.96,55.83,-2.57,2.98,-0.071,0.579,-1.476,1472,1417,1274,1496,10.00,10.06,49.64,49.59
1787303461.713,39.874,True,1,2.903,2.961,0.286,-0.489,9.340,9.305,0.297,0.909,-0.242,0.888,-0.283,0.212,0.012,0.317,-2.38,-1.96,55.83,-2.57,3.00,-0.072,0.580,-1.476,1472,1417,1274,1496,10.00,10.06,59.64,59.59
1787303461.723,39.884,True,1,2.903,2.961,0.286,-0.488,9.340,9.305,0.297,0.909,-0.242,0.888,-0.282,0.212,0.012,0.317,-2.38,-1.96,55.83,-2.57,3.01,-0.072,0.582,-1.476,1471,1417,1274,1496,10.00,10.06,69.64,69.59
1787303461.733,39.894,True,1,2.903,2.961,0.286,-0.488,9.341,9.306,0.297,0.909,-0.242,0.889,-0.281,0.212,0.012,0.317,-2.38,-1.96,55.83,-2.58,3.02,-0.072,0.583,-1.476,1471,1417,1274,1496,10.00,10.06,79.64,79.59
1787303461.744,39.905,True,1,2.913,2.961,0.276,-0.492,9.335,9.322,0.298,0.914,-0.212,0.890,-0.278,0.242,0.040,0.297,-4.75,4.85,49.63,-2.52,2.78,0.361,-0.091,-1.500,1559,1530,1271,1496,10.00,10.06,-0.56,-0.61
1787303461.753,39.914,True,1,2.913,2.961,0.276,-0.491,9.336,9.323,0.298,0.914,-0.212,0.891,-0.276,0.242,0.040,0.297,-4.75,4.85,49.63,-2.53,2.80,0.360,-0.089,-1.500,1559,1529,1271,1496,10.00,10.06,9.44,9.39
1787303461.763,39.924,True,1,2.913,2.961,0.276,-0.491,9.336,9.324,0.298,0.914,-0.212,0.891,-0.274,0.242,0.040,0.297,-4.75,4.85,49.63,-2.53,2.82,0.359,-0.088,-1.500,1559,1529,1271,1496,10.00,10.06,19.44,19.39
1787303461.773,39.934,True,1,2.913,2.961,0.276,-0.490,9.337,9.324,0.298,0.914,-0.212,0.892,-0.272,0.242,0.040,0.297,-4.75,4.85,49.63,-2.54,2.83,0.359,-0.086,-1.500,1559,1529,1271,1496,10.00,10.06,29.44,29.39
1787303461.783,39.944,True,1,2.913,2.961,0.276,-0.490,9.338,9.325,0.298,0.914,-0.212,0.893,-0.270,0.242,0.040,0.297,-4.75,4.85,49.63,-2.55,2.85,0.358,-0.084,-1.500,1558,1529,1271,1496,10.00,10.06,39.44,39.39
1787303461.793,39.954,True,1,2.913,2.961,0.276,-0.489,9.338,9.326,0.298,0.914,-0.212,0.894,-0.268,0.242,0.040,0.297,-4.75,4.85,49.63,-2.55,2.87,0.357,-0.083,-1.500,1558,1529,1271,1496,10.00,10.06,49.44,49.39
1787303461.803,39.964,True,1,2.913,2.961,0.276,-0.489,9.339,9.327,0.298,0.914,-0.212,0.894,-0.266,0.242,0.040,0.297,-4.75,4.85,49.63,-2.56,2.88,0.356,-0.081,-1.500,1558,1529,1271,1496,10.00,10.06,59.44,59.39
1787303461.813,39.974,True,1,2.913,2.961,0.276,-0.488,9.340,9.327,0.298,0.914,-0.212,0.895,-0.264,0.242,0.040,0.297,-4.75,4.85,49.63,-2.57,2.90,0.356,-0.080,-1.500,1558,1528,1271,1496,10.00,10.06,69.44,69.39
1787303461.824,39.985,True,1,2.912,2.961,0.210,-0.288,9.534,9.409,0.300,0.912,-0.185,0.895,-0.262,0.269,-0.020,0.247,-5.06,10.71,41.83,-2.91,1.64,0.451,-0.841,-1.279,1568,1608,1302,1499,10.00,10.06,-0.56,-0.61
1787303461.833,39.994,True,1,2.912,2.961,0.210,-0.288,9.535,9.410,0.300,0.912,-0.185,0.896,-0.259,0.269,-0.020,0.247,-5.06,10.71,41.83,-2.93,1.65,0.450,-0.839,-1.278,1568,1608,1302,1499,10.00,10.06,9.44,9.39
1787303461.843,40.004,True,1,2.912,2.961,0.210,-0.287,9.536,9.411,0.300,0.912,-0.185,0.897,-0.257,0.269,-0.020,0.247,-5.06,10.71,41.83,-2.94,1.67,0.449,-0.837,-1.278,1568,1608,1302,1500,10.00,10.06,19.44,19.39
1787303461.853,40.014,True,1,2.912,2.961,0.210,-0.287,9.536,9.413,0.300,0.912,-0.185,0.897,-0.254,0.269,-0.020,0.247,-5.06,10.71,41.83,-2.95,1.68,0.447,-0.835,-1.278,1568,1608,1302,1500,10.00,10.06,29.44,29.39
1787303461.863,40.024,True,1,2.912,2.961,0.210,-0.286,9.537,9.414,0.300,0.912,-0.185,0.898,-0.252,0.269,-0.020,0.247,-5.06,10.71,41.83,-2.96,1.70,0.446,-0.834,-1.278,1568,1608,1302,1500,10.00,10.06,39.44,39.40
1787303461.873,40.034,True,1,2.912,2.961,0.210,-0.286,9.538,9.415,0.300,0.912,-0.185,0.898,-0.250,0.269,-0.020,0.247,-5.06,10.71,41.83,-2.97,1.71,0.445,-0.832,-1.278,1568,1607,1302,1500,10.00,10.06,49.44,49.40
1787303461.883,40.044,True,1,2.912,2.961,0.210,-0.285,9.538,9.416,0.301,0.912,-0.185,0.899,-0.247,0.269,-0.020,0.247,-5.06,10.71,41.83,-2.99,1.73,0.444,-0.831,-1.278,1568,1607,1302,1500,10.00,10.06,59.44,59.39
1787303461.893,40.054,True,1,2.912,2.961,0.210,-0.285,9.539,9.417,0.301,0.912,-0.185,0.899,-0.245,0.269,-0.020,0.247,-5.06,10.71,41.83,-3.00,1.74,0.443,-0.829,-1.278,1567,1607,1302,1500,10.00,10.06,69.44,69.39
1787303461.903,40.064,True,1,2.912,2.961,0.210,-0.284,9.540,9.418,0.301,0.912,-0.185,0.900,-0.243,0.269,-0.020,0.247,-5.06,10.71,41.83,-3.01,1.76,0.442,-0.828,-1.278,1567,1607,1302,1500,10.00,10.06,79.44,79.39
1787303461.914,40.075,True,1,2.910,2.961,0.162,-0.132,9.684,9.395,0.300,0.902,-0.165,0.900,-0.241,0.289,-0.110,0.115,-3.59,13.73,33.13,-2.55,-0.30,0.308,-1.416,-0.907,1553,1664,1353,1499,10.00,10.06,-0.56,-0.61
1787303461.923,40.084,True,1,2.910,2.961,0.162,-0.131,9.685,9.396,0.300,0.902,-0.165,0.900,-0.238,0.289,-0.110,0.115,-3.59,13.73,33.13,-2.57,-0.29,0.306,-1.415,-0.907,1553,1664,1353,1499,10.00,10.06,9.44,9.40
1787303461.933,40.094,True,1,2.910,2.961,0.162,-0.131,9.686,9.397,0.300,0.902,-0.165,0.900,-0.236,0.289,-0.110,0.115,-3.59,13.73,33.13,-2.59,-0.28,0.304,-1.413,-0.907,1553,1663,1353,1499,10.00,10.07,19.45,19.40
1787303461.943,40.104,True,1,2.910,2.961,0.162,-0.130,9.686,9.398,0.300,0.902,-0.165,0.900,-0.233,0.289,-0.110,0.115,-3.59,13.73,33.13,-2.60,-0.27,0.303,-1.412,-0.907,1553,1663,1353,1499,10.00,10.07,29.45,29.40
1787303461.953,40.115,True,1,2.908,2.961,0.158,-0.108,9.710,9.399,0.300,0.893,-0.158,0.900,-0.231,0.297,-0.170,0.060,-3.17,13.19,27.62,-2.36,-1.35,0.222,-1.488,-0.668,1544,1670,1386,1499,9.99,10.06,-0.29,-0.34
1787303461.963,40.124,True,1,2.908,2.961,0.158,-0.107,9.710,9.400,0.300,0.893,-0.158,0.899,-0.229,0.297,-0.170,0.060,-3.17,13.19,27.62,-2.38,-1.34,0.220,-1.487,-0.668,1544,1670,1386,1499,10.00,10.06,9.71,9.66
1787303461.973,40.134,True,1,2.908,2.961,0.158,-0.107,9.711,9.401,0.300,0.893,-0.158,0.899,-0.226,0.297,-0.170,0.060,-3.17,13.19,27.62,-2.40,-1.33,0.218,-1.486,-0.668,1543,1670,1386,1499,10.00,10.06,19.71,19.67
1787303461.983,40.144,True,1,2.907,2.961,0.130,-0.023,9.797,9.501,0.303,0.890,-0.157,0.899,-0.224,0.298,-0.198,0.060,-3.24,12.42,24.75,-2.45,-1.70,0.185,-1.449,-0.547,1540,1667,1403,1503,10.00,10.06,-0.16,-0.11
1787303461.993,40.154,True,1,2.908,2.961,0.121,0.005,9.825,9.536,0.304,0.883,-0.154,0.898,-0.222,0.302,-0.220,0.035,-3.45,11.87,23.61,-2.28,-2.05,0.211,-1.430,-0.504,1543,1665,1409,1504,10.00,10.06,-0.10,-0.15
1787303462.003,40.164,True,1,2.908,2.961,0.121,0.005,9.826,9.536,0.304,0.883,-0.154,0.898,-0.219,0.302,-0.220,0.035,-3.45,11.87,23.61,-2.29,-2.05,0.209,-1.430,-0.504,1542,1665,1409,1504,10.00,10.06,9.90,9.85
1787303462.013,40.174,True,1,2.908,2.961,0.121,0.006,9.827,9.537,0.304,0.883,-0.154,0.897,-0.217,0.302,-0.220,0.035,-3.45,11.87,23.61,-2.31,-2.04,0.207,-1.429,-0.504,1542,1665,1409,1504,10.00,10.06,19.90,19.85
1787303462.023,40.184,True,1,2.908,2.961,0.121,0.006,9.827,9.538,0.304,0.883,-0.154,0.897,-0.215,0.302,-0.220,0.035,-3.45,11.87,23.61,-2.33,-2.04,0.205,-1.429,-0.504,1542,1665,1409,1504,10.00,10.06,29.90,29.85
1787303462.033,40.194,True,1,2.906,2.961,0.155,-0.089,9.732,9.471,0.302,0.873,-0.153,0.896,-0.213,0.304,-0.245,-0.053,-4.00,10.30,20.12,-1.45,-2.77,0.316,-1.346,-0.364,1554,1657,1429,1502,10.00,10.06,-0.16,-0.21
1787303462.043,40.204,True,1,2.906,2.961,0.155,-0.088,9.733,9.472,0.302,0.873,-0.153,0.895,-0.211,0.304,-0.245,-0.053,-4.00,10.30,20.12,-1.47,-2.77,0.314,-1.346,-0.364,1554,1657,1429,1502,10.00,10.06,9.84,9.79
1787303462.053,40.214,True,1,2.906,2.961,0.155,-0.088,9.734,9.473,0.302,0.873,-0.153,0.895,-0.209,0.304,-0.245,-0.053,-4.00,10.30,20.12,-1.49,-2.77,0.312,-1.346,-0.364,1554,1657,1429,1502,10.00,10.06,19.84,19.79
1787303462.063,40.224,True,1,2.906,2.961,0.155,-0.087,9.734,9.474,0.302,0.873,-0.153,0.894,-0.207,0.304,-0.245,-0.053,-4.00,10.30,20.12,-1.51,-2.77,0.310,-1.346,-0.364,1553,1657,1429,1502,10.00,10.06,29.84,29.79
1787303462.073,40.235,True,1,2.907,2.961,0.119,0.019,9.845,9.650,0.308,0.861,-0.154,0.893,-0.205,0.306,-0.293,-0.082,-5.94,6.89,13.53,-1.01,-3.45,0.514,-1.079,-0.098,1575,1632,1466,1508,10.00,10.06,-0.34,-0.30
1787303462.083,40.244,True,1,2.907,2.961,0.119,0.020,9.846,9.650,0.308,0.861,-0.154,0.892,-0.204,0.306,-0.293,-0.082,-5.94,6.89,13.53,-1.03,-3.46,0.513,-1.079,-0.098,1575,1632,1466,1508,10.00,10.06,9.66,9.71
1787303462.093,40.254,True,1,2.907,2.961,0.119,0.020,9.846,9.651,0.308,0.861,-0.154,0.891,-0.202,0.306,-0.293,-0.082,-5.94,6.89,13.53,-1.04,-3.46,0.511,-1.080,-0.098,1575,1632,1466,1508,10.00,10.06,19.66,19.70
1787303462.103,40.264,True,1,2.907,2.961,0.119,0.021,9.847,9.652,0.308,0.861,-0.154,0.890,-0.200,0.306,-0.293,-0.082,-5.94,6.89,13.53,-1.06,-3.46,0.509,-1.080,-0.098,1574,1632,1466,1508,10.00,10.06,29.66,29.70
1787303462.113,40.274,True,1,2.907,2.961,0.119,0.021,9.848,9.653,0.308,0.861,-0.154,0.889,-0.199,0.306,-0.293,-0.082,-5.94,6.89,13.53,-1.07,-3.47,0.508,-1.081,-0.099,1574,1632,1466,1508,10.00,10.06,39.66,39.71
1787303462.123,40.284,True,1,2.907,2.961,0.119,0.022,9.848,9.653,0.308,0.861,-0.154,0.888,-0.197,0.306,-0.293,-0.082,-5.94,6.89,13.53,-1.09,-3.47,0.506,-1.081,-0.099,1574,1632,1466,1508,10.00,10.07,49.66,49.71
1787303462.133,40.294,True,1,2.907,2.961,0.119,0.022,9.849,9.654,0.308,0.861,-0.154,0.887,-0.196,0.306,-0.293,-0.082,-5.94,6.89,13.53,-1.10,-3.47,0.505,-1.081,-0.099,1574,1632,1466,1508,10.00,10.06,59.66,59.70
1787303462.143,40.305,True,1,2.907,2.961,0.104,0.067,9.899,9.725,0.310,0.832,-0.162,0.885,-0.195,0.305,-0.326,-0.200,-8.45,1.88,6.42,0.52,-4.05,0.928,-0.662,0.229,1617,1590,1551,1511,10.00,10.06,-0.42,-0.47
1787303462.153,40.314,True,1,2.907,2.961,0.104,0.067,9.899,9.726,0.310,0.832,-0.162,0.883,-0.194,0.305,-0.326,-0.200,-8.45,1.88,6.42,0.50,-4.06,0.927,-0.663,0.229,1617,1590,1551,1511,10.00,10.06,9.58,9.53
1787303462.163,40.324,True,1,2.907,2.961,0.075,0.154,9.987,9.808,0.313,0.827,-0.163,0.881,-0.193,0.305,-0.340,-0.194,-9.65,-0.52,4.03,0.59,-4.16,1.077,-0.448,0.358,1631,1568,1569,1514,10.00,10.06,-0.16,-0.11
1787303462.173,40.334,True,1,2.907,2.961,0.075,0.154,9.988,9.809,0.313,0.827,-0.163,0.880,-0.192,0.305,-0.340,-0.194,-9.65,-0.52,4.03,0.58,-4.17,1.075,-0.449,0.358,1631,1568,1569,1514,10.00,10.06,9.85,9.90
1787303462.183,40.344,True,1,2.907,2.961,0.075,0.155,9.989,9.810,0.313,0.827,-0.163,0.878,-0.191,0.305,-0.340,-0.194,-9.65,-0.52,4.03,0.57,-4.19,1.074,-0.450,0.358,1631,1568,1569,1514,10.00,10.06,19.84,19.89
1787303462.193,40.354,True,1,2.907,2.961,0.075,0.155,9.989,9.811,0.313,0.827,-0.163,0.876,-0.190,0.305,-0.340,-0.194,-9.65,-0.52,4.03,0.56,-4.20,1.073,-0.452,0.358,1631,1568,1569,1514,10.00,10.06,29.84,29.89
1787303462.203,40.364,True,1,2.907,2.961,0.075,0.156,9.990,9.812,0.313,0.827,-0.163,0.875,-0.189,0.305,-0.340,-0.194,-9.65,-0.52,4.03,0.55,-4.21,1.072,-0.453,0.358,1631,1569,1569,1514,10.00,10.06,39.84,39.89
1787303462.213,40.374,True,1,2.907,2.961,0.075,0.156,9.991,9.812,0.313,0.827,-0.163,0.873,-0.188,0.305,-0.340,-0.194,-9.65,-0.52,4.03,0.54,-4.22,1.071,-0.454,0.357,1631,1569,1569,1514,10.00,10.06,49.84,49.89
1787303462.223,40.384,True,1,2.907,2.961,0.075,0.157,9.991,9.813,0.313,0.827,-0.163,0.871,-0.187,0.305,-0.340,-0.194,-9.65,-0.52,4.03,0.53,-4.23,1.070,-0.455,0.357,1631,1569,1569,1514,10.00,10.06,59.84,59.89
1787303462.233,40.394,True,1,2.907,2.961,0.075,0.158,9.992,9.814,0.313,0.827,-0.163,0.870,-0.186,0.305,-0.340,-0.194,-9.65,-0.52,4.03,0.52,-4.24,1.069,-0.456,0.357,1631,1569,1569,1514,10.00,10.06,69.84,69.89
1787303462.243,40.405,True,1,2.906,2.961,0.012,0.354,10.189,9.940,0.317,0.790,-0.183,0.867,-0.186,0.300,-0.299,-0.311,-9.68,-7.97,-3.93,2.22,-3.57,1.354,0.324,0.835,1658,1444,1635,1519,10.00,10.06,-0.50,-0.55
1787303462.253,40.414,True,1,2.906,2.961,0.012,0.355,10.189,9.941,0.317,0.790,-0.183,0.865,-0.186,0.300,-0.299,-0.311,-9.68,-7.97,-3.93,2.22,-3.59,1.353,0.322,0.835,1658,1444,1635,1519,10.00,10.06,9.50,9.45
1787303462.263,40.424,True,1,2.906,2.961,0.012,0.356,10.190,9.942,0.317,0.790,-0.183,0.862,-0.186,0.300,-0.299,-0.311,-9.68,-7.97,-3.93,2.22,-3.61,1.353,0.321,0.834,1658,1444,1635,1519,10.00,10.06,19.50,19.45
1787303462.273,40.434,True,1,2.906,2.961,0.012,0.356,10.191,9.943,0.317,0.790,-0.183,0.860,-0.186,0.300,-0.299,-0.311,-9.68,-7.97,-3.93,2.22,-3.62,1.353,0.319,0.834,1658,1445,1635,1519,10.00,10.06,29.50,29.45
1787303462.283,40.444,True,1,2.906,2.961,0.012,0.357,10.191,9.944,0.317,0.790,-0.183,0.857,-0.186,0.300,-0.299,-0.311,-9.68,-7.97,-3.93,2.21,-3.64,1.353,0.317,0.834,1658,1445,1635,1519,10.00,10.06,39.50,39.45
1787303462.293,40.454,True,1,2.906,2.961,0.012,0.357,10.192,9.945,0.317,0.790,-0.183,0.855,-0.186,0.300,-0.299,-0.311,-9.68,-7.97,-3.93,2.21,-3.66,1.352,0.316,0.833,1658,1445,1635,1519,10.00,10.06,49.50,49.45
1787303462.303,40.464,True,1,2.906,2.961,0.012,0.358,10.193,9.946,0.317,0.790,-0.183,0.853,-0.186,0.300,-0.299,-0.311,-9.68,-7.97,-3.93,2.21,-3.67,1.352,0.314,0.833,1658,1445,1635,1519,10.00,10.06,59.50,59.45
1787303462.313,40.475,True,1,2.895,2.961,-0.066,0.633,10.464,10.178,0.325,0.762,-0.202,0.850,-0.186,0.296,-0.238,-0.359,-5.84,-12.87,-10.29,2.90,-2.66,1.150,0.959,1.130,1639,1379,1677,1527,10.00,10.06,-0.46,-0.51
1787303462.323,40.484,True,1,2.895,2.961,-0.066,0.633,10.465,10.179,0.325,0.762,-0.202,0.847,-0.187,0.296,-0.238,-0.359,-5.84,-12.87,-10.29,2.90,-2.68,1.150,0.957,1.130,1639,1379,1677,1527,10.00,10.06,9.54,9.49
1787303462.333,40.494,True,1,2.895,2.961,-0.066,0.634,10.466,10.181,0.325,0.762,-0.202,0.844,-0.187,0.296,-0.238,-0.359,-5.84,-12.87,-10.29,2.91,-2.69,1.151,0.956,1.130,1639,1379,1676,1527,10.00,10.06,19.54,19.49
1787303462.343,40.504,True,1,2.895,2.961,-0.066,0.635,10.467,10.182,0.325,0.762,-0.202,0.842,-0.188,0.296,-0.238,-0.359,-5.84,-12.87,-10.29,2.91,-2.71,1.151,0.954,1.130,1639,1379,1676,1527,10.00,10.06,29.54,29.49
1787303462.353,40.514,True,1,2.895,2.961,-0.066,0.635,10.468,10.183,0.325,0.762,-0.202,0.839,-0.188,0.296,-0.238,-0.359,-5.84,-12.87,-10.29,2.91,-2.73,1.151,0.952,1.130,1639,1380,1676,1527,10.00,10.06,39.54,39.49
1787303462.363,40.524,True,1,2.895,2.961,-0.066,0.636,10.468,10.184,0.325,0.762,-0.202,0.836,-0.189,0.296,-0.238,-0.359,-5.84,-12.87,-10.29,2.92,-2.75,1.152,0.950,1.130,1639,1380,1676,1528,10.00,10.06,49.54,49.49
1787303462.373,40.534,True,1,2.895,2.961,-0.066,0.637,10.469,10.186,0.325,0.762,-0.202,0.834,-0.189,0.296,-0.238,-0.359,-5.84,-12.87,-10.29,2.92,-2.76,1.152,0.948,1.129,1639,1380,1676,1528,10.00,10.06,59.54,59.49
1787303462.383,40.544,True,1,2.895,2.961,-0.066,0.637,10.470,10.187,0.325,0.762,-0.202,0.831,-0.189,0.296,-0.238,-0.359,-5.84,-12.87,-10.29,2.92,-2.78,1.152,0.947,1.129,1639,1380,1676,1528,10.00,10.06,69.54,69.49
1787303462.394,40.555,True,1,2.881,2.961,-0.102,0.803,10.624,10.255,0.327,0.742,-0.224,0.828,-0.191,0.289,-0.117,-0.350,2.70,-16.39,-18.69,2.80,-1.22,0.411,1.651,1.286,1564,1313,1698,1530,10.00,10.06,-0.55,-0.60
1787303462.403,40.564,True,1,2.881,2.961,-0.102,0.803,10.625,10.256,0.327,0.742,-0.224,0.826,-0.192,0.289,-0.117,-0.350,2.70,-16.39,-18.69,2.81,-1.23,0.412,1.649,1.286,1564,1314,1698,1530,10.00,10.06,9.45,9.40
1787303462.413,40.574,True,1,2.881,2.961,-0.102,0.804,10.626,10.258,0.327,0.742,-0.224,0.823,-0.193,0.289,-0.117,-0.350,2.70,-16.39,-18.69,2.82,-1.25,0.413,1.648,1.286,1564,1314,1698,1530,10.00,10.06,19.45,19.40
1787303462.423,40.584,True,1,2.881,2.961,-0.102,0.805,10.627,10.260,0.327,0.742,-0.224,0.820,-0.194,0.289,-0.117,-0.350,2.70,-16.39,-18.69,2.83,-1.27,0.414,1.646,1.286,1564,1314,1698,1530,10.00,10.06,29.45,29.40
1787303462.433,40.594,True,1,2.881,2.961,-0.102,0.806,10.628,10.262,0.328,0.742,-0.224,0.818,-0.195,0.289,-0.117,-0.350,2.70,-16.39,-18.69,2.84,-1.28,0.415,1.644,1.286,1565,1314,1698,1530,10.00,10.06,39.45,39.40
1787303462.443,40.604,True,1,2.881,2.961,-0.102,0.807,10.629,10.263,0.328,0.742,-0.224,0.815,-0.196,0.289,-0.117,-0.350,2.70,-16.39,-18.69,2.84,-1.30,0.416,1.643,1.286,1565,1314,1698,1530,10.00,10.06,49.45,49.41
1787303462.453,40.614,True,1,2.881,2.961,-0.102,0.807,10.630,10.265,0.328,0.742,-0.224,0.813,-0.197,0.289,-0.117,-0.350,2.70,-16.39,-18.69,2.85,-1.31,0.417,1.641,1.286,1565,1314,1698,1530,10.00,10.06,59.45,59.40
1787303462.463,40.625,True,1,2.869,2.961,-0.102,0.858,10.673,10.227,0.326,0.734,-0.241,0.810,-0.198,0.281,0.001,-0.311,11.20,-14.20,-24.12,2.15,-0.16,-0.579,1.725,1.141,1417,1307,1678,1529,10.00,10.06,-0.54,-0.49
1787303462.473,40.634,True,1,2.866,2.961,-0.078,0.799,10.612,10.142,0.324,0.733,-0.246,0.807,-0.200,0.278,0.055,-0.296,11.20,-14.20,-24.12,1.83,0.24,-0.612,1.766,1.133,1414,1303,1677,1526,10.00,10.07,9.47,-0.05
1787303462.483,40.644,True,1,2.866,2.961,-0.078,0.800,10.613,10.144,0.324,0.733,-0.246,0.805,-0.201,0.278,0.055,-0.296,11.20,-14.20,-24.12,1.85,0.22,-0.611,1.764,1.133,1414,1303,1677,1526,10.00,10.07,19.47,9.95
1787303462.493,40.654,True,1,2.866,2.961,-0.078,0.801,10.614,10.145,0.324,0.733,-0.246,0.802,-0.203,0.278,0.055,-0.296,11.20,-14.20,-24.12,1.86,0.21,-0.610,1.763,1.133,1414,1303,1677,1526,10.00,10.07,29.47,19.95
1787303462.503,40.664,True,1,2.866,2.961,-0.078,0.802,10.615,10.147,0.324,0.733,-0.246,0.800,-0.204,0.278,0.055,-0.296,11.20,-14.20,-24.12,1.87,0.20,-0.608,1.762,1.134,1414,1304,1677,1526,10.00,10.06,39.47,29.94
1787303462.513,40.674,True,1,2.866,2.961,-0.078,0.803,10.616,10.149,0.324,0.733,-0.246,0.798,-0.206,0.278,0.055,-0.296,11.20,-14.20,-24.12,1.88,0.19,-0.607,1.761,1.134,1414,1304,1677,1526,10.02,10.08,49.49,39.96
1787303462.523,40.685,True,1,2.857,2.961,-0.071,0.817,10.625,10.102,0.322,0.735,-0.255,0.796,-0.207,0.270,0.137,-0.198,15.55,-9.83,-25.96,0.69,0.54,-1.300,1.442,1.133,1346,1333,1677,1525,9.98,10.06,-0.38,-0.42
1787303462.533,40.694,True,1,2.857,2.961,-0.071,0.818,10.626,10.104,0.322,0.735,-0.255,0.794,-0.209,0.270,0.137,-0.198,15.55,-9.83,-25.96,0.70,0.53,-1.299,1.441,1.133,1346,1333,1677,1525,10.00,10.06,9.63,9.58
1787303462.543,40.704,True,1,2.857,2.961,-0.071,0.819,10.627,10.106,0.323,0.735,-0.255,0.792,-0.211,0.270,0.137,-0.198,15.55,-9.83,-25.96,0.72,0.52,-1.298,1.440,1.133,1346,1333,1677,1525,10.00,10.06,19.63,19.58
1787303462.553,40.714,True,1,2.855,2.961,-0.080,0.855,10.662,10.105,0.323,0.735,-0.256,0.790,-0.212,0.269,0.145,-0.166,17.92,-5.93,-26.37,0.41,0.45,-1.679,1.094,1.214,1311,1366,1688,1525,10.00,10.07,-0.23,-0.18
1787303462.563,40.724,True,1,2.855,2.961,-0.080,0.856,10.663,10.107,0.323,0.735,-0.256,0.788,-0.214,0.269,0.145,-0.166,17.92,-5.93,-26.37,0.42,0.44,-1.678,1.094,1.214,1311,1366,1688,1525,10.02,10.08,9.79,9.84
1787303462.573,40.734,True,1,2.855,2.961,-0.080,0.857,10.664,10.109,0.323,0.735,-0.256,0.786,-0.215,0.269,0.145,-0.166,17.92,-5.93,-26.37,0.43,0.43,-1.676,1.093,1.215,1311,1366,1688,1525,9.98,10.06,19.76,19.81
1787303462.583,40.744,True,1,2.855,2.961,-0.080,0.858,10.665,10.111,0.323,0.735,-0.256,0.785,-0.216,0.269,0.145,-0.166,17.92,-5.93,-26.37,0.44,0.42,-1.675,1.092,1.215,1311,1366,1688,1525,10.01,10.07,29.78,29.83
1787303462.593,40.754,True,1,2.855,2.961,-0.080,0.859,10.666,10.112,0.323,0.735,-0.256,0.783,-0.218,0.269,0.145,-0.166,17.92,-5.93,-26.37,0.45,0.41,-1.674,1.091,1.215,1311,1366,1688,1525,9.99,10.07,39.77,39.82
1787303462.603,40.764,True,1,2.855,2.961,-0.080,0.860,10.667,10.114,0.323,0.735,-0.256,0.781,-0.219,0.269,0.145,-0.166,17.92,-5.93,-26.37,0.46,0.40,-1.673,1.090,1.215,1312,1366,1688,1525,10.00,10.06,49.77,49.82
1787303462.613,40.774,True,1,2.855,2.961,-0.080,0.861,10.668,10.116,0.323,0.735,-0.256,0.780,-0.220,0.269,0.145,-0.166,17.92,-5.93,-26.37,0.47,0.40,-1.672,1.090,1.216,1312,1366,1688,1525,10.00,10.06,59.76,59.81
1787303462.623,40.784,True,1,2.855,2.961,-0.080,0.862,10.669,10.117,0.323,0.735,-0.256,0.778,-0.221,0.269,0.145,-0.166,17.92,-5.93,-26.37,0.48,0.39,-1.671,1.089,1.216,1312,1366,1688,1525,10.01,10.07,69.77,69.82
1787303462.634,40.795,True,1,2.845,2.961,-0.006,0.680,10.491,9.821,0.313,0.749,-0.257,0.777,-0.223,0.260,0.206,0.038,18.39,5.22,-25.00,-1.57,0.08,-2.226,-0.040,1.500,1263,1524,1728,1515,9.99,10.06,-0.62,-0.58
1787303462.643,40.804,True,1,2.845,2.961,-0.006,0.682,10.492,9.823,0.314,0.749,-0.257,0.776,-0.224,0.260,0.206,0.038,18.39,5.22,-25.00,-1.56,0.08,-2.225,-0.040,1.500,1263,1524,1728,1515,10.00,10.06,9.38,9.43
1787303462.653,40.814,True,1,2.845,2.961,-0.006,0.683,10.493,9.824,0.314,0.749,-0.257,0.776,-0.225,0.260,0.206,0.038,18.39,5.22,-25.00,-1.55,0.07,-2.224,-0.041,1.500,1263,1524,1728,1515,10.00,10.06,19.38,19.43
1787303462.663,40.824,True,1,2.845,2.961,-0.006,0.684,10.494,9.826,0.314,0.749,-0.257,0.775,-0.226,0.260,0.206,0.038,18.39,5.22,-25.00,-1.54,0.07,-2.224,-0.041,1.500,1264,1524,1728,1515,10.00,10.06,29.38,29.42
1787303462.673,40.834,True,1,2.845,2.961,-0.006,0.685,10.495,9.827,0.314,0.749,-0.257,0.774,-0.227,0.260,0.206,0.038,18.39,5.22,-25.00,-1.54,0.06,-2.223,-0.042,1.500,1264,1524,1728,1515,10.00,10.06,39.38,39.42
1787303462.683,40.844,True,1,2.845,2.961,-0.006,0.686,10.497,9.828,0.314,0.749,-0.257,0.773,-0.228,0.260,0.206,0.038,18.39,5.22,-25.00,-1.53,0.06,-2.222,-0.042,1.500,1264,1524,1728,1515,10.00,10.06,49.38,49.42
1787303462.693,40.854,True,1,2.845,2.961,-0.006,0.687,10.498,9.830,0.314,0.749,-0.257,0.772,-0.229,0.260,0.206,0.038,18.39,5.22,-25.00,-1.52,0.05,-2.221,-0.042,1.500,1264,1524,1728,1515,10.01,10.07,59.38,59.43
1787303462.703,40.865,True,1,2.841,2.961,0.116,0.342,10.164,9.543,0.305,0.763,-0.240,0.772,-0.229,0.264,0.171,0.207,13.10,11.23,-24.23,-2.99,-0.96,-1.977,-0.910,1.500,1285,1615,1728,1504,10.00,10.06,-0.42,-0.47
1787303462.713,40.874,True,1,2.840,2.961,0.132,0.298,10.120,9.593,0.306,0.765,-0.237,0.772,-0.229,0.266,0.148,0.214,9.82,12.31,-24.16,-2.97,-1.20,-1.659,-1.144,1.500,1313,1638,1728,1506,10.00,10.06,-0.05,-0.11
1787303462.723,40.884,True,1,2.840,2.961,0.132,0.299,10.121,9.594,0.306,0.765,-0.237,0.771,-0.230,0.266,0.148,0.214,9.82,12.31,-24.16,-2.97,-1.21,-1.659,-1.145,1.500,1313,1638,1728,1506,10.02,10.08,9.96,9.91
1787303462.733,40.894,True,1,2.840,2.961,0.132,0.300,10.122,9.595,0.306,0.765,-0.237,0.771,-0.230,0.266,0.148,0.214,9.82,12.31,-24.16,-2.97,-1.21,-1.659,-1.145,1.500,1313,1638,1728,1506,9.98,10.06,19.95,19.89
1787303462.743,40.904,True,1,2.840,2.961,0.132,0.301,10.124,9.597,0.306,0.765,-0.237,0.771,-0.230,0.266,0.148,0.214,9.82,12.31,-24.16,-2.97,-1.21,-1.659,-1.145,1.500,1313,1638,1728,1506,10.01,10.07,29.95,29.90
1787303462.753,40.914,True,1,2.840,2.961,0.132,0.302,10.125,9.598,0.306,0.765,-0.237,0.771,-0.230,0.266,0.148,0.214,9.82,12.31,-24.16,-2.97,-1.21,-1.659,-1.146,1.500,1313,1638,1728,1506,9.99,10.06,39.95,39.89
1787303462.763,40.924,True,1,2.840,2.961,0.132,0.304,10.126,9.599,0.306,0.765,-0.237,0.771,-0.231,0.266,0.148,0.214,9.82,12.31,-24.16,-2.96,-1.22,-1.659,-1.146,1.500,1313,1638,1728,1506,10.00,10.06,49.95,49.90
1787303462.773,40.934,True,1,2.840,2.961,0.132,0.305,10.127,9.600,0.306,0.765,-0.237,0.770,-0.231,0.266,0.148,0.214,9.82,12.31,-24.16,-2.96,-1.22,-1.658,-1.146,1.500,1313,1638,1728,1506,10.00,10.06,59.95,59.89
1787303462.783,40.944,True,1,2.840,2.961,0.132,0.306,10.129,9.601,0.306,0.765,-0.237,0.770,-0.231,0.266,0.148,0.214,9.82,12.31,-24.16,-2.96,-1.22,-1.658,-1.147,1.500,1313,1638,1728,1506,10.00,10.06,69.95,69.90
1787303462.794,40.955,True,1,2.840,2.961,0.197,0.113,9.943,9.656,0.308,0.770,-0.207,0.770,-0.230,0.288,0.002,0.252,-5.85,10.76,-23.27,-2.81,-2.76,0.037,-1.559,1.322,1524,1677,1703,1509,10.00,10.06,-0.56,-0.61
1787303462.803,40.964,True,1,2.840,2.961,0.197,0.114,9.945,9.657,0.308,0.770,-0.207,0.770,-0.229,0.288,0.002,0.252,-5.85,10.76,-23.27,-2.82,-2.76,0.037,-1.559,1.322,1524,1677,1703,1509,10.00,10.06,9.45,9.40
1787303462.813,40.974,True,1,2.840,2.961,0.197,0.116,9.946,9.658,0.308,0.770,-0.207,0.770,-0.229,0.288,0.002,0.252,-5.85,10.76,-23.27,-2.83,-2.77,0.036,-1.560,1.322,1524,1677,1703,1509,10.00,10.06,19.45,19.40
1787303462.823,40.984,True,1,2.840,2.961,0.197,0.117,9.947,9.659,0.308,0.770,-0.207,0.770,-0.228,0.288,0.002,0.252,-5.85,10.76,-23.27,-2.83,-2.77,0.035,-1.560,1.322,1523,1677,1703,1509,10.00,10.06,29.45,29.40
1787303462.833,40.994,True,1,2.840,2.961,0.197,0.118,9.949,9.660,0.308,0.770,-0.207,0.770,-0.227,0.288,0.002,0.252,-5.85,10.76,-23.27,-2.84,-2.78,0.035,-1.561,1.322,1523,1677,1703,1509,10.00,10.06,39.44,39.40
1787303462.843,41.004,True,1,2.840,2.961,0.197,0.119,9.950,9.661,0.308,0.770,-0.207,0.770,-0.227,0.288,0.002,0.252,-5.85,10.76,-23.27,-2.84,-2.78,0.034,-1.561,1.321,1523,1677,1703,1509,10.00,10.06,49.45,49.40
1787303462.853,41.014,True,1,2.840,2.961,0.197,0.120,9.951,9.662,0.308,0.770,-0.207,0.770,-0.226,0.288,0.002,0.252,-5.85,10.76,-23.27,-2.85,-2.78,0.034,-1.561,1.321,1523,1677,1703,1509,10.00,10.06,59.45,59.40
1787303462.863,41.024,True,1,2.840,2.961,0.197,0.122,9.952,9.664,0.308,0.770,-0.207,0.770,-0.225,0.288,0.002,0.252,-5.85,10.76,-23.27,-2.85,-2.79,0.033,-1.562,1.321,1523,1677,1703,1509,10.00,10.06,69.45,69.40
1787303462.873,41.034,True,1,2.840,2.961,0.197,0.123,9.954,9.665,0.308,0.770,-0.207,0.770,-0.225,0.288,0.002,0.252,-5.85,10.76,-23.27,-2.86,-2.79,0.033,-1.562,1.321,1523,1677,1703,1509,10.00,10.06,79.45,79.40
1787303462.884,41.045,True,1,2.844,2.961,0.224,0.026,9.851,9.367,0.299,0.764,-0.183,0.770,-0.223,0.311,-0.083,0.129,-18.86,2.20,-19.25,-1.57,-3.03,1.754,-0.986,1.188,1694,1623,1685,1498,10.00,10.06,-0.56,-0.61
1787303462.893,41.054,True,1,2.844,2.961,0.224,0.028,9.852,9.368,0.299,0.764,-0.183,0.770,-0.222,0.311,-0.083,0.129,-18.86,2.20,-19.25,-1.58,-3.04,1.753,-0.986,1.188,1694,1623,1685,1498,10.00,10.06,9.45,9.40
1787303462.903,41.064,True,1,2.844,2.961,0.224,0.029,9.853,9.370,0.299,0.764,-0.183,0.770,-0.221,0.311,-0.083,0.129,-18.86,2.20,-19.25,-1.59,-3.05,1.752,-0.987,1.188,1694,1623,1685,1498,10.00,10.06,19.44,19.40
1787303462.913,41.074,True,1,2.844,2.961,0.224,0.030,9.854,9.372,0.299,0.764,-0.183,0.769,-0.219,0.311,-0.083,0.129,-18.86,2.20,-19.25,-1.60,-3.05,1.751,-0.988,1.188,1694,1623,1685,1498,10.00,10.06,29.45,29.40
1787303462.923,41.084,True,1,2.844,2.961,0.224,0.031,9.856,9.373,0.299,0.764,-0.183,0.769,-0.218,0.311,-0.083,0.129,-18.86,2.20,-19.25,-1.61,-3.06,1.750,-0.988,1.188,1694,1623,1684,1498,10.00,10.06,39.45,39.40
1787303462.933,41.094,True,1,2.844,2.961,0.224,0.032,9.857,9.375,0.299,0.764,-0.183,0.769,-0.217,0.311,-0.083,0.129,-18.86,2.20,-19.25,-1.62,-3.07,1.750,-0.989,1.187,1694,1623,1684,1498,10.01,10.07,49.45,49.41
1787303462.943,41.104,True,1,2.844,2.961,0.224,0.033,9.858,9.376,0.299,0.764,-0.183,0.769,-0.216,0.311,-0.083,0.129,-18.86,2.20,-19.25,-1.63,-3.07,1.749,-0.989,1.187,1694,1623,1684,1498,9.99,10.06,59.44,59.40
1787303462.953,41.115,True,1,2.844,2.961,0.197,0.115,9.931,9.080,0.290,0.756,-0.176,0.768,-0.215,0.322,-0.092,-0.028,-23.45,-9.00,-12.09,-0.38,-2.57,2.593,0.173,1.294,1765,1460,1699,1487,10.00,10.06,-0.49,-0.44
1787303462.963,41.124,True,1,2.846,2.961,0.188,0.137,9.952,8.989,0.287,0.753,-0.177,0.768,-0.213,0.323,-0.084,-0.126,-23.66,-10.27,-11.11,0.54,-2.29,2.729,0.335,1.317,1776,1443,1702,1484,10.00,10.06,-0.11,-0.15
1787303462.973,41.134,True,1,2.846,2.961,0.188,0.138,9.953,8.991,0.287,0.753,-0.177,0.767,-0.212,0.323,-0.084,-0.126,-23.66,-10.27,-11.11,0.53,-2.30,2.728,0.335,1.317,1776,1443,1702,1484,10.00,10.06,9.89,9.85
1787303462.983,41.144,True,1,2.846,2.961,0.188,0.139,9.954,8.940,0.285,0.753,-0.177,0.767,-0.211,0.323,-0.084,-0.126,-23.68,-12.54,-9.38,0.45,-2.32,2.747,0.582,1.336,1778,1417,1705,1482,10.00,10.06,-0.07,19.84
1787303462.993,41.154,True,1,2.846,2.961,0.188,0.140,9.955,8.942,0.285,0.753,-0.177,0.766,-0.210,0.323,-0.084,-0.126,-23.68,-12.54,-9.38,0.44,-2.33,2.746,0.582,1.336,1778,1417,1705,1482,10.00,10.06,9.94,29.84
1787303463.003,41.164,True,1,2.846,2.961,0.188,0.141,9.957,8.944,0.285,0.753,-0.177,0.766,-0.209,0.323,-0.084,-0.126,-23.68,-12.54,-9.38,0.43,-2.34,2.745,0.581,1.335,1778,1417,1705,1482,10.00,10.06,19.94,39.84
1787303463.013,41.174,True,1,2.846,2.961,0.188,0.143,9.958,8.945,0.286,0.753,-0.177,0.765,-0.208,0.323,-0.084,-0.126,-23.68,-12.54,-9.38,0.42,-2.34,2.744,0.581,1.335,1778,1417,1705,1482,10.00,10.06,29.94,49.85
1787303463.023,41.185,True,1,2.844,2.961,0.150,0.263,10.081,8.851,0.282,0.747,-0.185,0.765,-0.207,0.319,-0.047,-0.313,-22.51,-16.68,-5.72,2.13,-1.78,2.825,1.128,1.353,1784,1362,1707,1478,10.00,10.06,-0.30,-0.35
1787303463.033,41.194,True,1,2.844,2.961,0.150,0.264,10.082,8.853,0.283,0.747,-0.185,0.764,-0.206,0.319,-0.047,-0.313,-22.51,-16.68,-5.72,2.12,-1.79,2.824,1.127,1.352,1784,1362,1707,1478,10.00,10.06,9.70,9.65
1787303463.043,41.204,True,1,2.844,2.961,0.155,0.255,10.074,8.884,0.284,0.746,-0.188,0.764,-0.205,0.317,-0.042,-0.338,-20.97,-17.92,-3.96,2.31,-1.78,2.677,1.314,1.295,1772,1345,1699,1480,10.00,10.06,-0.17,-0.13
1787303463.053,41.214,True,1,2.844,2.961,0.155,0.256,10.076,8.885,0.284,0.746,-0.188,0.763,-0.205,0.317,-0.042,-0.338,-20.97,-17.92,-3.96,2.30,-1.79,2.677,1.313,1.295,1772,1345,1699,1480,10.00,10.07,9.83,9.88
1787303463.063,41.224,True,1,2.844,2.961,0.155,0.257,10.077,8.887,0.284,0.746,-0.188,0.763,-0.204,0.317,-0.042,-0.338,-20.97,-17.92,-3.96,2.30,-1.80,2.676,1.312,1.295,1772,1345,1699,1480,10.00,10.06,19.82,19.87
1787303463.073,41.234,True,1,2.844,2.961,0.155,0.258,10.078,8.889,0.284,0.746,-0.188,0.762,-0.204,0.317,-0.042,-0.338,-20.97,-17.92,-3.96,2.29,-1.80,2.675,1.312,1.295,1772,1345,1699,1480,10.00,10.06,29.82,29.87
1787303463.083,41.244,True,1,2.844,2.961,0.155,0.259,10.079,8.891,0.284,0.746,-0.188,0.761,-0.203,0.317,-0.042,-0.338,-20.97,-17.92,-3.96,2.28,-1.81,2.675,1.311,1.294,1772,1345,1699,1480,10.00,10.06,39.83,39.87
1787303463.093,41.254,True,1,2.844,2.961,0.155,0.261,10.080,8.892,0.284,0.746,-0.188,0.761,-0.203,0.317,-0.042,-0.338,-20.97,-17.92,-3.96,2.28,-1.81,2.674,1.311,1.294,1772,1345,1699,1480,10.00,10.06,49.83,49.88
1787303463.103,41.264,True,1,2.844,2.961,0.155,0.262,10.081,8.894,0.284,0.746,-0.188,0.760,-0.202,0.317,-0.042,-0.338,-20.97,-17.92,-3.96,2.27,-1.82,2.673,1.310,1.294,1772,1345,1699,1480,10.00,10.06,59.82,59.87
1787303463.113,41.275,True,5,2.830,2.961,0.056,0.614,10.449,9.524,0.304,0.742,-0.224,0.760,-0.203,0.290,0.032,-0.536,-14.79,-16.62,-0.57,4.04,-1.14,2.152,1.413,0.997,1729,1335,1658,1504,10.00,10.06,-0.49,-0.54
1787303463.123,41.284,True,5,2.830,2.961,0.056,0.616,10.450,9.526,0.304,0.742,-0.224,0.759,-0.204,0.290,0.032,-0.536,-14.79,-16.62,-0.57,4.04,-1.15,2.152,1.412,0.997,1729,1335,1658,1504,10.01,10.06,9.52,9.47
1787303463.133,41.294,True,5,2.827,2.961,0.021,0.734,10.573,9.727,0.310,0.742,-0.235,0.759,-0.205,0.281,0.039,-0.568,-13.49,-15.88,-0.11,4.31,-1.10,2.031,1.368,0.931,1719,1339,1649,1511,10.00,10.06,-0.06,-0.12
1787303463.143,41.304,True,5,2.827,2.961,0.021,0.735,10.574,9.729,0.311,0.742,-0.235,0.758,-0.206,0.281,0.039,-0.568,-13.49,-15.88,-0.11,4.31,-1.11,2.031,1.368,0.931,1719,1340,1649,1511,10.00,10.06,9.94,9.88
1787303463.153,41.314,True,5,2.827,2.961,0.021,0.737,10.575,9.730,0.311,0.742,-0.235,0.758,-0.207,0.281,0.039,-0.568,-13.49,-15.88,-0.11,4.31,-1.11,2.031,1.367,0.930,1719,1340,1649,1511,10.00,10.06,19.93,19.88
1787303463.163,41.324,True,5,2.827,2.961,0.021,0.738,10.577,9.731,0.311,0.742,-0.235,0.757,-0.208,0.281,0.039,-0.568,-13.49,-15.88,-0.11,4.32,-1.12,2.032,1.367,0.930,1719,1340,1649,1511,10.00,10.06,29.93,29.88
1787303463.173,41.335,True,5,2.815,2.961,-0.014,0.890,10.737,10.337,0.330,0.743,-0.257,0.757,-0.209,0.264,0.067,-0.637,-7.40,-10.82,2.07,4.88,-1.02,1.383,0.952,0.633,1661,1379,1607,1533,10.00,10.06,-0.27,-0.31
1787303463.183,41.344,True,5,2.807,2.961,-0.018,0.935,10.787,10.480,0.335,0.744,-0.271,0.756,-0.211,0.252,0.091,-0.672,-5.73,-9.11,2.63,5.21,-0.85,1.223,0.812,0.567,1646,1393,1598,1538,10.00,10.06,-0.05,-0.10
1787303463.193,41.354,True,5,2.807,2.961,-0.018,0.936,10.789,10.482,0.335,0.744,-0.271,0.756,-0.213,0.252,0.091,-0.672,-5.73,-9.11,2.63,5.22,-0.85,1.224,0.811,0.567,1646,1393,1598,1538,9.99,10.06,9.95,9.89
1787303463.203,41.364,True,5,2.807,2.961,-0.018,0.938,10.791,10.483,0.335,0.744,-0.271,0.755,-0.215,0.252,0.091,-0.672,-5.73,-9.11,2.63,5.23,-0.86,1.225,0.811,0.567,1646,1394,1598,1538,10.00,10.06,19.95,19.89
1787303463.213,41.374,True,5,2.807,2.961,-0.018,0.939,10.792,10.485,0.335,0.744,-0.271,0.755,-0.217,0.252,0.091,-0.672,-5.73,-9.11,2.63,5.24,-0.86,1.226,0.811,0.567,1646,1394,1598,1538,10.00,10.06,29.95,29.90
1787303463.223,41.384,True,5,2.798,2.961,0.008,0.903,10.768,10.636,0.339,0.745,-0.289,0.755,-0.220,0.239,0.127,-0.743,-2.24,-4.48,4.28,5.94,-0.74,0.889,0.375,0.431,1613,1439,1579,1543,10.00,10.06,-0.23,-0.28
1787303463.233,41.394,True,5,2.798,2.961,0.008,0.904,10.770,10.637,0.340,0.745,-0.289,0.754,-0.222,0.239,0.127,-0.743,-2.24,-4.48,4.28,5.95,-0.74,0.890,0.375,0.431,1613,1439,1579,1543,10.00,10.06,9.78,9.73
1787303463.243,41.404,True,5,2.798,2.961,0.008,0.906,10.772,10.639,0.340,0.745,-0.289,0.754,-0.224,0.239,0.127,-0.743,-2.24,-4.48,4.28,5.96,-0.75,0.891,0.374,0.431,1613,1439,1579,1543,10.00,10.06,19.77,19.72
1787303463.253,41.414,True,5,2.786,2.961,0.047,0.836,10.710,10.639,0.340,0.750,-0.315,0.754,-0.227,0.218,0.163,-0.782,-0.21,-0.40,6.54,6.39,-0.68,0.694,-0.031,0.319,1593,1523,1564,1543,10.00,10.06,-0.17,-0.22
1787303463.263,41.424,True,5,2.786,2.961,0.047,0.838,10.712,10.641,0.340,0.750,-0.315,0.754,-0.230,0.218,0.163,-0.782,-0.21,-0.40,6.54,6.41,-0.69,0.696,-0.032,0.319,1594,1523,1564,1543,10.00,10.06,9.83,9.78
1787303463.273,41.434,True,5,2.786,2.961,0.047,0.840,10.714,10.642,0.340,0.750,-0.315,0.754,-0.233,0.218,0.163,-0.782,-0.21,-0.40,6.54,6.42,-0.69,0.697,-0.032,0.319,1594,1523,1564,1543,10.00,10.06,19.83,19.78
1787303463.283,41.444,True,5,2.786,2.961,0.047,0.841,10.716,10.644,0.340,0.750,-0.315,0.753,-0.236,0.218,0.163,-0.782,-0.21,-0.40,6.54,6.44,-0.70,0.699,-0.033,0.319,1594,1523,1564,1544,10.00,10.06,29.83,29.78
1787303463.293,41.455,True,5,2.775,2.961,0.107,0.709,10.598,10.508,0.335,0.759,-0.352,0.754,-0.240,0.189,0.216,-0.841,-0.06,1.42,9.15,7.15,-0.58,0.750,-0.210,0.205,1599,1543,1548,1539,10.00,10.06,-0.25,-0.30
1787303463.303,41.464,True,5,2.775,2.961,0.107,0.711,10.601,10.510,0.335,0.759,-0.352,0.754,-0.243,0.189,0.216,-0.841,-0.06,1.42,9.15,7.17,-0.59,0.752,-0.211,0.205,1599,1543,1548,1539,10.00,10.06,9.75,9.70
1787303463.313,41.474,True,5,2.775,2.961,0.107,0.712,10.603,10.512,0.336,0.759,-0.352,0.754,-0.247,0.189,0.216,-0.841,-0.06,1.42,9.15,7.19,-0.59,0.754,-0.211,0.205,1600,1543,1548,1539,10.00,10.06,19.75,19.70
1787303463.323,41.484,True,5,2.775,2.961,0.107,0.714,10.605,10.514,0.336,0.759,-0.352,0.754,-0.250,0.189,0.216,-0.841,-0.06,1.42,9.15,7.21,-0.60,0.756,-0.212,0.205,1600,1543,1548,1539,10.00,10.06,29.75,29.70
1787303463.333,41.495,True,5,2.770,2.961,0.112,0.721,10.618,10.488,0.335,0.768,-0.388,0.755,-0.255,0.164,0.227,-0.866,-1.28,1.18,12.50,7.44,-0.98,0.912,-0.227,0.054,1615,1544,1527,1538,10.00,10.06,-0.26,-0.31
1787303463.343,41.504,True,5,2.770,2.961,0.112,0.723,10.621,10.490,0.335,0.768,-0.388,0.755,-0.259,0.164,0.227,-0.866,-1.28,1.18,12.50,7.46,-0.98,0.914,-0.228,0.054,1616,1545,1527,1538,10.00,10.06,9.74,9.69
1787303463.353,41.514,True,5,2.770,2.961,0.112,0.725,10.624,10.492,0.335,0.768,-0.388,0.756,-0.264,0.164,0.227,-0.866,-1.28,1.18,12.50,7.49,-0.99,0.917,-0.228,0.054,1616,1545,1527,1538,10.00,10.06,19.74,19.69
1787303463.363,41.524,True,5,2.770,2.961,0.112,0.727,10.626,10.494,0.335,0.768,-0.388,0.756,-0.268,0.164,0.227,-0.866,-1.28,1.18,12.50,7.51,-0.99,0.919,-0.228,0.054,1616,1545,1527,1538,10.00,10.06,29.74,29.69
1787303463.373,41.535,True,5,2.766,2.961,0.062,0.895,10.792,10.604,0.338,0.776,-0.414,0.757,-0.273,0.148,0.217,-0.861,-3.33,0.02,16.22,7.26,-1.54,1.109,-0.157,-0.113,1635,1537,1464,1542,10.00,10.06,-0.25,-0.30
1787303463.383,41.544,True,5,2.766,2.961,0.062,0.897,10.795,10.606,0.339,0.776,-0.414,0.757,-0.277,0.148,0.217,-0.861,-3.33,0.02,16.22,7.29,-1.54,1.112,-0.158,-0.113,1635,1537,1464,1542,10.00,10.06,9.75,9.70
1787303463.393,41.554,True,5,2.766,2.961,0.062,0.899,10.797,10.608,0.339,0.776,-0.414,0.758,-0.282,0.148,0.217,-0.861,-3.33,0.02,16.22,7.31,-1.55,1.114,-0.158,-0.113,1635,1537,1464,1542,10.00,10.06,19.75,19.70
1787303463.403,41.564,True,5,2.766,2.961,0.062,0.901,10.800,10.609,0.339,0.776,-0.414,0.758,-0.286,0.148,0.217,-0.861,-3.33,0.02,16.22,7.34,-1.55,1.117,-0.159,-0.113,1635,1537,1464,1542,10.00,10.06,29.75,29.70
1787303463.413,41.574,True,5,2.766,2.961,0.062,0.903,10.802,10.611,0.339,0.776,-0.414,0.759,-0.291,0.148,0.217,-0.861,-3.33,0.02,16.22,7.36,-1.56,1.119,-0.159,-0.113,1636,1537,1464,1542,10.00,10.06,39.75,39.70
1787303463.423,41.584,True,5,2.766,2.961,0.062,0.905,10.805,10.613,0.339,0.776,-0.414,0.760,-0.295,0.148,0.217,-0.861,-3.33,0.02,16.22,7.38,-1.56,1.122,-0.160,-0.113,1636,1537,1464,1542,10.01,10.07,49.76,49.71
1787303463.433,41.594,True,5,2.766,2.961,0.062,0.907,10.808,10.614,0.339,0.776,-0.414,0.760,-0.299,0.148,0.217,-0.861,-3.33,0.02,16.22,7.41,-1.57,1.124,-0.160,-0.113,1636,1537,1464,1543,10.00,10.06,59.75,59.70
1787303463.443,41.604,True,5,2.766,2.961,0.062,0.909,10.810,10.616,0.339,0.776,-0.414,0.761,-0.303,0.148,0.217,-0.861,-3.33,0.02,16.22,7.43,-1.57,1.126,-0.161,-0.113,1636,1537,1464,1543,10.00,10.06,69.75,69.70
1787303463.454,41.615,True,5,2.752,2.961,-0.049,1.299,11.197,10.912,0.348,0.794,-0.483,0.762,-0.309,0.128,0.175,-0.856,-6.03,-0.93,22.44,6.81,-2.63,1.339,-0.138,-0.391,1656,1535,1425,1553,10.00,10.06,-0.55,-0.60
1787303463.463,41.624,True,5,2.752,2.961,-0.049,1.301,11.199,10.913,0.348,0.794,-0.483,0.763,-0.314,0.128,0.175,-0.856,-6.03,-0.93,22.44,6.84,-2.64,1.342,-0.139,-0.391,1657,1535,1425,1553,10.00,10.06,9.45,9.40
1787303463.473,41.634,True,5,2.752,2.961,-0.049,1.303,11.202,10.914,0.348,0.794,-0.483,0.764,-0.320,0.128,0.175,-0.856,-6.03,-0.93,22.44,6.87,-2.65,1.345,-0.139,-0.391,1657,1535,1425,1553,10.00,10.06,19.45,19.40
1787303463.483,41.644,True,5,2.744,2.961,-0.050,1.339,11.247,10.931,0.349,0.801,-0.509,0.765,-0.326,0.129,0.187,-0.891,-6.38,-1.14,24.91,7.10,-2.98,1.401,-0.138,-0.501,1662,1535,1410,1553,10.00,10.06,-0.18,-0.23
1787303463.493,41.654,True,5,2.744,2.961,-0.050,1.341,11.250,10.933,0.349,0.801,-0.509,0.766,-0.332,0.129,0.187,-0.891,-6.38,-1.14,24.91,7.13,-2.99,1.405,-0.139,-0.501,1663,1535,1410,1553,10.00,10.06,9.82,9.78
1787303463.503,41.664,True,5,2.744,2.961,-0.050,1.343,11.253,10.934,0.349,0.801,-0.509,0.767,-0.338,0.129,0.187,-0.891,-6.38,-1.14,24.91,7.16,-3.00,1.408,-0.140,-0.501,1663,1535,1410,1553,10.00,10.06,19.82,19.78
1787303463.513,41.674,True,5,2.744,2.961,-0.050,1.345,11.256,10.936,0.349,0.801,-0.509,0.769,-0.344,0.129,0.187,-0.891,-6.38,-1.14,24.91,7.19,-3.01,1.412,-0.141,-0.501,1663,1535,1410,1554,10.00,10.06,29.82,29.77
1787303463.523,41.684,True,5,2.744,2.961,-0.050,1.347,11.259,10.937,0.349,0.801,-0.509,0.770,-0.349,0.129,0.187,-0.891,-6.38,-1.14,24.91,7.22,-3.02,1.415,-0.142,-0.501,1664,1535,1410,1554,10.00,10.06,39.82,39.78
1787303463.533,41.695,True,5,2.735,2.961,-0.006,1.256,11.176,10.845,0.346,0.809,-0.539,0.771,-0.356,0.139,0.209,-0.916,-6.37,-0.99,29.11,7.38,-3.52,1.428,-0.190,-0.691,1665,1540,1383,1550,10.00,10.07,-0.37,-0.32
