t_wall,t_rel,armed,mode,alt,alt_sp,climb_rate,a_up,a_total,a_cmd,thrust,x,y,x_filt,y_filt,dxy,vx,vy,roll_deg,pitch_deg,yaw_deg,roll_ref_deg,pitch_ref_deg,roll_rate,pitch_rate,yaw_rate,pwm_roll,pwm_pitch,pwm_yaw,pwm_thr,dt_ms,sched_slip_ms,att_age_ms,pos_age_ms
1787304377.853,15.948,True,1,0.038,0.038,0.106,-0.320,9.487,9.476,0.302,3.362,0.483,3.360,0.468,0.016,0.006,0.001,2.47,-1.23,159.85,0.04,-0.06,-0.255,0.122,-0.005,1451,1466,1479,1502,0.00,10.00,-0.11,-0.16
1787304377.863,15.957,True,1,0.038,0.041,0.106,-0.308,9.499,9.488,0.303,3.362,0.483,3.361,0.468,0.016,0.006,0.001,2.47,-1.23,159.85,0.04,-0.06,-0.255,0.123,-0.005,1451,1466,1479,1502,10.07,10.07,9.96,9.91
1787304377.873,15.967,True,1,0.038,0.044,0.106,-0.296,9.511,9.500,0.303,3.362,0.483,3.361,0.469,0.016,0.006,0.001,2.47,-1.23,159.85,0.04,-0.06,-0.254,0.123,-0.005,1452,1466,1479,1503,9.99,10.06,19.95,19.90
1787304377.883,15.977,True,1,0.038,0.047,0.106,-0.284,9.523,9.512,0.304,3.362,0.483,3.361,0.469,0.016,0.006,0.001,2.47,-1.23,159.85,0.05,-0.06,-0.254,0.123,-0.005,1452,1466,1479,1503,10.00,10.06,29.95,29.90
1787304377.893,15.987,True,1,0.038,0.050,0.106,-0.272,9.535,9.524,0.304,3.362,0.483,3.361,0.470,0.016,0.006,0.001,2.47,-1.23,159.85,0.05,-0.06,-0.254,0.123,-0.005,1452,1466,1479,1504,10.00,10.06,39.96,39.91
1787304377.903,15.997,True,1,0.038,0.053,0.106,-0.260,9.547,9.537,0.304,3.362,0.483,3.361,0.470,0.016,0.006,0.001,2.47,-1.23,159.85,0.05,-0.05,-0.253,0.123,-0.005,1452,1466,1479,1504,10.00,10.06,49.96,49.91
1787304377.914,16.008,True,1,0.040,0.056,0.105,-0.252,9.554,9.544,0.305,3.362,0.484,3.361,0.470,0.017,0.007,0.002,2.47,-1.23,159.85,0.07,-0.06,-0.252,0.123,-0.005,1452,1466,1479,1504,10.00,10.06,-0.38,-0.43
1787304377.923,16.017,True,1,0.040,0.059,0.105,-0.240,9.566,9.556,0.305,3.362,0.484,3.361,0.471,0.017,0.007,0.002,2.47,-1.23,159.85,0.07,-0.06,-0.251,0.123,-0.005,1452,1466,1479,1505,10.00,10.06,-0.07,9.57
1787304377.933,16.027,True,1,0.041,0.062,0.105,-0.230,9.577,9.566,0.305,3.362,0.484,3.361,0.471,0.017,0.007,0.002,2.47,-1.23,159.85,0.07,-0.05,-0.251,0.124,-0.005,1452,1466,1479,1505,10.00,10.06,-0.10,-0.05
1787304377.943,16.037,True,1,0.041,0.065,0.105,-0.218,9.589,9.578,0.306,3.362,0.484,3.361,0.472,0.017,0.007,0.002,2.47,-1.23,159.85,0.07,-0.05,-0.251,0.124,-0.005,1452,1466,1479,1506,10.00,10.06,9.90,9.95
1787304377.953,16.047,True,1,0.041,0.068,0.105,-0.206,9.601,9.591,0.306,3.362,0.484,3.361,0.472,0.017,0.007,0.002,2.47,-1.23,159.85,0.08,-0.05,-0.250,0.124,-0.005,1452,1466,1479,1506,10.00,10.06,19.90,19.95
1787304377.963,16.057,True,1,0.041,0.071,0.105,-0.193,9.613,9.603,0.307,3.362,0.484,3.361,0.473,0.017,0.007,0.002,2.47,-1.23,159.85,0.08,-0.05,-0.250,0.124,-0.005,1452,1466,1479,1507,10.00,10.06,29.90,29.95
1787304377.973,16.068,True,1,0.042,0.074,0.104,-0.183,9.624,9.613,0.307,3.361,0.485,3.361,0.473,0.017,0.006,0.001,2.47,-1.23,159.85,0.07,-0.05,-0.252,0.124,-0.005,1452,1466,1479,1507,10.00,10.06,-0.22,-0.17
1787304377.983,16.077,True,1,0.042,0.077,0.104,-0.171,9.636,9.625,0.307,3.361,0.485,3.361,0.473,0.017,0.006,0.001,2.47,-1.23,159.85,0.07,-0.05,-0.252,0.124,-0.005,1452,1466,1479,1507,10.00,10.06,9.78,9.83
1787304377.993,16.087,True,1,0.042,0.080,0.104,-0.158,9.648,9.638,0.308,3.361,0.485,3.361,0.474,0.017,0.006,0.001,2.47,-1.23,159.85,0.07,-0.05,-0.251,0.124,-0.005,1452,1466,1479,1508,10.00,10.06,19.78,19.83
1787304378.003,16.097,True,1,0.042,0.083,0.104,-0.146,9.661,9.650,0.308,3.361,0.485,3.361,0.474,0.017,0.006,0.001,2.47,-1.23,159.85,0.08,-0.05,-0.251,0.124,-0.005,1452,1466,1479,1508,10.00,10.06,29.78,29.83
1787304378.013,16.108,True,1,0.043,0.086,0.102,-0.131,9.676,9.666,0.309,3.361,0.486,3.361,0.475,0.018,0.006,0.002,2.47,-1.24,159.85,0.09,-0.04,-0.249,0.125,-0.005,1452,1466,1479,1509,10.00,10.06,-0.30,-0.35
1787304378.023,16.117,True,1,0.043,0.089,0.102,-0.118,9.689,9.678,0.309,3.361,0.486,3.361,0.475,0.018,0.006,0.002,2.47,-1.24,159.85,0.09,-0.04,-0.249,0.126,-0.005,1452,1466,1479,1509,10.00,10.06,9.70,9.65
1787304378.033,16.127,True,1,0.043,0.092,0.102,-0.106,9.701,9.691,0.309,3.361,0.486,3.361,0.475,0.018,0.006,0.002,2.47,-1.24,159.85,0.10,-0.04,-0.249,0.126,-0.005,1452,1466,1479,1510,10.00,10.06,19.70,19.65
1787304378.043,16.138,True,1,0.044,0.095,0.101,-0.093,9.714,9.703,0.310,3.361,0.486,3.361,0.476,0.019,0.006,0.001,2.47,-1.23,159.85,0.09,-0.04,-0.250,0.125,-0.005,1452,1466,1479,1510,10.00,10.06,-0.17,-0.12
1787304378.053,16.147,True,1,0.044,0.098,0.101,-0.080,9.726,9.716,0.310,3.361,0.486,3.361,0.476,0.019,0.006,0.001,2.47,-1.23,159.85,0.09,-0.04,-0.249,0.125,-0.005,1452,1466,1479,1511,10.00,10.06,9.83,9.88
1787304378.063,16.157,True,1,0.044,0.101,0.101,-0.068,9.739,9.729,0.311,3.361,0.486,3.361,0.476,0.019,0.006,0.001,2.47,-1.23,159.85,0.09,-0.04,-0.249,0.125,-0.005,1452,1466,1479,1511,10.00,10.06,19.83,19.88
1787304378.073,16.167,True,1,0.044,0.104,0.101,-0.055,9.752,9.741,0.311,3.361,0.486,3.361,0.477,0.019,0.006,0.001,2.47,-1.23,159.85,0.09,-0.04,-0.249,0.125,-0.005,1452,1466,1479,1512,10.00,10.06,29.83,29.88
1787304378.083,16.177,True,1,0.044,0.107,0.101,-0.042,9.764,9.754,0.311,3.361,0.486,3.361,0.477,0.019,0.006,0.001,2.47,-1.23,159.85,0.10,-0.04,-0.249,0.125,-0.005,1452,1466,1479,1512,10.00,10.06,39.83,39.88
1787304378.093,16.187,True,1,0.044,0.110,0.101,-0.030,9.777,9.766,0.312,3.361,0.486,3.361,0.477,0.019,0.006,0.001,2.47,-1.23,159.85,0.10,-0.04,-0.249,0.125,-0.005,1452,1466,1479,1513,10.00,10.06,49.83,49.88
1787304378.104,16.198,True,1,0.045,0.113,0.100,-0.020,9.787,9.777,0.312,3.360,0.488,3.361,0.478,0.020,0.005,0.002,2.48,-1.24,159.85,0.11,-0.02,-0.248,0.128,-0.005,1452,1465,1479,1513,10.00,10.06,-0.40,-0.45
1787304378.113,16.207,True,1,0.045,0.116,0.100,-0.007,9.800,9.789,0.312,3.360,0.488,3.361,0.478,0.020,0.005,0.002,2.48,-1.24,159.85,0.11,-0.02,-0.248,0.128,-0.005,1452,1465,1479,1513,10.00,10.06,9.60,9.55
1787304378.123,16.217,True,1,0.045,0.119,0.100,0.006,9.813,9.802,0.313,3.360,0.488,3.361,0.478,0.020,0.005,0.002,2.48,-1.24,159.85,0.11,-0.02,-0.248,0.128,-0.005,1452,1465,1479,1514,10.00,10.06,19.60,19.55
1787304378.133,16.227,True,1,0.045,0.122,0.100,0.019,9.825,9.815,0.313,3.360,0.488,3.361,0.479,0.020,0.005,0.002,2.48,-1.24,159.85,0.11,-0.02,-0.247,0.128,-0.005,1452,1465,1479,1514,10.00,10.06,29.60,29.55
1787304378.143,16.237,True,1,0.045,0.125,0.100,0.031,9.838,9.828,0.314,3.360,0.488,3.361,0.479,0.020,0.005,0.002,2.48,-1.24,159.85,0.11,-0.01,-0.247,0.128,-0.005,1452,1465,1479,1515,10.00,10.06,39.60,39.55
1787304378.153,16.247,True,1,0.045,0.128,0.100,0.044,9.851,9.840,0.314,3.360,0.488,3.361,0.479,0.020,0.005,0.002,2.48,-1.24,159.85,0.12,-0.01,-0.247,0.128,-0.005,1452,1465,1479,1515,10.00,10.06,49.60,49.55
1787304378.163,16.257,True,1,0.045,0.131,0.100,0.057,9.864,9.853,0.314,3.360,0.488,3.361,0.479,0.020,0.005,0.002,2.48,-1.24,159.85,0.12,-0.01,-0.247,0.128,-0.005,1452,1465,1479,1516,10.00,10.06,59.60,59.55
1787304378.173,16.267,True,1,0.045,0.134,0.100,0.070,9.877,9.866,0.315,3.360,0.488,3.361,0.480,0.020,0.005,0.002,2.48,-1.24,159.85,0.12,-0.01,-0.247,0.128,-0.005,1452,1465,1479,1516,10.00,10.06,69.60,69.55
1787304378.183,16.277,True,1,0.045,0.137,0.100,0.083,9.890,9.879,0.315,3.360,0.488,3.361,0.480,0.020,0.005,0.002,2.48,-1.24,159.85,0.12,-0.01,-0.247,0.128,-0.005,1452,1465,1479,1517,10.01,10.07,79.61,79.56
1787304378.194,16.288,True,1,0.047,0.140,0.098,0.094,9.901,9.890,0.316,3.359,0.489,3.361,0.480,0.022,0.005,0.002,2.48,-1.24,159.85,0.12,-0.01,-0.246,0.128,-0.005,1452,1465,1479,1517,10.00,10.07,-0.59,-0.63
1787304378.203,16.297,True,1,0.047,0.143,0.098,0.107,9.914,9.903,0.316,3.359,0.489,3.361,0.481,0.022,0.005,0.002,2.48,-1.24,159.85,0.13,-0.01,-0.246,0.128,-0.005,1452,1465,1479,1517,9.99,10.06,9.41,9.36
1787304378.213,16.307,True,1,0.047,0.146,0.098,0.120,9.927,9.916,0.316,3.359,0.489,3.361,0.481,0.022,0.005,0.002,2.48,-1.24,159.85,0.13,-0.01,-0.246,0.128,-0.005,1452,1465,1479,1518,10.00,10.06,19.41,19.36
1787304378.223,16.317,True,1,0.047,0.149,0.098,0.133,9.940,9.929,0.317,3.359,0.489,3.361,0.481,0.022,0.005,0.002,2.48,-1.24,159.85,0.13,-0.01,-0.246,0.129,-0.005,1452,1465,1479,1518,10.00,10.06,29.41,29.36
1787304378.233,16.327,True,1,0.047,0.152,0.098,0.146,9.953,9.942,0.317,3.359,0.489,3.361,0.481,0.022,0.005,0.002,2.48,-1.24,159.85,0.13,-0.01,-0.245,0.129,-0.005,1452,1465,1479,1519,10.00,10.06,39.41,39.36
1787304378.243,16.337,True,1,0.047,0.155,0.098,0.159,9.966,9.955,0.318,3.359,0.489,3.360,0.482,0.022,0.005,0.002,2.48,-1.24,159.85,0.13,-0.01,-0.245,0.129,-0.005,1453,1465,1479,1519,10.00,10.06,49.41,49.36
1787304378.254,16.348,True,1,0.049,0.158,0.097,0.167,9.974,9.963,0.318,3.359,0.490,3.360,0.482,0.023,0.005,0.002,2.48,-1.24,159.85,0.13,-0.01,-0.245,0.130,-0.005,1453,1465,1479,1520,10.00,10.06,-0.48,-0.43
1787304378.263,16.357,True,1,0.049,0.161,0.097,0.181,9.987,9.977,0.318,3.359,0.490,3.360,0.482,0.023,0.005,0.002,2.48,-1.24,159.85,0.14,-0.01,-0.245,0.130,-0.005,1453,1465,1479,1520,10.00,10.06,9.52,9.57
1787304378.273,16.368,True,1,0.050,0.164,0.096,0.193,10.000,9.990,0.319,3.359,0.491,3.360,0.483,0.023,0.006,0.003,2.48,-1.24,159.85,0.14,-0.01,-0.244,0.129,-0.005,1453,1465,1479,1521,10.00,10.06,-0.11,-0.16
1787304378.283,16.377,True,1,0.050,0.167,0.096,0.207,10.013,10.003,0.319,3.359,0.491,3.360,0.483,0.023,0.006,0.003,2.48,-1.24,159.85,0.15,-0.01,-0.244,0.130,-0.005,1453,1465,1479,1521,10.00,10.06,9.89,9.84
1787304378.293,16.387,True,1,0.050,0.170,0.096,0.220,10.027,10.016,0.320,3.359,0.491,3.360,0.483,0.023,0.006,0.003,2.48,-1.24,159.85,0.15,-0.00,-0.244,0.130,-0.005,1453,1465,1479,1522,10.00,10.06,19.89,19.84
1787304378.303,16.397,True,1,0.050,0.173,0.096,0.233,10.040,10.029,0.320,3.359,0.491,3.360,0.483,0.023,0.006,0.003,2.48,-1.24,159.85,0.15,-0.00,-0.244,0.130,-0.005,1453,1465,1479,1522,10.00,10.06,29.89,29.84
1787304378.313,16.407,True,1,0.050,0.176,0.096,0.246,10.053,10.042,0.321,3.359,0.491,3.360,0.484,0.023,0.006,0.003,2.48,-1.24,159.85,0.15,-0.00,-0.243,0.130,-0.005,1453,1465,1479,1522,10.00,10.06,39.89,39.84
1787304378.323,16.417,True,1,0.050,0.179,0.096,0.260,10.066,10.056,0.321,3.359,0.491,3.360,0.484,0.023,0.006,0.003,2.48,-1.24,159.85,0.15,-0.00,-0.243,0.130,-0.005,1453,1465,1479,1523,10.00,10.06,49.89,49.84
1787304378.333,16.427,True,1,0.050,0.182,0.096,0.273,10.080,10.069,0.321,3.359,0.491,3.360,0.484,0.023,0.006,0.003,2.48,-1.24,159.85,0.15,-0.00,-0.243,0.130,-0.005,1453,1465,1479,1523,10.00,10.06,59.89,59.84
1787304378.343,16.437,True,1,0.050,0.185,0.096,0.286,10.093,10.082,0.322,3.359,0.491,3.360,0.484,0.023,0.006,0.003,2.48,-1.24,159.85,0.16,-0.00,-0.243,0.130,-0.005,1453,1465,1479,1524,10.00,10.06,69.89,69.84
1787304378.354,16.448,True,1,0.054,0.188,0.096,0.283,10.090,10.079,0.322,3.359,0.492,3.360,0.485,0.025,0.006,0.002,2.48,-1.24,159.85,0.15,-0.00,-0.244,0.130,-0.005,1453,1465,1479,1524,10.00,10.06,-0.56,-0.61
1787304378.363,16.457,True,1,0.054,0.191,0.096,0.297,10.103,10.093,0.322,3.359,0.492,3.360,0.485,0.025,0.006,0.002,2.48,-1.24,159.85,0.15,-0.00,-0.243,0.130,-0.005,1453,1465,1479,1524,10.00,10.06,9.44,9.39
1787304378.373,16.467,True,1,0.054,0.194,0.096,0.310,10.117,10.106,0.323,3.359,0.492,3.360,0.485,0.025,0.006,0.002,2.48,-1.24,159.85,0.15,0.00,-0.243,0.130,-0.005,1453,1465,1479,1525,10.00,10.06,19.44,19.39
1787304378.383,16.477,True,1,0.054,0.197,0.096,0.323,10.130,10.119,0.323,3.359,0.492,3.360,0.485,0.025,0.006,0.002,2.48,-1.24,159.85,0.16,0.00,-0.243,0.130,-0.005,1453,1465,1479,1525,10.00,10.06,29.44,29.39
1787304378.393,16.487,True,1,0.054,0.200,0.096,0.337,10.144,10.133,0.323,3.359,0.492,3.360,0.486,0.025,0.006,0.002,2.48,-1.24,159.85,0.16,0.00,-0.243,0.130,-0.005,1453,1465,1479,1526,10.00,10.06,39.44,39.39
1787304378.403,16.497,True,1,0.054,0.203,0.096,0.350,10.157,10.146,0.324,3.359,0.492,3.360,0.486,0.025,0.006,0.002,2.48,-1.24,159.85,0.16,0.00,-0.243,0.131,-0.005,1453,1465,1479,1526,10.00,10.06,49.44,49.39
1787304378.413,16.507,True,1,0.054,0.206,0.096,0.364,10.171,10.160,0.324,3.359,0.492,3.360,0.486,0.025,0.006,0.002,2.48,-1.24,159.85,0.16,0.00,-0.243,0.131,-0.005,1453,1465,1479,1527,10.00,10.06,59.44,59.39
1787304378.424,16.518,True,1,0.056,0.209,0.095,0.373,10.180,10.169,0.325,3.359,0.493,3.360,0.486,0.025,0.006,0.002,2.48,-1.24,159.85,0.16,-0.00,-0.243,0.129,-0.005,1453,1465,1479,1527,10.00,10.06,-0.47,-0.42
1787304378.433,16.527,True,1,0.056,0.212,0.095,0.387,10.194,10.183,0.325,3.359,0.493,3.360,0.486,0.025,0.006,0.002,2.48,-1.24,159.85,0.16,-0.00,-0.243,0.129,-0.005,1453,1465,1479,1527,10.00,10.07,9.54,9.59
1787304378.443,16.538,True,1,0.057,0.215,0.095,0.394,10.201,10.190,0.325,3.359,0.493,3.360,0.487,0.026,0.006,0.002,2.48,-1.24,159.85,0.16,0.00,-0.243,0.130,-0.005,1453,1465,1479,1528,10.00,10.06,-0.11,-0.16
1787304378.453,16.547,True,1,0.057,0.218,0.095,0.408,10.214,10.204,0.326,3.359,0.493,3.360,0.487,0.026,0.006,0.002,2.48,-1.24,159.85,0.16,0.00,-0.243,0.130,-0.005,1453,1465,1479,1528,10.00,10.06,9.89,9.84
1787304378.463,16.557,True,1,0.057,0.221,0.095,0.421,10.228,10.217,0.326,3.359,0.493,3.360,0.487,0.026,0.006,0.002,2.48,-1.24,159.85,0.16,0.00,-0.242,0.130,-0.005,1453,1465,1479,1529,10.00,10.06,19.89,19.84
1787304378.473,16.567,True,1,0.057,0.224,0.095,0.435,10.242,10.231,0.327,3.359,0.493,3.360,0.487,0.026,0.006,0.002,2.48,-1.24,159.85,0.16,0.00,-0.242,0.130,-0.005,1453,1465,1479,1529,10.00,10.06,29.89,29.84
1787304378.483,16.577,True,1,0.057,0.227,0.095,0.449,10.255,10.245,0.327,3.359,0.493,3.360,0.487,0.026,0.006,0.002,2.48,-1.24,159.85,0.17,0.01,-0.242,0.130,-0.005,1453,1465,1479,1530,10.00,10.07,39.89,39.84
1787304378.493,16.587,True,1,0.057,0.230,0.095,0.462,10.269,10.258,0.327,3.359,0.493,3.360,0.488,0.026,0.006,0.002,2.48,-1.24,159.85,0.17,0.01,-0.242,0.130,-0.005,1453,1465,1479,1530,9.99,10.06,49.89,49.84
1787304378.504,16.598,True,1,0.058,0.233,0.093,0.479,10.286,10.275,0.328,3.359,0.494,3.360,0.488,0.027,0.006,0.001,2.48,-1.25,159.85,0.17,0.00,-0.243,0.131,-0.005,1453,1465,1479,1531,10.00,10.06,-0.40,-0.45
1787304378.513,16.607,True,1,0.058,0.236,0.093,0.493,10.300,10.289,0.328,3.359,0.494,3.360,0.488,0.027,0.006,0.001,2.48,-1.25,159.85,0.17,0.00,-0.242,0.131,-0.005,1453,1465,1479,1531,10.00,10.07,9.61,9.56
1787304378.523,16.618,True,1,0.058,0.239,0.092,0.506,10.313,10.302,0.329,3.359,0.495,3.360,0.488,0.027,0.006,0.001,2.48,-1.25,159.85,0.17,0.00,-0.242,0.131,-0.005,1453,1465,1479,1532,10.00,10.06,-0.17,-0.12
1787304378.533,16.627,True,1,0.058,0.242,0.092,0.520,10.327,10.316,0.329,3.359,0.495,3.360,0.489,0.027,0.006,0.001,2.48,-1.25,159.85,0.17,0.01,-0.242,0.131,-0.005,1453,1465,1479,1532,10.00,10.06,9.83,9.88
1787304378.543,16.637,True,1,0.058,0.245,0.092,0.534,10.341,10.330,0.330,3.359,0.495,3.360,0.489,0.027,0.006,0.001,2.48,-1.25,159.85,0.17,0.01,-0.242,0.131,-0.005,1453,1465,1479,1533,10.00,10.06,19.83,19.88
1787304378.553,16.647,True,1,0.058,0.248,0.092,0.548,10.355,10.344,0.330,3.359,0.495,3.360,0.489,0.027,0.006,0.001,2.48,-1.25,159.85,0.17,0.01,-0.242,0.131,-0.005,1453,1465,1479,1533,10.00,10.06,29.83,29.88
1787304378.563,16.657,True,1,0.058,0.251,0.092,0.562,10.369,10.358,0.331,3.359,0.495,3.360,0.489,0.027,0.006,0.001,2.48,-1.25,159.85,0.17,0.01,-0.242,0.131,-0.005,1453,1465,1479,1534,10.00,10.06,39.83,39.88
1787304378.573,16.667,True,1,0.058,0.254,0.092,0.576,10.382,10.372,0.331,3.359,0.495,3.360,0.489,0.027,0.006,0.001,2.48,-1.25,159.85,0.18,0.01,-0.242,0.132,-0.005,1453,1465,1479,1534,10.00,10.06,49.83,49.88
1787304378.583,16.677,True,1,0.058,0.257,0.092,0.590,10.396,10.386,0.331,3.359,0.495,3.360,0.489,0.027,0.006,0.001,2.48,-1.25,159.85,0.18,0.01,-0.242,0.132,-0.005,1453,1465,1479,1535,10.00,10.06,59.83,59.88
1787304378.593,16.687,True,1,0.058,0.260,0.092,0.604,10.410,10.400,0.332,3.359,0.495,3.360,0.490,0.027,0.006,0.001,2.48,-1.25,159.85,0.18,0.01,-0.242,0.132,-0.005,1453,1465,1479,1535,10.00,10.06,69.83,69.87
1787304378.604,16.698,True,1,0.061,0.263,0.089,0.618,10.425,10.414,0.332,3.359,0.496,3.360,0.490,0.028,0.006,0.000,2.49,-1.26,159.85,0.17,0.01,-0.243,0.133,-0.005,1453,1465,1479,1536,10.00,10.06,-0.61,-0.56
1787304378.613,16.707,True,1,0.061,0.266,0.089,0.633,10.439,10.428,0.333,3.359,0.496,3.360,0.490,0.028,0.006,0.000,2.49,-1.26,159.85,0.17,0.01,-0.243,0.133,-0.005,1453,1465,1479,1536,10.00,10.06,9.39,9.44
1787304378.623,16.717,True,1,0.061,0.269,0.089,0.647,10.453,10.442,0.333,3.359,0.496,3.360,0.490,0.028,0.006,0.000,2.49,-1.26,159.85,0.17,0.01,-0.243,0.133,-0.005,1453,1465,1479,1537,9.99,10.06,19.39,19.44
1787304378.633,16.727,True,1,0.061,0.272,0.089,0.661,10.467,10.456,0.334,3.359,0.496,3.360,0.490,0.028,0.006,0.000,2.49,-1.26,159.85,0.17,0.01,-0.242,0.133,-0.005,1453,1465,1479,1537,10.00,10.06,29.39,29.44
1787304378.643,16.737,True,1,0.061,0.275,0.089,0.675,10.482,10.470,0.334,3.359,0.496,3.359,0.491,0.028,0.006,0.000,2.49,-1.26,159.85,0.17,0.01,-0.242,0.133,-0.005,1453,1465,1479,1538,10.00,10.06,39.39,39.44
1787304378.653,16.747,True,1,0.061,0.278,0.089,0.689,10.496,10.485,0.335,3.359,0.496,3.359,0.491,0.028,0.006,0.000,2.49,-1.26,159.85,0.18,0.01,-0.242,0.133,-0.005,1453,1465,1479,1538,10.00,10.06,49.39,49.44
1787304378.663,16.757,True,1,0.061,0.281,0.089,0.703,10.510,10.499,0.335,3.359,0.496,3.359,0.491,0.028,0.006,0.000,2.49,-1.26,159.85,0.18,0.01,-0.242,0.133,-0.005,1453,1465,1479,1539,10.00,10.06,59.39,59.44
1787304378.674,16.768,True,1,0.064,0.284,0.086,0.716,10.523,10.512,0.336,3.358,0.497,3.359,0.491,0.029,0.004,0.000,2.49,-1.25,159.85,0.17,0.02,-0.243,0.134,-0.005,1453,1465,1479,1539,10.00,10.06,-0.42,-0.47
1787304378.683,16.777,True,1,0.064,0.287,0.085,0.732,10.538,10.527,0.336,3.358,0.497,3.359,0.491,0.030,0.004,0.000,2.49,-1.25,159.85,0.17,0.03,-0.242,0.134,-0.005,1453,1465,1479,1540,10.01,10.07,-0.07,-0.13
1787304378.693,16.787,True,1,0.064,0.290,0.085,0.746,10.553,10.541,0.336,3.358,0.497,3.359,0.492,0.030,0.004,0.000,2.49,-1.25,159.85,0.17,0.03,-0.242,0.134,-0.005,1453,1465,1479,1540,10.00,10.07,9.93,9.87
1787304378.703,16.797,True,1,0.064,0.293,0.085,0.760,10.567,10.556,0.337,3.358,0.497,3.359,0.492,0.030,0.004,0.000,2.49,-1.25,159.85,0.17,0.03,-0.242,0.134,-0.005,1453,1465,1479,1541,9.99,10.06,19.92,19.86
1787304378.713,16.807,True,1,0.064,0.296,0.085,0.775,10.581,10.570,0.337,3.358,0.497,3.359,0.492,0.030,0.004,0.000,2.49,-1.25,159.85,0.18,0.03,-0.242,0.134,-0.005,1453,1465,1479,1541,10.00,10.06,29.92,29.86
1787304378.723,16.817,True,1,0.064,0.299,0.085,0.789,10.596,10.584,0.338,3.358,0.497,3.359,0.492,0.030,0.004,0.000,2.49,-1.25,159.85,0.18,0.03,-0.242,0.134,-0.005,1453,1465,1479,1541,10.00,10.06,39.92,39.87
1787304378.733,16.827,True,1,0.064,0.302,0.085,0.803,10.610,10.599,0.338,3.358,0.497,3.359,0.492,0.030,0.004,0.000,2.49,-1.25,159.85,0.18,0.03,-0.242,0.134,-0.005,1453,1465,1479,1542,10.00,10.06,49.92,49.87
1787304378.743,16.837,True,1,0.064,0.305,0.085,0.818,10.624,10.613,0.339,3.358,0.497,3.359,0.492,0.030,0.004,0.000,2.49,-1.25,159.85,0.18,0.03,-0.242,0.135,-0.005,1453,1465,1479,1542,10.00,10.06,59.92,59.86
1787304378.754,16.848,True,1,0.066,0.308,0.080,0.836,10.643,10.632,0.339,3.358,0.498,3.359,0.493,0.031,0.004,0.001,2.49,-1.26,159.85,0.18,0.03,-0.242,0.135,-0.005,1453,1464,1479,1543,10.00,10.06,-0.47,-0.51
1787304378.763,16.857,True,1,0.066,0.311,0.080,0.851,10.658,10.646,0.340,3.358,0.498,3.359,0.493,0.031,0.004,0.001,2.49,-1.26,159.85,0.18,0.03,-0.242,0.135,-0.005,1453,1464,1479,1544,10.00,10.06,9.53,9.48
1787304378.773,16.867,True,1,0.066,0.314,0.080,0.865,10.672,10.661,0.340,3.358,0.498,3.359,0.493,0.031,0.004,0.001,2.49,-1.26,159.85,0.18,0.03,-0.242,0.136,-0.005,1453,1464,1479,1544,10.00,10.06,19.53,19.48
1787304378.783,16.877,True,1,0.066,0.317,0.080,0.880,10.687,10.675,0.341,3.358,0.498,3.359,0.493,0.031,0.004,0.001,2.49,-1.26,159.85,0.19,0.04,-0.241,0.136,-0.005,1453,1464,1479,1545,10.00,10.06,29.53,29.49
1787304378.793,16.887,True,1,0.066,0.320,0.080,0.894,10.701,10.690,0.341,3.358,0.498,3.359,0.493,0.031,0.004,0.001,2.49,-1.26,159.85,0.19,0.04,-0.241,0.136,-0.005,1453,1464,1479,1545,10.00,10.06,39.53,39.48
1787304378.803,16.897,True,1,0.066,0.323,0.080,0.909,10.716,10.704,0.342,3.358,0.498,3.359,0.493,0.031,0.004,0.001,2.49,-1.26,159.85,0.19,0.04,-0.241,0.136,-0.005,1453,1464,1479,1546,10.00,10.06,49.53,49.48
1787304378.813,16.907,True,1,0.066,0.326,0.080,0.924,10.730,10.719,0.342,3.358,0.498,3.359,0.494,0.031,0.004,0.001,2.49,-1.26,159.85,0.19,0.04,-0.241,0.136,-0.005,1453,1464,1479,1546,10.00,10.06,59.53,59.48
1787304378.824,16.918,True,1,0.068,0.329,0.077,0.941,10.747,10.736,0.343,3.357,0.499,3.359,0.494,0.032,0.003,0.000,2.49,-1.26,159.85,0.18,0.05,-0.242,0.137,-0.005,1453,1464,1479,1547,10.00,10.06,-0.54,-0.49
1787304378.833,16.927,True,1,0.068,0.332,0.077,0.955,10.762,10.751,0.343,3.357,0.499,3.359,0.494,0.032,0.003,0.000,2.49,-1.26,159.85,0.18,0.05,-0.241,0.137,-0.005,1453,1464,1479,1547,10.00,10.06,9.47,9.51
1787304378.843,16.938,True,1,0.069,0.335,0.076,0.971,10.778,10.766,0.344,3.357,0.499,3.359,0.494,0.032,0.003,0.000,2.49,-1.26,159.85,0.18,0.05,-0.242,0.137,-0.005,1453,1464,1479,1548,10.00,10.06,-0.11,-0.16
1787304378.853,16.947,True,1,0.069,0.338,0.076,0.986,10.792,10.781,0.344,3.357,0.499,3.359,0.494,0.032,0.003,0.000,2.49,-1.26,159.85,0.18,0.05,-0.241,0.137,-0.005,1453,1464,1479,1548,10.00,10.06,9.89,9.84
1787304378.863,16.957,True,1,0.069,0.341,0.076,1.000,10.807,10.795,0.345,3.357,0.499,3.359,0.494,0.032,0.003,0.000,2.49,-1.26,159.85,0.18,0.05,-0.241,0.137,-0.005,1453,1464,1479,1549,10.00,10.06,19.89,19.84
1787304378.873,16.967,True,1,0.069,0.344,0.076,1.015,10.822,10.810,0.345,3.357,0.499,3.359,0.495,0.032,0.003,0.000,2.49,-1.26,159.85,0.19,0.05,-0.241,0.137,-0.005,1453,1464,1479,1549,10.00,10.06,29.89,29.84
1787304378.883,16.977,True,1,0.069,0.347,0.076,1.030,10.837,10.825,0.346,3.357,0.499,3.358,0.495,0.032,0.003,0.000,2.49,-1.26,159.85,0.19,0.05,-0.241,0.137,-0.005,1453,1464,1479,1550,10.00,10.06,39.89,39.84
1787304378.893,16.988,True,1,0.069,0.350,0.073,1.052,10.858,10.847,0.346,3.357,0.500,3.358,0.495,0.033,0.003,0.001,2.49,-1.26,159.85,0.19,0.05,-0.241,0.137,-0.005,1453,1464,1479,1550,10.00,10.06,-0.27,-0.32
1787304378.903,16.997,True,1,0.069,0.353,0.073,1.067,10.873,10.862,0.347,3.357,0.500,3.358,0.495,0.033,0.003,0.001,2.49,-1.26,159.85,0.19,0.05,-0.241,0.137,-0.005,1453,1464,1479,1551,10.00,10.06,9.73,9.68
1787304378.913,17.008,True,1,0.069,0.356,0.071,1.087,10.894,10.882,0.347,3.356,0.501,3.358,0.495,0.033,0.003,0.000,2.49,-1.26,159.85,0.19,0.05,-0.241,0.138,-0.005,1453,1464,1479,1552,10.00,10.06,-0.16,-0.21
1787304378.923,17.017,True,1,0.069,0.359,0.071,1.102,10.908,10.897,0.348,3.356,0.501,3.358,0.495,0.033,0.003,0.000,2.49,-1.26,159.85,0.19,0.05,-0.241,0.138,-0.005,1453,1464,1479,1552,10.00,10.06,9.85,9.80
1787304378.933,17.027,True,1,0.069,0.362,0.071,1.117,10.923,10.912,0.348,3.356,0.501,3.358,0.496,0.033,0.003,0.000,2.49,-1.26,159.85,0.19,0.06,-0.241,0.138,-0.005,1453,1464,1479,1553,10.00,10.07,19.85,19.80
1787304378.943,17.037,True,1,0.069,0.365,0.071,1.132,10.938,10.927,0.349,3.356,0.501,3.358,0.496,0.033,0.003,0.000,2.49,-1.26,159.85,0.19,0.06,-0.241,0.138,-0.005,1453,1464,1479,1553,10.00,10.06,29.85,29.80
1787304378.953,17.048,True,1,0.070,0.368,0.070,1.147,10.953,10.942,0.349,3.356,0.501,3.358,0.496,0.034,0.003,0.001,2.49,-1.26,159.85,0.19,0.06,-0.241,0.138,-0.006,1453,1464,1479,1554,10.00,10.06,-0.18,-0.23
1787304378.963,17.057,True,1,0.070,0.371,0.070,1.162,10.968,10.957,0.350,3.356,0.501,3.358,0.496,0.034,0.003,0.001,2.49,-1.26,159.85,0.20,0.06,-0.241,0.138,-0.006,1453,1464,1479,1554,10.00,10.06,9.83,9.78
1787304378.973,17.068,True,1,0.071,0.374,0.067,1.183,10.990,10.978,0.350,3.356,0.502,3.358,0.496,0.034,0.002,0.001,2.49,-1.26,159.85,0.20,0.07,-0.240,0.139,-0.006,1453,1464,1479,1555,10.00,10.06,-0.16,-0.21
1787304378.983,17.077,True,1,0.071,0.377,0.067,1.198,11.005,10.993,0.351,3.356,0.502,3.358,0.497,0.034,0.002,0.001,2.49,-1.26,159.85,0.20,0.07,-0.240,0.139,-0.006,1453,1464,1479,1555,10.00,10.06,9.85,9.80
1787304378.993,17.087,True,1,0.071,0.380,0.067,1.213,11.020,11.008,0.351,3.356,0.502,3.358,0.497,0.034,0.002,0.001,2.49,-1.26,159.85,0.20,0.07,-0.240,0.139,-0.006,1453,1464,1479,1556,10.00,10.06,19.85,19.80
1787304379.003,17.098,True,1,0.071,0.383,0.065,1.233,11.040,11.028,0.352,3.356,0.502,3.358,0.497,0.035,0.003,0.001,2.49,-1.26,159.85,0.20,0.06,-0.240,0.139,-0.006,1453,1464,1479,1557,10.00,10.06,-0.16,-0.21
1787304379.013,17.107,True,1,0.071,0.386,0.065,1.249,11.055,11.043,0.352,3.356,0.502,3.358,0.497,0.035,0.003,0.001,2.49,-1.26,159.85,0.20,0.07,-0.240,0.139,-0.006,1453,1464,1479,1557,10.00,10.06,9.84,9.79
1787304379.023,17.117,True,1,0.071,0.389,0.065,1.264,11.070,11.059,0.353,3.356,0.502,3.358,0.497,0.035,0.003,0.001,2.49,-1.26,159.85,0.20,0.07,-0.240,0.139,-0.006,1453,1464,1479,1558,10.00,10.06,19.84,19.79
1787304379.033,17.127,True,1,0.071,0.392,0.065,1.279,11.086,11.074,0.353,3.356,0.502,3.358,0.497,0.035,0.003,0.001,2.49,-1.26,159.85,0.20,0.07,-0.240,0.139,-0.006,1453,1464,1479,1558,10.00,10.06,29.84,29.79
1787304379.043,17.137,True,1,0.071,0.395,0.065,1.294,11.101,11.089,0.354,3.356,0.502,3.358,0.498,0.035,0.003,0.001,2.49,-1.26,159.85,0.20,0.07,-0.240,0.139,-0.006,1453,1464,1479,1559,10.00,10.06,39.84,39.79
1787304379.053,17.147,True,1,0.071,0.398,0.065,1.309,11.116,11.104,0.354,3.356,0.502,3.358,0.498,0.035,0.003,0.001,2.49,-1.26,159.85,0.20,0.07,-0.240,0.139,-0.006,1453,1464,1479,1559,10.00,10.06,49.84,49.79
1787304379.063,17.157,True,1,0.071,0.401,0.065,1.325,11.131,11.120,0.355,3.356,0.502,3.357,0.498,0.035,0.003,0.001,2.49,-1.26,159.85,0.20,0.07,-0.240,0.140,-0.006,1453,1464,1479,1560,10.00,10.06,59.84,59.79
1787304379.073,17.167,True,1,0.071,0.404,0.065,1.340,11.147,11.135,0.355,3.356,0.502,3.357,0.498,0.035,0.003,0.001,2.49,-1.26,159.85,0.20,0.07,-0.240,0.140,-0.006,1453,1464,1479,1560,10.00,10.06,69.84,69.79
1787304379.083,17.177,True,1,0.071,0.407,0.065,1.355,11.162,11.150,0.356,3.356,0.502,3.357,0.498,0.035,0.003,0.001,2.49,-1.26,159.85,0.21,0.07,-0.240,0.140,-0.006,1453,1464,1479,1561,10.00,10.06,79.84,79.79
1787304379.094,17.188,True,1,0.072,0.410,0.058,1.385,11.191,11.179,0.357,3.356,0.504,3.357,0.498,0.036,0.002,0.000,2.49,-1.26,159.85,0.20,0.07,-0.240,0.140,-0.006,1453,1464,1479,1562,10.00,10.06,-0.56,-0.61
1787304379.103,17.197,True,1,0.072,0.413,0.058,1.400,11.207,11.195,0.357,3.356,0.504,3.357,0.498,0.036,0.002,0.000,2.49,-1.26,159.85,0.20,0.07,-0.240,0.140,-0.006,1453,1464,1479,1562,10.00,10.06,9.43,9.38
1787304379.113,17.207,True,1,0.072,0.416,0.058,1.415,11.222,11.210,0.358,3.356,0.504,3.357,0.499,0.036,0.002,0.000,2.49,-1.26,159.85,0.20,0.08,-0.240,0.140,-0.006,1453,1464,1479,1563,10.00,10.06,19.44,19.39
1787304379.123,17.218,True,1,0.073,0.419,0.057,1.435,11.241,11.229,0.358,3.356,0.504,3.357,0.499,0.037,0.002,0.000,2.49,-1.27,159.85,0.21,0.08,-0.240,0.140,-0.006,1453,1464,1479,1563,10.00,10.06,-0.17,-0.22
1787304379.133,17.227,True,1,0.073,0.422,0.057,1.450,11.257,11.245,0.359,3.356,0.504,3.357,0.499,0.037,0.002,0.000,2.49,-1.27,159.85,0.21,0.08,-0.239,0.140,-0.006,1453,1464,1479,1564,10.00,10.06,9.83,9.78
1787304379.143,17.237,True,1,0.073,0.425,0.057,1.466,11.272,11.260,0.359,3.356,0.504,3.357,0.499,0.037,0.002,0.000,2.49,-1.27,159.85,0.21,0.08,-0.239,0.140,-0.006,1453,1464,1479,1564,10.00,10.06,19.83,19.78
1787304379.153,17.247,True,1,0.073,0.428,0.057,1.481,11.288,11.276,0.360,3.356,0.504,3.357,0.499,0.037,0.002,0.000,2.49,-1.27,159.85,0.21,0.08,-0.239,0.140,-0.006,1453,1464,1479,1565,10.00,10.06,29.83,29.78
1787304379.163,17.258,True,1,0.073,0.431,0.055,1.500,11.307,11.295,0.361,3.355,0.505,3.357,0.499,0.037,0.003,0.000,2.50,-1.27,159.85,0.21,0.08,-0.239,0.140,-0.006,1453,1464,1479,1566,10.00,10.06,-0.35,-0.30
1787304379.173,17.267,True,1,0.073,0.434,0.055,1.516,11.323,11.311,0.361,3.355,0.505,3.357,0.500,0.037,0.003,0.000,2.50,-1.27,159.85,0.21,0.08,-0.239,0.140,-0.006,1453,1464,1479,1566,10.00,10.06,9.65,9.70
1787304379.183,17.277,True,1,0.073,0.437,0.055,1.532,11.338,11.326,0.362,3.355,0.505,3.357,0.500,0.037,0.003,0.000,2.50,-1.27,159.85,0.21,0.08,-0.239,0.141,-0.006,1453,1464,1479,1567,10.01,10.07,19.66,19.70
1787304379.193,17.287,True,1,0.073,0.440,0.055,1.547,11.354,11.342,0.362,3.355,0.505,3.357,0.500,0.037,0.003,0.000,2.50,-1.27,159.85,0.21,0.08,-0.239,0.141,-0.006,1453,1464,1479,1567,10.00,10.07,29.66,29.70
1787304379.203,17.297,True,1,0.073,0.443,0.055,1.563,11.370,11.358,0.363,3.355,0.505,3.357,0.500,0.037,0.003,0.000,2.50,-1.27,159.85,0.21,0.08,-0.239,0.141,-0.006,1453,1464,1479,1568,9.99,10.06,39.65,39.70
1787304379.213,17.307,True,1,0.073,0.446,0.055,1.579,11.385,11.373,0.363,3.355,0.505,3.357,0.500,0.037,0.003,0.000,2.50,-1.27,159.85,0.22,0.08,-0.239,0.141,-0.006,1453,1464,1479,1568,10.00,10.06,49.65,49.70
1787304379.223,17.317,True,1,0.073,0.449,0.055,1.594,11.401,11.389,0.364,3.355,0.505,3.357,0.500,0.037,0.003,0.000,2.50,-1.27,159.85,0.22,0.08,-0.239,0.141,-0.006,1453,1464,1479,1569,10.00,10.06,59.65,59.70
1787304379.234,17.328,True,1,0.074,0.452,0.052,1.614,11.421,11.409,0.364,3.355,0.506,3.357,0.501,0.039,0.002,0.000,2.50,-1.27,159.85,0.21,0.08,-0.239,0.141,-0.006,1453,1464,1479,1569,10.00,10.06,-0.45,-0.50
1787304379.243,17.337,True,1,0.074,0.455,0.052,1.630,11.437,11.424,0.365,3.355,0.506,3.357,0.501,0.039,0.002,0.000,2.50,-1.27,159.85,0.21,0.08,-0.239,0.141,-0.006,1453,1464,1479,1570,10.00,10.06,9.55,9.50
1787304379.253,17.348,True,1,0.075,0.458,0.052,1.644,11.451,11.439,0.365,3.355,0.506,3.357,0.501,0.039,0.002,0.000,2.50,-1.27,159.85,0.21,0.08,-0.239,0.141,-0.006,1453,1464,1479,1570,10.00,10.06,-0.17,-0.12
1787304379.263,17.357,True,1,0.075,0.461,0.052,1.660,11.467,11.454,0.366,3.355,0.506,3.356,0.501,0.039,0.002,0.000,2.50,-1.27,159.85,0.21,0.08,-0.239,0.141,-0.006,1453,1464,1479,1571,10.00,10.06,9.84,9.89
1787304379.273,17.367,True,1,0.075,0.464,0.052,1.676,11.483,11.470,0.366,3.355,0.506,3.356,0.501,0.039,0.002,0.000,2.50,-1.27,159.85,0.22,0.08,-0.239,0.141,-0.006,1453,1464,1479,1571,10.00,10.06,19.83,19.88
1787304379.283,17.378,True,1,0.075,0.467,0.051,1.697,11.503,11.491,0.367,3.355,0.506,3.356,0.501,0.039,0.003,-0.000,2.50,-1.26,159.85,0.22,0.08,-0.239,0.141,-0.006,1453,1464,1479,1572,10.00,10.06,-0.22,-0.17
1787304379.293,17.387,True,1,0.075,0.470,0.051,1.713,11.519,11.507,0.367,3.355,0.506,3.356,0.502,0.039,0.003,-0.000,2.50,-1.26,159.85,0.22,0.08,-0.239,0.141,-0.006,1453,1464,1479,1573,10.00,10.06,9.79,9.83
1787304379.303,17.397,True,1,0.075,0.473,0.051,1.729,11.535,11.523,0.368,3.355,0.506,3.356,0.502,0.039,0.003,-0.000,2.50,-1.26,159.85,0.22,0.08,-0.239,0.141,-0.006,1453,1464,1479,1573,10.00,10.06,19.78,19.83
1787304379.313,17.408,True,1,0.074,0.476,0.050,1.748,11.554,11.542,0.368,3.355,0.506,3.356,0.502,0.039,0.002,-0.000,2.50,-1.27,159.85,0.22,0.09,-0.239,0.141,-0.006,1453,1464,1479,1574,10.00,10.06,-0.20,-0.16
1787304379.323,17.417,True,1,0.074,0.479,0.050,1.764,11.571,11.558,0.369,3.355,0.506,3.356,0.502,0.039,0.002,-0.000,2.50,-1.27,159.85,0.22,0.09,-0.239,0.142,-0.006,1453,1464,1479,1574,10.00,10.06,9.80,9.85
1787304379.333,17.428,True,1,0.074,0.482,0.049,1.783,11.590,11.577,0.370,3.355,0.507,3.356,0.502,0.040,0.002,-0.000,2.49,-1.26,159.85,0.22,0.09,-0.238,0.141,-0.006,1453,1464,1479,1575,10.00,10.06,-0.12,-0.17
1787304379.343,17.437,True,1,0.074,0.485,0.049,1.799,11.606,11.593,0.370,3.355,0.507,3.356,0.502,0.040,0.002,-0.000,2.49,-1.26,159.85,0.22,0.09,-0.238,0.141,-0.006,1453,1464,1479,1575,10.00,10.06,9.89,9.84
1787304379.353,17.447,True,1,0.074,0.488,0.049,1.815,11.622,11.610,0.371,3.355,0.507,3.356,0.503,0.040,0.002,-0.000,2.49,-1.26,159.85,0.22,0.09,-0.238,0.141,-0.006,1453,1464,1479,1576,10.00,10.06,19.88,19.83
1787304379.363,17.457,True,1,0.074,0.491,0.049,1.831,11.638,11.626,0.371,3.355,0.507,3.356,0.503,0.040,0.002,-0.000,2.49,-1.26,159.85,0.22,0.09,-0.238,0.141,-0.006,1453,1464,1479,1576,10.00,10.06,29.88,29.83
1787304379.373,17.467,True,1,0.074,0.494,0.049,1.848,11.654,11.642,0.372,3.355,0.507,3.356,0.503,0.040,0.002,-0.000,2.49,-1.26,159.85,0.22,0.09,-0.238,0.142,-0.006,1453,1464,1479,1577,10.00,10.06,39.88,39.83
1787304379.383,17.477,True,1,0.074,0.497,0.049,1.864,11.671,11.658,0.372,3.355,0.507,3.356,0.503,0.040,0.002,-0.000,2.49,-1.26,159.85,0.22,0.09,-0.238,0.142,-0.006,1453,1464,1479,1577,10.00,10.06,49.89,49.84
1787304379.393,17.487,True,1,0.074,0.500,0.049,1.880,11.687,11.674,0.373,3.355,0.507,3.356,0.503,0.040,0.002,-0.000,2.49,-1.26,159.85,0.22,0.09,-0.238,0.142,-0.006,1453,1464,1479,1578,10.00,10.06,59.88,59.83
1787304379.403,17.497,True,1,0.074,0.503,0.049,1.896,11.703,11.691,0.373,3.355,0.507,3.356,0.503,0.040,0.002,-0.000,2.49,-1.26,159.85,0.22,0.09,-0.238,0.142,-0.006,1453,1464,1479,1578,10.00,10.06,69.88,69.83
1787304379.414,17.508,True,1,0.075,0.506,0.047,1.918,11.725,11.713,0.374,3.354,0.508,3.356,0.503,0.041,0.002,0.000,2.49,-1.27,159.85,0.22,0.10,-0.238,0.143,-0.006,1453,1464,1479,1579,10.00,10.06,-0.56,-0.61
1787304379.423,17.517,True,1,0.075,0.509,0.047,1.935,11.742,11.729,0.374,3.354,0.508,3.356,0.504,0.041,0.002,0.000,2.49,-1.27,159.85,0.23,0.10,-0.237,0.143,-0.006,1453,1464,1479,1580,10.00,10.06,9.44,9.39
1787304379.433,17.527,True,1,0.075,0.512,0.047,1.951,11.758,11.745,0.375,3.354,0.508,3.356,0.504,0.041,0.002,0.000,2.49,-1.27,159.85,0.23,0.10,-0.237,0.143,-0.006,1453,1464,1479,1580,10.00,10.06,19.44,19.39
1787304379.443,17.538,True,1,0.075,0.515,0.047,1.968,11.775,11.762,0.375,3.353,0.509,3.356,0.504,0.042,0.001,0.000,2.49,-1.26,159.85,0.23,0.10,-0.237,0.143,-0.006,1453,1464,1479,1581,10.00,10.06,-0.18,-0.13
1787304379.453,17.547,True,1,0.075,0.518,0.047,1.984,11.791,11.778,0.376,3.353,0.509,3.355,0.504,0.042,0.001,0.000,2.49,-1.26,159.85,0.23,0.10,-0.237,0.143,-0.006,1453,1464,1479,1581,10.01,10.06,9.82,9.87
1787304379.463,17.557,True,1,0.075,0.521,0.047,2.001,11.808,11.795,0.376,3.353,0.509,3.355,0.504,0.042,0.001,0.000,2.49,-1.26,159.85,0.23,0.11,-0.237,0.143,-0.006,1453,1464,1479,1582,10.00,10.06,19.82,19.87
1787304379.473,17.567,True,1,0.075,0.524,0.047,2.017,11.824,11.811,0.377,3.353,0.509,3.355,0.504,0.042,0.001,0.000,2.49,-1.26,159.85,0.23,0.11,-0.237,0.143,-0.006,1453,1464,1479,1582,10.00,10.06,29.82,29.87
1787304379.483,17.578,True,1,0.075,0.527,0.046,2.036,11.843,11.831,0.378,3.353,0.510,3.355,0.505,0.043,0.001,0.000,2.49,-1.27,159.85,0.23,0.11,-0.237,0.144,-0.006,1453,1464,1479,1583,10.00,10.06,-0.31,-0.26
1787304379.493,17.587,True,1,0.075,0.530,0.046,2.053,11.860,11.847,0.378,3.353,0.510,3.355,0.505,0.043,0.001,0.000,2.49,-1.27,159.85,0.23,0.11,-0.237,0.144,-0.006,1453,1464,1479,1584,10.01,10.06,9.70,9.75
1787304379.503,17.597,True,1,0.075,0.533,0.045,2.069,11.876,11.864,0.379,3.353,0.510,3.355,0.505,0.043,0.001,0.000,2.49,-1.27,159.85,0.23,0.11,-0.237,0.144,-0.006,1453,1464,1479,1584,10.00,10.06,-0.11,-0.16
1787304379.513,17.607,True,1,0.075,0.536,0.045,2.086,11.893,11.880,0.379,3.353,0.510,3.355,0.505,0.043,0.001,0.000,2.49,-1.27,159.85,0.23,0.11,-0.237,0.144,-0.006,1453,1464,1479,1585,10.00,10.06,9.90,9.85
1787304379.523,17.617,True,1,0.075,0.539,0.045,2.103,11.909,11.897,0.380,3.353,0.510,3.355,0.505,0.043,0.001,0.000,2.49,-1.27,159.85,0.23,0.11,-0.237,0.144,-0.006,1453,1464,1479,1585,10.00,10.06,19.90,19.85
1787304379.533,17.627,True,1,0.075,0.542,0.045,2.119,11.926,11.913,0.380,3.353,0.510,3.355,0.505,0.043,0.001,0.000,2.49,-1.27,159.85,0.23,0.11,-0.237,0.144,-0.006,1453,1464,1479,1586,10.00,10.06,29.90,29.85
1787304379.543,17.637,True,1,0.075,0.545,0.045,2.136,11.943,11.930,0.381,3.353,0.510,3.355,0.505,0.043,0.001,0.000,2.49,-1.27,159.85,0.23,0.11,-0.237,0.144,-0.006,1453,1464,1479,1586,10.00,10.06,39.89,39.84
1787304379.553,17.647,True,1,0.075,0.548,0.045,2.153,11.960,11.947,0.381,3.353,0.510,3.355,0.506,0.043,0.001,0.000,2.49,-1.27,159.85,0.23,0.11,-0.237,0.144,-0.006,1453,1464,1479,1587,10.00,10.06,49.90,49.85
1787304379.563,17.658,True,1,0.075,0.551,0.045,2.168,11.975,11.962,0.382,3.353,0.511,3.355,0.506,0.044,0.001,-0.000,2.49,-1.26,159.85,0.23,0.11,-0.237,0.143,-0.006,1453,1464,1479,1587,10.00,10.06,-0.37,-0.41
1787304379.573,17.667,True,1,0.075,0.554,0.045,2.185,11.992,11.979,0.382,3.353,0.511,3.355,0.506,0.044,0.001,-0.000,2.50,-1.26,159.85,0.23,0.11,-0.237,0.144,-0.006,1453,1464,1479,1588,10.00,10.06,-0.07,9.59
1787304379.583,17.677,True,1,0.075,0.557,0.044,2.206,12.013,12.000,0.383,3.353,0.511,3.355,0.506,0.044,0.002,-0.000,2.50,-1.26,159.86,0.24,0.11,-0.237,0.144,-0.006,1453,1464,1479,1588,10.00,10.06,-0.10,-0.05
1787304379.593,17.687,True,1,0.075,0.560,0.044,2.223,12.030,12.017,0.384,3.353,0.511,3.355,0.506,0.044,0.002,-0.000,2.50,-1.26,159.86,0.24,0.11,-0.237,0.144,-0.006,1453,1464,1479,1589,10.00,10.06,9.90,9.95
1787304379.603,17.697,True,1,0.075,0.563,0.044,2.240,12.047,12.034,0.384,3.353,0.511,3.355,0.506,0.044,0.002,-0.000,2.50,-1.26,159.86,0.24,0.11,-0.237,0.144,-0.006,1453,1464,1479,1589,10.00,10.06,19.90,19.95
1787304379.613,17.707,True,1,0.075,0.566,0.044,2.257,12.063,12.051,0.385,3.353,0.511,3.355,0.507,0.044,0.002,-0.000,2.50,-1.26,159.86,0.24,0.11,-0.236,0.144,-0.006,1453,1464,1479,1590,10.00,10.06,29.90,29.95
1787304379.623,17.717,True,1,0.075,0.569,0.044,2.274,12.080,12.068,0.385,3.353,0.511,3.355,0.507,0.044,0.002,-0.000,2.50,-1.26,159.86,0.24,0.11,-0.236,0.144,-0.006,1453,1464,1479,1591,10.00,10.06,39.90,39.95
1787304379.633,17.727,True,1,0.075,0.572,0.044,2.291,12.097,12.085,0.386,3.353,0.511,3.354,0.507,0.044,0.002,-0.000,2.50,-1.26,159.86,0.24,0.11,-0.236,0.144,-0.006,1453,1464,1479,1591,10.00,10.06,49.90,49.95
1787304379.643,17.738,True,1,0.076,0.575,0.048,2.292,12.099,12.087,0.386,3.353,0.512,3.354,0.507,0.045,0.006,0.012,2.51,-1.25,159.81,0.35,0.12,-0.226,0.143,-0.004,1455,1464,1479,1591,10.00,10.06,-0.41,-0.36
1787304379.653,17.747,True,1,0.076,0.578,0.048,2.309,12.116,12.104,0.386,3.353,0.512,3.354,0.507,0.045,0.006,0.012,2.51,-1.25,159.81,0.35,0.12,-0.226,0.143,-0.004,1455,1464,1479,1592,10.00,10.06,9.59,9.64
1787304379.663,17.758,True,1,0.076,0.581,0.045,2.336,12.143,12.131,0.387,3.353,0.512,3.354,0.507,0.045,0.006,0.004,2.50,-1.23,159.78,0.29,0.10,-0.231,0.139,-0.003,1454,1464,1479,1593,10.00,10.06,-0.12,-0.17
1787304379.673,17.767,True,1,0.076,0.584,0.045,2.353,12.160,12.148,0.388,3.353,0.512,3.354,0.508,0.045,0.006,0.004,2.50,-1.23,159.78,0.29,0.10,-0.231,0.139,-0.003,1454,1464,1479,1593,10.00,10.06,9.89,9.84
1787304379.683,17.778,True,1,0.076,0.587,0.045,2.369,12.176,12.163,0.388,3.353,0.513,3.354,0.508,0.046,0.005,-0.002,2.49,-1.19,159.91,0.23,0.08,-0.236,0.133,-0.008,1454,1465,1478,1594,10.00,10.07,-0.20,-0.15
1787304379.693,17.787,True,1,0.076,0.590,0.045,2.386,12.193,12.180,0.389,3.353,0.513,3.354,0.508,0.046,0.005,-0.002,2.49,-1.19,159.91,0.23,0.08,-0.236,0.133,-0.008,1454,1465,1478,1594,10.00,10.07,9.80,9.85
1787304379.703,17.797,True,1,0.076,0.593,0.045,2.403,12.210,12.197,0.389,3.353,0.513,3.354,0.508,0.046,0.005,-0.002,2.49,-1.19,159.91,0.23,0.08,-0.236,0.133,-0.008,1454,1465,1478,1595,9.99,10.06,19.80,19.85
1787304379.713,17.807,True,1,0.076,0.596,0.045,2.420,12.227,12.215,0.390,3.353,0.513,3.354,0.508,0.046,0.005,-0.002,2.49,-1.19,159.91,0.23,0.09,-0.236,0.133,-0.008,1454,1465,1478,1595,10.00,10.06,29.80,29.85
1787304379.723,17.817,True,1,0.076,0.599,0.045,2.438,12.244,12.232,0.390,3.353,0.513,3.354,0.508,0.046,0.005,-0.002,2.49,-1.19,159.91,0.24,0.09,-0.236,0.133,-0.008,1454,1465,1478,1596,10.00,10.06,39.80,39.85
1787304379.733,17.827,True,1,0.076,0.602,0.045,2.455,12.262,12.249,0.391,3.353,0.513,3.354,0.509,0.046,0.005,-0.002,2.49,-1.19,159.91,0.24,0.09,-0.236,0.133,-0.008,1454,1465,1478,1596,10.00,10.06,49.80,49.85
1787304379.744,17.838,True,1,0.077,0.605,0.044,2.469,12.276,12.262,0.391,3.352,0.514,3.354,0.509,0.047,-0.009,0.002,2.49,-1.28,159.75,0.24,0.21,-0.236,0.156,-0.002,1454,1462,1479,1597,10.00,10.06,-0.41,-0.46
1787304379.753,17.847,True,1,0.077,0.608,0.044,2.486,12.293,12.280,0.392,3.352,0.514,3.354,0.509,0.047,-0.009,0.002,2.49,-1.28,159.75,0.24,0.21,-0.236,0.156,-0.002,1454,1462,1479,1597,10.00,10.06,9.59,9.54
1787304379.763,17.857,True,1,0.077,0.611,0.044,2.504,12.311,12.297,0.392,3.352,0.514,3.354,0.509,0.047,-0.009,0.002,2.49,-1.28,159.75,0.24,0.21,-0.236,0.156,-0.002,1454,1462,1479,1598,10.00,10.06,19.59,19.54
1787304379.773,17.867,True,1,0.077,0.614,0.044,2.521,12.328,12.314,0.393,3.352,0.514,3.354,0.509,0.047,-0.009,0.002,2.49,-1.28,159.75,0.24,0.21,-0.236,0.156,-0.002,1454,1462,1479,1598,10.00,10.06,29.59,29.54
1787304379.783,17.877,True,1,0.077,0.617,0.044,2.538,12.345,12.332,0.394,3.352,0.514,3.354,0.509,0.047,-0.009,0.002,2.49,-1.28,159.75,0.24,0.21,-0.236,0.156,-0.002,1454,1462,1479,1599,10.00,10.06,39.59,39.54
1787304379.793,17.887,True,1,0.077,0.620,0.044,2.556,12.363,12.349,0.394,3.352,0.514,3.354,0.510,0.047,-0.009,0.002,2.49,-1.28,159.75,0.24,0.21,-0.236,0.156,-0.002,1454,1462,1479,1599,10.00,10.06,49.59,49.54
1787304379.803,17.897,True,1,0.077,0.623,0.044,2.573,12.380,12.366,0.395,3.352,0.514,3.354,0.510,0.047,-0.009,0.002,2.49,-1.28,159.75,0.24,0.21,-0.235,0.156,-0.002,1454,1462,1479,1600,10.00,10.06,59.59,59.54
1787304379.813,17.907,True,1,0.077,0.626,0.044,2.591,12.398,12.384,0.395,3.352,0.514,3.353,0.510,0.047,-0.009,0.002,2.49,-1.28,159.75,0.24,0.21,-0.235,0.156,-0.002,1454,1462,1479,1601,10.00,10.06,69.59,69.54
1787304379.824,17.918,True,1,0.079,0.629,0.042,2.608,12.415,12.401,0.396,3.352,0.516,3.353,0.510,0.049,-0.004,-0.035,2.37,-1.25,159.92,-0.04,0.07,-0.252,0.138,-0.008,1452,1464,1478,1601,10.00,10.06,-0.54,-0.59
1787304379.833,17.927,True,1,0.079,0.632,0.042,2.626,12.433,12.418,0.396,3.352,0.516,3.353,0.510,0.049,-0.004,-0.035,2.37,-1.25,159.92,-0.03,0.07,-0.252,0.138,-0.008,1452,1464,1478,1602,10.00,10.06,9.46,9.41
1787304379.843,17.937,True,1,0.079,0.635,0.042,2.643,12.450,12.436,0.397,3.352,0.516,3.353,0.510,0.049,-0.004,-0.035,2.37,-1.25,159.92,-0.03,0.07,-0.252,0.138,-0.008,1452,1464,1478,1602,10.00,10.06,19.46,19.41
1787304379.853,17.947,True,1,0.079,0.638,0.042,2.661,12.468,12.453,0.397,3.352,0.516,3.353,0.511,0.049,-0.004,-0.035,2.37,-1.25,159.92,-0.03,0.07,-0.252,0.138,-0.008,1452,1464,1478,1603,10.00,10.06,29.46,29.41
1787304379.863,17.957,True,1,0.079,0.641,0.042,2.679,12.485,12.471,0.398,3.352,0.516,3.353,0.511,0.049,-0.004,-0.035,2.37,-1.25,159.92,-0.03,0.07,-0.251,0.138,-0.008,1452,1464,1478,1603,10.00,10.06,39.46,39.41
1787304379.873,17.967,True,1,0.079,0.644,0.042,2.696,12.503,12.489,0.399,3.352,0.516,3.353,0.511,0.049,-0.004,-0.035,2.37,-1.25,159.92,-0.03,0.07,-0.251,0.138,-0.008,1452,1464,1478,1604,10.00,10.06,49.46,49.41
1787304379.883,17.977,True,1,0.079,0.647,0.042,2.714,12.521,12.506,0.399,3.352,0.516,3.353,0.511,0.049,-0.004,-0.035,2.37,-1.25,159.92,-0.03,0.07,-0.251,0.138,-0.008,1452,1464,1478,1604,10.00,10.06,59.46,59.41
1787304379.893,17.987,True,1,0.079,0.650,0.042,2.732,12.538,12.524,0.400,3.352,0.516,3.353,0.511,0.049,-0.004,-0.035,2.37,-1.25,159.92,-0.03,0.07,-0.251,0.138,-0.008,1452,1464,1478,1605,10.00,10.06,69.46,69.41
1787304379.904,17.998,True,1,0.080,0.653,0.059,2.697,12.504,12.490,0.399,3.350,0.518,3.353,0.512,0.051,-0.018,0.004,2.49,-1.29,159.86,0.24,0.29,-0.235,0.165,-0.007,1454,1461,1479,1604,10.00,10.06,-0.56,-0.61
1787304379.913,18.007,True,1,0.080,0.656,0.059,2.715,12.522,12.508,0.399,3.350,0.518,3.353,0.512,0.051,-0.018,0.004,2.49,-1.29,159.86,0.24,0.29,-0.235,0.165,-0.007,1454,1461,1479,1604,10.00,10.06,9.43,9.38
1787304379.923,18.017,True,1,0.080,0.659,0.059,2.733,12.540,12.525,0.400,3.350,0.518,3.353,0.512,0.051,-0.018,0.004,2.49,-1.29,159.86,0.24,0.29,-0.235,0.165,-0.007,1454,1461,1479,1605,10.00,10.06,19.44,19.39
1787304379.933,18.027,True,1,0.080,0.662,0.059,2.751,12.558,12.543,0.400,3.350,0.518,3.353,0.512,0.051,-0.018,0.004,2.49,-1.29,159.86,0.24,0.29,-0.235,0.165,-0.007,1454,1461,1479,1605,10.00,10.06,29.43,29.38
1787304379.943,18.037,True,1,0.080,0.665,0.059,2.768,12.575,12.561,0.401,3.350,0.518,3.353,0.512,0.051,-0.018,0.004,2.49,-1.29,159.86,0.24,0.29,-0.235,0.165,-0.007,1454,1461,1479,1606,10.00,10.06,39.43,39.39
1787304379.953,18.048,True,1,0.081,0.668,0.059,2.779,12.586,12.571,0.401,3.349,0.518,3.352,0.512,0.052,-0.008,0.011,2.62,-1.41,159.84,0.32,0.24,-0.240,0.173,-0.007,1453,1460,1479,1606,10.00,10.06,-0.27,-0.32
1787304379.963,18.057,True,1,0.081,0.671,0.059,2.797,12.604,12.589,0.402,3.349,0.518,3.352,0.513,0.052,-0.008,0.011,2.62,-1.41,159.84,0.33,0.24,-0.240,0.173,-0.007,1453,1460,1479,1607,10.00,10.06,9.73,9.68
1787304379.973,18.067,True,1,0.081,0.674,0.059,2.815,12.622,12.606,0.402,3.349,0.518,3.352,0.513,0.052,-0.008,0.011,2.62,-1.41,159.84,0.33,0.24,-0.240,0.173,-0.007,1453,1460,1479,1607,9.99,10.06,19.73,19.68
1787304379.983,18.077,True,1,0.081,0.677,0.059,2.833,12.640,12.624,0.403,3.349,0.518,3.352,0.513,0.052,-0.008,0.011,2.62,-1.41,159.84,0.33,0.24,-0.240,0.173,-0.007,1453,1460,1479,1608,10.00,10.06,29.73,29.68
1787304379.993,18.088,True,1,0.083,0.680,0.101,2.719,12.526,12.509,0.399,3.348,0.519,3.352,0.513,0.053,-0.021,0.016,2.58,-1.64,160.02,0.34,0.36,-0.235,0.208,-0.016,1454,1457,1477,1604,10.00,10.06,-0.26,-0.31
1787304380.003,18.097,True,1,0.083,0.683,0.101,2.737,12.544,12.527,0.400,3.348,0.519,3.352,0.513,0.053,-0.021,0.016,2.58,-1.64,160.02,0.34,0.36,-0.235,0.208,-0.016,1454,1457,1477,1605,10.00,10.07,9.74,9.70
1787304380.013,18.107,True,1,0.083,0.686,0.101,2.755,12.562,12.545,0.400,3.348,0.519,3.352,0.514,0.053,-0.021,0.016,2.58,-1.64,160.02,0.34,0.36,-0.235,0.209,-0.016,1454,1457,1477,1605,10.00,10.06,19.74,19.69
1787304380.023,18.117,True,1,0.083,0.689,0.101,2.773,12.580,12.563,0.401,3.348,0.519,3.351,0.514,0.053,-0.021,0.016,2.58,-1.64,160.02,0.34,0.36,-0.235,0.209,-0.016,1454,1456,1477,1606,10.00,10.06,29.74,29.69
1787304380.033,18.128,True,1,0.089,0.692,0.186,2.512,12.319,12.299,0.393,3.346,0.520,3.351,0.514,0.055,-0.045,0.019,2.08,-2.20,160.02,0.30,0.57,-0.187,0.290,-0.017,1459,1448,1477,1598,10.00,10.06,-0.26,-0.31
1787304380.043,18.137,True,1,0.089,0.695,0.186,2.530,12.337,12.317,0.393,3.346,0.520,3.351,0.514,0.055,-0.045,0.019,2.08,-2.20,160.02,0.30,0.57,-0.187,0.290,-0.017,1459,1448,1477,1598,10.00,10.06,9.74,9.69
1787304380.053,18.147,True,1,0.089,0.698,0.186,2.548,12.355,12.335,0.394,3.346,0.520,3.351,0.514,0.055,-0.045,0.019,2.08,-2.20,160.02,0.30,0.57,-0.187,0.290,-0.017,1459,1448,1477,1599,10.00,10.06,19.74,19.69
1787304380.063,18.158,True,1,0.091,0.701,0.237,2.406,12.213,12.194,0.389,3.345,0.521,3.351,0.515,0.056,-0.050,0.039,1.30,-2.47,159.97,0.45,0.68,-0.089,0.330,-0.012,1470,1443,1478,1595,10.00,10.06,-0.15,-0.10
1787304380.073,18.167,True,1,0.098,0.704,0.298,2.212,12.019,12.002,0.383,3.344,0.523,3.351,0.515,0.058,-0.035,0.034,1.03,-2.48,159.88,0.45,0.55,-0.061,0.317,-0.007,1473,1445,1479,1588,10.00,10.06,-0.10,-0.15
1787304380.083,18.177,True,1,0.098,0.707,0.298,2.230,12.038,12.020,0.384,3.344,0.523,3.350,0.515,0.058,-0.035,0.034,1.03,-2.48,159.88,0.46,0.55,-0.061,0.317,-0.007,1473,1445,1479,1589,10.00,10.06,9.90,9.85
1787304380.093,18.187,True,1,0.098,0.710,0.298,2.248,12.056,12.038,0.384,3.344,0.523,3.350,0.515,0.058,-0.035,0.034,1.03,-2.48,159.88,0.46,0.56,-0.060,0.318,-0.007,1473,1445,1479,1590,10.00,10.06,19.90,19.85
1787304380.103,18.197,True,1,0.098,0.713,0.298,2.266,12.074,12.056,0.385,3.344,0.523,3.350,0.516,0.058,-0.035,0.034,1.03,-2.48,159.88,0.46,0.56,-0.060,0.318,-0.007,1473,1445,1479,1590,10.00,10.06,29.90,29.85
1787304380.113,18.207,True,1,0.098,0.716,0.298,2.284,12.092,12.074,0.385,3.344,0.523,3.350,0.516,0.058,-0.035,0.034,1.03,-2.48,159.88,0.46,0.56,-0.060,0.318,-0.007,1473,1445,1479,1591,10.00,10.06,39.90,39.85
1787304380.123,18.218,True,1,0.114,0.719,0.410,1.901,11.710,11.685,0.373,3.340,0.526,3.349,0.516,0.061,-0.061,0.060,-0.97,-2.52,159.72,0.61,0.88,0.166,0.355,0.012,1538,1441,1521,1578,10.00,10.06,-0.27,-0.32
1787304380.133,18.227,True,1,0.114,0.722,0.410,1.920,11.728,11.703,0.374,3.340,0.526,3.349,0.517,0.061,-0.061,0.060,-0.97,-2.52,159.72,0.61,0.88,0.166,0.355,0.012,1538,1441,1521,1579,10.00,10.06,9.73,9.68
1787304380.143,18.237,True,1,0.114,0.725,0.410,1.938,11.746,11.721,0.374,3.340,0.526,3.349,0.517,0.061,-0.061,0.060,-0.97,-2.52,159.72,0.61,0.88,0.166,0.355,0.012,1538,1441,1521,1579,10.00,10.06,19.73,19.68
1787304380.153,18.247,True,1,0.114,0.728,0.410,1.956,11.764,11.739,0.375,3.340,0.526,3.348,0.517,0.061,-0.061,0.060,-0.97,-2.52,159.72,0.61,0.88,0.166,0.355,0.012,1538,1441,1521,1580,10.00,10.06,29.73,29.68
1787304380.163,18.258,True,1,0.134,0.731,0.517,1.574,11.385,11.345,0.362,3.337,0.529,3.348,0.518,0.066,-0.084,0.101,-2.38,-2.30,159.57,0.91,1.24,0.345,0.369,0.028,1557,1439,1523,1567,10.00,10.06,-0.26,-0.30
1787304380.173,18.267,True,1,0.134,0.734,0.517,1.592,11.403,11.359,0.363,3.337,0.529,3.348,0.518,0.066,-0.084,0.101,-2.95,-2.04,159.53,0.91,1.24,0.405,0.342,0.032,1563,1442,1524,1568,10.00,10.06,-0.06,9.70
1787304380.183,18.277,True,1,0.134,0.737,0.517,1.610,11.421,11.377,0.363,3.337,0.529,3.347,0.518,0.066,-0.084,0.101,-2.95,-2.04,159.53,0.91,1.24,0.405,0.342,0.032,1563,1442,1524,1568,10.01,10.07,9.95,19.71
1787304380.193,18.287,True,1,0.134,0.740,0.517,1.628,11.439,11.395,0.364,3.337,0.529,3.347,0.519,0.066,-0.084,0.101,-2.95,-2.04,159.53,0.91,1.24,0.405,0.343,0.032,1563,1442,1524,1569,10.00,10.07,19.95,29.70
1787304380.203,18.297,True,1,0.134,0.743,0.517,1.647,11.457,11.413,0.364,3.337,0.529,3.347,0.519,0.066,-0.084,0.101,-2.95,-2.04,159.53,0.91,1.24,0.405,0.343,0.032,1563,1442,1524,1569,9.99,10.06,29.94,39.70
1787304380.213,18.307,True,1,0.134,0.746,0.517,1.665,11.476,11.431,0.365,3.337,0.529,3.346,0.519,0.066,-0.084,0.101,-2.95,-2.04,159.53,0.91,1.24,0.405,0.343,0.032,1563,1442,1524,1570,10.00,10.06,39.94,49.70
1787304380.223,18.318,True,1,0.169,0.749,0.640,1.174,10.986,10.935,0.349,3.332,0.536,3.346,0.520,0.074,-0.052,0.121,-3.76,-1.16,159.26,1.22,1.09,0.523,0.234,0.042,1576,1454,1525,1553,10.00,10.06,-0.33,-0.38
1787304380.233,18.327,True,1,0.169,0.752,0.640,1.192,11.003,10.953,0.350,3.332,0.536,3.345,0.520,0.074,-0.052,0.121,-3.76,-1.16,159.26,1.22,1.10,0.523,0.234,0.042,1576,1454,1525,1554,10.01,10.07,9.68,9.63
1787304380.243,18.338,True,1,0.177,0.755,0.682,1.050,10.863,10.807,0.345,3.331,0.538,3.345,0.521,0.076,-0.053,0.151,-4.02,-0.56,159.15,1.51,1.23,0.580,0.185,0.044,1582,1459,1526,1549,9.99,10.06,-0.18,-0.13
1787304380.253,18.347,True,1,0.177,0.758,0.682,1.068,10.881,10.825,0.346,3.331,0.538,3.345,0.522,0.076,-0.053,0.151,-4.02,-0.56,159.15,1.51,1.23,0.580,0.185,0.044,1582,1459,1526,1550,10.00,10.06,9.82,9.87
1787304380.263,18.357,True,1,0.177,0.761,0.682,1.086,10.899,10.843,0.346,3.331,0.538,3.344,0.522,0.076,-0.053,0.151,-4.02,-0.56,159.15,1.51,1.23,0.580,0.185,0.044,1582,1459,1526,1550,10.00,10.06,19.82,19.87
1787304380.273,18.367,True,1,0.177,0.764,0.682,1.104,10.917,10.861,0.347,3.331,0.538,3.344,0.523,0.076,-0.053,0.151,-4.02,-0.56,159.15,1.51,1.23,0.580,0.186,0.044,1582,1459,1526,1551,10.00,10.06,29.82,29.87
1787304380.283,18.377,True,1,0.177,0.767,0.682,1.122,10.935,10.878,0.347,3.331,0.538,3.343,0.523,0.076,-0.053,0.151,-4.02,-0.56,159.15,1.51,1.24,0.580,0.186,0.044,1582,1459,1526,1552,10.00,10.06,39.82,39.87
1787304380.293,18.387,True,1,0.177,0.770,0.682,1.140,10.953,10.896,0.348,3.331,0.538,3.343,0.524,0.076,-0.053,0.151,-4.02,-0.56,159.15,1.51,1.24,0.580,0.186,0.044,1582,1459,1526,1552,10.00,10.06,49.82,49.87
1787304380.303,18.397,True,1,0.177,0.773,0.682,1.158,10.971,10.914,0.348,3.331,0.538,3.342,0.524,0.076,-0.053,0.151,-4.02,-0.56,159.15,1.51,1.24,0.580,0.186,0.044,1582,1459,1526,1553,10.00,10.06,59.82,59.87
1787304380.313,18.407,True,1,0.177,0.776,0.682,1.176,10.989,10.932,0.349,3.331,0.538,3.342,0.525,0.076,-0.053,0.151,-4.02,-0.56,159.15,1.51,1.24,0.580,0.186,0.044,1582,1459,1526,1553,10.00,10.06,69.82,69.87
1787304380.324,18.418,True,1,0.247,0.779,0.820,0.498,10.316,10.267,0.328,3.326,0.554,3.342,0.526,0.093,-0.043,0.208,-3.39,1.94,158.73,2.17,1.46,0.581,-0.053,0.046,1582,1525,1526,1530,10.00,10.06,-0.60,-0.55
1787304380.333,18.427,True,1,0.247,0.782,0.820,0.516,10.333,10.284,0.328,3.326,0.554,3.341,0.527,0.093,-0.043,0.208,-3.39,1.94,158.73,2.17,1.46,0.581,-0.053,0.046,1582,1525,1526,1531,10.00,10.06,9.40,9.45
1787304380.343,18.437,True,1,0.247,0.785,0.820,0.533,10.350,10.301,0.329,3.326,0.554,3.341,0.527,0.093,-0.043,0.208,-3.39,1.94,158.73,2.17,1.47,0.581,-0.053,0.046,1582,1525,1526,1532,10.00,10.06,19.40,19.44
1787304380.353,18.447,True,1,0.247,0.788,0.820,0.550,10.368,10.319,0.329,3.326,0.554,3.340,0.528,0.093,-0.043,0.208,-3.39,1.94,158.73,2.17,1.47,0.581,-0.052,0.047,1582,1525,1526,1532,10.00,10.06,29.40,29.45
1787304380.363,18.457,True,1,0.247,0.791,0.820,0.568,10.385,10.336,0.330,3.326,0.554,3.340,0.529,0.093,-0.043,0.208,-3.39,1.94,158.73,2.18,1.47,0.581,-0.052,0.047,1582,1525,1526,1533,10.00,10.06,39.40,39.44
1787304380.373,18.467,True,1,0.247,0.794,0.820,0.585,10.403,10.353,0.330,3.326,0.554,3.339,0.530,0.093,-0.043,0.208,-3.39,1.94,158.73,2.18,1.47,0.581,-0.052,0.047,1582,1525,1526,1533,10.00,10.06,49.40,49.45
1787304380.383,18.477,True,1,0.247,0.797,0.820,0.603,10.420,10.371,0.331,3.326,0.554,3.339,0.531,0.093,-0.043,0.208,-3.39,1.94,158.73,2.18,1.48,0.582,-0.051,0.047,1582,1525,1526,1534,10.00,10.06,59.40,59.44
1787304380.394,18.488,True,1,0.315,0.800,0.925,0.033,9.854,9.814,0.313,3.323,0.575,3.338,0.532,0.114,-0.003,0.237,-1.92,3.47,158.68,2.74,1.28,0.485,-0.231,0.044,1572,1545,1526,1514,10.00,10.06,-0.41,-0.46
1787304380.403,18.497,True,1,0.323,0.803,0.918,0.040,9.861,9.825,0.314,3.322,0.578,3.338,0.534,0.117,0.001,0.242,-1.19,4.07,158.64,2.82,1.27,0.416,-0.294,0.047,1565,1552,1526,1515,10.00,10.06,-0.05,-0.10
1787304380.413,18.507,True,1,0.323,0.806,0.918,0.057,9.878,9.842,0.314,3.322,0.578,3.337,0.535,0.117,0.001,0.242,-1.19,4.07,158.64,2.82,1.28,0.416,-0.293,0.047,1565,1552,1526,1515,10.00,10.06,9.95,9.90
1787304380.423,18.517,True,1,0.323,0.809,0.918,0.074,9.895,9.859,0.315,3.322,0.578,3.337,0.537,0.117,0.001,0.242,-1.19,4.07,158.64,2.83,1.28,0.417,-0.292,0.047,1565,1552,1526,1516,10.00,10.06,19.95,19.90
1787304380.433,18.527,True,1,0.323,0.812,0.918,0.091,9.912,9.876,0.315,3.322,0.578,3.336,0.538,0.117,0.001,0.242,-1.19,4.07,158.64,2.83,1.29,0.417,-0.292,0.047,1565,1551,1526,1517,10.00,10.06,29.95,29.90
1787304380.443,18.538,True,1,0.350,0.815,0.915,0.005,9.823,9.791,0.312,3.322,0.587,3.336,0.540,0.125,0.027,0.214,-0.42,4.44,158.72,2.69,0.95,0.322,-0.366,0.047,1555,1559,1526,1513,10.00,10.06,-0.17,-0.21
1787304380.453,18.547,True,1,0.350,0.818,0.915,0.021,9.840,9.808,0.313,3.322,0.587,3.335,0.541,0.125,0.027,0.214,-0.42,4.44,158.72,2.69,0.96,0.322,-0.365,0.047,1555,1559,1526,1514,10.00,10.06,9.84,9.79
1787304380.463,18.557,True,1,0.350,0.821,0.915,0.038,9.857,9.824,0.314,3.322,0.587,3.335,0.543,0.125,0.027,0.214,-0.42,4.44,158.72,2.70,0.96,0.323,-0.364,0.047,1555,1559,1526,1515,10.00,10.06,19.83,19.78
1787304380.473,18.568,True,1,0.393,0.824,0.966,-0.271,9.549,9.515,0.304,3.325,0.597,3.335,0.545,0.134,0.056,0.217,1.44,5.35,158.81,2.94,0.71,0.153,-0.484,0.058,1536,1572,1528,1503,10.00,10.06,-0.25,-0.30
1787304380.483,18.577,True,1,0.393,0.827,0.966,-0.254,9.566,9.531,0.304,3.325,0.597,3.334,0.546,0.134,0.056,0.217,1.44,5.35,158.81,2.95,0.72,0.154,-0.483,0.058,1536,1572,1528,1504,10.00,10.06,9.75,9.70
1787304380.493,18.587,True,1,0.393,0.830,0.966,-0.238,9.582,9.548,0.305,3.325,0.597,3.334,0.548,0.134,0.056,0.217,1.44,5.35,158.81,2.95,0.72,0.154,-0.483,0.058,1537,1572,1528,1505,10.00,10.06,19.75,19.70
1787304380.503,18.598,True,1,0.403,0.833,0.961,-0.243,9.577,9.538,0.304,3.326,0.599,3.334,0.550,0.136,0.065,0.215,2.96,5.81,158.94,2.99,0.63,-0.001,-0.539,0.068,1479,1578,1529,1504,10.00,10.06,-0.16,-0.11
1787304380.513,18.607,True,1,0.403,0.836,0.961,-0.226,9.594,9.555,0.305,3.326,0.599,3.333,0.551,0.136,0.065,0.215,2.96,5.81,158.94,3.00,0.63,-0.001,-0.539,0.068,1479,1578,1529,1505,10.00,10.06,9.84,9.89
1787304380.523,18.617,True,1,0.403,0.839,0.961,-0.210,9.610,9.571,0.305,3.326,0.599,3.333,0.553,0.136,0.065,0.215,2.96,5.81,158.94,3.00,0.64,-0.000,-0.538,0.068,1479,1577,1529,1505,10.00,10.06,19.84,19.89
1787304380.533,18.627,True,1,0.403,0.842,0.961,-0.194,9.627,9.588,0.306,3.326,0.599,3.333,0.554,0.136,0.065,0.215,2.96,5.81,158.94,3.01,0.64,0.000,-0.538,0.068,1520,1577,1529,1506,10.00,10.06,29.84,29.89
1787304380.543,18.638,True,1,0.447,0.845,0.968,-0.375,9.444,9.395,0.300,3.330,0.608,3.333,0.556,0.143,0.088,0.189,4.64,5.89,159.11,2.90,0.32,-0.186,-0.579,0.080,1459,1582,1531,1499,10.00,10.06,-0.30,-0.26
1787304380.553,18.647,True,1,0.447,0.848,0.968,-0.359,9.460,9.411,0.300,3.330,0.608,3.333,0.558,0.143,0.088,0.189,4.64,5.89,159.11,2.91,0.32,-0.185,-0.578,0.080,1459,1582,1531,1500,10.01,10.06,9.70,9.75
1787304380.563,18.658,True,1,0.469,0.851,0.992,-0.505,9.314,9.266,0.296,3.332,0.612,3.333,0.560,0.147,0.104,0.186,4.95,5.66,159.16,2.99,0.15,-0.208,-0.572,0.080,1457,1581,1531,1494,10.00,10.06,-0.12,-0.17
1787304380.573,18.667,True,1,0.469,0.854,0.992,-0.489,9.330,9.280,0.296,3.332,0.612,3.333,0.562,0.147,0.104,0.186,5.45,5.60,159.21,3.00,0.15,-0.259,-0.565,0.082,1451,1580,1531,1495,10.00,10.06,-0.06,9.83
1787304380.583,18.677,True,1,0.469,0.857,0.992,-0.473,9.346,9.296,0.297,3.332,0.612,3.333,0.563,0.147,0.104,0.186,5.45,5.60,159.21,3.01,0.16,-0.258,-0.565,0.082,1451,1580,1531,1495,10.00,10.06,9.94,19.83
1787304380.593,18.687,True,1,0.469,0.860,0.992,-0.458,9.362,9.312,0.297,3.332,0.612,3.333,0.565,0.147,0.104,0.186,5.45,5.60,159.21,3.02,0.16,-0.257,-0.564,0.082,1451,1580,1531,1496,10.00,10.06,19.94,29.83
1787304380.603,18.697,True,1,0.469,0.863,0.992,-0.442,9.378,9.328,0.298,3.332,0.612,3.333,0.566,0.147,0.104,0.186,5.45,5.60,159.21,3.02,0.17,-0.257,-0.564,0.082,1451,1580,1531,1496,10.00,10.06,29.94,39.83
1787304380.613,18.707,True,1,0.469,0.866,0.992,-0.426,9.394,9.344,0.298,3.332,0.612,3.333,0.568,0.147,0.104,0.186,5.45,5.60,159.21,3.03,0.17,-0.256,-0.563,0.082,1451,1580,1531,1497,10.00,10.06,39.94,49.83
1787304380.623,18.718,True,1,0.529,0.869,0.977,-0.605,9.211,9.158,0.292,3.338,0.622,3.333,0.570,0.156,0.121,0.130,6.22,4.73,159.35,2.59,-0.23,-0.382,-0.514,0.078,1438,1575,1530,1490,10.00,10.06,-0.30,-0.35
1787304380.633,18.727,True,1,0.529,0.872,0.977,-0.590,9.226,9.174,0.293,3.338,0.622,3.333,0.571,0.156,0.121,0.130,6.22,4.73,159.35,2.60,-0.22,-0.381,-0.514,0.078,1438,1575,1530,1491,10.00,10.06,9.70,9.65
1787304380.643,18.738,True,1,0.541,0.875,0.995,-0.676,9.141,9.100,0.290,3.339,0.623,3.333,0.573,0.157,0.124,0.147,6.38,3.98,159.38,2.82,-0.18,-0.374,-0.431,0.069,1439,1566,1529,1488,10.00,10.06,-0.18,-0.13
1787304380.653,18.747,True,1,0.541,0.878,0.995,-0.661,9.157,9.115,0.291,3.339,0.623,3.333,0.575,0.157,0.124,0.147,6.38,3.98,159.38,2.83,-0.18,-0.373,-0.430,0.069,1439,1566,1529,1488,10.00,10.06,9.82,9.87
1787304380.663,18.757,True,1,0.541,0.881,0.995,-0.646,9.172,9.131,0.291,3.339,0.623,3.334,0.576,0.157,0.124,0.147,6.38,3.98,159.38,2.84,-0.18,-0.372,-0.430,0.069,1439,1566,1529,1489,10.00,10.06,19.82,19.87
1787304380.673,18.767,True,1,0.541,0.884,0.995,-0.630,9.188,9.146,0.292,3.339,0.623,3.334,0.578,0.157,0.124,0.147,6.38,3.98,159.38,2.85,-0.17,-0.372,-0.429,0.069,1439,1566,1529,1490,10.00,10.06,29.82,29.87
1787304380.683,18.777,True,1,0.541,0.887,0.995,-0.615,9.203,9.162,0.292,3.339,0.623,3.334,0.580,0.157,0.124,0.147,6.38,3.98,159.38,2.85,-0.17,-0.371,-0.429,0.069,1439,1566,1529,1490,10.01,10.07,39.83,39.88
1787304380.693,18.787,True,1,0.541,0.890,0.995,-0.599,9.219,9.178,0.293,3.339,0.623,3.334,0.581,0.157,0.124,0.147,6.38,3.98,159.38,2.86,-0.16,-0.370,-0.429,0.069,1439,1566,1529,1491,10.00,10.06,49.82,49.87
1787304380.703,18.797,True,1,0.541,0.893,0.995,-0.584,9.234,9.193,0.293,3.339,0.623,3.334,0.582,0.157,0.124,0.147,6.38,3.98,159.38,2.87,-0.16,-0.369,-0.428,0.069,1439,1566,1529,1491,10.00,10.06,59.82,59.87
1787304380.713,18.807,True,1,0.541,0.896,0.995,-0.568,9.250,9.209,0.294,3.339,0.623,3.334,0.584,0.157,0.124,0.147,6.38,3.98,159.38,2.87,-0.16,-0.369,-0.428,0.069,1439,1566,1529,1492,10.00,10.06,69.82,69.87
1787304380.724,18.818,True,1,0.619,0.899,0.930,-0.668,9.146,9.132,0.291,3.344,0.635,3.335,0.585,0.168,0.120,0.078,5.18,0.59,159.42,2.18,-0.40,-0.315,-0.102,0.029,1445,1531,1523,1489,10.00,10.06,-0.62,-0.57
1787304380.733,18.827,True,1,0.619,0.902,0.930,-0.653,9.161,9.147,0.292,3.344,0.635,3.335,0.587,0.168,0.120,0.078,5.18,0.59,159.42,2.19,-0.39,-0.314,-0.101,0.029,1445,1531,1523,1490,10.00,10.06,9.38,9.43
1787304380.743,18.837,True,1,0.619,0.905,0.930,-0.638,9.175,9.162,0.292,3.344,0.635,3.335,0.589,0.168,0.120,0.078,5.18,0.59,159.42,2.20,-0.39,-0.313,-0.101,0.029,1445,1531,1523,1490,9.99,10.06,19.38,19.43
1787304380.753,18.847,True,1,0.619,0.908,0.930,-0.623,9.190,9.177,0.293,3.344,0.635,3.336,0.590,0.168,0.120,0.078,5.18,0.59,159.42,2.21,-0.39,-0.312,-0.101,0.029,1445,1531,1523,1491,10.00,10.06,29.38,29.43
1787304380.763,18.857,True,1,0.619,0.911,0.930,-0.608,9.205,9.192,0.293,3.344,0.635,3.336,0.592,0.168,0.120,0.078,5.18,0.59,159.42,2.22,-0.38,-0.311,-0.100,0.029,1445,1531,1523,1491,10.00,10.06,39.38,39.43
1787304380.773,18.867,True,1,0.619,0.914,0.930,-0.593,9.220,9.207,0.294,3.344,0.635,3.336,0.593,0.168,0.120,0.078,5.18,0.59,159.42,2.22,-0.38,-0.310,-0.100,0.028,1446,1531,1523,1492,10.00,10.06,49.38,49.43
1787304380.783,18.877,True,1,0.619,0.917,0.930,-0.578,9.235,9.222,0.294,3.344,0.635,3.336,0.595,0.168,0.120,0.078,5.18,0.59,159.42,2.23,-0.38,-0.309,-0.100,0.028,1446,1531,1523,1492,10.00,10.06,59.38,59.43
1787304380.794,18.888,True,1,0.687,0.920,0.878,-0.680,9.131,9.125,0.291,3.349,0.642,3.337,0.596,0.174,0.098,0.050,3.58,-1.59,159.49,1.89,-0.26,-0.176,0.140,0.007,1460,1464,1521,1489,10.00,10.06,-0.42,-0.47
1787304380.803,18.897,True,1,0.687,0.923,0.878,-0.666,9.146,9.139,0.292,3.349,0.642,3.337,0.598,0.174,0.098,0.050,3.58,-1.59,159.49,1.90,-0.26,-0.175,0.140,0.007,1460,1464,1521,1489,10.00,10.06,9.58,9.54
1787304380.813,18.908,True,1,0.695,0.926,0.873,-0.670,9.141,9.133,0.292,3.350,0.642,3.338,0.599,0.175,0.089,0.048,2.81,-2.37,159.58,1.85,-0.17,-0.100,0.230,0.001,1468,1454,1520,1489,10.00,10.06,-0.05,-0.11
1787304380.823,18.917,True,1,0.695,0.929,0.873,-0.656,9.156,9.148,0.292,3.350,0.642,3.338,0.601,0.175,0.089,0.048,2.81,-2.37,159.58,1.86,-0.17,-0.099,0.231,0.001,1469,1454,1520,1490,10.00,10.06,9.95,9.89
1787304380.833,18.927,True,1,0.695,0.932,0.873,-0.641,9.170,9.162,0.292,3.350,0.642,3.338,0.602,0.175,0.089,0.048,2.81,-2.37,159.58,1.87,-0.17,-0.098,0.231,0.001,1469,1454,1520,1490,10.00,10.06,19.95,19.89
1787304380.843,18.937,True,1,0.695,0.935,0.873,-0.627,9.185,9.177,0.293,3.350,0.642,3.339,0.603,0.175,0.089,0.048,2.81,-2.37,159.58,1.88,-0.17,-0.097,0.231,0.001,1469,1454,1520,1491,10.00,10.06,29.95,29.89
1787304380.853,18.948,True,1,0.728,0.938,0.862,-0.713,9.101,9.083,0.290,3.352,0.645,3.339,0.605,0.178,0.078,0.086,1.59,-3.38,159.73,2.28,0.10,0.072,0.365,-0.004,1528,1440,1479,1487,10.00,10.06,-0.27,-0.31
1787304380.863,18.957,True,1,0.748,0.941,0.822,-0.657,9.154,9.132,0.291,3.353,0.647,3.340,0.606,0.180,0.057,0.050,1.14,-3.71,159.81,1.81,0.18,0.070,0.407,-0.006,1527,1435,1479,1489,10.00,10.06,-0.05,-0.10
1787304380.873,18.967,True,1,0.748,0.944,0.822,-0.643,9.168,9.146,0.292,3.353,0.647,3.340,0.608,0.180,0.057,0.050,1.14,-3.71,159.81,1.82,0.18,0.071,0.407,-0.006,1527,1435,1479,1490,10.00,10.06,9.96,9.90
1787304380.883,18.977,True,1,0.748,0.947,0.822,-0.629,9.182,9.160,0.292,3.353,0.647,3.341,0.609,0.180,0.057,0.050,1.14,-3.71,159.81,1.83,0.18,0.072,0.407,-0.006,1528,1435,1479,1490,10.00,10.06,19.95,19.90
1787304380.893,18.988,True,1,0.768,0.950,0.820,-0.687,9.126,9.094,0.290,3.354,0.649,3.341,0.610,0.182,0.064,0.078,0.31,-4.18,159.96,2.19,0.21,0.196,0.460,-0.007,1541,1430,1479,1488,10.00,10.06,-0.17,-0.22
1787304380.903,18.997,True,1,0.768,0.953,0.820,-0.673,9.140,9.108,0.291,3.354,0.649,3.341,0.611,0.182,0.064,0.078,0.31,-4.18,159.96,2.19,0.21,0.197,0.460,-0.007,1541,1430,1479,1488,10.00,10.06,9.83,9.78
1787304380.913,19.007,True,1,0.768,0.956,0.820,-0.660,9.154,9.122,0.291,3.354,0.649,3.342,0.613,0.182,0.064,0.078,0.31,-4.18,159.96,2.20,0.22,0.198,0.460,-0.007,1541,1430,1479,1489,10.00,10.06,19.83,19.78
1787304380.923,19.017,True,1,0.768,0.959,0.820,-0.646,9.168,9.136,0.292,3.354,0.649,3.342,0.614,0.182,0.064,0.078,0.31,-4.18,159.96,2.21,0.22,0.198,0.461,-0.007,1541,1430,1479,1489,10.00,10.06,29.83,29.78
1787304380.933,19.027,True,1,0.768,0.962,0.820,-0.632,9.182,9.150,0.292,3.354,0.649,3.343,0.615,0.182,0.064,0.078,0.31,-4.18,159.96,2.22,0.22,0.199,0.461,-0.007,1541,1430,1479,1490,10.00,10.06,39.83,39.78
1787304380.943,19.037,True,1,0.768,0.965,0.820,-0.618,9.196,9.164,0.292,3.354,0.649,3.343,0.616,0.182,0.064,0.078,0.31,-4.18,159.96,2.23,0.22,0.200,0.461,-0.007,1542,1430,1479,1490,10.01,10.07,49.84,49.79
1787304380.953,19.047,True,1,0.768,0.968,0.820,-0.604,9.210,9.178,0.293,3.354,0.649,3.343,0.617,0.182,0.064,0.078,0.31,-4.18,159.96,2.23,0.22,0.201,0.461,-0.007,1542,1430,1479,1491,9.99,10.06,59.83,59.78
1787304380.963,19.057,True,1,0.768,0.971,0.820,-0.590,9.224,9.192,0.293,3.354,0.649,3.344,0.618,0.182,0.064,0.078,0.31,-4.18,159.96,2.24,0.22,0.201,0.461,-0.007,1542,1430,1479,1491,10.00,10.06,69.83,69.78
1787304380.974,19.068,True,1,0.836,0.974,0.779,-0.730,9.086,9.041,0.289,3.357,0.657,3.344,0.620,0.190,0.029,0.108,-0.98,-3.80,160.28,2.47,0.71,0.360,0.472,-0.010,1559,1428,1478,1486,10.00,10.06,-0.54,-0.59
1787304380.983,19.077,True,1,0.836,0.977,0.779,-0.716,9.099,9.055,0.289,3.357,0.657,3.345,0.621,0.190,0.029,0.108,-0.98,-3.80,160.28,2.48,0.71,0.361,0.472,-0.010,1559,1428,1478,1486,10.00,10.06,9.46,9.41
1787304380.993,19.087,True,1,0.836,0.980,0.779,-0.703,9.113,9.068,0.289,3.357,0.657,3.345,0.622,0.190,0.029,0.108,-0.98,-3.80,160.28,2.48,0.71,0.362,0.472,-0.010,1559,1428,1478,1487,10.00,10.06,19.46,19.41
1787304381.003,19.097,True,1,0.836,0.983,0.779,-0.690,9.126,9.081,0.290,3.357,0.657,3.345,0.623,0.190,0.029,0.108,-0.98,-3.80,160.28,2.49,0.71,0.363,0.472,-0.010,1559,1428,1478,1487,10.00,10.06,29.46,29.41
1787304381.013,19.107,True,1,0.836,0.986,0.779,-0.676,9.140,9.095,0.290,3.357,0.657,3.346,0.624,0.190,0.029,0.108,-0.98,-3.80,160.28,2.50,0.71,0.364,0.472,-0.010,1559,1428,1478,1488,10.00,10.06,39.46,39.41
1787304381.023,19.117,True,1,0.836,0.989,0.779,-0.662,9.154,9.108,0.291,3.357,0.657,3.346,0.626,0.190,0.029,0.108,-0.98,-3.80,160.28,2.51,0.71,0.364,0.472,-0.010,1559,1428,1478,1488,10.00,10.06,49.46,49.41
1787304381.033,19.127,True,1,0.836,0.992,0.779,-0.649,9.167,9.122,0.291,3.357,0.657,3.347,0.627,0.190,0.029,0.108,-0.98,-3.80,160.28,2.51,0.71,0.365,0.472,-0.010,1559,1428,1478,1489,10.00,10.06,59.46,59.41
1787304381.044,19.138,True,1,0.884,0.995,0.725,-0.663,9.154,9.132,0.291,3.358,0.665,3.347,0.628,0.197,0.017,0.120,-0.56,-1.52,160.50,2.61,0.87,0.331,0.250,-0.025,1556,1452,1476,1489,10.00,10.06,-0.57,-0.52
1787304381.053,19.147,True,1,0.884,0.998,0.725,-0.650,9.167,9.145,0.292,3.358,0.665,3.347,0.629,0.197,0.017,0.120,-0.56,-1.52,160.50,2.62,0.87,0.332,0.250,-0.025,1556,1452,1476,1490,10.00,10.06,9.43,9.48
1787304381.063,19.157,True,1,0.884,1.001,0.725,-0.637,9.181,9.158,0.292,3.358,0.665,3.348,0.630,0.197,0.017,0.120,-0.56,-1.52,160.50,2.62,0.87,0.332,0.250,-0.025,1556,1452,1476,1490,10.00,10.06,19.43,19.48
1787304381.073,19.167,True,1,0.884,1.004,0.725,-0.624,9.194,9.172,0.293,3.358,0.665,3.348,0.632,0.197,0.017,0.120,-0.56,-1.52,160.50,2.63,0.87,0.333,0.250,-0.025,1556,1452,1476,1491,10.00,10.06,29.43,29.48
1787304381.083,19.177,True,1,0.884,1.007,0.725,-0.610,9.207,9.185,0.293,3.358,0.665,3.348,0.633,0.197,0.017,0.120,-0.56,-1.52,160.50,2.64,0.87,0.334,0.250,-0.025,1556,1452,1476,1491,10.00,10.06,39.43,39.48
1787304381.093,19.188,True,1,0.921,1.010,0.703,-0.680,9.139,9.130,0.291,3.356,0.673,3.348,0.634,0.206,0.003,0.144,0.41,0.29,160.52,2.87,1.12,0.258,0.087,-0.029,1548,1470,1475,1489,10.00,10.06,-0.32,-0.27
1787304381.103,19.197,True,1,0.921,1.013,0.703,-0.668,9.152,9.143,0.292,3.356,0.673,3.349,0.635,0.206,0.003,0.144,0.41,0.29,160.52,2.88,1.12,0.259,0.087,-0.029,1548,1470,1475,1489,10.00,10.06,9.68,9.73
1787304381.113,19.207,True,1,0.921,1.016,0.703,-0.655,9.165,9.156,0.292,3.356,0.673,3.349,0.637,0.206,0.003,0.144,0.41,0.29,160.52,2.89,1.12,0.260,0.087,-0.029,1548,1470,1475,1490,10.00,10.06,19.68,19.73
1787304381.123,19.218,True,1,0.944,1.019,0.675,-0.647,9.172,9.166,0.293,3.355,0.678,3.349,0.638,0.211,0.008,0.141,0.76,1.00,160.51,2.88,1.05,0.223,0.005,-0.028,1544,1479,1476,1490,10.00,10.06,-0.21,-0.26
1787304381.133,19.227,True,1,0.944,1.022,0.675,-0.635,9.185,9.179,0.293,3.355,0.678,3.349,0.639,0.211,0.008,0.141,0.76,1.00,160.51,2.89,1.05,0.224,0.005,-0.028,1544,1479,1476,1491,10.00,10.06,9.80,9.75
1787304381.143,19.237,True,1,0.944,1.025,0.675,-0.622,9.198,9.192,0.293,3.355,0.678,3.350,0.641,0.211,0.008,0.141,0.76,1.00,160.51,2.90,1.06,0.225,0.005,-0.028,1544,1479,1476,1491,10.00,10.06,19.79,19.74
1787304381.153,19.247,True,1,0.944,1.028,0.675,-0.609,9.211,9.205,0.294,3.355,0.678,3.350,0.642,0.211,0.008,0.141,0.76,1.00,160.51,2.91,1.06,0.226,0.006,-0.028,1544,1479,1476,1492,10.00,10.06,29.79,29.74
1787304381.163,19.257,True,1,0.944,1.031,0.675,-0.596,9.224,9.218,0.294,3.355,0.678,3.350,0.643,0.211,0.008,0.141,0.76,1.00,160.51,2.91,1.06,0.226,0.006,-0.028,1544,1479,1476,1492,10.00,10.06,39.79,39.75
1787304381.173,19.267,True,1,0.944,1.034,0.675,-0.583,9.237,9.230,0.295,3.355,0.678,3.350,0.644,0.211,0.008,0.141,0.76,1.00,160.51,2.92,1.06,0.227,0.006,-0.028,1544,1479,1476,1493,10.00,10.06,49.80,49.75
1787304381.183,19.277,True,1,0.944,1.037,0.675,-0.570,9.250,9.243,0.295,3.355,0.678,3.350,0.645,0.211,0.008,0.141,0.76,1.00,160.51,2.93,1.06,0.228,0.006,-0.028,1545,1479,1476,1493,10.01,10.07,59.80,59.76
1787304381.194,19.288,True,1,0.994,1.040,0.617,-0.588,9.231,9.223,0.294,3.355,0.689,3.350,0.647,0.222,0.022,0.115,2.16,3.08,160.55,2.73,0.83,0.061,-0.237,-0.021,1526,1546,1477,1492,9.99,10.07,-0.49,-0.54
1787304381.203,19.297,True,1,0.994,1.043,0.617,-0.575,9.243,9.236,0.295,3.355,0.689,3.351,0.648,0.222,0.022,0.115,2.16,3.08,160.55,2.74,0.83,0.062,-0.237,-0.021,1526,1546,1477,1493,9.99,10.06,9.50,9.45
1787304381.213,19.307,True,1,0.994,1.046,0.617,-0.563,9.256,9.248,0.295,3.355,0.689,3.351,0.650,0.222,0.022,0.115,2.16,3.08,160.55,2.75,0.83,0.063,-0.237,-0.021,1526,1546,1477,1493,10.00,10.06,19.50,19.46
1787304381.223,19.318,True,1,1.000,1.049,0.616,-0.571,9.248,9.234,0.295,3.355,0.690,3.351,0.651,0.223,0.027,0.118,2.86,3.86,160.59,2.81,0.79,-0.004,-0.323,-0.016,1479,1555,1477,1493,10.00,10.06,-0.18,-0.13
1787304381.233,19.327,True,1,1.000,1.052,0.616,-0.558,9.260,9.247,0.295,3.355,0.690,3.351,0.652,0.223,0.027,0.118,2.86,3.86,160.59,2.82,0.79,-0.003,-0.323,-0.016,1479,1555,1477,1493,10.00,10.06,9.83,9.88
1787304381.243,19.337,True,1,1.000,1.055,0.616,-0.546,9.273,9.260,0.296,3.355,0.690,3.351,0.654,0.223,0.027,0.118,2.86,3.86,160.59,2.83,0.79,-0.002,-0.323,-0.016,1479,1555,1477,1494,10.00,10.06,19.82,19.87
1787304381.253,19.347,True,1,1.000,1.058,0.616,-0.533,9.286,9.272,0.296,3.355,0.690,3.351,0.655,0.223,0.027,0.118,2.86,3.86,160.59,2.83,0.80,-0.001,-0.323,-0.016,1479,1555,1477,1494,10.00,10.06,29.82,29.88
1787304381.263,19.357,True,1,1.000,1.061,0.616,-0.521,9.298,9.285,0.296,3.355,0.690,3.351,0.656,0.223,0.027,0.118,2.86,3.86,160.59,2.84,0.80,-0.001,-0.322,-0.016,1479,1555,1477,1495,10.00,10.06,39.82,39.88
1787304381.273,19.367,True,1,1.000,1.064,0.616,-0.508,9.311,9.298,0.297,3.355,0.690,3.352,0.657,0.223,0.027,0.118,2.86,3.86,160.59,2.85,0.80,0.000,-0.322,-0.016,1520,1555,1477,1495,10.00,10.06,49.83,49.88
1787304381.284,19.378,True,1,1.043,1.067,0.605,-0.632,9.186,9.165,0.293,3.358,0.698,3.352,0.658,0.231,0.048,0.107,3.43,4.36,160.64,2.86,0.54,-0.057,-0.402,-0.010,1473,1563,1478,1490,10.00,10.06,-0.41,-0.46
1787304381.293,19.387,True,1,1.043,1.070,0.605,-0.620,9.198,9.178,0.293,3.358,0.698,3.352,0.660,0.231,0.048,0.107,3.43,4.36,160.64,2.87,0.54,-0.056,-0.401,-0.010,1473,1563,1478,1491,10.00,10.06,9.59,9.54
1787304381.303,19.398,True,1,1.051,1.073,0.586,-0.585,9.233,9.211,0.294,3.358,0.700,3.352,0.661,0.232,0.053,0.102,3.61,4.30,160.65,2.84,0.47,-0.078,-0.402,-0.009,1471,1563,1478,1492,10.00,10.06,-0.17,-0.12
1787304381.313,19.407,True,1,1.051,1.076,0.586,-0.573,9.245,9.224,0.294,3.358,0.700,3.352,0.662,0.232,0.053,0.102,3.61,4.30,160.65,2.85,0.48,-0.078,-0.402,-0.009,1471,1563,1478,1493,10.00,10.06,9.83,9.88
1787304381.323,19.417,True,1,1.051,1.079,0.586,-0.561,9.258,9.236,0.295,3.358,0.700,3.353,0.664,0.232,0.053,0.102,3.61,4.30,160.65,2.85,0.48,-0.077,-0.402,-0.009,1471,1563,1478,1493,10.00,10.06,19.83,19.88
1787304381.333,19.427,True,1,1.051,1.082,0.586,-0.549,9.270,9.249,0.295,3.358,0.700,3.353,0.665,0.232,0.053,0.102,3.61,4.30,160.65,2.86,0.48,-0.076,-0.402,-0.009,1471,1563,1478,1493,10.00,10.06,29.83,29.88
1787304381.343,19.437,True,1,1.051,1.085,0.586,-0.536,9.282,9.261,0.296,3.358,0.700,3.353,0.666,0.232,0.053,0.102,3.61,4.30,160.65,2.87,0.48,-0.075,-0.401,-0.009,1471,1563,1478,1494,10.00,10.06,39.83,39.88
1787304381.353,19.447,True,1,1.051,1.088,0.586,-0.524,9.295,9.273,0.296,3.358,0.700,3.353,0.667,0.232,0.053,0.102,3.61,4.30,160.65,2.88,0.48,-0.075,-0.401,-0.009,1471,1563,1478,1494,10.00,10.06,49.84,49.89
1787304381.364,19.458,True,1,1.095,1.091,0.557,-0.599,9.217,9.197,0.294,3.362,0.706,3.353,0.668,0.238,0.063,0.068,4.04,3.75,160.69,2.58,0.25,-0.151,-0.368,-0.010,1463,1560,1478,1491,10.00,10.06,-0.40,-0.45
1787304381.373,19.467,True,1,1.095,1.094,0.557,-0.587,9.229,9.209,0.294,3.362,0.706,3.354,0.670,0.238,0.063,0.068,4.04,3.75,160.69,2.59,0.25,-0.150,-0.368,-0.010,1463,1560,1478,1492,10.00,10.06,9.59,9.54
1787304381.383,19.477,True,1,1.095,1.097,0.557,-0.575,9.241,9.221,0.294,3.362,0.706,3.354,0.671,0.238,0.063,0.068,4.04,3.75,160.69,2.60,0.25,-0.149,-0.368,-0.010,1463,1560,1478,1492,10.00,10.06,19.59,19.55
1787304381.393,19.487,True,1,1.095,1.100,0.557,-0.563,9.253,9.233,0.295,3.362,0.706,3.354,0.672,0.238,0.063,0.068,4.04,3.75,160.69,2.61,0.25,-0.148,-0.368,-0.010,1463,1560,1478,1493,10.00,10.06,29.60,29.55
1787304381.403,19.497,True,1,1.095,1.103,0.557,-0.551,9.266,9.246,0.295,3.362,0.706,3.355,0.673,0.238,0.063,0.068,4.04,3.75,160.69,2.61,0.25,-0.147,-0.368,-0.010,1463,1560,1478,1493,10.00,10.06,39.60,39.55
1787304381.413,19.507,True,1,1.095,1.106,0.557,-0.539,9.278,9.258,0.295,3.362,0.706,3.355,0.674,0.238,0.063,0.068,4.04,3.75,160.69,2.62,0.26,-0.147,-0.367,-0.010,1463,1560,1478,1494,10.00,10.06,49.60,49.55
1787304381.423,19.517,True,1,1.095,1.109,0.557,-0.527,9.290,9.270,0.296,3.362,0.706,3.355,0.675,0.238,0.063,0.068,4.04,3.75,160.69,2.63,0.26,-0.146,-0.367,-0.010,1463,1559,1478,1494,10.00,10.06,59.59,59.55
1787304381.433,19.527,True,1,1.095,1.112,0.557,-0.514,9.302,9.282,0.296,3.362,0.706,3.355,0.676,0.238,0.063,0.068,4.04,3.75,160.69,2.63,0.26,-0.145,-0.367,-0.010,1463,1559,1478,1495,10.00,10.06,69.59,69.54
1787304381.443,19.537,True,1,1.095,1.115,0.557,-0.502,9.314,9.294,0.297,3.362,0.706,3.356,0.677,0.238,0.063,0.068,4.04,3.75,160.69,2.64,0.26,-0.144,-0.367,-0.010,1463,1559,1478,1495,10.00,10.06,79.60,79.55
1787304381.454,19.548,True,1,1.142,1.118,0.511,-0.539,9.276,9.271,0.296,3.368,0.710,3.356,0.678,0.243,0.076,0.042,3.63,1.52,160.69,2.44,0.04,-0.123,-0.157,-0.026,1466,1537,1476,1494,10.00,10.06,-0.56,-0.61
1787304381.463,19.557,True,1,1.142,1.121,0.511,-0.527,9.288,9.283,0.296,3.368,0.710,3.356,0.679,0.243,0.076,0.042,3.63,1.52,160.69,2.45,0.04,-0.122,-0.157,-0.026,1466,1537,1476,1495,10.00,10.06,9.44,9.39
1787304381.473,19.567,True,1,1.142,1.124,0.511,-0.515,9.300,9.295,0.297,3.368,0.710,3.357,0.680,0.243,0.076,0.042,3.63,1.52,160.69,2.46,0.04,-0.121,-0.157,-0.026,1466,1537,1476,1495,10.00,10.06,19.44,19.39
1787304381.483,19.577,True,1,1.142,1.127,0.511,-0.503,9.312,9.307,0.297,3.368,0.710,3.357,0.681,0.243,0.076,0.042,3.63,1.52,160.69,2.47,0.04,-0.121,-0.157,-0.026,1466,1537,1476,1496,10.00,10.06,29.44,29.39
1787304381.493,19.587,True,1,1.142,1.130,0.511,-0.491,9.324,9.319,0.297,3.368,0.710,3.358,0.682,0.243,0.076,0.042,3.63,1.52,160.69,2.47,0.04,-0.120,-0.157,-0.026,1466,1537,1476,1496,10.00,10.06,39.44,39.39
1787304381.503,19.597,True,1,1.142,1.133,0.511,-0.479,9.336,9.331,0.298,3.368,0.710,3.358,0.683,0.243,0.076,0.042,3.63,1.52,160.69,2.48,0.04,-0.119,-0.157,-0.026,1466,1537,1476,1497,10.00,10.06,49.44,49.39
1787304381.513,19.607,True,1,1.142,1.136,0.511,-0.467,9.348,9.343,0.298,3.368,0.710,3.358,0.684,0.243,0.076,0.042,3.63,1.52,160.69,2.49,0.04,-0.119,-0.157,-0.026,1466,1537,1476,1497,10.00,10.06,59.44,59.39
1787304381.523,19.617,True,1,1.142,1.139,0.511,-0.455,9.360,9.355,0.299,3.368,0.710,3.359,0.685,0.243,0.076,0.042,3.63,1.52,160.69,2.49,0.04,-0.118,-0.156,-0.026,1466,1537,1476,1497,10.00,10.06,69.44,69.39
1787304381.534,19.628,True,1,1.181,1.142,0.458,-0.442,9.374,9.373,0.299,3.376,0.712,3.359,0.686,0.245,0.072,0.043,2.78,-0.61,160.76,2.49,0.09,-0.031,0.071,-0.043,1476,1472,1474,1498,10.00,10.06,-0.56,-0.61
1787304381.543,19.637,True,1,1.181,1.145,0.458,-0.430,9.385,9.385,0.300,3.376,0.712,3.360,0.687,0.245,0.072,0.043,2.78,-0.61,160.76,2.50,0.08,-0.030,0.071,-0.043,1476,1472,1474,1499,10.00,10.06,9.44,9.40
1787304381.553,19.647,True,1,1.181,1.148,0.458,-0.419,9.397,9.396,0.300,3.376,0.712,3.360,0.688,0.245,0.072,0.043,2.78,-0.61,160.76,2.50,0.08,-0.029,0.071,-0.043,1476,1472,1474,1499,10.00,10.06,19.44,19.39
1787304381.563,19.657,True,1,1.181,1.151,0.458,-0.407,9.409,9.408,0.300,3.376,0.712,3.361,0.689,0.245,0.072,0.043,2.78,-0.61,160.76,2.51,0.08,-0.029,0.071,-0.043,1476,1472,1474,1499,10.00,10.06,29.45,29.40
1787304381.573,19.667,True,1,1.181,1.154,0.458,-0.395,9.421,9.420,0.301,3.376,0.712,3.361,0.689,0.245,0.072,0.043,2.78,-0.61,160.76,2.52,0.08,-0.028,0.071,-0.043,1476,1472,1474,1500,10.00,10.06,39.44,39.39
1787304381.583,19.677,True,1,1.181,1.157,0.458,-0.383,9.432,9.432,0.301,3.376,0.712,3.362,0.690,0.245,0.072,0.043,2.78,-0.61,160.76,2.52,0.08,-0.027,0.071,-0.043,1476,1472,1474,1500,10.00,10.06,49.44,49.39
1787304381.593,19.687,True,1,1.181,1.160,0.458,-0.372,9.444,9.443,0.301,3.376,0.712,3.362,0.691,0.245,0.072,0.043,2.78,-0.61,160.76,2.53,0.08,-0.027,0.071,-0.043,1477,1472,1474,1501,10.00,10.06,59.44,59.39
1787304381.603,19.697,True,1,1.181,1.163,0.458,-0.360,9.456,9.455,0.302,3.376,0.712,3.363,0.692,0.245,0.072,0.043,2.78,-0.61,160.76,2.53,0.08,-0.026,0.071,-0.043,1477,1472,1474,1501,10.00,10.06,69.44,69.40
1787304381.614,19.708,True,1,1.223,1.166,0.413,-0.383,9.431,9.423,0.301,3.383,0.712,3.363,0.692,0.245,0.052,0.029,1.81,-2.07,160.85,2.33,0.22,0.053,0.238,-0.051,1525,1453,1472,1500,10.00,10.06,-0.56,-0.51
1787304381.623,19.717,True,1,1.223,1.169,0.413,-0.372,9.443,9.435,0.301,3.383,0.712,3.364,0.693,0.245,0.052,0.029,1.81,-2.07,160.85,2.34,0.22,0.054,0.238,-0.051,1525,1453,1472,1500,10.00,10.06,9.44,9.48
1787304381.633,19.727,True,1,1.223,1.172,0.413,-0.360,9.454,9.446,0.302,3.383,0.712,3.365,0.694,0.245,0.052,0.029,1.81,-2.07,160.85,2.34,0.22,0.054,0.238,-0.051,1526,1453,1472,1501,10.00,10.06,19.44,19.49
1787304381.643,19.737,True,1,1.223,1.175,0.413,-0.349,9.466,9.458,0.302,3.383,0.712,3.365,0.694,0.245,0.052,0.029,1.81,-2.07,160.85,2.35,0.22,0.055,0.238,-0.051,1526,1453,1472,1501,10.00,10.06,29.44,29.48
1787304381.653,19.747,True,1,1.223,1.178,0.413,-0.337,9.477,9.470,0.302,3.383,0.712,3.366,0.695,0.245,0.052,0.029,1.81,-2.07,160.85,2.35,0.21,0.056,0.237,-0.051,1526,1453,1472,1502,10.00,10.06,39.44,39.49
1787304381.663,19.757,True,1,1.223,1.181,0.413,-0.326,9.489,9.481,0.303,3.383,0.712,3.366,0.695,0.245,0.052,0.029,1.81,-2.07,160.85,2.36,0.21,0.056,0.237,-0.051,1526,1453,1472,1502,10.00,10.06,49.44,49.49
1787304381.673,19.768,True,1,1.252,1.184,0.371,-0.306,9.508,9.493,0.303,3.384,0.714,3.367,0.696,0.248,0.014,0.022,1.38,-2.55,160.93,2.16,0.58,0.079,0.326,-0.054,1528,1444,1472,1503,10.00,10.06,-0.42,-0.37
1787304381.683,19.777,True,1,1.252,1.187,0.371,-0.294,9.519,9.504,0.303,3.384,0.714,3.368,0.697,0.248,0.014,0.022,1.38,-2.55,160.93,2.16,0.58,0.079,0.326,-0.054,1528,1444,1472,1503,10.01,10.07,9.59,9.64
1787304381.693,19.788,True,1,1.262,1.190,0.368,-0.312,9.504,9.487,0.303,3.384,0.715,3.368,0.697,0.249,0.014,0.057,1.29,-2.59,160.94,2.54,0.69,0.129,0.342,-0.054,1534,1442,1472,1502,10.00,10.06,-0.13,-0.18
1787304381.703,19.797,True,1,1.262,1.193,0.368,-0.301,9.516,9.498,0.303,3.384,0.715,3.369,0.698,0.249,0.014,0.057,1.29,-2.59,160.94,2.54,0.69,0.129,0.342,-0.054,1534,1442,1472,1503,10.00,10.07,9.87,9.82
1787304381.713,19.808,True,1,1.271,1.196,0.341,-0.243,9.572,9.555,0.305,3.384,0.717,3.369,0.698,0.250,0.006,0.041,1.15,-2.47,160.93,2.34,0.72,0.123,0.333,-0.053,1533,1443,1472,1505,10.00,10.06,-0.17,-0.12
1787304381.723,19.817,True,1,1.271,1.199,0.341,-0.232,9.583,9.566,0.305,3.384,0.717,3.370,0.699,0.250,0.006,0.041,1.15,-2.47,160.93,2.35,0.72,0.124,0.333,-0.053,1533,1443,1472,1505,10.00,10.06,9.83,9.88
1787304381.733,19.827,True,1,1.271,1.202,0.341,-0.221,9.595,9.578,0.306,3.384,0.717,3.370,0.700,0.250,0.006,0.041,1.15,-2.47,160.93,2.35,0.71,0.124,0.333,-0.053,1533,1443,1472,1506,10.00,10.06,19.84,19.88
1787304381.743,19.837,True,1,1.271,1.205,0.341,-0.209,9.606,9.589,0.306,3.384,0.717,3.371,0.700,0.250,0.006,0.041,1.15,-2.47,160.93,2.36,0.71,0.125,0.332,-0.053,1533,1443,1472,1506,10.00,10.06,29.83,29.88
1787304381.753,19.847,True,1,1.271,1.208,0.341,-0.198,9.617,9.600,0.306,3.384,0.717,3.371,0.701,0.250,0.006,0.041,1.15,-2.47,160.93,2.36,0.71,0.125,0.332,-0.053,1533,1443,1472,1506,10.00,10.06,39.83,39.88
1787304381.763,19.857,True,1,1.271,1.211,0.341,-0.187,9.629,9.612,0.307,3.384,0.717,3.371,0.701,0.250,0.006,0.041,1.15,-2.47,160.93,2.37,0.71,0.126,0.332,-0.053,1533,1443,1472,1507,10.00,10.06,49.83,49.88
1787304381.773,19.867,True,1,1.271,1.214,0.341,-0.175,9.640,9.623,0.307,3.384,0.717,3.372,0.702,0.250,0.006,0.041,1.15,-2.47,160.93,2.37,0.71,0.126,0.332,-0.053,1533,1443,1472,1507,10.00,10.06,59.83,59.88
1787304381.784,19.878,True,1,1.296,1.217,0.298,-0.135,9.681,9.665,0.308,3.383,0.721,3.372,0.702,0.254,-0.030,0.044,1.39,-2.07,160.85,2.27,1.07,0.091,0.328,-0.051,1530,1444,1472,1509,10.00,10.06,-0.40,-0.45
1787304381.793,19.887,True,1,1.296,1.220,0.298,-0.124,9.692,9.677,0.309,3.383,0.721,3.373,0.703,0.254,-0.030,0.044,1.39,-2.07,160.85,2.28,1.07,0.091,0.328,-0.051,1530,1444,1472,1509,10.00,10.06,9.60,9.55
1787304381.803,19.897,True,1,1.296,1.223,0.298,-0.112,9.704,9.688,0.309,3.383,0.721,3.373,0.704,0.254,-0.030,0.044,1.39,-2.07,160.85,2.28,1.07,0.092,0.328,-0.051,1530,1444,1472,1510,10.00,10.06,19.60,19.55
1787304381.813,19.907,True,1,1.296,1.226,0.298,-0.101,9.715,9.699,0.310,3.383,0.721,3.373,0.704,0.254,-0.030,0.044,1.39,-2.07,160.85,2.29,1.07,0.092,0.327,-0.051,1530,1444,1472,1510,10.00,10.06,29.60,29.55
1787304381.823,19.917,True,1,1.296,1.229,0.298,-0.090,9.726,9.711,0.310,3.383,0.721,3.374,0.705,0.254,-0.030,0.044,1.39,-2.07,160.85,2.29,1.07,0.093,0.327,-0.051,1530,1444,1472,1511,10.00,10.06,39.60,39.55
1787304381.833,19.927,True,1,1.296,1.232,0.298,-0.078,9.738,9.722,0.310,3.383,0.721,3.374,0.705,0.254,-0.030,0.044,1.39,-2.07,160.85,2.30,1.07,0.093,0.327,-0.051,1530,1444,1472,1511,10.00,10.06,49.60,49.55
1787304381.843,19.937,True,1,1.296,1.235,0.298,-0.067,9.749,9.733,0.311,3.383,0.721,3.374,0.706,0.254,-0.030,0.044,1.39,-2.07,160.85,2.30,1.06,0.094,0.327,-0.051,1530,1444,1472,1511,10.00,10.06,59.60,59.55
1787304381.854,19.948,True,1,1.326,1.238,0.259,-0.059,9.760,9.751,0.311,3.381,0.725,3.374,0.706,0.259,-0.056,0.073,1.99,-0.97,160.62,2.50,1.44,0.053,0.252,-0.042,1525,1452,1474,1512,10.00,10.06,-0.54,-0.59
1787304381.863,19.957,True,1,1.326,1.241,0.259,-0.048,9.771,9.762,0.312,3.381,0.725,3.375,0.707,0.259,-0.056,0.073,1.99,-0.97,160.62,2.50,1.44,0.053,0.252,-0.042,1525,1452,1474,1512,10.00,10.06,9.46,9.41
1787304381.873,19.967,True,1,1.326,1.244,0.259,-0.037,9.782,9.773,0.312,3.381,0.725,3.375,0.708,0.259,-0.056,0.073,1.99,-0.97,160.62,2.51,1.44,0.053,0.252,-0.042,1525,1452,1474,1513,10.00,10.06,19.46,19.41
1787304381.883,19.977,True,1,1.326,1.247,0.259,-0.026,9.793,9.784,0.312,3.381,0.725,3.375,0.708,0.259,-0.056,0.073,1.99,-0.97,160.62,2.51,1.44,0.054,0.252,-0.042,1525,1452,1474,1513,10.00,10.06,29.46,29.41
1787304381.893,19.987,True,1,1.326,1.250,0.259,-0.015,9.805,9.796,0.313,3.381,0.725,3.375,0.709,0.259,-0.056,0.073,1.99,-0.97,160.62,2.52,1.44,0.054,0.252,-0.042,1526,1452,1474,1514,10.00,10.06,39.46,39.41
1787304381.903,19.997,True,1,1.326,1.253,0.259,-0.003,9.816,9.807,0.313,3.381,0.725,3.375,0.709,0.259,-0.056,0.073,1.99,-0.97,160.62,2.52,1.44,0.055,0.251,-0.042,1526,1452,1474,1514,10.00,10.06,49.46,49.41
1787304381.913,20.007,True,1,1.326,1.256,0.259,0.008,9.827,9.818,0.313,3.381,0.725,3.376,0.710,0.259,-0.056,0.073,1.99,-0.97,160.62,2.52,1.44,0.055,0.251,-0.042,1526,1452,1474,1514,10.00,10.06,59.46,59.41
1787304381.923,20.017,True,1,1.326,1.259,0.259,0.019,9.839,9.830,0.314,3.381,0.725,3.376,0.710,0.259,-0.056,0.073,1.99,-0.97,160.62,2.53,1.44,0.055,0.251,-0.042,1526,1452,1474,1515,10.00,10.06,69.46,69.41
1787304381.933,20.027,True,1,1.326,1.262,0.259,0.031,9.850,9.841,0.314,3.381,0.725,3.376,0.711,0.259,-0.056,0.073,1.99,-0.97,160.62,2.53,1.44,0.056,0.251,-0.042,1526,1452,1474,1515,10.00,10.06,79.46,79.41
1787304381.944,20.038,True,1,1.353,1.265,0.246,-0.027,9.794,9.790,0.312,3.376,0.730,3.376,0.712,0.263,-0.103,0.076,2.80,0.42,160.16,2.40,1.94,-0.042,0.159,-0.021,1475,1462,1477,1513,10.00,10.06,-0.56,-0.61
1787304381.953,20.047,True,1,1.353,1.268,0.246,-0.016,9.805,9.803,0.313,3.376,0.730,3.376,0.712,0.263,-0.103,0.076,3.03,0.76,160.00,2.40,1.95,-0.066,0.124,-0.013,1472,1466,1478,1514,10.00,10.06,-0.07,9.39
1787304381.963,20.057,True,1,1.353,1.271,0.246,-0.004,9.816,9.814,0.313,3.376,0.730,3.376,0.713,0.263,-0.103,0.076,3.03,0.76,160.00,2.40,1.95,-0.066,0.124,-0.013,1472,1466,1478,1514,10.00,10.06,9.93,19.39
1787304381.973,20.067,True,1,1.353,1.274,0.246,0.007,9.828,9.825,0.314,3.376,0.730,3.376,0.713,0.263,-0.103,0.076,3.03,0.76,160.00,2.41,1.95,-0.065,0.124,-0.013,1472,1466,1478,1515,10.00,10.06,19.93,29.39
1787304381.983,20.077,True,1,1.353,1.277,0.246,0.018,9.839,9.836,0.314,3.376,0.730,3.376,0.714,0.263,-0.103,0.076,3.03,0.76,160.00,2.41,1.95,-0.065,0.124,-0.013,1472,1466,1478,1515,10.00,10.06,29.93,39.39
1787304381.993,20.087,True,1,1.353,1.280,0.246,0.029,9.850,9.848,0.314,3.376,0.730,3.376,0.714,0.263,-0.103,0.076,3.03,0.76,160.00,2.42,1.95,-0.065,0.124,-0.013,1472,1466,1478,1515,10.00,10.06,39.93,49.39
1787304382.003,20.097,True,1,1.353,1.283,0.246,0.041,9.862,9.859,0.315,3.376,0.730,3.376,0.715,0.263,-0.103,0.076,3.03,0.76,160.00,2.42,1.95,-0.064,0.124,-0.013,1472,1466,1478,1516,10.00,10.06,49.93,59.39
1787304382.014,20.108,True,1,1.375,1.286,0.206,0.085,9.907,9.904,0.316,3.369,0.735,3.376,0.716,0.267,-0.114,0.080,3.61,1.73,159.47,2.39,2.09,-0.128,0.038,0.015,1465,1475,1522,1518,10.00,10.06,-0.50,-0.45
1787304382.023,20.117,True,1,1.375,1.289,0.206,0.096,9.918,9.915,0.316,3.369,0.735,3.375,0.716,0.267,-0.114,0.080,3.61,1.73,159.47,2.40,2.09,-0.128,0.039,0.015,1465,1475,1522,1518,10.00,10.06,9.51,9.55
1787304382.033,20.127,True,1,1.375,1.292,0.206,0.107,9.929,9.927,0.317,3.369,0.735,3.375,0.717,0.267,-0.114,0.080,3.61,1.73,159.47,2.40,2.09,-0.127,0.039,0.015,1465,1475,1522,1518,10.00,10.06,19.50,19.55
1787304382.043,20.138,True,1,1.385,1.295,0.216,0.045,9.866,9.864,0.315,3.365,0.737,3.375,0.717,0.270,-0.133,0.070,3.60,1.99,159.28,2.24,2.26,-0.143,0.030,0.023,1464,1476,1523,1516,10.00,10.06,-0.12,-0.17
1787304382.053,20.147,True,1,1.385,1.298,0.216,0.056,9.878,9.875,0.315,3.365,0.737,3.375,0.718,0.270,-0.133,0.070,3.60,1.99,159.28,2.25,2.26,-0.143,0.030,0.023,1464,1476,1523,1516,10.00,10.06,9.88,9.83
1787304382.063,20.157,True,1,1.385,1.301,0.216,0.067,9.889,9.886,0.316,3.365,0.737,3.374,0.719,0.270,-0.133,0.070,3.60,1.99,159.28,2.25,2.26,-0.143,0.030,0.023,1464,1476,1523,1517,10.00,10.06,19.88,19.83
1787304382.073,20.167,True,1,1.385,1.304,0.216,0.078,9.900,9.897,0.316,3.365,0.737,3.374,0.719,0.270,-0.133,0.070,3.60,1.99,159.28,2.25,2.27,-0.142,0.030,0.023,1464,1476,1523,1517,10.00,10.06,29.88,29.83
1787304382.083,20.177,True,1,1.385,1.307,0.216,0.089,9.911,9.909,0.316,3.365,0.737,3.374,0.720,0.270,-0.133,0.070,3.60,1.99,159.28,2.26,2.27,-0.142,0.030,0.023,1464,1476,1523,1518,10.00,10.06,39.88,39.83
1787304382.093,20.187,True,1,1.385,1.310,0.216,0.100,9.923,9.920,0.317,3.365,0.737,3.373,0.721,0.270,-0.133,0.070,3.60,1.99,159.28,2.26,2.27,-0.142,0.031,0.023,1464,1476,1523,1518,10.00,10.06,49.88,49.83
1787304382.104,20.198,True,1,1.404,1.313,0.224,0.014,9.837,9.836,0.314,3.358,0.742,3.373,0.721,0.274,-0.121,0.083,3.38,2.77,158.82,2.45,2.25,-0.100,-0.051,0.049,1468,1525,1526,1515,10.00,10.06,-0.45,-0.40
1787304382.113,20.207,True,1,1.404,1.316,0.224,0.025,9.848,9.847,0.314,3.358,0.742,3.372,0.722,0.274,-0.121,0.083,3.38,2.77,158.82,2.45,2.25,-0.100,-0.051,0.049,1468,1525,1526,1515,10.00,10.06,9.55,9.60
1787304382.123,20.217,True,1,1.404,1.319,0.224,0.036,9.860,9.858,0.315,3.358,0.742,3.372,0.723,0.274,-0.121,0.083,3.38,2.77,158.82,2.45,2.26,-0.100,-0.050,0.049,1468,1525,1526,1516,10.00,10.06,19.55,19.60
1787304382.133,20.227,True,1,1.404,1.322,0.224,0.048,9.871,9.869,0.315,3.358,0.742,3.372,0.723,0.274,-0.121,0.083,3.38,2.77,158.82,2.46,2.26,-0.099,-0.050,0.049,1468,1525,1526,1516,10.00,10.06,29.55,29.60
1787304382.143,20.237,True,1,1.404,1.325,0.224,0.059,9.882,9.881,0.315,3.358,0.742,3.371,0.724,0.274,-0.121,0.083,3.38,2.77,158.82,2.46,2.26,-0.099,-0.050,0.049,1468,1525,1526,1517,10.00,10.06,39.55,39.60
1787304382.153,20.247,True,1,1.404,1.328,0.224,0.070,9.894,9.892,0.316,3.358,0.742,3.371,0.724,0.274,-0.121,0.083,3.38,2.77,158.82,2.46,2.27,-0.099,-0.049,0.049,1469,1525,1526,1517,10.00,10.06,49.55,49.60
1787304382.163,20.257,True,1,1.404,1.331,0.224,0.081,9.905,9.903,0.316,3.358,0.742,3.370,0.725,0.274,-0.121,0.083,3.38,2.77,158.82,2.46,2.27,-0.099,-0.049,0.049,1469,1525,1526,1517,10.00,10.06,59.56,59.60
1787304382.173,20.267,True,1,1.404,1.334,0.224,0.093,9.916,9.915,0.316,3.358,0.742,3.370,0.726,0.274,-0.121,0.083,3.38,2.77,158.82,2.47,2.27,-0.098,-0.049,0.049,1469,1525,1526,1518,10.00,10.06,69.55,69.60
1787304382.184,20.278,True,1,1.436,1.337,0.204,0.033,9.855,9.853,0.314,3.347,0.748,3.369,0.726,0.281,-0.132,0.059,2.84,3.37,158.21,2.18,2.33,-0.073,-0.106,0.077,1471,1531,1530,1516,10.01,10.07,-0.56,-0.61
1787304382.193,20.287,True,1,1.436,1.340,0.204,0.044,9.866,9.864,0.315,3.347,0.748,3.368,0.727,0.281,-0.132,0.059,2.84,3.37,158.21,2.19,2.33,-0.073,-0.105,0.077,1471,1531,1530,1516,10.00,10.07,9.44,9.39
1787304382.203,20.297,True,1,1.436,1.343,0.204,0.056,9.878,9.875,0.315,3.347,0.748,3.368,0.728,0.281,-0.132,0.059,2.84,3.37,158.21,2.19,2.34,-0.072,-0.105,0.077,1471,1531,1530,1516,9.99,10.06,19.43,19.38
1787304382.213,20.308,True,1,1.449,1.346,0.202,0.021,9.841,9.839,0.314,3.343,0.750,3.367,0.729,0.283,-0.122,0.047,2.64,3.26,158.15,2.12,2.22,-0.058,-0.105,0.079,1473,1531,1531,1515,10.00,10.06,-0.18,-0.23
1787304382.223,20.317,True,1,1.449,1.349,0.202,0.032,9.853,9.851,0.314,3.343,0.750,3.366,0.729,0.283,-0.122,0.047,2.64,3.26,158.15,2.13,2.22,-0.058,-0.105,0.079,1473,1531,1531,1516,10.00,10.06,9.82,9.77
1787304382.233,20.327,True,1,1.449,1.352,0.202,0.043,9.864,9.862,0.315,3.343,0.750,3.365,0.730,0.283,-0.122,0.047,2.64,3.26,158.15,2.13,2.23,-0.058,-0.104,0.079,1473,1531,1531,1516,10.00,10.06,19.82,19.77
1787304382.243,20.337,True,1,1.449,1.355,0.202,0.054,9.875,9.873,0.315,3.343,0.750,3.364,0.731,0.283,-0.122,0.047,2.64,3.26,158.15,2.13,2.23,-0.057,-0.104,0.079,1473,1531,1531,1516,10.00,10.06,29.82,29.77
1787304382.253,20.348,True,1,1.462,1.358,0.183,0.069,9.889,9.888,0.316,3.337,0.753,3.364,0.731,0.286,-0.117,0.037,2.42,3.19,157.97,2.05,2.16,-0.044,-0.105,0.087,1475,1531,1532,1517,10.00,10.06,-0.26,-0.31
1787304382.263,20.357,True,1,1.462,1.361,0.183,0.080,9.900,9.898,0.316,3.337,0.753,3.363,0.732,0.286,-0.117,0.037,2.37,3.34,157.90,2.05,2.16,-0.038,-0.119,0.090,1475,1533,1532,1517,10.00,10.06,-0.06,9.69
1787304382.273,20.367,True,1,1.462,1.364,0.183,0.091,9.912,9.909,0.316,3.337,0.753,3.362,0.733,0.286,-0.117,0.037,2.37,3.34,157.90,2.05,2.17,-0.038,-0.119,0.090,1475,1533,1532,1518,10.00,10.06,9.94,19.70
1787304382.283,20.377,True,1,1.462,1.367,0.183,0.103,9.923,9.921,0.317,3.337,0.753,3.361,0.733,0.286,-0.117,0.037,2.37,3.34,157.90,2.05,2.18,-0.038,-0.118,0.090,1475,1533,1532,1518,10.00,10.06,19.94,29.69
1787304382.293,20.387,True,1,1.462,1.370,0.183,0.114,9.934,9.932,0.317,3.337,0.753,3.360,0.734,0.286,-0.117,0.037,2.37,3.34,157.90,2.06,2.18,-0.037,-0.118,0.090,1475,1533,1532,1519,10.00,10.06,29.94,39.69
1787304382.303,20.397,True,1,1.462,1.373,0.183,0.125,9.945,9.943,0.317,3.337,0.753,3.359,0.735,0.286,-0.117,0.037,2.37,3.34,157.90,2.06,2.19,-0.037,-0.117,0.090,1475,1532,1532,1519,10.00,10.06,39.94,49.69
1787304382.313,20.407,True,1,1.462,1.376,0.183,0.136,9.956,9.954,0.318,3.337,0.753,3.359,0.735,0.286,-0.117,0.037,2.37,3.34,157.90,2.06,2.19,-0.037,-0.117,0.090,1475,1532,1532,1519,10.00,10.06,49.94,59.69
1787304382.323,20.417,True,1,1.462,1.379,0.183,0.147,9.967,9.965,0.318,3.337,0.753,3.358,0.736,0.286,-0.117,0.037,2.37,3.34,157.90,2.06,2.20,-0.037,-0.116,0.090,1475,1532,1532,1520,10.00,10.06,59.94,69.69
1787304382.334,20.428,True,1,1.483,1.382,0.155,0.158,9.981,9.979,0.319,3.328,0.757,3.357,0.737,0.291,-0.117,0.057,2.48,3.36,157.95,2.26,2.27,-0.028,-0.110,0.088,1476,1532,1532,1520,10.00,10.06,-0.50,-0.55
1787304382.343,20.437,True,1,1.483,1.385,0.155,0.170,9.992,9.990,0.319,3.328,0.757,3.356,0.737,0.291,-0.117,0.057,2.48,3.36,157.95,2.27,2.28,-0.028,-0.109,0.088,1476,1532,1532,1521,10.00,10.06,9.50,9.45
1787304382.353,20.447,True,1,1.483,1.388,0.155,0.181,10.003,10.001,0.319,3.328,0.757,3.355,0.738,0.291,-0.117,0.057,2.48,3.36,157.95,2.27,2.29,-0.027,-0.108,0.088,1476,1531,1532,1521,10.00,10.06,19.51,19.46
1787304382.363,20.457,True,1,1.483,1.391,0.155,0.192,10.014,10.012,0.320,3.328,0.757,3.354,0.739,0.291,-0.117,0.057,2.48,3.36,157.95,2.27,2.29,-0.027,-0.108,0.088,1476,1531,1532,1521,10.00,10.06,29.50,29.45
1787304382.373,20.467,True,1,1.483,1.394,0.155,0.203,10.025,10.024,0.320,3.328,0.757,3.353,0.739,0.291,-0.117,0.057,2.48,3.36,157.95,2.27,2.30,-0.027,-0.107,0.088,1476,1531,1532,1522,10.00,10.06,39.51,39.46
1787304382.383,20.477,True,1,1.483,1.397,0.155,0.214,10.037,10.035,0.320,3.328,0.757,3.352,0.740,0.291,-0.117,0.057,2.48,3.36,157.95,2.27,2.31,-0.027,-0.106,0.088,1477,1531,1532,1522,10.00,10.06,49.51,49.46
1787304382.393,20.487,True,1,1.483,1.400,0.155,0.225,10.048,10.046,0.321,3.328,0.757,3.352,0.740,0.291,-0.117,0.057,2.48,3.36,157.95,2.28,2.31,-0.027,-0.106,0.088,1477,1531,1532,1523,10.00,10.06,59.50,59.45
1787304382.403,20.497,True,1,1.483,1.403,0.155,0.236,10.059,10.057,0.321,3.328,0.757,3.351,0.741,0.291,-0.117,0.057,2.48,3.36,157.95,2.28,2.32,-0.026,-0.105,0.088,1477,1531,1532,1523,10.00,10.06,69.51,69.46
1787304382.414,20.508,True,1,1.500,1.406,0.114,0.303,10.129,10.127,0.323,3.318,0.763,3.350,0.742,0.298,-0.095,0.097,1.94,2.41,158.28,2.74,2.24,0.081,-0.016,0.070,1529,1521,1529,1526,10.00,10.06,-0.56,-0.51
1787304382.423,20.517,True,1,1.500,1.409,0.114,0.314,10.140,10.139,0.324,3.318,0.763,3.349,0.742,0.298,-0.095,0.097,1.94,2.41,158.28,2.74,2.25,0.081,-0.015,0.070,1529,1521,1529,1526,10.00,10.06,9.44,9.48
1787304382.433,20.527,True,1,1.500,1.412,0.114,0.325,10.151,10.150,0.324,3.318,0.763,3.348,0.743,0.298,-0.095,0.097,1.94,2.41,158.28,2.74,2.25,0.081,-0.014,0.070,1529,1521,1529,1526,10.00,10.06,19.44,19.49
1787304382.443,20.538,True,1,1.508,1.415,0.080,0.407,10.232,10.232,0.327,3.315,0.766,3.347,0.744,0.302,-0.110,0.076,1.92,2.23,158.38,2.48,2.31,0.056,0.011,0.064,1526,1478,1528,1529,10.00,10.06,-0.13,-0.17
1787304382.453,20.547,True,1,1.508,1.418,0.080,0.419,10.243,10.243,0.327,3.315,0.766,3.345,0.745,0.302,-0.110,0.076,1.92,2.23,158.38,2.48,2.32,0.056,0.011,0.064,1526,1478,1528,1530,10.00,10.06,9.88,9.83
1787304382.463,20.557,True,1,1.508,1.421,0.080,0.430,10.254,10.254,0.327,3.315,0.766,3.344,0.745,0.302,-0.110,0.076,1.92,2.23,158.38,2.48,2.32,0.056,0.012,0.064,1526,1478,1528,1530,10.00,10.06,19.88,19.83
1787304382.473,20.567,True,1,1.508,1.424,0.080,0.441,10.266,10.265,0.328,3.315,0.766,3.343,0.746,0.302,-0.110,0.076,1.92,2.23,158.38,2.48,2.33,0.056,0.013,0.064,1526,1478,1528,1530,10.00,10.06,29.88,29.83
1787304382.483,20.577,True,1,1.508,1.427,0.080,0.452,10.277,10.276,0.328,3.315,0.766,3.342,0.747,0.302,-0.110,0.076,1.92,2.23,158.38,2.48,2.34,0.057,0.013,0.064,1526,1478,1528,1531,10.00,10.06,39.88,39.83
1787304382.493,20.587,True,1,1.508,1.430,0.080,0.463,10.288,10.288,0.328,3.315,0.766,3.342,0.747,0.302,-0.110,0.076,1.92,2.23,158.38,2.49,2.34,0.057,0.014,0.064,1526,1478,1528,1531,10.00,10.06,49.88,49.83
1787304382.504,20.598,True,1,1.519,1.433,0.064,0.474,10.300,10.299,0.329,3.310,0.771,3.340,0.748,0.307,-0.088,0.097,1.87,1.87,158.85,2.78,2.20,0.094,0.036,0.043,1530,1475,1525,1532,10.00,10.06,-0.45,-0.40
1787304382.513,20.607,True,1,1.519,1.436,0.064,0.485,10.311,10.310,0.329,3.310,0.771,3.339,0.749,0.307,-0.088,0.097,1.87,1.87,158.85,2.78,2.21,0.094,0.037,0.043,1530,1475,1525,1532,10.00,10.06,9.55,9.60
1787304382.523,20.617,True,1,1.519,1.439,0.064,0.496,10.323,10.321,0.329,3.310,0.771,3.338,0.749,0.307,-0.088,0.097,1.87,1.87,158.85,2.78,2.22,0.094,0.038,0.043,1530,1475,1525,1532,10.00,10.06,19.55,19.60
1787304382.533,20.628,True,1,1.519,1.442,0.064,0.507,10.334,10.333,0.330,3.310,0.771,3.338,0.750,0.307,-0.088,0.097,1.87,1.87,158.85,2.78,2.22,0.095,0.038,0.043,1530,1475,1525,1533,10.00,10.06,29.55,29.60
1787304382.543,20.637,True,1,1.519,1.445,0.064,0.519,10.345,10.344,0.330,3.310,0.771,3.337,0.751,0.307,-0.088,0.097,1.87,1.87,158.85,2.79,2.23,0.095,0.039,0.043,1530,1475,1525,1533,10.01,10.07,39.56,39.60
1787304382.553,20.648,True,1,1.519,1.448,0.064,0.530,10.357,10.355,0.331,3.310,0.771,3.336,0.752,0.307,-0.088,0.097,1.87,1.87,158.85,2.79,2.23,0.095,0.040,0.043,1530,1475,1525,1534,10.00,10.07,49.56,49.61
1787304382.563,20.657,True,1,1.519,1.451,0.064,0.541,10.368,10.367,0.331,3.310,0.771,3.335,0.752,0.307,-0.088,0.097,1.87,1.87,158.85,2.79,2.24,0.095,0.040,0.043,1530,1475,1525,1534,9.99,10.06,59.55,59.60
1787304382.573,20.667,True,1,1.519,1.454,0.064,0.553,10.380,10.378,0.331,3.310,0.771,3.334,0.753,0.307,-0.088,0.097,1.87,1.87,158.85,2.79,2.25,0.095,0.041,0.043,1530,1475,1525,1534,10.00,10.06,69.55,69.60
1787304382.584,20.678,True,1,1.537,1.457,0.007,0.668,10.496,10.495,0.335,3.303,0.781,3.333,0.754,0.319,-0.070,0.119,2.01,1.88,159.59,3.06,2.11,0.110,0.024,0.011,1532,1477,1521,1538,10.00,10.06,-0.58,-0.63
1787304382.593,20.687,True,1,1.537,1.460,0.007,0.679,10.508,10.506,0.335,3.303,0.781,3.332,0.755,0.319,-0.070,0.119,2.01,1.88,159.59,3.07,2.11,0.110,0.025,0.011,1532,1477,1521,1539,10.00,10.06,9.42,9.37
1787304382.603,20.697,True,1,1.537,1.463,0.007,0.690,10.519,10.517,0.336,3.303,0.781,3.331,0.756,0.319,-0.070,0.119,2.01,1.88,159.59,3.07,2.12,0.110,0.026,0.011,1532,1477,1521,1539,10.00,10.06,19.42,19.37
1787304382.613,20.708,True,1,1.544,1.466,-0.005,0.707,10.536,10.534,0.336,3.303,0.786,3.330,0.757,0.323,-0.069,0.117,1.97,1.88,159.84,3.07,2.10,0.115,0.023,0.000,1532,1477,1520,1540,10.00,10.06,-0.18,-0.23
1787304382.623,20.717,True,1,1.544,1.469,-0.005,0.718,10.547,10.545,0.337,3.303,0.786,3.329,0.758,0.323,-0.069,0.117,1.97,1.88,159.84,3.07,2.10,0.116,0.024,0.000,1532,1477,1520,1540,10.01,10.06,9.82,9.77
1787304382.633,20.728,True,1,1.546,1.472,-0.006,0.723,10.552,10.549,0.337,3.302,0.789,3.328,0.759,0.327,-0.057,0.118,1.93,2.09,160.19,3.14,1.98,0.127,-0.012,-0.014,1534,1521,1478,1540,10.00,10.06,-0.16,-0.21
1787304382.643,20.737,True,1,1.546,1.475,-0.006,0.734,10.563,10.561,0.337,3.302,0.789,3.327,0.760,0.327,-0.057,0.118,1.93,2.09,160.19,3.14,1.98,0.127,-0.011,-0.014,1534,1521,1478,1541,10.00,10.06,9.84,9.79
1787304382.653,20.747,True,1,1.550,1.478,0.008,0.689,10.522,10.518,0.336,3.301,0.792,3.326,0.761,0.330,-0.056,0.151,1.99,2.19,160.28,3.47,2.10,0.156,-0.010,-0.018,1537,1521,1477,1539,10.00,10.06,-0.07,-0.12
1787304382.663,20.757,True,1,1.550,1.481,0.008,0.700,10.533,10.530,0.336,3.301,0.792,3.326,0.762,0.330,-0.056,0.151,1.99,2.19,160.28,3.47,2.10,0.156,-0.009,-0.018,1537,1521,1477,1540,10.00,10.06,9.94,9.88
1787304382.673,20.767,True,1,1.550,1.484,0.008,0.711,10.545,10.541,0.336,3.301,0.792,3.325,0.763,0.330,-0.056,0.151,1.99,2.19,160.28,3.48,2.11,0.157,-0.009,-0.018,1537,1520,1477,1540,10.00,10.06,19.93,19.88
1787304382.683,20.777,True,1,1.550,1.487,0.008,0.723,10.556,10.552,0.337,3.301,0.792,3.324,0.764,0.330,-0.056,0.151,1.99,2.19,160.28,3.48,2.12,0.157,-0.008,-0.018,1537,1520,1477,1540,10.01,10.07,29.94,29.88
1787304382.693,20.787,True,1,1.550,1.490,0.008,0.734,10.567,10.564,0.337,3.301,0.792,3.323,0.765,0.330,-0.056,0.151,1.99,2.19,160.28,3.48,2.12,0.158,-0.008,-0.018,1537,1520,1477,1541,10.00,10.07,39.94,39.88
1787304382.703,20.797,True,1,1.550,1.493,0.008,0.745,10.579,10.575,0.338,3.301,0.792,3.323,0.766,0.330,-0.056,0.151,1.99,2.19,160.28,3.49,2.13,0.158,-0.007,-0.018,1537,1520,1477,1541,10.00,10.06,49.93,49.88
1787304382.713,20.807,True,1,1.550,1.496,0.008,0.757,10.591,10.587,0.338,3.301,0.792,3.322,0.767,0.330,-0.056,0.151,1.99,2.19,160.28,3.49,2.13,0.158,-0.006,-0.018,1537,1520,1477,1542,10.00,10.06,59.93,59.88
1787304382.723,20.817,True,1,1.550,1.499,0.008,0.768,10.602,10.598,0.338,3.301,0.792,3.321,0.767,0.330,-0.056,0.151,1.99,2.19,160.28,3.49,2.14,0.158,-0.006,-0.018,1537,1520,1477,1542,10.00,10.06,69.93,69.88
1787304382.734,20.828,True,1,1.563,1.502,-0.032,0.848,10.680,10.678,0.341,3.300,0.805,3.320,0.769,0.343,-0.042,0.141,2.50,2.71,161.15,3.47,1.92,0.104,-0.084,-0.052,1531,1529,1472,1545,10.00,10.06,-0.57,-0.62
1787304382.743,20.837,True,1,1.563,1.505,-0.032,0.860,10.692,10.689,0.341,3.300,0.805,3.320,0.770,0.343,-0.042,0.141,2.50,2.71,161.15,3.47,1.93,0.104,-0.084,-0.052,1531,1529,1472,1545,10.00,10.06,9.43,9.38
1787304382.753,20.847,True,1,1.563,1.508,-0.032,0.871,10.703,10.701,0.342,3.300,0.805,3.319,0.771,0.343,-0.042,0.141,2.50,2.71,161.15,3.48,1.94,0.105,-0.083,-0.052,1531,1529,1472,1546,10.00,10.06,19.43,19.38
1787304382.763,20.857,True,1,1.563,1.511,-0.032,0.882,10.715,10.713,0.342,3.300,0.805,3.318,0.772,0.343,-0.042,0.141,2.50,2.71,161.15,3.48,1.94,0.105,-0.083,-0.052,1531,1529,1472,1546,10.00,10.06,29.43,29.38
1787304382.773,20.867,True,1,1.563,1.514,-0.032,0.894,10.727,10.724,0.342,3.300,0.805,3.318,0.773,0.343,-0.042,0.141,2.50,2.71,161.15,3.49,1.95,0.106,-0.082,-0.052,1531,1529,1472,1546,10.00,10.06,39.43,39.38
1787304382.783,20.877,True,1,1.563,1.517,-0.032,0.906,10.738,10.736,0.343,3.300,0.805,3.317,0.774,0.343,-0.042,0.141,2.50,2.71,161.15,3.49,1.95,0.106,-0.082,-0.052,1531,1529,1472,1547,10.00,10.06,49.43,49.38
1787304382.793,20.887,True,1,1.563,1.520,-0.032,0.917,10.750,10.747,0.343,3.300,0.805,3.317,0.775,0.343,-0.042,0.141,2.50,2.71,161.15,3.49,1.96,0.107,-0.081,-0.053,1531,1528,1472,1547,10.00,10.06,59.43,59.38
1787304382.803,20.897,True,1,1.563,1.523,-0.032,0.929,10.762,10.759,0.343,3.300,0.805,3.316,0.776,0.343,-0.042,0.141,2.50,2.71,161.15,3.50,1.96,0.107,-0.080,-0.053,1531,1528,1472,1548,10.00,10.06,69.43,69.38
1787304382.814,20.908,True,1,1.576,1.526,-0.005,0.807,10.639,10.635,0.339,3.301,0.819,3.316,0.778,0.357,-0.014,0.137,2.90,3.08,161.69,3.62,1.69,0.079,-0.150,-0.072,1528,1536,1469,1543,10.00,10.06,-0.54,-0.59
1787304382.823,20.917,True,1,1.576,1.529,-0.005,0.818,10.651,10.647,0.340,3.301,0.819,3.315,0.779,0.357,-0.014,0.137,2.90,3.08,161.69,3.63,1.69,0.080,-0.149,-0.072,1528,1536,1469,1544,10.00,10.06,9.46,9.41
1787304382.833,20.927,True,1,1.576,1.532,-0.005,0.830,10.663,10.659,0.340,3.301,0.819,3.315,0.780,0.357,-0.014,0.137,2.90,3.08,161.69,3.63,1.70,0.080,-0.149,-0.072,1528,1536,1469,1544,10.00,10.06,19.46,19.41
1787304382.843,20.937,True,1,1.576,1.535,-0.005,0.842,10.674,10.671,0.341,3.301,0.819,3.314,0.782,0.357,-0.014,0.137,2.90,3.08,161.69,3.64,1.70,0.081,-0.148,-0.072,1529,1536,1469,1544,10.00,10.06,29.46,29.41
1787304382.853,20.948,True,1,1.582,1.538,0.027,0.734,10.568,10.563,0.337,3.302,0.826,3.314,0.783,0.363,0.011,0.144,3.19,3.14,161.89,3.83,1.51,0.072,-0.176,-0.079,1528,1539,1469,1541,10.00,10.06,-0.27,-0.32
1787304382.863,20.957,True,1,1.582,1.541,0.027,0.745,10.579,10.575,0.338,3.302,0.826,3.313,0.785,0.363,0.011,0.144,3.19,3.14,161.89,3.84,1.51,0.073,-0.175,-0.079,1528,1539,1469,1541,10.00,10.06,9.73,9.68
1787304382.873,20.967,True,1,1.582,1.544,0.027,0.757,10.591,10.586,0.338,3.302,0.826,3.313,0.786,0.363,0.011,0.144,3.19,3.14,161.89,3.84,1.52,0.074,-0.175,-0.079,1528,1539,1469,1542,10.00,10.06,19.73,19.68
1787304382.883,20.977,True,1,1.582,1.547,0.027,0.769,10.603,10.598,0.338,3.302,0.826,3.313,0.787,0.363,0.011,0.144,3.19,3.14,161.89,3.85,1.52,0.074,-0.174,-0.079,1528,1539,1469,1542,10.00,10.06,29.73,29.68
1787304382.893,20.988,True,1,1.590,1.550,0.040,0.711,10.545,10.540,0.336,3.303,0.833,3.312,0.789,0.369,0.027,0.140,3.44,3.11,162.03,3.90,1.36,0.053,-0.188,-0.083,1525,1540,1468,1540,10.00,10.06,-0.26,-0.31
1787304382.903,20.997,True,1,1.590,1.553,0.040,0.723,10.557,10.552,0.337,3.303,0.833,3.312,0.790,0.369,0.027,0.140,3.44,3.11,162.03,3.91,1.37,0.054,-0.187,-0.083,1525,1540,1468,1540,10.00,10.06,9.74,9.69
1787304382.913,21.007,True,1,1.590,1.556,0.040,0.734,10.569,10.564,0.337,3.303,0.833,3.312,0.792,0.369,0.027,0.140,3.44,3.11,162.03,3.91,1.37,0.054,-0.187,-0.083,1526,1540,1468,1541,10.00,10.06,19.73,19.69
1787304382.923,21.017,True,1,1.590,1.559,0.040,0.746,10.581,10.575,0.338,3.303,0.833,3.311,0.793,0.369,0.027,0.140,3.44,3.11,162.03,3.92,1.38,0.055,-0.186,-0.083,1526,1540,1468,1541,10.00,10.06,29.74,29.69
1787304382.933,21.027,True,1,1.590,1.562,0.040,0.758,10.592,10.587,0.338,3.303,0.833,3.311,0.794,0.369,0.027,0.140,3.44,3.11,162.03,3.93,1.38,0.056,-0.186,-0.083,1526,1540,1468,1542,10.00,10.06,39.74,39.69
1787304382.943,21.037,True,1,1.590,1.565,0.040,0.770,10.604,10.599,0.338,3.303,0.833,3.311,0.796,0.369,0.027,0.140,3.44,3.11,162.03,3.93,1.39,0.056,-0.185,-0.083,1526,1540,1468,1542,10.00,10.06,49.74,49.69
1787304382.953,21.047,True,1,1.590,1.568,0.040,0.781,10.616,10.611,0.339,3.303,0.833,3.311,0.797,0.369,0.027,0.140,3.44,3.11,162.03,3.94,1.39,0.057,-0.185,-0.083,1526,1540,1468,1542,10.00,10.06,59.73,59.69
1787304382.963,21.057,True,1,1.590,1.571,0.040,0.793,10.628,10.623,0.339,3.303,0.833,3.310,0.798,0.369,0.027,0.140,3.44,3.11,162.03,3.95,1.40,0.058,-0.185,-0.084,1526,1540,1468,1543,10.00,10.06,69.74,69.69
1787304382.973,21.067,True,1,1.590,1.574,0.040,0.805,10.640,10.635,0.339,3.303,0.833,3.310,0.799,0.369,0.027,0.140,3.44,3.11,162.03,3.95,1.40,0.058,-0.184,-0.084,1526,1540,1468,1543,10.00,10.06,79.74,79.69
1787304382.984,21.078,True,1,1.608,1.577,0.108,0.538,10.372,10.369,0.331,3.307,0.846,3.310,0.801,0.382,0.032,0.127,3.95,2.79,161.92,3.95,1.37,0.003,-0.155,-0.079,1520,1537,1469,1534,10.00,10.06,-0.56,-0.61
1787304382.993,21.087,True,1,1.608,1.580,0.108,0.550,10.384,10.381,0.331,3.307,0.846,3.310,0.802,0.382,0.032,0.127,3.95,2.79,161.92,3.95,1.37,0.004,-0.154,-0.079,1520,1537,1469,1534,10.00,10.06,9.44,9.39
1787304383.003,21.097,True,1,1.608,1.583,0.108,0.562,10.396,10.393,0.332,3.307,0.846,3.310,0.804,0.382,0.032,0.127,3.95,2.79,161.92,3.96,1.37,0.005,-0.154,-0.079,1520,1537,1468,1535,10.00,10.06,19.44,19.40
1787304383.013,21.107,True,1,1.608,1.586,0.108,0.573,10.408,10.405,0.332,3.307,0.846,3.310,0.805,0.382,0.032,0.127,3.95,2.79,161.92,3.97,1.38,0.006,-0.154,-0.079,1520,1536,1468,1535,10.00,10.06,29.44,29.39
1787304383.023,21.118,True,1,1.620,1.589,0.120,0.501,10.336,10.334,0.330,3.310,0.853,3.310,0.807,0.389,0.037,0.124,4.16,2.30,161.84,4.00,1.33,-0.013,-0.107,-0.079,1478,1531,1469,1533,10.00,10.06,-0.27,-0.32
1787304383.033,21.127,True,1,1.620,1.592,0.120,0.513,10.348,10.346,0.330,3.310,0.853,3.310,0.808,0.389,0.037,0.124,4.16,2.30,161.84,4.01,1.33,-0.012,-0.107,-0.079,1478,1531,1469,1533,10.00,10.06,9.73,9.68
1787304383.043,21.138,True,1,1.623,1.595,0.112,0.537,10.372,10.370,0.331,3.311,0.854,3.310,0.810,0.390,0.049,0.123,4.28,2.02,161.75,4.03,1.23,-0.023,-0.088,-0.076,1477,1529,1469,1534,10.00,10.06,-0.16,-0.11
1787304383.053,21.147,True,1,1.623,1.598,0.112,0.549,10.383,10.382,0.331,3.311,0.854,3.310,0.811,0.390,0.049,0.123,4.28,2.02,161.75,4.04,1.23,-0.022,-0.088,-0.076,1477,1529,1469,1534,10.00,10.06,9.84,9.89
1787304383.063,21.157,True,1,1.630,1.601,0.148,0.425,10.261,10.260,0.327,3.312,0.858,3.310,0.813,0.394,0.060,0.123,4.37,1.92,161.68,4.15,1.15,-0.021,-0.087,-0.073,1477,1529,1469,1530,10.00,10.06,-0.10,-0.15
1787304383.073,21.167,True,1,1.630,1.604,0.148,0.437,10.272,10.271,0.328,3.312,0.858,3.310,0.814,0.394,0.060,0.123,4.37,1.92,161.68,4.16,1.15,-0.020,-0.087,-0.073,1477,1529,1469,1531,10.00,10.06,9.90,9.85
1787304383.083,21.177,True,1,1.630,1.607,0.148,0.448,10.284,10.283,0.328,3.312,0.858,3.310,0.816,0.394,0.060,0.123,4.37,1.92,161.68,4.16,1.16,-0.019,-0.086,-0.073,1477,1529,1469,1531,10.00,10.06,19.90,19.85
1787304383.093,21.187,True,1,1.630,1.610,0.148,0.460,10.296,10.295,0.329,3.312,0.858,3.310,0.817,0.394,0.060,0.123,4.37,1.92,161.68,4.17,1.16,-0.018,-0.086,-0.073,1477,1529,1469,1531,10.00,10.06,29.89,29.85
1787304383.103,21.198,True,1,1.641,1.613,0.180,0.331,10.166,10.166,0.324,3.315,0.863,3.310,0.819,0.398,0.043,0.109,4.46,1.64,161.54,4.04,1.31,-0.041,-0.040,-0.070,1475,1524,1470,1527,10.00,10.06,-0.17,-0.22
1787304383.113,21.207,True,1,1.641,1.616,0.180,0.343,10.178,10.178,0.325,3.315,0.863,3.310,0.820,0.398,0.043,0.109,4.46,1.64,161.54,4.05,1.32,-0.040,-0.040,-0.070,1475,1524,1470,1527,10.00,10.06,9.84,9.79
1787304383.123,21.217,True,1,1.641,1.619,0.180,0.355,10.190,10.190,0.325,3.315,0.863,3.311,0.822,0.398,0.043,0.109,4.46,1.64,161.54,4.06,1.32,-0.039,-0.040,-0.070,1475,1524,1470,1528,10.00,10.06,19.83,19.78
1787304383.133,21.227,True,1,1.641,1.622,0.180,0.367,10.202,10.201,0.326,3.315,0.863,3.311,0.823,0.398,0.043,0.109,4.46,1.64,161.54,4.07,1.32,-0.039,-0.039,-0.070,1475,1524,1470,1528,10.00,10.06,29.83,29.78
1787304383.143,21.238,True,1,1.652,1.625,0.179,0.337,10.173,10.173,0.325,3.317,0.867,3.311,0.824,0.402,0.066,0.118,4.52,1.19,161.15,4.25,1.17,-0.028,-0.007,-0.056,1476,1520,1472,1527,10.00,10.06,-0.35,-0.30
1787304383.153,21.247,True,1,1.652,1.628,0.179,0.348,10.185,10.185,0.325,3.317,0.867,3.311,0.826,0.402,0.066,0.118,4.52,1.19,161.15,4.25,1.17,-0.027,-0.007,-0.056,1476,1520,1472,1528,10.00,10.06,9.66,9.70
1787304383.163,21.257,True,1,1.652,1.631,0.179,0.360,10.197,10.197,0.325,3.317,0.867,3.311,0.827,0.402,0.066,0.118,4.52,1.19,161.15,4.26,1.17,-0.026,-0.007,-0.056,1477,1520,1472,1528,10.00,10.06,19.65,19.70
1787304383.173,21.267,True,1,1.652,1.634,0.179,0.372,10.209,10.209,0.326,3.317,0.867,3.311,0.829,0.402,0.066,0.118,4.52,1.19,161.15,4.27,1.17,-0.025,-0.006,-0.056,1477,1520,1472,1528,10.00,10.06,29.65,29.70
1787304383.183,21.277,True,1,1.652,1.637,0.179,0.384,10.221,10.221,0.326,3.317,0.867,3.312,0.830,0.402,0.066,0.118,4.52,1.19,161.15,4.28,1.18,-0.025,-0.006,-0.056,1477,1520,1472,1529,10.01,10.07,39.66,39.71
1787304383.193,21.287,True,1,1.652,1.640,0.179,0.396,10.233,10.233,0.327,3.317,0.867,3.312,0.831,0.402,0.066,0.118,4.52,1.19,161.15,4.28,1.18,-0.024,-0.006,-0.056,1477,1520,1472,1529,9.99,10.07,49.66,49.71
1787304383.203,21.297,True,1,1.652,1.643,0.179,0.408,10.245,10.245,0.327,3.317,0.867,3.312,0.832,0.402,0.066,0.118,4.52,1.19,161.15,4.29,1.18,-0.023,-0.006,-0.056,1477,1520,1472,1530,10.00,10.06,59.65,59.70
1787304383.213,21.307,True,1,1.652,1.646,0.179,0.420,10.257,10.257,0.327,3.317,0.867,3.312,0.833,0.402,0.066,0.118,4.52,1.19,161.15,4.30,1.18,-0.022,-0.006,-0.056,1477,1520,1472,1530,10.00,10.06,69.66,69.70
1787304383.223,21.317,True,1,1.652,1.649,0.179,0.432,10.269,10.269,0.328,3.317,0.867,3.312,0.835,0.402,0.066,0.118,4.52,1.19,161.15,4.30,1.18,-0.022,-0.005,-0.056,1477,1520,1472,1531,10.00,10.06,79.65,79.70
1787304383.234,21.328,True,1,1.677,1.652,0.194,0.302,10.136,10.134,0.323,3.321,0.877,3.313,0.836,0.411,0.044,0.082,4.88,1.01,160.27,3.94,1.35,-0.098,0.034,-0.021,1469,1476,1477,1526,10.00,10.06,-0.64,-0.59
1787304383.243,21.337,True,1,1.677,1.655,0.194,0.314,10.148,10.146,0.324,3.321,0.877,3.313,0.837,0.411,0.044,0.082,4.88,1.01,160.27,3.94,1.35,-0.098,0.035,-0.021,1469,1476,1477,1526,10.00,10.06,9.37,9.42
1787304383.253,21.347,True,1,1.677,1.658,0.194,0.326,10.160,10.158,0.324,3.321,0.877,3.313,0.839,0.411,0.044,0.082,4.88,1.01,160.27,3.95,1.35,-0.097,0.035,-0.021,1469,1476,1477,1527,10.00,10.06,19.37,19.41
1787304383.263,21.357,True,1,1.677,1.661,0.194,0.338,10.172,10.170,0.325,3.321,0.877,3.313,0.840,0.411,0.044,0.082,4.88,1.01,160.27,3.96,1.36,-0.096,0.035,-0.021,1469,1476,1477,1527,10.00,10.06,29.36,29.41
1787304383.273,21.367,True,1,1.677,1.664,0.194,0.350,10.184,10.182,0.325,3.321,0.877,3.314,0.841,0.411,0.044,0.082,4.88,1.01,160.27,3.97,1.36,-0.095,0.035,-0.021,1469,1476,1477,1527,10.00,10.06,39.37,39.41
1787304383.284,21.378,True,1,1.694,1.667,0.197,0.284,10.117,10.116,0.323,3.322,0.883,3.314,0.843,0.417,0.041,0.075,4.81,0.90,159.60,3.91,1.43,-0.094,0.056,0.007,1469,1473,1520,1525,10.00,10.06,-0.42,-0.37
1787304383.293,21.387,True,1,1.694,1.670,0.197,0.296,10.129,10.128,0.323,3.322,0.883,3.314,0.844,0.417,0.041,0.075,4.81,0.90,159.60,3.92,1.43,-0.093,0.056,0.007,1469,1473,1520,1526,10.00,10.06,9.57,9.62
1787304383.303,21.397,True,1,1.694,1.673,0.197,0.308,10.141,10.140,0.324,3.322,0.883,3.314,0.845,0.417,0.041,0.075,4.81,0.90,159.60,3.93,1.43,-0.092,0.056,0.007,1469,1473,1520,1526,10.00,10.06,19.58,19.63
1787304383.313,21.408,True,1,1.704,1.676,0.217,0.219,10.053,10.051,0.321,3.321,0.886,3.315,0.847,0.421,0.029,0.075,4.68,0.80,159.35,3.93,1.57,-0.079,0.082,0.016,1471,1470,1522,1523,10.00,10.06,-0.12,-0.18
1787304383.323,21.417,True,1,1.704,1.679,0.217,0.231,10.065,10.063,0.321,3.321,0.886,3.315,0.848,0.421,0.029,0.075,4.68,0.80,159.35,3.94,1.57,-0.078,0.082,0.016,1471,1470,1522,1523,10.01,10.06,9.88,9.83
1787304383.333,21.427,True,1,1.704,1.682,0.217,0.243,10.077,10.075,0.322,3.321,0.886,3.315,0.849,0.421,0.029,0.075,4.68,0.80,159.35,3.94,1.58,-0.077,0.082,0.016,1471,1470,1522,1524,10.00,10.06,19.88,19.83
1787304383.343,21.437,True,1,1.704,1.685,0.217,0.254,10.089,10.087,0.322,3.321,0.886,3.315,0.850,0.421,0.029,0.075,4.68,0.80,159.35,3.95,1.58,-0.076,0.082,0.016,1471,1470,1522,1524,10.00,10.06,29.88,29.83
1787304383.353,21.447,True,1,1.704,1.688,0.217,0.266,10.101,10.099,0.322,3.321,0.886,3.316,0.852,0.421,0.029,0.075,4.68,0.80,159.35,3.96,1.58,-0.076,0.083,0.016,1471,1470,1522,1524,10.00,10.06,39.88,39.82
1787304383.363,21.457,True,1,1.704,1.691,0.217,0.278,10.113,10.111,0.323,3.321,0.886,3.316,0.853,0.421,0.029,0.075,4.68,0.80,159.35,3.97,1.58,-0.075,0.083,0.016,1471,1470,1522,1525,10.00,10.06,49.88,49.83
1787304383.373,21.467,True,1,1.704,1.694,0.217,0.290,10.125,10.123,0.323,3.321,0.886,3.316,0.854,0.421,0.029,0.075,4.68,0.80,159.35,3.97,1.58,-0.074,0.083,0.015,1471,1470,1522,1525,10.00,10.06,59.88,59.83
1787304383.384,21.478,True,1,1.727,1.697,0.223,0.188,10.023,10.021,0.320,3.320,0.894,3.316,0.855,0.428,0.018,0.070,4.54,0.71,158.65,3.91,1.74,-0.066,0.112,0.044,1472,1467,1526,1522,10.00,10.06,-0.46,-0.51
1787304383.393,21.487,True,1,1.727,1.700,0.223,0.200,10.035,10.033,0.320,3.320,0.894,3.316,0.857,0.428,0.018,0.070,4.54,0.71,158.65,3.92,1.74,-0.065,0.112,0.044,1472,1467,1526,1522,10.01,10.07,9.55,9.50
1787304383.403,21.497,True,1,1.727,1.703,0.223,0.212,10.047,10.045,0.321,3.320,0.894,3.316,0.858,0.428,0.018,0.070,4.54,0.71,158.65,3.93,1.74,-0.064,0.112,0.044,1472,1467,1526,1523,10.00,10.06,19.54,19.50
1787304383.413,21.507,True,1,1.727,1.706,0.223,0.224,10.059,10.057,0.321,3.320,0.894,3.316,0.859,0.428,0.018,0.070,4.54,0.71,158.65,3.93,1.75,-0.064,0.113,0.044,1472,1467,1526,1523,10.00,10.06,29.54,29.50
1787304383.423,21.517,True,1,1.727,1.709,0.223,0.236,10.071,10.068,0.321,3.320,0.894,3.317,0.860,0.428,0.018,0.070,4.54,0.71,158.65,3.94,1.75,-0.063,0.113,0.044,1472,1467,1526,1523,10.00,10.06,39.54,39.50
1787304383.434,21.528,True,1,1.746,1.712,0.244,0.110,9.947,9.946,0.317,3.319,0.900,3.317,0.861,0.434,0.011,0.076,4.12,1.04,158.03,4.01,1.91,-0.013,0.097,0.073,1478,1469,1530,1519,10.00,10.06,-0.37,-0.42
1787304383.443,21.537,True,1,1.746,1.715,0.244,0.122,9.959,9.957,0.318,3.319,0.900,3.317,0.863,0.434,0.011,0.076,4.12,1.04,158.03,4.02,1.91,-0.012,0.097,0.073,1478,1469,1530,1519,10.00,10.07,9.64,9.59
1787304383.453,21.547,True,1,1.746,1.718,0.244,0.134,9.970,9.969,0.318,3.319,0.900,3.317,0.864,0.434,0.011,0.076,4.12,1.04,158.03,4.02,1.92,-0.011,0.097,0.073,1478,1469,1530,1520,9.99,10.06,19.63,19.58
1787304383.463,21.558,True,1,1.754,1.721,0.211,0.212,10.045,10.044,0.321,3.319,0.902,3.317,0.865,0.436,-0.001,0.051,4.04,1.22,157.82,3.72,1.94,-0.035,0.082,0.084,1476,1470,1531,1523,10.00,10.06,-0.17,-0.22
1787304383.473,21.567,True,1,1.754,1.724,0.211,0.223,10.057,10.056,0.321,3.319,0.902,3.317,0.866,0.436,-0.001,0.051,4.04,1.22,157.82,3.73,1.94,-0.035,0.082,0.084,1476,1470,1531,1523,10.00,10.06,9.83,9.78
1787304383.483,21.577,True,1,1.754,1.727,0.211,0.235,10.069,10.068,0.321,3.319,0.902,3.317,0.868,0.436,-0.001,0.051,4.04,1.22,157.82,3.74,1.94,-0.034,0.082,0.084,1476,1470,1531,1523,10.00,10.06,19.83,19.78
1787304383.493,21.587,True,1,1.754,1.730,0.211,0.247,10.081,10.080,0.322,3.319,0.902,3.317,0.869,0.436,-0.001,0.051,4.04,1.22,157.82,3.75,1.95,-0.033,0.083,0.084,1476,1470,1531,1524,10.01,10.07,29.84,29.79
1787304383.503,21.597,True,1,1.754,1.733,0.211,0.259,10.093,10.092,0.322,3.319,0.902,3.317,0.870,0.436,-0.001,0.051,4.04,1.22,157.82,3.75,1.95,-0.032,0.083,0.084,1476,1470,1531,1524,9.99,10.06,39.83,39.78
1787304383.513,21.607,True,1,1.754,1.736,0.211,0.271,10.105,10.104,0.322,3.319,0.902,3.317,0.871,0.436,-0.001,0.051,4.04,1.22,157.82,3.76,1.95,-0.032,0.083,0.084,1476,1470,1531,1525,10.00,10.06,49.83,49.78
1787304383.523,21.617,True,1,1.754,1.739,0.211,0.282,10.117,10.116,0.323,3.319,0.902,3.317,0.872,0.436,-0.001,0.051,4.04,1.22,157.82,3.77,1.95,-0.031,0.083,0.083,1476,1470,1531,1525,10.00,10.06,59.83,59.78
1787304383.533,21.627,True,1,1.754,1.742,0.211,0.294,10.129,10.128,0.323,3.319,0.902,3.317,0.873,0.436,-0.001,0.051,4.04,1.22,157.82,3.77,1.96,-0.031,0.084,0.083,1476,1470,1531,1526,10.00,10.06,69.83,69.78
1787304383.543,21.637,True,1,1.754,1.745,0.211,0.306,10.141,10.140,0.324,3.319,0.902,3.317,0.874,0.436,-0.001,0.051,4.04,1.22,157.82,3.78,1.96,-0.030,0.084,0.083,1476,1470,1531,1526,10.00,10.06,79.83,79.78
1787304383.554,21.648,True,1,1.785,1.748,0.222,0.161,9.997,9.997,0.319,3.319,0.908,3.318,0.875,0.443,0.005,0.063,3.98,1.78,157.26,3.95,2.02,-0.006,0.033,0.111,1479,1476,1535,1521,10.00,10.06,-0.58,-0.63
1787304383.563,21.657,True,1,1.785,1.751,0.222,0.172,10.009,10.009,0.319,3.319,0.908,3.318,0.876,0.443,0.005,0.063,3.92,1.88,157.21,3.96,2.03,-0.000,0.023,0.115,1479,1477,1535,1521,10.00,10.07,-0.07,9.37
1787304383.573,21.667,True,1,1.785,1.754,0.222,0.184,10.021,10.021,0.320,3.319,0.908,3.318,0.877,0.443,0.005,0.063,3.92,1.88,157.21,3.97,2.03,0.001,0.023,0.115,1520,1477,1535,1522,9.99,10.06,9.92,19.37
1787304383.583,21.678,True,1,1.796,1.757,0.241,0.096,9.935,9.935,0.317,3.319,0.910,3.318,0.878,0.445,0.006,0.077,3.85,1.96,157.13,4.15,2.10,0.027,0.023,0.118,1522,1477,1536,1519,10.00,10.06,-0.11,-0.16
1787304383.593,21.687,True,1,1.796,1.760,0.241,0.108,9.947,9.947,0.317,3.319,0.910,3.318,0.879,0.445,0.006,0.077,3.85,1.96,157.13,4.15,2.11,0.027,0.023,0.118,1523,1477,1536,1519,10.00,10.06,9.89,9.84
1787304383.603,21.697,True,1,1.796,1.763,0.241,0.119,9.959,9.959,0.318,3.319,0.910,3.318,0.880,0.445,0.006,0.077,3.85,1.96,157.13,4.16,2.11,0.028,0.024,0.118,1523,1477,1536,1519,10.00,10.06,19.89,19.84
1787304383.613,21.707,True,1,1.796,1.766,0.241,0.131,9.971,9.971,0.318,3.319,0.910,3.318,0.881,0.445,0.006,0.077,3.85,1.96,157.13,4.16,2.11,0.029,0.024,0.118,1523,1477,1536,1520,10.00,10.06,29.89,29.84
1787304383.623,21.717,True,1,1.796,1.769,0.241,0.143,9.983,9.983,0.319,3.319,0.910,3.318,0.882,0.445,0.006,0.077,3.85,1.96,157.13,4.17,2.11,0.029,0.024,0.118,1523,1477,1536,1520,10.00,10.06,39.89,39.84
1787304383.633,21.728,True,1,1.807,1.772,0.225,0.158,9.995,9.995,0.319,3.318,0.912,3.318,0.883,0.447,0.004,0.058,3.48,2.10,157.15,3.99,2.05,0.049,0.003,0.118,1525,1479,1536,1521,10.00,10.06,-0.36,-0.31
1787304383.643,21.737,True,1,1.807,1.775,0.225,0.170,10.007,10.007,0.319,3.318,0.912,3.318,0.884,0.447,0.004,0.058,3.48,2.10,157.15,3.99,2.05,0.050,0.003,0.118,1525,1479,1536,1521,10.00,10.06,9.64,9.69
1787304383.653,21.747,True,1,1.807,1.778,0.225,0.181,10.019,10.018,0.320,3.318,0.912,3.318,0.885,0.447,0.004,0.058,3.48,2.10,157.15,4.00,2.06,0.050,0.003,0.118,1525,1479,1536,1522,10.00,10.06,19.64,19.68
1787304383.663,21.757,True,1,1.807,1.781,0.225,0.193,10.031,10.030,0.320,3.318,0.912,3.318,0.886,0.447,0.004,0.058,3.48,2.10,157.15,4.00,2.06,0.051,0.003,0.118,1525,1479,1536,1522,10.00,10.06,29.64,29.68
1787304383.673,21.768,True,1,1.822,1.784,0.227,0.137,9.976,9.974,0.318,3.317,0.916,3.318,0.887,0.450,0.007,0.063,3.22,2.35,157.30,4.11,2.05,0.088,-0.024,0.113,1529,1522,1535,1520,10.00,10.06,-0.31,-0.27
1787304383.683,21.777,True,1,1.822,1.787,0.227,0.149,9.988,9.986,0.319,3.317,0.916,3.318,0.888,0.450,0.007,0.063,3.22,2.35,157.30,4.11,2.06,0.088,-0.024,0.113,1529,1522,1535,1520,10.01,10.07,9.69,9.74
1787304383.693,21.787,True,1,1.822,1.790,0.227,0.160,9.999,9.998,0.319,3.317,0.916,3.318,0.889,0.450,0.007,0.063,3.22,2.35,157.30,4.12,2.06,0.089,-0.024,0.113,1529,1522,1535,1521,9.99,10.06,19.68,19.73
1787304383.703,21.797,True,1,1.822,1.793,0.227,0.172,10.011,10.010,0.319,3.317,0.916,3.318,0.890,0.450,0.007,0.063,3.22,2.35,157.30,4.12,2.06,0.089,-0.023,0.113,1529,1522,1535,1521,10.00,10.06,29.69,29.73
1787304383.713,21.808,True,1,1.831,1.796,0.223,0.163,10.003,10.000,0.319,3.317,0.918,3.318,0.891,0.453,0.021,0.069,3.14,2.47,157.44,4.25,1.95,0.111,-0.048,0.108,1532,1525,1535,1521,10.00,10.06,-0.34,-0.29
1787304383.723,21.817,True,1,1.831,1.799,0.223,0.174,10.014,10.012,0.320,3.317,0.918,3.318,0.892,0.453,0.021,0.069,3.14,2.47,157.44,4.25,1.96,0.112,-0.048,0.108,1532,1525,1535,1521,10.00,10.06,9.65,9.70
1787304383.733,21.827,True,1,1.831,1.802,0.223,0.186,10.026,10.024,0.320,3.317,0.918,3.318,0.893,0.453,0.021,0.069,3.14,2.47,157.44,4.26,1.96,0.112,-0.048,0.108,1532,1525,1535,1522,10.00,10.06,19.66,19.71
1787304383.743,21.837,True,1,1.831,1.805,0.223,0.198,10.038,10.036,0.320,3.317,0.918,3.318,0.893,0.453,0.021,0.069,3.14,2.47,157.44,4.26,1.96,0.113,-0.048,0.108,1532,1525,1535,1522,10.00,10.06,29.65,29.70
1787304383.753,21.847,True,1,1.831,1.808,0.223,0.210,10.050,10.048,0.321,3.317,0.918,3.318,0.894,0.453,0.021,0.069,3.14,2.47,157.44,4.27,1.96,0.113,-0.047,0.108,1532,1525,1535,1523,10.00,10.06,39.66,39.71
1787304383.763,21.858,True,1,1.844,1.811,0.219,0.181,10.024,10.021,0.320,3.316,0.922,3.317,0.895,0.457,0.009,0.084,2.96,2.43,157.72,4.40,2.13,0.147,-0.027,0.095,1536,1523,1533,1522,10.00,10.06,-0.33,-0.28
1787304383.773,21.867,True,1,1.844,1.814,0.219,0.193,10.036,10.033,0.320,3.316,0.922,3.317,0.896,0.457,0.009,0.084,2.96,2.43,157.72,4.41,2.13,0.147,-0.027,0.095,1536,1522,1533,1522,10.01,10.07,9.68,9.72
1787304383.783,21.877,True,1,1.844,1.817,0.219,0.205,10.048,10.045,0.321,3.316,0.922,3.317,0.897,0.457,0.009,0.084,2.96,2.43,157.72,4.41,2.13,0.148,-0.026,0.095,1536,1522,1533,1523,9.99,10.06,19.67,19.72
1787304383.793,21.888,True,1,1.860,1.820,0.244,0.075,9.925,9.920,0.317,3.314,0.928,3.317,0.898,0.463,0.024,0.121,3.02,2.44,157.87,4.89,2.16,0.192,-0.025,0.088,1541,1522,1532,1518,10.00,10.06,-0.21,-0.26
1787304383.803,21.897,True,1,1.860,1.823,0.244,0.087,9.937,9.932,0.317,3.314,0.928,3.317,0.899,0.463,0.024,0.121,3.02,2.44,157.87,4.90,2.16,0.193,-0.025,0.088,1541,1522,1532,1519,10.00,10.06,9.80,9.75
1787304383.813,21.907,True,1,1.860,1.826,0.244,0.099,9.949,9.943,0.317,3.314,0.928,3.317,0.900,0.463,0.024,0.121,3.02,2.44,157.87,4.90,2.16,0.193,-0.024,0.088,1541,1522,1532,1519,10.00,10.06,19.79,19.74
1787304383.823,21.917,True,1,1.860,1.829,0.244,0.110,9.961,9.955,0.318,3.314,0.928,3.317,0.901,0.463,0.024,0.121,3.02,2.44,157.87,4.91,2.17,0.194,-0.024,0.088,1541,1522,1532,1519,10.01,10.07,29.80,29.75
1787304383.833,21.927,True,1,1.860,1.832,0.244,0.122,9.972,9.967,0.318,3.314,0.928,3.317,0.902,0.463,0.024,0.121,3.02,2.44,157.87,4.91,2.17,0.194,-0.024,0.088,1541,1522,1532,1520,10.00,10.06,39.79,39.75
1787304383.843,21.937,True,1,1.860,1.835,0.244,0.134,9.984,9.979,0.318,3.314,0.928,3.317,0.903,0.463,0.024,0.121,3.02,2.44,157.87,4.91,2.17,0.194,-0.024,0.088,1541,1522,1532,1520,10.00,10.06,49.79,49.75
1787304383.853,21.947,True,1,1.860,1.838,0.244,0.146,9.996,9.991,0.319,3.314,0.928,3.317,0.904,0.463,0.024,0.121,3.02,2.44,157.87,4.92,2.17,0.195,-0.023,0.088,1541,1522,1532,1521,10.00,10.06,59.79,59.75
1787304383.864,21.958,True,1,1.881,1.841,0.233,0.104,9.954,9.951,0.318,3.314,0.937,3.317,0.905,0.472,0.014,0.113,3.40,2.33,158.41,4.86,2.20,0.150,-0.010,0.064,1536,1521,1528,1519,10.00,10.06,-0.47,-0.42
1787304383.873,21.967,True,1,1.881,1.844,0.233,0.116,9.966,9.963,0.318,3.314,0.937,3.317,0.906,0.472,0.014,0.113,3.40,2.33,158.41,4.86,2.20,0.150,-0.009,0.064,1536,1521,1528,1520,10.00,10.06,9.53,9.58
1787304383.883,21.977,True,1,1.889,1.847,0.228,0.110,9.961,9.957,0.318,3.314,0.941,3.316,0.907,0.475,0.023,0.118,3.43,2.24,158.51,4.96,2.14,0.158,-0.007,0.059,1537,1520,1528,1519,10.00,10.06,-0.11,-0.16
1787304383.893,21.987,True,1,1.889,1.850,0.228,0.122,9.973,9.970,0.318,3.314,0.941,3.316,0.908,0.475,0.023,0.118,3.60,2.22,158.56,4.97,2.14,0.141,-0.005,0.057,1535,1520,1527,1520,10.00,10.06,-0.06,9.84
1787304383.903,21.997,True,1,1.889,1.853,0.228,0.133,9.985,9.982,0.319,3.314,0.941,3.316,0.909,0.475,0.023,0.118,3.60,2.22,158.56,4.97,2.14,0.141,-0.005,0.057,1535,1520,1527,1520,10.00,10.07,9.94,19.85
1787304383.913,22.007,True,1,1.889,1.856,0.228,0.145,9.996,9.993,0.319,3.314,0.941,3.316,0.910,0.475,0.023,0.118,3.60,2.22,158.56,4.98,2.14,0.142,-0.005,0.057,1535,1520,1527,1521,9.99,10.06,19.94,29.84
1787304383.923,22.017,True,1,1.889,1.859,0.228,0.157,10.008,10.005,0.319,3.314,0.941,3.316,0.911,0.475,0.023,0.118,3.60,2.22,158.56,4.98,2.14,0.142,-0.004,0.057,1535,1520,1527,1521,10.00,10.06,29.94,39.84
1787304383.933,22.027,True,1,1.889,1.862,0.228,0.169,10.020,10.017,0.320,3.314,0.941,3.316,0.912,0.475,0.023,0.118,3.60,2.22,158.56,4.99,2.15,0.143,-0.004,0.057,1535,1520,1527,1522,10.00,10.06,39.94,49.84
1787304383.943,22.037,True,1,1.889,1.865,0.228,0.180,10.032,10.029,0.320,3.314,0.941,3.316,0.913,0.475,0.023,0.118,3.60,2.22,158.56,4.99,2.15,0.143,-0.004,0.057,1535,1520,1527,1522,10.00,10.06,49.94,59.84
1787304383.953,22.047,True,1,1.889,1.868,0.228,0.192,10.044,10.041,0.320,3.314,0.941,3.316,0.914,0.475,0.023,0.118,3.60,2.22,158.56,5.00,2.15,0.144,-0.003,0.057,1535,1520,1527,1522,10.00,10.06,59.94,69.84
1787304383.964,22.058,True,1,1.919,1.871,0.255,0.003,9.862,9.859,0.315,3.314,0.953,3.316,0.915,0.487,0.047,0.150,4.14,1.81,159.07,5.53,2.04,0.144,0.026,0.033,1535,1477,1524,1516,10.00,10.06,-0.50,-0.45
1787304383.973,22.067,True,1,1.919,1.874,0.255,0.015,9.874,9.871,0.315,3.314,0.953,3.316,0.917,0.487,0.047,0.150,4.14,1.81,159.07,5.53,2.04,0.145,0.027,0.033,1535,1477,1524,1516,10.00,10.06,9.49,9.54
1787304383.983,22.078,True,1,1.936,1.877,0.254,-0.035,9.821,9.820,0.313,3.315,0.958,3.316,0.918,0.493,0.024,0.131,4.42,1.91,159.17,5.31,2.21,0.092,0.033,0.028,1530,1476,1523,1514,10.00,10.06,-0.12,-0.17
1787304383.993,22.087,True,1,1.936,1.880,0.254,-0.023,9.833,9.832,0.314,3.315,0.958,3.316,0.919,0.493,0.024,0.131,4.42,1.91,159.17,5.32,2.21,0.093,0.034,0.028,1530,1476,1523,1515,10.00,10.06,9.88,9.83
1787304384.003,22.097,True,1,1.936,1.883,0.254,-0.012,9.845,9.843,0.314,3.315,0.958,3.316,0.921,0.493,0.024,0.131,4.42,1.91,159.17,5.32,2.21,0.093,0.034,0.028,1530,1476,1523,1515,10.00,10.06,19.88,19.83
1787304384.013,22.107,True,1,1.936,1.886,0.254,-0.000,9.856,9.855,0.315,3.315,0.958,3.316,0.922,0.493,0.024,0.131,4.42,1.91,159.17,5.33,2.22,0.094,0.034,0.028,1530,1476,1523,1516,10.00,10.06,29.88,29.83
1787304384.023,22.117,True,1,1.936,1.889,0.254,0.011,9.868,9.867,0.315,3.315,0.958,3.316,0.923,0.493,0.024,0.131,4.42,1.91,159.17,5.34,2.22,0.095,0.035,0.028,1530,1476,1523,1516,10.00,10.06,39.88,39.83
1787304384.033,22.127,True,1,1.936,1.892,0.254,0.023,9.880,9.878,0.315,3.315,0.958,3.316,0.924,0.493,0.024,0.131,4.42,1.91,159.17,5.34,2.22,0.095,0.035,0.028,1530,1476,1523,1517,10.00,10.06,49.88,49.83
1787304384.044,22.138,True,1,1.960,1.895,0.252,-0.061,9.803,9.803,0.313,3.317,0.967,3.316,0.926,0.502,0.032,0.162,5.45,2.27,159.41,5.74,2.26,0.030,0.000,0.020,1523,1479,1522,1514,10.00,10.06,-0.45,-0.40
1787304384.053,22.147,True,1,1.960,1.898,0.252,-0.049,9.814,9.814,0.313,3.317,0.967,3.316,0.927,0.502,0.032,0.162,5.45,2.27,159.41,5.75,2.26,0.031,0.000,0.020,1523,1479,1522,1514,10.00,10.06,9.56,9.61
1787304384.063,22.157,True,1,1.960,1.901,0.252,-0.038,9.826,9.826,0.314,3.317,0.967,3.316,0.928,0.502,0.032,0.162,5.45,2.27,159.41,5.75,2.26,0.031,0.001,0.020,1523,1479,1522,1515,10.00,10.06,19.55,19.60
1787304384.073,22.167,True,1,1.960,1.904,0.252,-0.027,9.837,9.837,0.314,3.317,0.967,3.316,0.930,0.502,0.032,0.162,5.45,2.27,159.41,5.76,2.26,0.032,0.001,0.020,1523,1479,1522,1515,10.00,10.06,29.55,29.60
1787304384.083,22.177,True,1,1.960,1.907,0.252,-0.015,9.849,9.849,0.314,3.317,0.967,3.316,0.931,0.502,0.032,0.162,5.45,2.27,159.41,5.77,2.27,0.033,0.001,0.020,1523,1479,1522,1516,10.00,10.06,39.55,39.60
1787304384.093,22.187,True,1,1.960,1.910,0.252,-0.004,9.861,9.861,0.315,3.317,0.967,3.316,0.932,0.502,0.032,0.162,5.45,2.27,159.41,5.77,2.27,0.033,0.002,0.020,1523,1479,1522,1516,10.00,10.06,49.55,49.60
1787304384.103,22.197,True,1,1.960,1.913,0.252,0.008,9.873,9.872,0.315,3.317,0.967,3.316,0.933,0.502,0.032,0.162,5.45,2.27,159.41,5.78,2.27,0.034,0.002,0.020,1523,1479,1522,1516,10.00,10.06,59.56,59.61
1787304384.113,22.207,True,1,1.960,1.916,0.252,0.020,9.884,9.884,0.315,3.317,0.967,3.316,0.934,0.502,0.032,0.162,5.45,2.27,159.41,5.79,2.27,0.035,0.002,0.020,1523,1479,1522,1517,10.00,10.06,69.55,69.60
1787304384.124,22.218,True,1,2.002,1.919,0.241,-0.102,9.762,9.762,0.312,3.320,0.984,3.316,0.936,0.518,0.020,0.154,6.10,2.65,159.58,5.76,2.38,-0.035,-0.027,0.015,1476,1523,1522,1512,10.00,10.06,-0.51,-0.55
1787304384.133,22.227,True,1,2.002,1.922,0.241,-0.091,9.774,9.774,0.312,3.320,0.984,3.316,0.938,0.518,0.020,0.154,6.10,2.65,159.58,5.77,2.38,-0.034,-0.027,0.015,1476,1522,1522,1513,10.01,10.07,9.50,9.45
1787304384.143,22.237,True,1,2.002,1.925,0.241,-0.079,9.785,9.785,0.312,3.320,0.984,3.316,0.939,0.518,0.020,0.154,6.10,2.65,159.58,5.78,2.38,-0.034,-0.027,0.015,1476,1522,1522,1513,9.99,10.06,19.49,19.45
1787304384.153,22.247,True,1,2.002,1.928,0.241,-0.068,9.797,9.797,0.313,3.320,0.984,3.317,0.941,0.518,0.020,0.154,6.10,2.65,159.58,5.79,2.39,-0.033,-0.026,0.015,1476,1522,1522,1514,10.00,10.06,29.49,29.45
1787304384.163,22.258,True,1,2.016,1.931,0.256,-0.157,9.710,9.710,0.310,3.321,0.990,3.317,0.942,0.524,0.035,0.161,6.14,2.50,159.63,5.98,2.29,-0.018,-0.021,0.012,1478,1522,1521,1510,10.00,10.06,-0.17,-0.22
1787304384.173,22.267,True,1,2.016,1.934,0.256,-0.146,9.722,9.722,0.310,3.321,0.990,3.317,0.944,0.524,0.035,0.161,6.14,2.50,159.63,5.98,2.29,-0.017,-0.020,0.012,1478,1522,1521,1511,10.00,10.06,9.83,9.78
1787304384.183,22.277,True,1,2.016,1.937,0.256,-0.134,9.733,9.733,0.311,3.321,0.990,3.317,0.945,0.524,0.035,0.161,6.14,2.50,159.63,5.99,2.29,-0.016,-0.020,0.012,1478,1522,1521,1511,10.01,10.07,19.84,19.79
1787304384.193,22.288,True,1,2.034,1.940,0.225,-0.106,9.763,9.763,0.312,3.321,0.999,3.317,0.947,0.532,0.029,0.164,5.97,2.37,159.73,6.01,2.36,0.004,-0.001,0.006,1520,1520,1520,1512,9.99,10.07,-0.28,-0.33
1787304384.203,22.297,True,1,2.034,1.943,0.225,-0.095,9.774,9.774,0.312,3.321,0.999,3.317,0.949,0.532,0.029,0.164,5.97,2.37,159.73,6.02,2.36,0.005,-0.001,0.006,1520,1520,1520,1513,10.00,10.06,9.71,9.66
1787304384.213,22.307,True,1,2.034,1.946,0.225,-0.084,9.785,9.785,0.312,3.321,0.999,3.317,0.951,0.532,0.029,0.164,5.97,2.37,159.73,6.03,2.36,0.006,-0.001,0.006,1520,1520,1520,1513,10.00,10.06,19.71,19.66
1787304384.223,22.317,True,1,2.034,1.949,0.225,-0.072,9.797,9.797,0.313,3.321,0.999,3.318,0.952,0.532,0.029,0.164,5.97,2.37,159.73,6.04,2.36,0.007,-0.000,0.006,1520,1520,1520,1514,10.00,10.06,29.71,29.66
1787304384.233,22.327,True,1,2.034,1.952,0.225,-0.061,9.808,9.808,0.313,3.321,0.999,3.318,0.954,0.532,0.029,0.164,5.97,2.37,159.73,6.05,2.37,0.008,0.000,0.006,1520,1479,1520,1514,10.00,10.06,39.71,39.66
1787304384.243,22.337,True,1,2.034,1.955,0.225,-0.050,9.820,9.820,0.313,3.321,0.999,3.318,0.955,0.532,0.029,0.164,5.97,2.37,159.73,6.06,2.37,0.009,0.000,0.006,1520,1479,1520,1514,10.00,10.06,49.71,49.66
1787304384.253,22.347,True,1,2.034,1.958,0.225,-0.039,9.831,9.831,0.314,3.321,0.999,3.318,0.957,0.532,0.029,0.164,5.97,2.37,159.73,6.07,2.37,0.010,0.001,0.006,1521,1479,1520,1515,10.00,10.06,59.71,59.67
1787304384.264,22.358,True,1,2.057,1.961,0.204,-0.053,9.814,9.814,0.313,3.321,1.009,3.318,0.958,0.543,0.047,0.150,6.03,2.55,159.85,6.02,2.13,-0.001,-0.043,0.005,1479,1524,1520,1514,10.00,10.06,-0.48,-0.43
1787304384.273,22.367,True,1,2.057,1.964,0.204,-0.042,9.826,9.825,0.314,3.321,1.009,3.318,0.960,0.543,0.047,0.150,6.03,2.55,159.85,6.03,2.14,0.000,-0.043,0.005,1520,1524,1520,1515,10.00,10.06,9.52,9.57
1787304384.283,22.378,True,1,2.063,1.967,0.209,-0.072,9.801,9.801,0.313,3.321,1.013,3.318,0.962,0.547,0.036,0.171,6.03,2.61,159.82,6.23,2.34,0.020,-0.028,0.005,1522,1523,1520,1514,10.00,10.06,-0.11,-0.16
1787304384.293,22.387,True,1,2.063,1.970,0.209,-0.061,9.812,9.812,0.313,3.321,1.013,3.318,0.964,0.547,0.036,0.171,6.03,2.61,159.82,6.24,2.34,0.021,-0.028,0.005,1522,1523,1520,1514,10.00,10.06,9.89,9.84
1787304384.303,22.397,True,1,2.063,1.973,0.209,-0.050,9.823,9.823,0.314,3.321,1.013,3.318,0.965,0.547,0.036,0.171,6.03,2.61,159.82,6.25,2.35,0.022,-0.027,0.005,1522,1523,1520,1515,10.00,10.06,19.89,19.84
1787304384.313,22.407,True,1,2.063,1.976,0.209,-0.039,9.835,9.835,0.314,3.321,1.013,3.318,0.967,0.547,0.036,0.171,6.03,2.61,159.82,6.25,2.35,0.023,-0.027,0.005,1522,1522,1520,1515,10.00,10.06,29.89,29.84
1787304384.323,22.417,True,1,2.063,1.979,0.209,-0.027,9.846,9.846,0.314,3.321,1.013,3.319,0.968,0.547,0.036,0.171,6.03,2.61,159.82,6.26,2.35,0.024,-0.027,0.005,1522,1522,1520,1515,10.00,10.06,39.89,39.84
1787304384.333,22.427,True,1,2.063,1.982,0.209,-0.016,9.858,9.857,0.315,3.321,1.013,3.319,0.970,0.547,0.036,0.171,6.03,2.61,159.82,6.27,2.35,0.025,-0.026,0.005,1522,1522,1520,1516,10.00,10.06,49.89,49.84
1787304384.343,22.437,True,1,2.063,1.985,0.209,-0.005,9.869,9.869,0.315,3.321,1.013,3.319,0.971,0.547,0.036,0.171,6.03,2.61,159.82,6.28,2.36,0.026,-0.026,0.005,1522,1522,1520,1516,10.00,10.06,59.89,59.84
1787304384.353,22.447,True,1,2.063,1.988,0.209,0.006,9.881,9.880,0.315,3.321,1.013,3.319,0.973,0.547,0.036,0.171,6.03,2.61,159.82,6.29,2.36,0.026,-0.026,0.005,1522,1522,1520,1517,10.00,10.06,69.89,69.84
1787304384.364,22.458,True,1,2.087,1.991,0.131,0.157,10.025,10.025,0.320,3.320,1.026,3.319,0.974,0.560,0.025,0.144,6.14,2.76,159.71,5.91,2.35,-0.024,-0.042,0.011,1477,1524,1521,1522,10.00,10.06,-0.56,-0.51
1787304384.373,22.467,True,1,2.087,1.994,0.131,0.168,10.036,10.036,0.320,3.320,1.026,3.319,0.976,0.560,0.025,0.144,6.14,2.76,159.71,5.92,2.36,-0.023,-0.042,0.011,1477,1524,1521,1522,10.00,10.06,9.44,9.49
1787304384.383,22.478,True,1,2.098,1.997,0.142,0.101,9.975,9.975,0.318,3.319,1.031,3.319,0.978,0.565,0.015,0.167,6.24,2.78,159.66,6.16,2.56,-0.009,-0.021,0.011,1479,1522,1521,1520,10.00,10.06,-0.12,-0.17
1787304384.393,22.487,True,1,2.098,2.000,0.142,0.112,9.986,9.986,0.319,3.319,1.031,3.319,0.980,0.565,0.015,0.167,6.32,2.79,159.65,6.17,2.57,-0.016,-0.022,0.012,1478,1522,1521,1520,10.00,10.06,-0.05,9.83
1787304384.403,22.497,True,1,2.098,2.003,0.142,0.123,9.997,9.997,0.319,3.319,1.031,3.319,0.981,0.565,0.015,0.167,6.32,2.79,159.65,6.18,2.57,-0.015,-0.022,0.012,1478,1522,1521,1521,10.00,10.06,9.95,19.83
1787304384.413,22.507,True,1,2.098,2.006,0.142,0.134,10.009,10.009,0.319,3.319,1.031,3.319,0.983,0.565,0.015,0.167,6.32,2.79,159.65,6.19,2.58,-0.014,-0.021,0.012,1478,1522,1521,1521,10.00,10.06,19.95,29.83
1787304384.423,22.517,True,1,2.098,2.009,0.142,0.145,10.020,10.020,0.320,3.319,1.031,3.319,0.985,0.565,0.015,0.167,6.32,2.79,159.65,6.20,2.58,-0.013,-0.021,0.011,1478,1522,1521,1522,10.00,10.06,29.95,39.83
1787304384.433,22.527,True,1,2.098,2.012,0.142,0.156,10.032,10.032,0.320,3.319,1.031,3.319,0.986,0.565,0.015,0.167,6.32,2.79,159.65,6.20,2.58,-0.012,-0.021,0.011,1478,1522,1521,1522,10.00,10.06,39.95,49.83
1787304384.443,22.538,True,1,2.112,2.015,0.075,0.310,10.179,10.177,0.325,3.319,1.040,3.319,0.988,0.574,0.004,0.137,6.82,2.96,159.49,5.80,2.57,-0.107,-0.039,0.021,1468,1524,1522,1527,10.00,10.06,-0.30,-0.35
1787304384.453,22.547,True,1,2.112,2.018,0.075,0.321,10.191,10.189,0.325,3.319,1.040,3.319,0.990,0.574,0.004,0.137,6.82,2.96,159.49,5.81,2.57,-0.106,-0.038,0.021,1468,1524,1522,1528,10.00,10.06,9.70,9.65
1787304384.463,22.558,True,1,2.118,2.021,0.081,0.290,10.164,10.163,0.324,3.319,1.044,3.319,0.992,0.578,0.017,0.162,6.90,2.92,159.42,6.13,2.56,-0.082,-0.035,0.024,1470,1523,1523,1527,10.00,10.06,-0.18,-0.13
1787304384.473,22.567,True,1,2.118,2.024,0.081,0.301,10.176,10.175,0.325,3.319,1.044,3.319,0.993,0.578,0.017,0.162,6.90,2.92,159.42,6.13,2.57,-0.081,-0.034,0.024,1470,1523,1523,1527,10.00,10.06,9.82,9.87
1787304384.483,22.577,True,1,2.118,2.027,0.081,0.312,10.187,10.186,0.325,3.319,1.044,3.319,0.995,0.578,0.017,0.162,6.90,2.92,159.42,6.14,2.57,-0.080,-0.034,0.023,1471,1523,1523,1528,10.00,10.06,19.82,19.87
1787304384.493,22.587,True,1,2.118,2.030,0.081,0.323,10.199,10.198,0.325,3.319,1.044,3.319,0.997,0.578,0.017,0.162,6.90,2.92,159.42,6.15,2.57,-0.080,-0.034,0.023,1471,1523,1523,1528,10.00,10.06,29.83,29.88
1787304384.503,22.597,True,1,2.118,2.033,0.081,0.334,10.210,10.209,0.326,3.319,1.044,3.319,0.998,0.578,0.017,0.162,6.90,2.92,159.42,6.16,2.58,-0.079,-0.033,0.023,1471,1523,1523,1528,10.00,10.06,39.82,39.87
1787304384.513,22.608,True,1,2.128,2.036,0.058,0.378,10.252,10.250,0.327,3.319,1.049,3.319,1.000,0.583,0.007,0.150,6.99,2.79,159.31,6.00,2.63,-0.106,-0.014,0.026,1468,1521,1523,1530,10.00,10.06,-0.31,-0.26
1787304384.523,22.618,True,1,2.133,2.039,0.033,0.442,10.311,10.309,0.329,3.319,1.054,3.319,1.002,0.588,0.008,0.129,6.87,2.68,159.26,5.79,2.54,-0.115,-0.011,0.028,1467,1521,1523,1532,10.00,10.06,-0.11,-0.16
1787304384.533,22.627,True,1,2.133,2.042,0.033,0.453,10.322,10.321,0.329,3.319,1.054,3.319,1.003,0.588,0.008,0.129,6.87,2.68,159.26,5.80,2.55,-0.114,-0.010,0.028,1467,1521,1523,1532,10.00,10.06,9.89,9.85
1787304384.543,22.637,True,1,2.133,2.045,0.033,0.464,10.334,10.332,0.330,3.319,1.054,3.319,1.005,0.588,0.008,0.129,6.87,2.68,159.26,5.80,2.55,-0.113,-0.010,0.028,1467,1521,1523,1533,9.99,10.06,19.89,19.84
1787304384.553,22.647,True,1,2.133,2.048,0.033,0.475,10.345,10.343,0.330,3.319,1.054,3.319,1.007,0.588,0.008,0.129,6.87,2.68,159.26,5.81,2.55,-0.112,-0.009,0.028,1467,1521,1523,1533,10.00,10.06,29.89,29.84
1787304384.563,22.657,True,1,2.133,2.051,0.033,0.486,10.357,10.355,0.330,3.319,1.054,3.319,1.008,0.588,0.008,0.129,6.87,2.68,159.26,5.82,2.56,-0.111,-0.009,0.028,1467,1521,1523,1534,10.00,10.06,39.89,39.84
1787304384.573,22.667,True,1,2.133,2.054,0.033,0.497,10.368,10.366,0.331,3.319,1.054,3.319,1.010,0.588,0.008,0.129,6.87,2.68,159.26,5.83,2.56,-0.110,-0.009,0.028,1467,1520,1523,1534,10.00,10.06,49.89,49.84
1787304384.583,22.678,True,1,2.145,2.057,-0.001,0.564,10.432,10.431,0.333,3.318,1.062,3.319,1.012,0.596,0.009,0.118,6.53,2.33,159.28,5.71,2.50,-0.087,0.021,0.023,1470,1477,1523,1536,10.00,10.06,-0.37,-0.42
1787304384.593,22.687,True,1,2.145,2.060,-0.001,0.575,10.444,10.443,0.333,3.318,1.062,3.319,1.013,0.596,0.009,0.118,6.53,2.33,159.28,5.72,2.50,-0.086,0.021,0.023,1470,1477,1523,1537,10.00,10.06,9.63,9.58
1787304384.603,22.698,True,1,2.147,2.063,0.003,0.562,10.428,10.427,0.333,3.318,1.064,3.319,1.015,0.598,0.017,0.101,6.39,2.25,159.31,5.62,2.38,-0.082,0.016,0.022,1470,1478,1523,1536,10.00,10.06,-0.17,-0.12
1787304384.613,22.707,True,1,2.147,2.066,0.003,0.574,10.440,10.439,0.333,3.318,1.064,3.319,1.017,0.598,0.017,0.101,6.39,2.25,159.31,5.62,2.38,-0.081,0.017,0.022,1470,1478,1523,1536,10.00,10.06,9.83,9.88
1787304384.623,22.717,True,1,2.147,2.069,0.003,0.585,10.451,10.450,0.334,3.318,1.064,3.319,1.018,0.598,0.017,0.101,6.39,2.25,159.31,5.63,2.39,-0.080,0.017,0.022,1471,1478,1523,1537,10.00,10.06,19.83,19.88
1787304384.633,22.727,True,1,2.147,2.072,0.003,0.596,10.463,10.462,0.334,3.318,1.064,3.319,1.020,0.598,0.017,0.101,6.39,2.25,159.31,5.64,2.39,-0.079,0.017,0.022,1471,1478,1523,1537,10.00,10.06,29.83,29.88
1787304384.643,22.737,True,1,2.147,2.075,0.003,0.607,10.474,10.473,0.334,3.318,1.064,3.319,1.021,0.598,0.017,0.101,6.39,2.25,159.31,5.65,2.40,-0.078,0.018,0.022,1471,1478,1523,1538,10.00,10.06,39.83,39.88
1787304384.653,22.747,True,1,2.147,2.078,0.003,0.619,10.486,10.485,0.335,3.318,1.064,3.319,1.023,0.598,0.017,0.101,6.39,2.25,159.31,5.66,2.40,-0.077,0.018,0.022,1471,1477,1523,1538,10.00,10.06,49.83,49.88
1787304384.663,22.757,True,1,2.147,2.081,0.003,0.630,10.497,10.496,0.335,3.318,1.064,3.319,1.024,0.598,0.017,0.101,6.39,2.25,159.31,5.67,2.40,-0.077,0.019,0.022,1471,1477,1523,1538,10.00,10.06,59.83,59.88
1787304384.673,22.767,True,1,2.147,2.084,0.003,0.641,10.509,10.508,0.335,3.318,1.064,3.319,1.025,0.598,0.017,0.101,6.39,2.25,159.31,5.67,2.41,-0.076,0.019,0.022,1471,1477,1523,1539,10.00,10.06,69.83,69.88
1787304384.683,22.777,True,1,2.147,2.087,0.003,0.653,10.520,10.520,0.336,3.318,1.064,3.318,1.027,0.598,0.017,0.101,6.39,2.25,159.31,5.68,2.41,-0.075,0.019,0.022,1471,1477,1523,1539,10.01,10.07,79.84,79.89
1787304384.694,22.788,True,1,2.160,2.090,-0.034,0.727,10.590,10.588,0.338,3.316,1.074,3.318,1.028,0.608,-0.012,0.075,6.01,1.84,159.36,5.33,2.57,-0.072,0.079,0.014,1471,1471,1521,1542,10.00,10.07,-0.63,-0.58
1787304384.703,22.797,True,1,2.160,2.093,-0.034,0.738,10.602,10.600,0.338,3.316,1.074,3.318,1.030,0.608,-0.012,0.075,6.01,1.84,159.36,5.34,2.58,-0.071,0.079,0.014,1472,1471,1521,1542,9.99,10.06,9.37,9.41
1787304384.713,22.807,True,1,2.160,2.096,-0.034,0.750,10.613,10.612,0.339,3.316,1.074,3.318,1.031,0.608,-0.012,0.075,6.01,1.84,159.36,5.34,2.58,-0.070,0.080,0.014,1472,1471,1521,1542,10.00,10.06,19.36,19.41
1787304384.723,22.817,True,1,2.160,2.099,-0.034,0.761,10.625,10.623,0.339,3.316,1.074,3.318,1.033,0.608,-0.012,0.075,6.01,1.84,159.36,5.35,2.58,-0.069,0.080,0.014,1472,1471,1521,1543,10.00,10.06,29.36,29.41
1787304384.733,22.827,True,1,2.160,2.102,-0.034,0.773,10.637,10.635,0.339,3.316,1.074,3.318,1.034,0.608,-0.012,0.075,6.01,1.84,159.36,5.36,2.59,-0.069,0.080,0.014,1472,1471,1521,1543,10.00,10.06,39.36,39.41
1787304384.743,22.837,True,1,2.160,2.105,-0.034,0.784,10.648,10.647,0.340,3.316,1.074,3.318,1.035,0.608,-0.012,0.075,6.01,1.84,159.36,5.37,2.59,-0.068,0.081,0.014,1472,1471,1521,1544,10.00,10.06,49.36,49.41
1787304384.753,22.847,True,1,2.160,2.108,-0.034,0.795,10.660,10.658,0.340,3.316,1.074,3.318,1.037,0.608,-0.012,0.075,6.01,1.84,159.36,5.38,2.59,-0.067,0.081,0.014,1472,1470,1521,1544,10.00,10.06,59.37,59.41
1787304384.764,22.858,True,1,2.170,2.111,-0.049,0.811,10.674,10.674,0.341,3.315,1.084,3.318,1.038,0.618,0.006,0.070,5.72,1.83,159.69,5.41,2.38,-0.033,0.058,0.002,1476,1473,1520,1545,10.00,10.06,-0.51,-0.56
1787304384.773,22.867,True,1,2.170,2.114,-0.049,0.823,10.686,10.685,0.341,3.315,1.084,3.318,1.040,0.618,0.006,0.070,5.72,1.83,159.69,5.42,2.38,-0.032,0.058,0.002,1476,1473,1520,1545,10.00,10.06,9.49,9.44
1787304384.783,22.877,True,1,2.170,2.117,-0.049,0.834,10.698,10.697,0.341,3.315,1.084,3.318,1.041,0.618,0.006,0.070,5.72,1.83,159.69,5.42,2.38,-0.032,0.059,0.002,1476,1473,1520,1545,10.00,10.06,19.49,19.44
1787304384.793,22.887,True,1,2.170,2.120,-0.049,0.846,10.710,10.709,0.342,3.315,1.084,3.318,1.043,0.618,0.006,0.070,5.72,1.83,159.69,5.43,2.39,-0.031,0.059,0.002,1476,1473,1520,1546,10.00,10.06,29.49,29.44
1787304384.803,22.897,True,1,2.170,2.123,-0.049,0.857,10.721,10.721,0.342,3.315,1.084,3.317,1.044,0.618,0.006,0.070,5.72,1.83,159.69,5.44,2.39,-0.030,0.059,0.002,1476,1473,1520,1546,10.00,10.06,39.49,39.44
1787304384.813,22.907,True,1,2.170,2.126,-0.049,0.869,10.733,10.732,0.343,3.315,1.084,3.317,1.045,0.618,0.006,0.070,5.72,1.83,159.69,5.45,2.40,-0.029,0.060,0.001,1476,1473,1520,1547,10.00,10.06,49.49,49.44
1787304384.823,22.917,True,1,2.170,2.129,-0.049,0.880,10.745,10.744,0.343,3.315,1.084,3.317,1.047,0.618,0.006,0.070,5.72,1.83,159.69,5.45,2.40,-0.028,0.060,0.001,1476,1473,1520,1547,10.00,10.06,59.49,59.44
1787304384.833,22.927,True,1,2.170,2.132,-0.049,0.892,10.757,10.756,0.343,3.315,1.084,3.317,1.048,0.618,0.006,0.070,5.72,1.83,159.69,5.46,2.40,-0.028,0.060,0.001,1476,1473,1520,1547,10.00,10.06,69.49,69.44
1787304384.844,22.938,True,1,2.177,2.135,-0.071,0.940,10.801,10.801,0.345,3.314,1.091,3.317,1.049,0.625,-0.001,0.046,5.26,2.43,160.05,5.23,2.36,-0.003,-0.008,-0.007,1479,1520,1478,1549,10.00,10.06,-0.54,-0.58
1787304384.853,22.947,True,1,2.177,2.138,-0.071,0.951,10.812,10.812,0.345,3.314,1.091,3.317,1.051,0.625,-0.001,0.046,5.26,2.43,160.05,5.23,2.36,-0.003,-0.008,-0.008,1479,1520,1478,1549,10.00,10.06,9.46,9.41
1787304384.863,22.957,True,1,2.177,2.141,-0.071,0.963,10.824,10.824,0.345,3.314,1.091,3.317,1.052,0.625,-0.001,0.046,5.26,2.43,160.05,5.24,2.36,-0.002,-0.007,-0.008,1479,1520,1478,1550,10.00,10.06,19.46,19.42
1787304384.873,22.967,True,1,2.177,2.144,-0.071,0.975,10.836,10.836,0.346,3.314,1.091,3.317,1.053,0.625,-0.001,0.046,5.26,2.43,160.05,5.25,2.37,-0.001,-0.007,-0.008,1479,1520,1478,1550,10.00,10.06,29.46,29.41
1787304384.883,22.977,True,1,2.177,2.147,-0.071,0.986,10.848,10.848,0.346,3.314,1.091,3.317,1.055,0.625,-0.001,0.046,5.26,2.43,160.05,5.26,2.37,-0.000,-0.007,-0.008,1479,1520,1478,1551,10.00,10.06,39.46,39.41
1787304384.893,22.987,True,1,2.177,2.150,-0.071,0.998,10.860,10.860,0.347,3.314,1.091,3.317,1.056,0.625,-0.001,0.046,5.26,2.43,160.05,5.26,2.37,0.001,-0.006,-0.008,1520,1520,1478,1551,10.00,10.06,49.46,49.42
1787304384.903,22.997,True,1,2.177,2.153,-0.071,1.010,10.872,10.872,0.347,3.314,1.091,3.317,1.057,0.625,-0.001,0.046,5.26,2.43,160.05,5.27,2.38,0.001,-0.006,-0.008,1520,1520,1478,1551,10.00,10.06,59.46,59.42
1787304384.913,23.007,True,1,2.177,2.156,-0.071,1.022,10.884,10.884,0.347,3.314,1.091,3.317,1.058,0.625,-0.001,0.046,5.26,2.43,160.05,5.28,2.38,0.002,-0.006,-0.008,1520,1520,1478,1552,10.00,10.06,69.46,69.42
1787304384.923,23.017,True,1,2.177,2.159,-0.071,1.034,10.896,10.896,0.348,3.314,1.091,3.316,1.059,0.625,-0.001,0.046,5.26,2.43,160.05,5.28,2.38,0.003,-0.005,-0.008,1520,1520,1478,1552,10.00,10.06,79.46,79.41
1787304384.934,23.028,True,1,2.184,2.162,-0.037,0.914,10.778,10.778,0.344,3.315,1.098,3.316,1.061,0.633,0.018,0.051,5.09,2.84,160.46,5.48,2.22,0.042,-0.068,-0.020,1524,1527,1477,1548,10.00,10.06,-0.56,-0.61
1787304384.943,23.037,True,1,2.184,2.165,-0.037,0.926,10.790,10.790,0.344,3.315,1.098,3.316,1.062,0.633,0.018,0.051,5.09,2.84,160.46,5.49,2.22,0.043,-0.068,-0.020,1524,1527,1477,1549,10.00,10.06,9.44,9.39
1787304384.953,23.047,True,1,2.184,2.168,-0.037,0.938,10.803,10.802,0.345,3.315,1.098,3.316,1.063,0.633,0.018,0.051,5.09,2.84,160.46,5.50,2.22,0.044,-0.067,-0.020,1524,1527,1477,1549,10.00,10.06,19.44,19.40
1787304384.963,23.057,True,1,2.184,2.171,-0.037,0.950,10.815,10.814,0.345,3.315,1.098,3.316,1.064,0.633,0.018,0.051,5.09,2.84,160.46,5.50,2.22,0.044,-0.067,-0.020,1524,1527,1477,1549,10.00,10.06,29.44,29.39
1787304384.973,23.067,True,1,2.184,2.174,-0.037,0.962,10.827,10.826,0.346,3.315,1.098,3.316,1.065,0.633,0.018,0.051,5.09,2.84,160.46,5.51,2.23,0.045,-0.067,-0.020,1525,1527,1477,1550,10.00,10.06,39.44,39.39
1787304384.983,23.077,True,1,2.184,2.177,-0.037,0.974,10.839,10.838,0.346,3.315,1.098,3.316,1.066,0.633,0.018,0.051,5.09,2.84,160.46,5.52,2.23,0.046,-0.066,-0.020,1525,1527,1477,1550,10.00,10.06,49.44,49.40
1787304384.993,23.087,True,1,2.184,2.180,-0.037,0.986,10.851,10.850,0.346,3.315,1.098,3.316,1.067,0.633,0.018,0.051,5.09,2.84,160.46,5.52,2.23,0.046,-0.066,-0.020,1525,1527,1477,1551,10.00,10.06,59.44,59.39
1787304385.003,23.097,True,1,2.184,2.183,-0.037,0.998,10.863,10.862,0.347,3.315,1.098,3.316,1.069,0.633,0.018,0.051,5.09,2.84,160.46,5.53,2.24,0.047,-0.066,-0.020,1525,1527,1477,1551,10.00,10.06,69.44,69.39
1787304385.014,23.108,True,1,2.191,2.186,-0.030,0.962,10.822,10.820,0.345,3.316,1.104,3.316,1.070,0.638,0.033,0.021,4.99,2.93,160.95,5.36,1.97,0.041,-0.105,-0.038,1524,1531,1474,1550,10.00,10.06,-0.56,-0.60
1787304385.023,23.117,True,1,2.191,2.189,-0.030,0.974,10.834,10.832,0.346,3.316,1.104,3.316,1.071,0.638,0.033,0.021,4.99,2.93,160.95,5.36,1.97,0.041,-0.104,-0.038,1524,1531,1474,1550,10.00,10.06,9.45,9.40
1787304385.033,23.127,True,1,2.191,2.192,-0.030,0.986,10.846,10.845,0.346,3.316,1.104,3.316,1.072,0.638,0.033,0.021,4.99,2.93,160.95,5.37,1.97,0.042,-0.104,-0.038,1524,1531,1474,1550,10.00,10.06,19.44,19.39
1787304385.043,23.137,True,1,2.191,2.195,-0.030,0.998,10.859,10.857,0.347,3.316,1.104,3.316,1.073,0.638,0.033,0.021,4.99,2.93,160.95,5.38,1.98,0.043,-0.104,-0.038,1524,1531,1474,1551,10.00,10.06,29.45,29.40
1787304385.053,23.147,True,1,2.191,2.198,-0.030,1.010,10.871,10.869,0.347,3.316,1.104,3.316,1.074,0.638,0.033,0.021,4.99,2.93,160.95,5.38,1.98,0.043,-0.104,-0.038,1524,1531,1474,1551,10.00,10.06,39.44,39.39
1787304385.063,23.157,True,1,2.191,2.201,-0.030,1.022,10.883,10.881,0.347,3.316,1.104,3.316,1.075,0.638,0.033,0.021,4.99,2.93,160.95,5.39,1.98,0.044,-0.103,-0.038,1524,1531,1474,1552,10.00,10.06,49.45,49.40
1787304385.073,23.167,True,1,2.191,2.204,-0.030,1.034,10.895,10.894,0.348,3.316,1.104,3.316,1.076,0.638,0.033,0.021,4.99,2.93,160.95,5.39,1.98,0.045,-0.103,-0.038,1524,1531,1474,1552,10.00,10.06,59.45,59.40
1787304385.083,23.177,True,1,2.191,2.207,-0.030,1.046,10.908,10.906,0.348,3.316,1.104,3.316,1.077,0.638,0.033,0.021,4.99,2.93,160.95,5.40,1.99,0.045,-0.103,-0.038,1525,1531,1474,1552,10.00,10.06,69.44,69.39
1787304385.093,23.187,True,1,2.191,2.210,-0.030,1.058,10.920,10.918,0.348,3.316,1.104,3.316,1.078,0.638,0.033,0.021,4.99,2.93,160.95,5.40,1.99,0.046,-0.103,-0.038,1525,1531,1474,1553,10.00,10.06,79.45,79.40
1787304385.104,23.198,True,1,2.200,2.213,0.051,0.794,10.664,10.662,0.340,3.318,1.110,3.316,1.079,0.644,0.047,0.053,5.03,2.34,161.14,5.90,2.00,0.093,-0.040,-0.052,1530,1524,1472,1544,10.00,10.06,-0.56,-0.61
1787304385.113,23.207,True,1,2.200,2.216,0.051,0.806,10.676,10.674,0.341,3.318,1.110,3.316,1.080,0.644,0.047,0.053,5.03,2.34,161.14,5.90,2.00,0.093,-0.040,-0.052,1530,1524,1472,1545,10.00,10.06,9.44,9.39
1787304385.123,23.217,True,1,2.200,2.219,0.051,0.818,10.688,10.687,0.341,3.318,1.110,3.316,1.081,0.644,0.047,0.053,5.03,2.34,161.14,5.91,2.01,0.094,-0.040,-0.052,1530,1524,1472,1545,10.00,10.06,19.44,19.39
1787304385.133,23.227,True,1,2.200,2.222,0.051,0.831,10.701,10.699,0.341,3.318,1.110,3.316,1.082,0.644,0.047,0.053,5.03,2.34,161.14,5.91,2.01,0.095,-0.039,-0.052,1530,1524,1472,1545,10.00,10.06,29.44,29.39
1787304385.143,23.237,True,1,2.200,2.225,0.051,0.843,10.713,10.712,0.342,3.318,1.110,3.316,1.083,0.644,0.047,0.053,5.03,2.34,161.14,5.92,2.01,0.095,-0.039,-0.052,1530,1524,1472,1546,10.00,10.06,39.44,39.39
1787304385.153,23.248,True,1,2.208,2.228,0.072,0.761,10.629,10.628,0.339,3.319,1.114,3.316,1.084,0.648,0.063,0.039,4.92,2.07,161.08,5.89,1.84,0.104,-0.028,-0.051,1531,1523,1472,1543,10.00,10.06,-0.37,-0.42
1787304385.163,23.257,True,1,2.208,2.231,0.072,0.773,10.642,10.640,0.340,3.319,1.114,3.316,1.085,0.648,0.063,0.039,4.92,2.07,161.08,5.90,1.85,0.105,-0.028,-0.051,1531,1523,1472,1543,10.00,10.06,9.63,9.58
1787304385.173,23.267,True,1,2.208,2.234,0.072,0.785,10.654,10.652,0.340,3.319,1.114,3.317,1.086,0.648,0.063,0.039,4.92,2.07,161.08,5.90,1.85,0.105,-0.028,-0.051,1531,1523,1472,1544,10.00,10.06,19.63,19.58
1787304385.183,23.278,True,1,2.210,2.237,0.067,0.804,10.670,10.669,0.341,3.319,1.115,3.317,1.087,0.648,0.049,0.026,4.89,1.96,161.05,5.75,1.94,0.092,-0.006,-0.051,1530,1520,1472,1544,10.01,10.07,-0.22,-0.17
1787304385.193,23.287,True,1,2.210,2.240,0.067,0.816,10.682,10.681,0.341,3.319,1.115,3.317,1.088,0.648,0.049,0.026,4.89,1.96,161.05,5.75,1.94,0.092,-0.006,-0.051,1530,1520,1472,1545,9.99,10.06,9.77,9.82
1787304385.203,23.297,True,1,2.210,2.243,0.067,0.828,10.695,10.694,0.341,3.319,1.115,3.317,1.089,0.648,0.049,0.026,4.89,1.96,161.05,5.76,1.94,0.093,-0.006,-0.051,1530,1520,1472,1545,10.00,10.06,19.78,19.82
1787304385.213,23.307,True,1,2.210,2.246,0.067,0.841,10.707,10.706,0.342,3.319,1.115,3.317,1.090,0.648,0.049,0.026,4.89,1.96,161.05,5.76,1.94,0.093,-0.006,-0.051,1530,1520,1472,1546,10.00,10.06,29.77,29.82
1787304385.223,23.318,True,1,2.219,2.249,0.095,0.733,10.599,10.598,0.338,3.321,1.118,3.317,1.091,0.651,0.032,0.015,4.93,1.87,160.84,5.67,2.11,0.079,0.021,-0.045,1528,1477,1473,1542,10.00,10.06,-0.32,-0.27
1787304385.233,23.327,True,1,2.219,2.252,0.095,0.745,10.611,10.610,0.339,3.321,1.118,3.317,1.091,0.651,0.032,0.015,4.93,1.87,160.84,5.67,2.11,0.079,0.021,-0.045,1528,1477,1473,1542,10.00,10.06,9.68,9.73
1787304385.243,23.337,True,1,2.219,2.255,0.095,0.758,10.624,10.623,0.339,3.321,1.118,3.317,1.092,0.651,0.032,0.015,4.93,1.87,160.84,5.68,2.11,0.080,0.021,-0.045,1528,1477,1473,1543,10.00,10.06,19.68,19.73
1787304385.253,23.347,True,1,2.219,2.258,0.095,0.770,10.636,10.635,0.339,3.321,1.118,3.317,1.093,0.651,0.032,0.015,4.93,1.87,160.84,5.68,2.11,0.080,0.022,-0.045,1528,1477,1473,1543,10.00,10.06,29.68,29.73
1787304385.263,23.358,True,1,2.226,2.261,0.108,0.715,10.579,10.578,0.338,3.322,1.120,3.318,1.094,0.653,0.047,0.002,5.14,1.69,160.74,5.65,1.95,0.055,0.024,-0.041,1526,1477,1474,1541,10.00,10.06,-0.30,-0.26
1787304385.273,23.367,True,1,2.226,2.264,0.108,0.727,10.591,10.591,0.338,3.322,1.120,3.318,1.095,0.653,0.047,0.002,5.14,1.69,160.74,5.65,1.95,0.055,0.024,-0.041,1526,1477,1474,1542,10.00,10.06,9.70,9.74
1787304385.283,23.377,True,1,2.226,2.267,0.108,0.739,10.604,10.603,0.338,3.322,1.120,3.318,1.096,0.653,0.047,0.002,5.14,1.69,160.74,5.66,1.96,0.056,0.024,-0.041,1526,1477,1474,1542,10.00,10.06,19.70,19.75
1787304385.293,23.387,True,1,2.226,2.270,0.108,0.752,10.616,10.616,0.339,3.322,1.120,3.318,1.097,0.653,0.047,0.002,5.14,1.69,160.74,5.66,1.96,0.056,0.024,-0.041,1526,1477,1474,1543,10.00,10.06,29.70,29.74
1787304385.303,23.397,True,1,2.226,2.273,0.108,0.764,10.629,10.629,0.339,3.322,1.120,3.318,1.097,0.653,0.047,0.002,5.14,1.69,160.74,5.67,1.96,0.057,0.024,-0.041,1526,1477,1474,1543,10.00,10.06,39.69,39.74
1787304385.313,23.407,True,1,2.226,2.276,0.108,0.777,10.642,10.641,0.340,3.322,1.120,3.318,1.098,0.653,0.047,0.002,5.14,1.69,160.74,5.67,1.96,0.057,0.025,-0.041,1526,1477,1474,1543,10.00,10.06,49.70,49.74
1787304385.323,23.417,True,1,2.226,2.279,0.108,0.789,10.654,10.654,0.340,3.322,1.120,3.318,1.099,0.653,0.047,0.002,5.14,1.69,160.74,5.68,1.96,0.057,0.025,-0.041,1526,1477,1474,1544,10.00,10.06,59.70,59.75
1787304385.333,23.427,True,1,2.226,2.282,0.108,0.802,10.667,10.667,0.340,3.322,1.120,3.319,1.099,0.653,0.047,0.002,5.14,1.69,160.74,5.68,1.96,0.058,0.025,-0.041,1526,1477,1474,1544,10.00,10.06,69.70,69.74
1787304385.344,23.438,True,1,2.246,2.285,0.183,0.510,10.377,10.376,0.331,3.326,1.123,3.319,1.100,0.657,0.049,0.001,6.20,1.46,160.48,5.84,2.03,-0.037,0.056,-0.033,1475,1473,1475,1534,10.00,10.06,-0.51,-0.56
1787304385.353,23.447,True,1,2.246,2.288,0.183,0.522,10.389,10.389,0.332,3.326,1.123,3.319,1.101,0.657,0.049,0.001,6.20,1.46,160.48,5.85,2.03,-0.037,0.056,-0.033,1475,1473,1475,1535,10.00,10.06,9.49,9.44
1787304385.363,23.457,True,1,2.246,2.291,0.183,0.535,10.402,10.401,0.332,3.326,1.123,3.319,1.102,0.657,0.049,0.001,6.20,1.46,160.48,5.85,2.03,-0.036,0.056,-0.033,1475,1473,1475,1535,10.00,10.06,19.49,19.44
1787304385.373,23.468,True,1,2.253,2.294,0.184,0.514,10.380,10.379,0.331,3.328,1.124,3.320,1.103,0.657,0.049,-0.007,6.38,1.36,160.45,5.80,2.01,-0.061,0.065,-0.033,1473,1472,1475,1534,10.00,10.06,-0.17,-0.22
1787304385.383,23.477,True,1,2.253,2.297,0.184,0.526,10.393,10.391,0.332,3.328,1.124,3.320,1.103,0.657,0.049,-0.007,6.38,1.36,160.45,5.80,2.01,-0.060,0.065,-0.033,1473,1472,1475,1535,10.00,10.06,9.83,9.78
1787304385.393,23.487,True,1,2.253,2.300,0.184,0.539,10.405,10.404,0.332,3.328,1.124,3.320,1.104,0.657,0.049,-0.007,6.38,1.36,160.45,5.80,2.01,-0.060,0.065,-0.033,1473,1472,1475,1535,10.00,10.06,19.83,19.78
1787304385.403,23.497,True,1,2.253,2.303,0.184,0.551,10.418,10.417,0.332,3.328,1.124,3.320,1.105,0.657,0.049,-0.007,6.38,1.36,160.45,5.81,2.01,-0.059,0.065,-0.033,1473,1472,1475,1536,10.00,10.06,29.83,29.78
1787304385.413,23.508,True,1,2.267,2.306,0.213,0.424,10.290,10.289,0.328,3.330,1.125,3.321,1.105,0.658,0.065,-0.013,6.50,1.43,160.26,5.89,1.89,-0.063,0.046,-0.023,1472,1474,1476,1531,10.00,10.06,-0.25,-0.30
1787304385.423,23.517,True,1,2.267,2.309,0.213,0.436,10.303,10.302,0.329,3.330,1.125,3.321,1.106,0.658,0.065,-0.013,6.50,1.43,160.26,5.89,1.89,-0.063,0.046,-0.023,1472,1474,1476,1532,10.00,10.06,9.75,9.70
1787304385.433,23.528,True,1,2.270,2.312,0.166,0.576,10.437,10.436,0.333,3.330,1.125,3.321,1.107,0.658,0.058,-0.040,6.34,1.77,160.10,5.54,1.85,-0.084,0.008,-0.011,1470,1479,1478,1536,10.00,10.06,-0.16,-0.12
1787304385.443,23.537,True,1,2.270,2.315,0.166,0.588,10.449,10.448,0.333,3.330,1.125,3.322,1.107,0.658,0.058,-0.040,6.34,1.77,160.10,5.55,1.85,-0.083,0.008,-0.011,1470,1479,1478,1537,10.00,10.06,9.84,9.89
1787304385.453,23.547,True,1,2.270,2.318,0.166,0.601,10.462,10.461,0.334,3.330,1.125,3.322,1.108,0.658,0.058,-0.040,6.34,1.77,160.10,5.55,1.85,-0.083,0.008,-0.011,1470,1479,1478,1537,10.00,10.06,19.83,19.88
1787304385.463,23.557,True,1,2.270,2.321,0.166,0.613,10.475,10.474,0.334,3.330,1.125,3.322,1.108,0.658,0.058,-0.040,6.34,1.77,160.10,5.55,1.85,-0.082,0.008,-0.011,1470,1479,1478,1538,10.00,10.06,29.84,29.89
1787304385.473,23.567,True,1,2.270,2.324,0.166,0.626,10.487,10.486,0.335,3.330,1.125,3.322,1.109,0.658,0.058,-0.040,6.34,1.77,160.10,5.56,1.85,-0.082,0.008,-0.011,1470,1479,1478,1538,10.00,10.06,39.84,39.88
1787304385.483,23.578,True,1,2.282,2.327,0.231,0.397,10.261,10.260,0.327,3.332,1.125,3.323,1.109,0.658,0.063,-0.037,6.46,2.20,159.95,5.74,1.88,-0.075,-0.033,0.000,1471,1523,1520,1530,10.00,10.06,-0.31,-0.26
1787304385.493,23.587,True,1,2.282,2.330,0.231,0.410,10.273,10.272,0.328,3.332,1.125,3.323,1.110,0.658,0.063,-0.037,6.46,2.20,159.95,5.74,1.88,-0.075,-0.033,0.000,1471,1523,1520,1531,10.00,10.06,9.69,9.74
1787304385.503,23.597,True,1,2.288,2.333,0.229,0.401,10.260,10.258,0.327,3.333,1.124,3.323,1.110,0.658,0.053,-0.062,6.52,2.29,159.84,5.48,1.90,-0.109,-0.041,0.006,1467,1524,1520,1530,10.00,10.06,-0.11,-0.16
1787304385.513,23.607,True,1,2.288,2.336,0.229,0.414,10.273,10.271,0.328,3.333,1.124,3.324,1.111,0.658,0.053,-0.062,6.52,2.29,159.84,5.49,1.89,-0.109,-0.041,0.006,1467,1524,1520,1531,10.00,10.06,9.90,9.85
1787304385.523,23.617,True,1,2.288,2.339,0.229,0.426,10.286,10.284,0.328,3.333,1.124,3.324,1.111,0.658,0.053,-0.062,6.52,2.29,159.84,5.49,1.89,-0.108,-0.041,0.006,1467,1524,1520,1531,10.00,10.06,19.89,19.84
1787304385.533,23.627,True,1,2.288,2.342,0.229,0.439,10.298,10.296,0.329,3.333,1.124,3.324,1.112,0.658,0.053,-0.062,6.52,2.29,159.84,5.49,1.89,-0.108,-0.041,0.006,1468,1524,1520,1531,10.00,10.06,29.89,29.84
1787304385.543,23.637,True,1,2.288,2.345,0.229,0.451,10.311,10.309,0.329,3.333,1.124,3.325,1.112,0.658,0.053,-0.062,6.52,2.29,159.84,5.50,1.89,-0.108,-0.041,0.006,1468,1524,1520,1532,10.00,10.06,39.89,39.84
1787304385.553,23.648,True,1,2.305,2.348,0.236,0.373,10.233,10.230,0.327,3.336,1.122,3.325,1.113,0.655,0.080,-0.062,6.45,2.80,159.60,5.63,1.68,-0.086,-0.115,0.024,1470,1532,1523,1529,10.00,10.06,-0.36,-0.41
1787304385.563,23.657,True,1,2.305,2.351,0.236,0.385,10.246,10.243,0.327,3.336,1.122,3.325,1.113,0.655,0.080,-0.062,6.45,2.80,159.60,5.64,1.68,-0.086,-0.115,0.024,1470,1532,1523,1530,10.00,10.06,9.64,9.59
1787304385.573,23.668,True,1,2.309,2.354,0.244,0.361,10.214,10.210,0.326,3.336,1.122,3.326,1.113,0.655,0.062,-0.103,6.31,2.97,159.53,5.20,1.72,-0.117,-0.129,0.029,1467,1534,1523,1528,10.00,10.06,-0.17,-0.12
1787304385.583,23.677,True,1,2.309,2.357,0.244,0.373,10.226,10.222,0.326,3.336,1.122,3.326,1.114,0.655,0.062,-0.103,6.31,2.97,159.53,5.21,1.72,-0.116,-0.129,0.029,1467,1534,1523,1529,10.00,10.06,9.84,9.88
1787304385.593,23.687,True,1,2.309,2.360,0.244,0.386,10.239,10.235,0.327,3.336,1.122,3.326,1.114,0.655,0.062,-0.103,6.31,2.97,159.53,5.21,1.72,-0.116,-0.129,0.029,1467,1534,1523,1529,10.00,10.06,19.83,19.88
1787304385.603,23.698,True,1,2.318,2.363,0.258,0.319,10.173,10.168,0.325,3.338,1.119,3.327,1.114,0.652,0.074,-0.107,6.20,2.99,159.51,5.26,1.60,-0.100,-0.142,0.031,1468,1535,1524,1527,10.00,10.06,-0.11,-0.16
1787304385.613,23.707,True,1,2.318,2.366,0.258,0.332,10.185,10.181,0.325,3.338,1.119,3.327,1.114,0.652,0.074,-0.107,6.20,2.99,159.51,5.26,1.60,-0.100,-0.143,0.031,1468,1535,1524,1527,10.00,10.06,9.89,9.84
1787304385.623,23.717,True,1,2.318,2.369,0.258,0.344,10.198,10.194,0.325,3.338,1.119,3.328,1.114,0.652,0.074,-0.107,6.20,2.99,159.51,5.26,1.60,-0.099,-0.143,0.031,1468,1535,1524,1528,10.00,10.06,19.89,19.84
1787304385.633,23.727,True,1,2.318,2.372,0.258,0.357,10.211,10.206,0.326,3.338,1.119,3.328,1.114,0.652,0.074,-0.107,6.20,2.99,159.51,5.27,1.60,-0.099,-0.143,0.031,1468,1535,1524,1528,10.00,10.06,29.89,29.84
1787304385.643,23.737,True,1,2.318,2.375,0.258,0.369,10.223,10.219,0.326,3.338,1.119,3.328,1.115,0.652,0.074,-0.107,6.20,2.99,159.51,5.27,1.60,-0.099,-0.143,0.031,1469,1535,1524,1529,10.00,10.06,39.89,39.84
1787304385.653,23.747,True,1,2.318,2.378,0.258,0.382,10.236,10.232,0.327,3.338,1.119,3.329,1.115,0.652,0.074,-0.107,6.20,2.99,159.51,5.27,1.60,-0.099,-0.143,0.031,1469,1535,1524,1529,10.00,10.06,49.89,49.84
1787304385.664,23.758,True,1,2.335,2.381,0.231,0.408,10.257,10.251,0.327,3.341,1.115,3.329,1.115,0.648,0.081,-0.134,6.15,3.00,159.25,5.03,1.45,-0.118,-0.158,0.044,1466,1537,1526,1530,10.00,10.06,-0.45,-0.40
1787304385.673,23.767,True,1,2.335,2.384,0.231,0.420,10.270,10.264,0.328,3.341,1.115,3.329,1.115,0.648,0.081,-0.134,6.15,3.00,159.25,5.03,1.45,-0.118,-0.158,0.044,1466,1537,1526,1530,10.00,10.06,9.55,9.60
1787304385.683,23.777,True,1,2.335,2.387,0.231,0.433,10.282,10.277,0.328,3.341,1.115,3.330,1.115,0.648,0.081,-0.134,6.15,3.00,159.25,5.03,1.45,-0.118,-0.158,0.044,1466,1537,1526,1531,10.00,10.07,19.55,19.60
1787304385.693,23.787,True,1,2.335,2.390,0.231,0.445,10.295,10.289,0.328,3.341,1.115,3.330,1.115,0.648,0.081,-0.134,6.15,3.00,159.25,5.03,1.45,-0.118,-0.159,0.044,1466,1537,1526,1531,10.00,10.06,29.55,29.60
1787304385.703,23.797,True,1,2.335,2.393,0.231,0.458,10.308,10.302,0.329,3.341,1.115,3.330,1.115,0.648,0.081,-0.134,6.15,3.00,159.25,5.04,1.45,-0.118,-0.159,0.044,1466,1537,1526,1532,10.00,10.06,39.55,39.60
1787304385.713,23.807,True,1,2.335,2.396,0.231,0.470,10.320,10.315,0.329,3.341,1.115,3.331,1.115,0.648,0.081,-0.134,6.15,3.00,159.25,5.04,1.45,-0.118,-0.159,0.044,1466,1537,1526,1532,10.00,10.06,49.55,49.60
1787304385.723,23.817,True,1,2.335,2.399,0.231,0.483,10.333,10.327,0.330,3.341,1.115,3.331,1.115,0.648,0.081,-0.134,6.15,3.00,159.25,5.04,1.45,-0.118,-0.159,0.044,1466,1537,1526,1533,10.00,10.06,59.55,59.60
1787304385.733,23.827,True,1,2.335,2.402,0.231,0.496,10.346,10.340,0.330,3.341,1.115,3.331,1.115,0.648,0.081,-0.134,6.15,3.00,159.25,5.04,1.45,-0.118,-0.159,0.044,1466,1537,1526,1533,10.00,10.06,69.55,69.60
1787304385.744,23.838,True,1,2.361,2.405,0.228,0.415,10.259,10.253,0.327,3.346,1.103,3.332,1.114,0.636,0.096,-0.176,5.87,2.80,158.97,4.74,1.19,-0.120,-0.164,0.056,1466,1538,1527,1530,10.00,10.06,-0.52,-0.57
1787304385.753,23.847,True,1,2.361,2.408,0.228,0.428,10.272,10.266,0.328,3.346,1.103,3.332,1.114,0.636,0.096,-0.176,5.87,2.80,158.97,4.74,1.19,-0.120,-0.164,0.056,1466,1538,1527,1530,10.00,10.06,9.48,9.43
1787304385.763,23.857,True,1,2.361,2.411,0.228,0.440,10.284,10.278,0.328,3.346,1.103,3.333,1.114,0.636,0.096,-0.176,5.87,2.80,158.97,4.74,1.19,-0.120,-0.164,0.056,1466,1538,1527,1531,10.00,10.06,19.48,19.43
1787304385.773,23.867,True,1,2.361,2.414,0.228,0.453,10.297,10.291,0.328,3.346,1.103,3.333,1.113,0.636,0.096,-0.176,5.87,2.80,158.97,4.74,1.19,-0.120,-0.164,0.056,1466,1538,1527,1531,10.00,10.06,29.48,29.43
1787304385.783,23.877,True,1,2.361,2.417,0.228,0.465,10.309,10.303,0.329,3.346,1.103,3.334,1.113,0.636,0.096,-0.176,5.87,2.80,158.97,4.74,1.18,-0.120,-0.165,0.056,1466,1538,1527,1532,10.00,10.06,39.48,39.43
1787304385.793,23.887,True,1,2.361,2.420,0.228,0.478,10.322,10.316,0.329,3.346,1.103,3.334,1.113,0.636,0.096,-0.176,5.87,2.80,158.97,4.74,1.18,-0.120,-0.165,0.056,1466,1538,1527,1532,10.00,10.06,49.48,49.43
1787304385.803,23.897,True,1,2.361,2.423,0.228,0.491,10.335,10.329,0.330,3.346,1.103,3.335,1.112,0.636,0.096,-0.176,5.87,2.80,158.97,4.74,1.18,-0.120,-0.165,0.056,1466,1538,1527,1533,10.00,10.06,59.48,59.43
1787304385.814,23.908,True,1,2.383,2.426,0.256,0.331,10.171,10.166,0.324,3.353,1.091,3.335,1.112,0.624,0.115,-0.207,5.60,2.48,158.70,4.59,0.92,-0.108,-0.157,0.066,1467,1537,1529,1527,10.00,10.06,-0.54,-0.59
1787304385.823,23.917,True,1,2.383,2.429,0.256,0.343,10.184,10.178,0.325,3.353,1.091,3.336,1.111,0.624,0.115,-0.207,5.60,2.48,158.70,4.59,0.92,-0.108,-0.158,0.067,1467,1537,1529,1527,10.00,10.06,9.46,9.41
1787304385.833,23.927,True,1,2.383,2.432,0.256,0.356,10.196,10.191,0.325,3.353,1.091,3.336,1.110,0.624,0.115,-0.207,5.60,2.48,158.70,4.59,0.91,-0.109,-0.158,0.067,1467,1537,1529,1528,10.00,10.06,19.46,19.41
1787304385.843,23.937,True,1,2.383,2.435,0.256,0.368,10.209,10.203,0.326,3.353,1.091,3.337,1.110,0.624,0.115,-0.207,5.60,2.48,158.70,4.58,0.91,-0.109,-0.158,0.067,1467,1537,1529,1528,10.00,10.06,29.46,29.41
1787304385.853,23.947,True,1,2.383,2.438,0.256,0.381,10.221,10.216,0.326,3.353,1.091,3.337,1.109,0.624,0.115,-0.207,5.60,2.48,158.70,4.58,0.91,-0.109,-0.159,0.067,1467,1537,1529,1529,10.00,10.06,39.46,39.41
1787304385.863,23.957,True,1,2.383,2.441,0.256,0.393,10.234,10.228,0.326,3.353,1.091,3.338,1.108,0.624,0.115,-0.207,5.60,2.48,158.70,4.58,0.90,-0.109,-0.159,0.067,1467,1537,1529,1529,10.00,10.06,49.46,49.41
1787304385.873,23.967,True,1,2.383,2.444,0.256,0.406,10.247,10.241,0.327,3.353,1.091,3.338,1.108,0.624,0.115,-0.207,5.60,2.48,158.70,4.58,0.90,-0.109,-0.159,0.067,1467,1537,1529,1530,10.00,10.06,59.46,59.41
1787304385.883,23.977,True,1,2.383,2.447,0.256,0.419,10.259,10.254,0.327,3.353,1.091,3.339,1.107,0.624,0.115,-0.207,5.60,2.48,158.70,4.58,0.90,-0.109,-0.160,0.067,1467,1537,1529,1530,10.00,10.06,69.46,69.41
1787304385.894,23.988,True,1,2.402,2.450,0.275,0.296,10.135,10.132,0.323,3.360,1.079,3.340,1.106,0.611,0.128,-0.222,5.09,2.02,158.57,4.54,0.74,-0.059,-0.128,0.068,1473,1534,1529,1526,10.00,10.06,-0.56,-0.51
1787304385.903,23.997,True,1,2.402,2.453,0.275,0.308,10.148,10.145,0.324,3.360,1.079,3.340,1.105,0.611,0.128,-0.222,5.09,2.02,158.57,4.54,0.74,-0.060,-0.129,0.068,1473,1534,1529,1526,10.02,10.08,9.46,9.50
1787304385.913,24.007,True,1,2.402,2.456,0.275,0.321,10.160,10.157,0.324,3.360,1.079,3.341,1.105,0.611,0.128,-0.222,5.09,2.02,158.57,4.54,0.73,-0.060,-0.129,0.068,1473,1534,1529,1527,9.99,10.06,19.44,19.49
1787304385.923,24.017,True,1,2.402,2.459,0.275,0.334,10.173,10.170,0.325,3.360,1.079,3.341,1.104,0.611,0.128,-0.222,5.09,2.02,158.57,4.53,0.73,-0.060,-0.130,0.068,1473,1534,1529,1527,10.00,10.06,29.44,29.49
1787304385.933,24.027,True,1,2.402,2.462,0.275,0.346,10.185,10.182,0.325,3.360,1.079,3.342,1.103,0.611,0.128,-0.222,5.09,2.02,158.57,4.53,0.73,-0.060,-0.130,0.068,1473,1534,1529,1527,10.00,10.06,39.44,39.49
1787304385.943,24.037,True,1,2.402,2.465,0.275,0.359,10.198,10.195,0.325,3.360,1.079,3.343,1.102,0.611,0.128,-0.222,5.09,2.02,158.57,4.53,0.72,-0.061,-0.131,0.068,1473,1534,1529,1528,10.00,10.06,49.44,49.49
1787304385.953,24.047,True,1,2.402,2.468,0.275,0.371,10.211,10.208,0.326,3.360,1.079,3.343,1.101,0.611,0.128,-0.222,5.09,2.02,158.57,4.53,0.72,-0.061,-0.131,0.068,1473,1534,1529,1528,10.00,10.06,59.44,59.49
1787304385.963,24.057,True,1,2.402,2.471,0.275,0.384,10.223,10.220,0.326,3.360,1.079,3.344,1.101,0.611,0.128,-0.222,5.09,2.02,158.57,4.52,0.71,-0.061,-0.131,0.068,1473,1534,1529,1529,10.00,10.06,69.44,69.49
1787304385.973,24.067,True,1,2.402,2.474,0.275,0.397,10.236,10.233,0.327,3.360,1.079,3.344,1.100,0.611,0.128,-0.222,5.09,2.02,158.57,4.52,0.71,-0.062,-0.132,0.068,1473,1534,1529,1529,10.00,10.06,79.44,79.49
1787304385.984,24.078,True,1,2.426,2.477,0.280,0.301,10.140,10.139,0.324,3.369,1.062,3.345,1.099,0.595,0.142,-0.229,4.68,1.14,158.80,4.55,0.53,-0.014,-0.059,0.051,1478,1526,1527,1526,10.00,10.06,-0.61,-0.57
1787304385.993,24.087,True,1,2.426,2.480,0.280,0.313,10.152,10.152,0.324,3.369,1.062,3.346,1.097,0.595,0.142,-0.229,4.68,1.14,158.80,4.55,0.53,-0.015,-0.060,0.051,1478,1526,1527,1526,10.00,10.06,9.39,9.44
1787304386.003,24.097,True,1,2.426,2.483,0.280,0.326,10.165,10.164,0.324,3.369,1.062,3.347,1.096,0.595,0.142,-0.229,4.68,1.14,158.80,4.54,0.52,-0.015,-0.060,0.051,1478,1526,1527,1527,10.00,10.07,19.39,19.44
1787304386.013,24.107,True,1,2.426,2.486,0.280,0.338,10.177,10.177,0.325,3.369,1.062,3.347,1.095,0.595,0.142,-0.229,4.68,1.14,158.80,4.54,0.51,-0.016,-0.061,0.051,1478,1526,1527,1527,9.99,10.06,29.39,29.43
1787304386.023,24.117,True,1,2.426,2.489,0.280,0.351,10.190,10.189,0.325,3.369,1.062,3.348,1.094,0.595,0.142,-0.229,4.68,1.14,158.80,4.54,0.51,-0.016,-0.062,0.051,1478,1526,1527,1528,10.00,10.06,39.39,39.44
1787304386.033,24.127,True,1,2.426,2.492,0.280,0.364,10.203,10.202,0.326,3.369,1.062,3.349,1.093,0.595,0.142,-0.229,4.68,1.14,158.80,4.53,0.50,-0.016,-0.062,0.051,1478,1526,1527,1528,10.00,10.07,49.39,49.44
1787304386.043,24.137,True,1,2.426,2.495,0.280,0.376,10.215,10.215,0.326,3.369,1.062,3.350,1.092,0.595,0.142,-0.229,4.68,1.14,158.80,4.53,0.50,-0.017,-0.063,0.051,1478,1526,1527,1529,10.00,10.07,59.39,59.44
1787304386.054,24.148,True,1,2.447,2.498,0.244,0.410,10.245,10.245,0.327,3.378,1.044,3.350,1.090,0.577,0.150,-0.262,4.32,0.47,159.23,4.23,0.26,-0.010,-0.020,0.029,1478,1522,1524,1530,10.00,10.06,-0.52,-0.57
1787304386.063,24.157,True,1,2.447,2.501,0.244,0.423,10.257,10.257,0.327,3.378,1.044,3.351,1.089,0.577,0.150,-0.262,4.32,0.47,159.23,4.23,0.25,-0.010,-0.021,0.029,1478,1522,1524,1530,10.00,10.06,9.48,9.44
1787304386.073,24.167,True,1,2.447,2.504,0.244,0.435,10.270,10.270,0.328,3.378,1.044,3.352,1.087,0.577,0.150,-0.262,4.32,0.47,159.23,4.22,0.25,-0.011,-0.021,0.029,1478,1522,1524,1531,10.00,10.06,19.48,19.43
1787304386.083,24.177,True,1,2.447,2.507,0.244,0.448,10.282,10.282,0.328,3.378,1.044,3.353,1.086,0.577,0.150,-0.262,4.32,0.47,159.23,4.22,0.24,-0.012,-0.022,0.030,1478,1522,1524,1531,10.00,10.06,29.48,29.44
1787304386.093,24.188,True,1,2.452,2.510,0.252,0.415,10.254,10.254,0.327,3.381,1.038,3.354,1.084,0.571,0.161,-0.233,4.23,0.41,159.33,4.54,0.22,0.032,-0.018,0.024,1523,1521,1523,1530,10.00,10.06,-0.18,-0.23
1787304386.103,24.197,True,1,2.452,2.513,0.252,0.428,10.267,10.266,0.328,3.381,1.038,3.355,1.083,0.571,0.161,-0.233,4.23,0.41,159.33,4.53,0.22,0.031,-0.019,0.025,1523,1522,1523,1530,10.00,10.06,9.83,9.78
1787304386.113,24.207,True,1,2.452,2.516,0.252,0.441,10.279,10.279,0.328,3.381,1.038,3.356,1.081,0.571,0.161,-0.233,4.23,0.41,159.33,4.52,0.21,0.031,-0.019,0.025,1523,1522,1523,1531,10.00,10.06,19.82,19.77
1787304386.123,24.218,True,1,2.461,2.519,0.215,0.531,10.366,10.366,0.331,3.385,1.028,3.357,1.079,0.561,0.163,-0.257,4.16,0.30,159.63,4.27,0.08,0.011,-0.022,0.012,1521,1522,1521,1534,10.00,10.06,-0.25,-0.30
1787304386.133,24.227,True,1,2.461,2.522,0.215,0.544,10.379,10.379,0.331,3.385,1.028,3.358,1.078,0.561,0.163,-0.257,4.16,0.30,159.63,4.26,0.08,0.011,-0.023,0.012,1521,1522,1521,1534,10.00,10.06,9.75,9.70
1787304386.143,24.237,True,1,2.461,2.525,0.215,0.556,10.392,10.391,0.332,3.385,1.028,3.359,1.076,0.561,0.163,-0.257,4.16,0.30,159.63,4.25,0.07,0.010,-0.024,0.012,1521,1522,1521,1535,10.00,10.06,19.75,19.70
1787304386.153,24.247,True,1,2.461,2.528,0.215,0.569,10.404,10.404,0.332,3.385,1.028,3.360,1.074,0.561,0.163,-0.257,4.16,0.30,159.63,4.25,0.06,0.009,-0.025,0.012,1521,1522,1521,1535,10.00,10.06,29.75,29.70
1787304386.163,24.257,True,1,2.461,2.531,0.215,0.582,10.417,10.417,0.332,3.385,1.028,3.360,1.073,0.561,0.163,-0.257,4.16,0.30,159.63,4.24,0.06,0.009,-0.025,0.012,1520,1522,1521,1536,10.00,10.06,39.75,39.70
1787304386.173,24.267,True,1,2.461,2.534,0.215,0.594,10.429,10.429,0.333,3.385,1.028,3.361,1.071,0.561,0.163,-0.257,4.16,0.30,159.63,4.23,0.05,0.008,-0.026,0.012,1520,1522,1521,1536,10.01,10.07,49.75,49.71
1787304386.183,24.277,True,1,2.461,2.537,0.215,0.607,10.442,10.442,0.333,3.385,1.028,3.362,1.070,0.561,0.163,-0.257,4.16,0.30,159.63,4.23,0.04,0.007,-0.027,0.012,1520,1522,1521,1537,10.00,10.07,59.76,59.71
1787304386.194,24.288,True,1,2.471,2.540,0.205,0.609,10.444,10.444,0.333,3.391,1.016,3.363,1.068,0.550,0.163,-0.254,3.97,0.25,160.11,4.25,0.01,0.029,-0.026,-0.009,1523,1522,1478,1537,10.00,10.06,-0.49,-0.44
1787304386.203,24.297,True,1,2.471,2.543,0.205,0.621,10.457,10.457,0.334,3.391,1.016,3.364,1.066,0.550,0.163,-0.254,3.97,0.25,160.11,4.24,0.00,0.028,-0.027,-0.009,1523,1522,1478,1537,10.00,10.07,9.51,9.56
1787304386.213,24.308,True,1,2.476,2.546,0.179,0.693,10.529,10.528,0.336,3.394,1.011,3.365,1.065,0.545,0.158,-0.252,3.91,0.22,160.20,4.21,0.03,0.031,-0.020,-0.013,1523,1522,1478,1540,9.99,10.06,-0.12,-0.17
1787304386.223,24.317,True,1,2.476,2.549,0.179,0.706,10.541,10.541,0.336,3.394,1.011,3.366,1.063,0.545,0.158,-0.252,3.88,0.13,160.26,4.20,0.02,0.034,-0.012,-0.016,1523,1521,1477,1540,10.00,10.06,-0.07,9.83
1787304386.233,24.327,True,1,2.476,2.552,0.179,0.719,10.554,10.554,0.337,3.394,1.011,3.367,1.061,0.545,0.158,-0.252,3.88,0.13,160.26,4.20,0.01,0.033,-0.013,-0.016,1523,1521,1477,1540,10.00,10.06,9.94,19.84
1787304386.243,24.337,True,1,2.476,2.555,0.179,0.732,10.567,10.566,0.337,3.394,1.011,3.368,1.059,0.545,0.158,-0.252,3.88,0.13,160.26,4.19,0.01,0.033,-0.014,-0.016,1523,1521,1477,1541,10.00,10.06,19.93,29.84
1787304386.253,24.347,True,1,2.476,2.558,0.179,0.745,10.579,10.579,0.338,3.394,1.011,3.369,1.058,0.545,0.158,-0.252,3.88,0.13,160.26,4.18,-0.00,0.032,-0.015,-0.016,1523,1521,1477,1541,10.00,10.06,29.94,39.84
1787304386.263,24.357,True,1,2.476,2.561,0.179,0.757,10.592,10.592,0.338,3.394,1.011,3.369,1.056,0.545,0.158,-0.252,3.88,0.13,160.26,4.17,-0.01,0.031,-0.015,-0.016,1523,1521,1477,1542,10.00,10.07,39.94,49.84
1787304386.273,24.367,True,1,2.476,2.564,0.179,0.770,10.605,10.605,0.338,3.394,1.011,3.370,1.055,0.545,0.158,-0.252,3.88,0.13,160.26,4.17,-0.01,0.030,-0.016,-0.016,1523,1521,1477,1542,10.00,10.07,49.94,59.84
1787304386.283,24.377,True,1,2.476,2.567,0.179,0.783,10.618,10.618,0.339,3.394,1.011,3.371,1.053,0.545,0.158,-0.252,3.88,0.13,160.26,4.16,-0.02,0.030,-0.017,-0.016,1523,1521,1477,1543,10.00,10.06,59.93,69.84
1787304386.294,24.388,True,1,2.488,2.570,0.197,0.693,10.531,10.529,0.336,3.401,0.997,3.372,1.051,0.531,0.166,-0.226,3.23,0.16,160.40,4.46,-0.03,0.129,-0.021,-0.022,1534,1522,1476,1540,10.00,10.06,-0.51,-0.46
1787304386.303,24.397,True,1,2.488,2.573,0.197,0.705,10.544,10.541,0.336,3.401,0.997,3.373,1.050,0.531,0.166,-0.226,3.23,0.16,160.40,4.45,-0.04,0.128,-0.021,-0.022,1534,1522,1476,1540,10.01,10.07,9.50,9.55
1787304386.313,24.407,True,1,2.488,2.576,0.197,0.718,10.557,10.554,0.337,3.401,0.997,3.374,1.048,0.531,0.166,-0.226,3.23,0.16,160.40,4.44,-0.04,0.127,-0.022,-0.022,1534,1522,1476,1540,9.99,10.06,19.49,19.54
1787304386.323,24.417,True,1,2.488,2.579,0.197,0.731,10.569,10.567,0.337,3.401,0.997,3.375,1.046,0.531,0.166,-0.226,3.23,0.16,160.40,4.43,-0.05,0.126,-0.023,-0.022,1533,1522,1476,1541,10.00,10.06,29.50,29.54
1787304386.333,24.427,True,1,2.488,2.582,0.197,0.744,10.582,10.580,0.338,3.401,0.997,3.376,1.044,0.531,0.166,-0.226,3.23,0.16,160.40,4.42,-0.06,0.126,-0.024,-0.022,1533,1522,1476,1541,10.00,10.06,39.49,39.54
1787304386.343,24.437,True,1,2.488,2.585,0.197,0.757,10.595,10.593,0.338,3.401,0.997,3.377,1.043,0.531,0.166,-0.226,3.23,0.16,160.40,4.42,-0.06,0.125,-0.024,-0.022,1533,1522,1476,1542,10.01,10.07,49.50,49.54
1787304386.353,24.447,True,1,2.488,2.588,0.197,0.770,10.608,10.606,0.339,3.401,0.997,3.377,1.041,0.531,0.166,-0.226,3.23,0.16,160.40,4.41,-0.07,0.124,-0.025,-0.022,1533,1522,1476,1542,10.00,10.06,59.49,59.54
1787304386.363,24.457,True,1,2.488,2.591,0.197,0.783,10.621,10.619,0.339,3.401,0.997,3.378,1.040,0.531,0.166,-0.226,3.23,0.16,160.40,4.40,-0.08,0.123,-0.026,-0.022,1533,1522,1476,1543,10.00,10.06,69.50,69.54
1787304386.374,24.468,True,1,2.502,2.594,0.221,0.669,10.506,10.504,0.335,3.409,0.981,3.379,1.038,0.516,0.149,-0.232,3.31,0.07,160.41,4.33,0.06,0.107,-0.003,-0.024,1531,1520,1476,1539,10.00,10.06,-0.52,-0.57
1787304386.383,24.477,True,1,2.502,2.597,0.221,0.682,10.518,10.517,0.336,3.409,0.981,3.380,1.036,0.516,0.149,-0.232,3.31,0.07,160.41,4.33,0.05,0.106,-0.004,-0.024,1531,1520,1476,1539,10.00,10.06,9.49,9.44
1787304386.393,24.487,True,1,2.502,2.600,0.221,0.695,10.531,10.530,0.336,3.409,0.981,3.381,1.034,0.516,0.149,-0.232,3.31,0.07,160.41,4.32,0.04,0.106,-0.005,-0.024,1531,1520,1476,1540,10.00,10.07,19.49,19.44
1787304386.403,24.497,True,1,2.502,2.603,0.221,0.708,10.544,10.543,0.336,3.409,0.981,3.382,1.032,0.516,0.149,-0.232,3.31,0.07,160.41,4.31,0.03,0.105,-0.005,-0.024,1531,1520,1476,1540,9.99,10.06,29.48,29.43
1787304386.413,24.508,True,1,2.511,2.606,0.232,0.652,10.486,10.486,0.335,3.413,0.974,3.383,1.030,0.509,0.137,-0.243,3.66,-0.13,160.36,4.19,0.10,0.056,0.023,-0.023,1526,1477,1476,1538,10.00,10.06,-0.28,-0.32
1787304386.423,24.517,True,1,2.511,2.609,0.232,0.665,10.499,10.499,0.335,3.413,0.974,3.384,1.029,0.509,0.137,-0.243,3.66,-0.13,160.36,4.18,0.09,0.055,0.022,-0.023,1526,1477,1476,1539,10.00,10.06,9.73,9.68
1787304386.433,24.527,True,1,2.511,2.612,0.232,0.678,10.512,10.512,0.336,3.413,0.974,3.385,1.027,0.509,0.137,-0.243,3.66,-0.13,160.36,4.17,0.08,0.054,0.021,-0.023,1525,1477,1476,1539,10.00,10.06,19.72,19.68
1787304386.443,24.537,True,1,2.511,2.615,0.232,0.691,10.525,10.525,0.336,3.413,0.974,3.386,1.025,0.509,0.137,-0.243,3.66,-0.13,160.36,4.16,0.07,0.053,0.020,-0.023,1525,1477,1476,1539,10.00,10.06,29.73,29.68
1787304386.453,24.548,True,1,2.521,2.618,0.258,0.587,10.423,10.422,0.333,3.417,0.966,3.387,1.023,0.502,0.138,-0.233,3.81,-0.33,160.33,4.30,0.09,0.052,0.043,-0.023,1525,1475,1476,1536,10.00,10.06,-0.26,-0.31
1787304386.463,24.557,True,1,2.521,2.621,0.258,0.600,10.436,10.435,0.333,3.417,0.966,3.388,1.021,0.502,0.138,-0.233,3.81,-0.33,160.33,4.29,0.08,0.051,0.042,-0.023,1525,1475,1476,1536,10.00,10.06,9.74,9.69
1787304386.473,24.567,True,1,2.521,2.624,0.258,0.613,10.448,10.448,0.333,3.417,0.966,3.389,1.019,0.502,0.138,-0.233,3.81,-0.33,160.33,4.28,0.07,0.050,0.041,-0.023,1525,1475,1476,1537,10.00,10.06,19.74,19.69
1787304386.483,24.577,True,1,2.521,2.627,0.258,0.626,10.461,10.461,0.334,3.417,0.966,3.390,1.017,0.502,0.138,-0.233,3.81,-0.33,160.33,4.28,0.07,0.049,0.040,-0.023,1525,1475,1476,1537,10.00,10.07,29.75,29.70
1787304386.493,24.587,True,1,2.521,2.630,0.258,0.639,10.475,10.474,0.334,3.417,0.966,3.391,1.016,0.502,0.138,-0.233,3.81,-0.33,160.33,4.27,0.06,0.048,0.039,-0.023,1525,1475,1476,1538,10.00,10.07,39.75,39.70
1787304386.503,24.597,True,1,2.521,2.633,0.258,0.652,10.488,10.487,0.335,3.417,0.966,3.392,1.014,0.502,0.138,-0.233,3.81,-0.33,160.33,4.26,0.05,0.047,0.039,-0.023,1525,1475,1476,1538,9.99,10.06,49.74,49.69
1787304386.513,24.607,True,1,2.521,2.636,0.258,0.665,10.501,10.500,0.335,3.417,0.966,3.393,1.013,0.502,0.138,-0.233,3.81,-0.33,160.33,4.25,0.04,0.046,0.038,-0.023,1525,1475,1476,1539,10.00,10.06,59.74,59.69
1787304386.523,24.617,True,1,2.521,2.639,0.258,0.678,10.514,10.513,0.336,3.417,0.966,3.393,1.011,0.502,0.138,-0.233,3.81,-0.33,160.33,4.25,0.04,0.046,0.037,-0.023,1525,1475,1476,1539,10.00,10.06,69.74,69.69
1787304386.534,24.628,True,1,2.538,2.642,0.282,0.551,10.386,10.385,0.331,3.422,0.954,3.394,1.009,0.491,0.138,-0.242,4.19,-0.32,160.37,4.21,-0.00,0.002,0.032,-0.025,1520,1476,1476,1535,10.01,10.07,-0.61,-0.56
1787304386.543,24.637,True,1,2.538,2.645,0.282,0.564,10.399,10.398,0.332,3.422,0.954,3.395,1.007,0.491,0.138,-0.242,4.19,-0.32,160.37,4.20,-0.01,0.001,0.031,-0.025,1520,1476,1476,1535,10.00,10.07,9.39,9.43
1787304386.553,24.647,True,1,2.538,2.648,0.282,0.577,10.412,10.411,0.332,3.422,0.954,3.396,1.006,0.491,0.138,-0.242,4.19,-0.32,160.37,4.19,-0.02,0.000,0.030,-0.025,1520,1476,1476,1535,9.99,10.06,19.38,19.42
1787304386.563,24.657,True,1,2.538,2.651,0.282,0.590,10.425,10.425,0.333,3.422,0.954,3.397,1.004,0.491,0.138,-0.242,4.19,-0.32,160.37,4.18,-0.03,-0.001,0.029,-0.025,1479,1476,1476,1536,10.00,10.06,29.38,29.42
1787304386.573,24.667,True,1,2.538,2.654,0.282,0.603,10.438,10.438,0.333,3.422,0.954,3.398,1.002,0.491,0.138,-0.242,4.19,-0.32,160.37,4.18,-0.04,-0.002,0.028,-0.024,1479,1476,1476,1536,10.01,10.07,39.39,39.43
1787304386.583,24.677,True,1,2.538,2.657,0.282,0.617,10.451,10.451,0.334,3.422,0.954,3.399,1.001,0.491,0.138,-0.242,4.19,-0.32,160.37,4.17,-0.04,-0.002,0.028,-0.024,1479,1476,1476,1537,10.00,10.07,49.39,49.43
1787304386.593,24.687,True,1,2.538,2.660,0.282,0.630,10.464,10.464,0.334,3.422,0.954,3.399,0.999,0.491,0.138,-0.242,4.19,-0.32,160.37,4.16,-0.05,-0.003,0.027,-0.024,1479,1476,1476,1537,10.00,10.07,59.39,59.43
1787304386.603,24.697,True,1,2.538,2.663,0.282,0.643,10.477,10.477,0.334,3.422,0.954,3.400,0.998,0.491,0.138,-0.242,4.19,-0.32,160.37,4.15,-0.05,-0.004,0.026,-0.024,1479,1477,1476,1538,9.99,10.06,69.38,69.43
1787304386.614,24.708,True,1,2.562,2.666,0.311,0.471,10.305,10.305,0.329,3.428,0.939,3.401,0.996,0.476,0.139,-0.245,4.49,0.04,160.43,4.19,-0.08,-0.032,-0.014,-0.024,1476,1521,1476,1532,10.00,10.06,-0.53,-0.58
1787304386.623,24.717,True,1,2.562,2.669,0.311,0.484,10.318,10.318,0.329,3.428,0.939,3.402,0.994,0.476,0.139,-0.245,4.49,0.04,160.43,4.18,-0.09,-0.033,-0.015,-0.024,1476,1521,1476,1532,10.01,10.07,9.48,9.43
1787304386.633,24.727,True,1,2.562,2.672,0.311,0.497,10.331,10.331,0.330,3.428,0.939,3.403,0.992,0.476,0.139,-0.245,4.49,0.04,160.43,4.17,-0.10,-0.034,-0.016,-0.024,1476,1521,1476,1533,9.99,10.06,19.47,19.42
1787304386.643,24.737,True,1,2.562,2.675,0.311,0.510,10.344,10.344,0.330,3.428,0.939,3.404,0.990,0.476,0.139,-0.245,4.49,0.04,160.43,4.16,-0.11,-0.035,-0.017,-0.024,1476,1521,1476,1533,10.01,10.07,29.48,29.43
1787304386.653,24.747,True,1,2.562,2.678,0.311,0.524,10.357,10.357,0.331,3.428,0.939,3.404,0.988,0.476,0.139,-0.245,4.49,0.04,160.43,4.15,-0.11,-0.036,-0.018,-0.024,1475,1521,1476,1534,9.99,10.06,39.47,39.42
1787304386.663,24.757,True,1,2.562,2.681,0.311,0.537,10.371,10.370,0.331,3.428,0.939,3.405,0.987,0.476,0.139,-0.245,4.49,0.04,160.43,4.14,-0.12,-0.037,-0.018,-0.024,1475,1522,1476,1534,10.01,10.07,49.47,49.43
1787304386.673,24.767,True,1,2.562,2.684,0.311,0.550,10.384,10.383,0.331,3.428,0.939,3.406,0.985,0.476,0.139,-0.245,4.49,0.04,160.43,4.13,-0.13,-0.038,-0.019,-0.024,1475,1522,1476,1535,10.01,10.07,59.48,59.43
1787304386.683,24.777,True,1,2.562,2.687,0.311,0.563,10.397,10.397,0.332,3.428,0.939,3.407,0.984,0.476,0.139,-0.245,4.49,0.04,160.43,4.13,-0.13,-0.038,-0.020,-0.023,1475,1522,1476,1535,9.99,10.07,69.47,69.43
1787304386.694,24.788,True,1,2.593,2.690,0.356,0.322,10.155,10.153,0.324,3.433,0.921,3.407,0.982,0.459,0.131,-0.253,4.94,0.54,158.87,4.12,0.01,-0.086,-0.051,0.048,1470,1525,1526,1526,10.00,10.06,-0.58,-0.63
1787304386.703,24.797,True,1,2.593,2.693,0.356,0.335,10.168,10.166,0.324,3.433,0.921,3.408,0.979,0.459,0.131,-0.253,4.94,0.54,158.87,4.11,0.00,-0.087,-0.052,0.048,1470,1525,1526,1527,10.00,10.07,9.42,9.37
1787304386.713,24.807,True,1,2.593,2.696,0.356,0.348,10.181,10.179,0.325,3.433,0.921,3.409,0.978,0.459,0.131,-0.253,4.94,0.54,158.87,4.10,-0.01,-0.088,-0.053,0.048,1470,1525,1526,1527,10.00,10.07,19.42,19.37
1787304386.723,24.817,True,1,2.593,2.699,0.356,0.361,10.194,10.192,0.325,3.433,0.921,3.410,0.976,0.459,0.131,-0.253,4.94,0.54,158.87,4.09,-0.02,-0.089,-0.054,0.048,1470,1526,1526,1528,9.99,10.06,29.42,29.37
1787304386.733,24.827,True,1,2.593,2.702,0.356,0.374,10.207,10.205,0.326,3.433,0.921,3.411,0.974,0.459,0.131,-0.253,4.94,0.54,158.87,4.09,-0.02,-0.090,-0.055,0.048,1470,1526,1526,1528,10.00,10.06,39.42,39.37
1787304386.743,24.837,True,1,2.593,2.705,0.356,0.387,10.220,10.218,0.326,3.433,0.921,3.411,0.972,0.459,0.131,-0.253,4.94,0.54,158.87,4.08,-0.03,-0.091,-0.056,0.048,1469,1526,1526,1529,10.01,10.07,49.43,49.38
1787304386.753,24.847,True,1,2.593,2.708,0.356,0.400,10.233,10.231,0.327,3.433,0.921,3.412,0.970,0.459,0.131,-0.253,4.94,0.54,158.87,4.07,-0.04,-0.092,-0.056,0.048,1469,1526,1526,1529,10.00,10.07,59.42,59.37
1787304386.764,24.858,True,1,2.614,2.711,0.348,0.348,10.180,10.178,0.325,3.436,0.909,3.413,0.968,0.448,0.120,-0.256,4.95,0.73,158.79,4.01,0.06,-0.098,-0.066,0.053,1469,1527,1527,1527,10.00,10.06,-0.47,-0.43
1787304386.773,24.867,True,1,2.619,2.714,0.375,0.263,10.097,10.096,0.322,3.437,0.906,3.414,0.966,0.445,0.134,-0.239,4.79,0.66,158.78,4.25,-0.02,-0.057,-0.068,0.053,1473,1527,1527,1524,10.00,10.06,-0.13,-0.07
1787304386.783,24.877,True,1,2.625,2.717,0.357,0.304,10.136,10.134,0.323,3.438,0.903,3.415,0.964,0.442,0.129,-0.261,4.79,0.66,158.78,4.00,-0.06,-0.083,-0.072,0.053,1470,1527,1527,1526,10.00,10.06,9.87,-0.05
1787304386.793,24.887,True,1,2.625,2.720,0.357,0.317,10.149,10.147,0.324,3.438,0.903,3.415,0.962,0.442,0.129,-0.261,4.79,0.66,158.78,3.99,-0.07,-0.084,-0.073,0.054,1470,1528,1527,1526,10.00,10.07,19.88,9.95
1787304386.803,24.897,True,1,2.625,2.723,0.357,0.330,10.161,10.160,0.324,3.438,0.903,3.416,0.960,0.442,0.129,-0.261,4.79,0.66,158.78,3.98,-0.08,-0.085,-0.073,0.054,1470,1528,1527,1527,10.00,10.06,29.87,19.94
1787304386.813,24.907,True,1,2.625,2.726,0.357,0.343,10.174,10.172,0.325,3.438,0.903,3.417,0.958,0.442,0.129,-0.261,4.79,0.66,158.78,3.97,-0.09,-0.087,-0.074,0.054,1470,1528,1527,1527,10.00,10.06,39.87,29.94
1787304386.823,24.917,True,1,2.625,2.729,0.357,0.356,10.187,10.185,0.325,3.438,0.903,3.417,0.956,0.442,0.129,-0.261,4.79,0.66,158.78,3.96,-0.09,-0.088,-0.075,0.054,1470,1528,1527,1528,10.01,10.07,49.88,39.95
1787304386.833,24.927,True,1,2.625,2.732,0.357,0.369,10.200,10.198,0.326,3.438,0.903,3.418,0.955,0.442,0.129,-0.261,4.79,0.66,158.78,3.95,-0.10,-0.089,-0.076,0.054,1470,1528,1527,1528,10.00,10.07,59.88,49.95
1787304386.843,24.937,True,1,2.625,2.735,0.357,0.382,10.213,10.211,0.326,3.438,0.903,3.419,0.953,0.442,0.129,-0.261,4.79,0.66,158.78,3.95,-0.11,-0.089,-0.076,0.054,1470,1528,1527,1528,9.99,10.06,69.87,59.94
1787304386.854,24.948,True,1,2.649,2.738,0.385,0.217,10.046,10.045,0.321,3.441,0.890,3.420,0.951,0.430,0.115,-0.272,4.55,0.34,158.34,3.84,-0.00,-0.075,-0.031,0.069,1471,1523,1529,1523,10.00,10.06,-0.54,-0.49
1787304386.863,24.957,True,1,2.649,2.741,0.385,0.230,10.059,10.058,0.321,3.441,0.890,3.420,0.949,0.430,0.115,-0.272,4.55,0.34,158.34,3.83,-0.01,-0.076,-0.032,0.069,1471,1523,1529,1523,10.00,10.06,9.46,9.51
1787304386.873,24.968,True,1,2.658,2.744,0.371,0.250,10.078,10.077,0.322,3.442,0.885,3.421,0.947,0.425,0.114,-0.279,4.55,0.34,158.34,3.75,-0.03,-0.084,-0.033,0.069,1470,1523,1529,1524,10.00,10.06,19.46,-0.06
1787304386.883,24.977,True,1,2.658,2.747,0.371,0.263,10.091,10.090,0.322,3.442,0.885,3.422,0.945,0.425,0.114,-0.279,4.55,0.34,158.34,3.74,-0.03,-0.085,-0.034,0.069,1470,1523,1529,1524,10.00,10.06,29.46,9.94
1787304386.893,24.987,True,1,2.658,2.750,0.371,0.276,10.104,10.102,0.322,3.442,0.885,3.422,0.943,0.425,0.114,-0.279,4.55,0.34,158.34,3.73,-0.04,-0.086,-0.035,0.069,1470,1523,1529,1525,10.00,10.06,39.46,19.94
1787304386.903,24.998,True,1,2.673,2.753,0.409,0.114,9.943,9.942,0.317,3.443,0.876,3.423,0.940,0.417,0.108,-0.270,3.87,-0.35,158.06,3.84,0.06,-0.003,0.048,0.076,1479,1474,1530,1519,10.00,10.06,-0.18,-0.23
1787304386.913,25.007,True,1,2.673,2.756,0.409,0.126,9.955,9.955,0.318,3.443,0.876,3.424,0.938,0.417,0.108,-0.270,3.87,-0.35,158.06,3.83,0.05,-0.004,0.047,0.076,1479,1474,1530,1519,10.00,10.06,9.82,9.77
1787304386.923,25.017,True,1,2.673,2.759,0.409,0.139,9.968,9.968,0.318,3.443,0.876,3.424,0.936,0.417,0.108,-0.270,3.87,-0.35,158.06,3.82,0.04,-0.005,0.046,0.076,1479,1474,1530,1520,10.00,10.06,19.82,19.77
1787304386.933,25.027,True,1,2.673,2.762,0.409,0.152,9.981,9.981,0.319,3.443,0.876,3.425,0.934,0.417,0.108,-0.270,3.87,-0.35,158.06,3.81,0.03,-0.006,0.045,0.076,1479,1474,1530,1520,10.00,10.06,29.82,29.77
1787304386.943,25.038,True,1,2.687,2.765,0.428,0.051,9.877,9.874,0.315,3.444,0.868,3.426,0.932,0.409,0.077,-0.284,3.35,-1.11,157.69,3.59,0.29,0.027,0.152,0.086,1522,1463,1531,1516,10.00,10.06,-0.36,-0.31
1787304386.953,25.047,True,1,2.687,2.768,0.428,0.063,9.889,9.886,0.316,3.444,0.868,3.426,0.930,0.409,0.077,-0.284,3.35,-1.11,157.69,3.58,0.28,0.025,0.151,0.086,1522,1463,1531,1517,10.01,10.06,9.65,9.70
1787304386.963,25.057,True,1,2.687,2.771,0.428,0.076,9.902,9.899,0.316,3.444,0.868,3.427,0.928,0.409,0.077,-0.284,3.35,-1.11,157.69,3.57,0.27,0.024,0.150,0.086,1522,1463,1531,1517,10.00,10.06,19.65,19.69
1787304386.973,25.068,True,1,2.699,2.774,0.426,0.048,9.875,9.872,0.315,3.445,0.861,3.427,0.926,0.403,0.079,-0.273,3.40,-1.18,157.55,3.68,0.30,0.031,0.161,0.091,1523,1462,1532,1516,10.00,10.06,-0.12,-0.17
1787304386.983,25.077,True,1,2.699,2.777,0.426,0.061,9.888,9.885,0.315,3.445,0.861,3.428,0.923,0.403,0.079,-0.273,3.40,-1.18,157.55,3.66,0.29,0.030,0.160,0.091,1523,1462,1532,1517,10.00,10.06,9.88,9.83
1787304386.993,25.087,True,1,2.699,2.780,0.426,0.074,9.901,9.897,0.316,3.445,0.861,3.429,0.921,0.403,0.079,-0.273,3.40,-1.18,157.55,3.65,0.28,0.029,0.160,0.091,1523,1462,1532,1517,10.00,10.06,19.88,19.83
1787304387.003,25.097,True,1,2.699,2.783,0.426,0.087,9.913,9.910,0.316,3.445,0.861,3.429,0.919,0.403,0.079,-0.273,3.40,-1.18,157.55,3.64,0.28,0.028,0.159,0.091,1523,1462,1532,1518,10.00,10.06,29.88,29.83
1787304387.013,25.108,True,1,2.718,2.786,0.428,0.018,9.843,9.836,0.314,3.446,0.851,3.430,0.917,0.393,0.048,-0.290,3.50,-1.58,157.33,3.37,0.51,-0.010,0.225,0.097,1478,1455,1533,1515,10.00,10.06,-0.25,-0.30
1787304387.023,25.117,True,1,2.718,2.789,0.428,0.031,9.855,9.849,0.314,3.446,0.851,3.430,0.915,0.393,0.048,-0.290,3.50,-1.58,157.33,3.36,0.51,-0.012,0.224,0.097,1478,1455,1533,1516,10.00,10.06,9.75,9.70
1787304387.033,25.127,True,1,2.722,2.792,0.398,0.115,9.937,9.928,0.317,3.446,0.849,3.431,0.913,0.391,0.030,-0.304,3.60,-1.80,157.22,3.12,0.62,-0.047,0.260,0.099,1474,1451,1533,1518,10.00,10.06,-0.15,-0.10
1787304387.043,25.137,True,1,2.732,2.795,0.433,-0.016,9.809,9.799,0.313,3.446,0.843,3.431,0.910,0.385,0.025,-0.276,3.60,-1.80,157.22,3.40,0.78,-0.017,0.277,0.098,1478,1449,1533,1514,10.00,10.06,9.85,-0.06
1787304387.053,25.147,True,1,2.732,2.798,0.433,-0.004,9.821,9.811,0.313,3.446,0.843,3.432,0.908,0.385,0.025,-0.276,3.60,-1.80,157.22,3.39,0.77,-0.019,0.276,0.098,1477,1449,1533,1514,10.00,10.06,19.85,9.94
1787304387.063,25.157,True,1,2.732,2.801,0.433,0.009,9.834,9.824,0.314,3.446,0.843,3.432,0.906,0.385,0.025,-0.276,3.60,-1.80,157.22,3.38,0.76,-0.020,0.275,0.098,1477,1449,1533,1515,10.00,10.06,29.85,19.94
1787304387.073,25.167,True,1,2.732,2.804,0.433,0.022,9.846,9.837,0.314,3.446,0.843,3.433,0.904,0.385,0.025,-0.276,3.60,-1.80,157.22,3.37,0.75,-0.021,0.274,0.098,1477,1449,1533,1515,10.00,10.06,39.85,29.94
1787304387.083,25.177,True,1,2.732,2.807,0.433,0.035,9.859,9.849,0.314,3.446,0.843,3.433,0.902,0.385,0.025,-0.276,3.60,-1.80,157.22,3.36,0.74,-0.022,0.273,0.098,1477,1450,1533,1516,10.00,10.06,49.85,39.94
1787304387.093,25.187,True,1,2.732,2.810,0.433,0.047,9.872,9.862,0.315,3.446,0.843,3.434,0.900,0.385,0.025,-0.276,3.60,-1.80,157.22,3.35,0.74,-0.023,0.272,0.098,1477,1450,1533,1516,10.00,10.06,59.85,49.94
1787304387.103,25.197,True,1,2.732,2.813,0.433,0.060,9.884,9.875,0.315,3.446,0.843,3.434,0.898,0.385,0.025,-0.276,3.60,-1.80,157.22,3.34,0.73,-0.025,0.271,0.098,1477,1450,1533,1516,10.00,10.06,69.85,59.94
1787304387.114,25.208,True,1,2.769,2.816,0.444,-0.109,9.716,9.697,0.309,3.443,0.827,3.434,0.896,0.369,-0.022,-0.263,3.60,-2.36,156.84,3.30,1.27,-0.026,0.387,0.107,1477,1437,1534,1510,10.00,10.06,-0.45,-0.49
1787304387.123,25.217,True,1,2.769,2.819,0.444,-0.097,9.728,9.709,0.310,3.443,0.827,3.435,0.893,0.369,-0.022,-0.263,3.60,-2.36,156.84,3.29,1.26,-0.027,0.386,0.108,1476,1437,1534,1510,10.00,10.06,9.55,9.50
1787304387.133,25.227,True,1,2.769,2.822,0.444,-0.084,9.741,9.721,0.310,3.443,0.827,3.435,0.891,0.369,-0.022,-0.263,3.60,-2.36,156.84,3.28,1.25,-0.029,0.385,0.108,1476,1438,1534,1511,10.00,10.06,19.55,19.50
1787304387.143,25.237,True,1,2.769,2.825,0.444,-0.072,9.753,9.734,0.311,3.443,0.827,3.435,0.889,0.369,-0.022,-0.263,3.60,-2.36,156.84,3.27,1.24,-0.030,0.384,0.108,1476,1438,1534,1511,10.00,10.06,29.55,29.51
1787304387.153,25.247,True,1,2.769,2.828,0.444,-0.059,9.766,9.746,0.311,3.443,0.827,3.435,0.887,0.369,-0.022,-0.263,3.60,-2.36,156.84,3.25,1.23,-0.031,0.383,0.108,1476,1438,1534,1512,10.00,10.06,39.55,39.50
1787304387.163,25.257,True,1,2.769,2.831,0.444,-0.046,9.778,9.759,0.311,3.443,0.827,3.436,0.885,0.369,-0.022,-0.263,3.60,-2.36,156.84,3.24,1.22,-0.032,0.382,0.108,1476,1438,1534,1512,10.00,10.06,49.55,49.50
1787304387.173,25.267,True,1,2.769,2.834,0.444,-0.034,9.791,9.772,0.312,3.443,0.827,3.436,0.883,0.369,-0.022,-0.263,3.60,-2.36,156.84,3.23,1.22,-0.033,0.382,0.108,1476,1438,1534,1513,10.00,10.06,59.55,59.51
1787304387.184,25.278,True,1,2.805,2.837,0.463,-0.221,9.602,9.576,0.306,3.432,0.810,3.436,0.880,0.350,-0.080,-0.279,3.90,-2.41,156.68,2.88,1.75,-0.101,0.444,0.109,1468,1431,1535,1506,10.01,10.07,-0.52,-0.56
1787304387.193,25.287,True,1,2.805,2.840,0.463,-0.209,9.615,9.588,0.306,3.432,0.810,3.436,0.878,0.350,-0.080,-0.279,3.90,-2.41,156.68,2.86,1.75,-0.103,0.443,0.109,1468,1431,1535,1506,9.99,10.06,9.47,9.43
1787304387.203,25.297,True,1,2.805,2.843,0.463,-0.196,9.627,9.600,0.306,3.432,0.810,3.436,0.876,0.350,-0.080,-0.279,3.90,-2.41,156.68,2.85,1.74,-0.104,0.442,0.109,1468,1431,1535,1506,10.00,10.06,19.47,19.42
1787304387.213,25.307,True,1,2.805,2.846,0.463,-0.184,9.639,9.612,0.307,3.432,0.810,3.435,0.874,0.350,-0.080,-0.279,3.90,-2.41,156.68,2.84,1.73,-0.106,0.442,0.109,1468,1432,1535,1507,10.00,10.06,29.48,29.43
1787304387.223,25.317,True,1,2.805,2.849,0.463,-0.171,9.651,9.625,0.307,3.432,0.810,3.435,0.872,0.350,-0.080,-0.279,3.90,-2.41,156.68,2.82,1.73,-0.107,0.441,0.109,1468,1432,1535,1507,10.00,10.06,39.47,39.43
1787304387.233,25.327,True,1,2.805,2.852,0.463,-0.159,9.664,9.637,0.308,3.432,0.810,3.435,0.869,0.350,-0.080,-0.279,3.90,-2.41,156.68,2.81,1.72,-0.108,0.440,0.109,1467,1432,1535,1508,10.00,10.06,49.47,49.43
1787304387.243,25.337,True,1,2.805,2.855,0.463,-0.146,9.676,9.649,0.308,3.432,0.810,3.435,0.867,0.350,-0.080,-0.279,3.90,-2.41,156.68,2.80,1.71,-0.110,0.440,0.109,1467,1432,1535,1508,10.00,10.06,59.47,59.43
1787304387.253,25.347,True,1,2.805,2.858,0.463,-0.134,9.689,9.662,0.308,3.432,0.810,3.435,0.866,0.350,-0.080,-0.279,3.90,-2.41,156.68,2.79,1.71,-0.111,0.439,0.109,1467,1432,1535,1509,10.00,10.06,69.48,69.43
1787304387.264,25.358,True,1,2.843,2.861,0.459,-0.263,9.560,9.543,0.305,3.416,0.793,3.434,0.863,0.330,-0.143,-0.287,3.74,-0.91,156.89,2.47,2.31,-0.131,0.345,0.107,1465,1442,1534,1504,10.00,10.06,-0.58,-0.63
1787304387.273,25.367,True,1,2.843,2.864,0.459,-0.251,9.572,9.555,0.305,3.416,0.793,3.434,0.861,0.330,-0.143,-0.287,3.74,-0.91,156.89,2.46,2.31,-0.132,0.345,0.107,1465,1442,1534,1505,10.00,10.06,9.42,9.37
1787304387.283,25.377,True,1,2.843,2.867,0.459,-0.238,9.585,9.567,0.305,3.416,0.793,3.433,0.859,0.330,-0.143,-0.287,3.74,-0.91,156.89,2.44,2.31,-0.134,0.344,0.107,1465,1442,1534,1505,10.00,10.06,19.42,19.38
1787304387.293,25.387,True,1,2.843,2.870,0.459,-0.226,9.597,9.579,0.306,3.416,0.793,3.433,0.856,0.330,-0.143,-0.287,3.74,-0.91,156.89,2.43,2.30,-0.135,0.344,0.107,1464,1442,1534,1506,10.00,10.06,29.42,29.37
1787304387.303,25.397,True,1,2.843,2.873,0.459,-0.214,9.609,9.591,0.306,3.416,0.793,3.432,0.854,0.330,-0.143,-0.287,3.74,-0.91,156.89,2.41,2.30,-0.137,0.343,0.107,1464,1442,1534,1506,10.00,10.06,39.42,39.38
1787304387.313,25.407,True,1,2.843,2.876,0.459,-0.202,9.621,9.604,0.307,3.416,0.793,3.431,0.852,0.330,-0.143,-0.287,3.74,-0.91,156.89,2.40,2.29,-0.138,0.343,0.107,1464,1442,1534,1507,10.00,10.06,49.42,49.38
1787304387.323,25.417,True,1,2.843,2.879,0.459,-0.189,9.633,9.616,0.307,3.416,0.793,3.431,0.850,0.330,-0.143,-0.287,3.74,-0.91,156.89,2.39,2.29,-0.140,0.342,0.108,1464,1442,1534,1507,10.00,10.06,59.42,59.37
1787304387.334,25.428,True,1,2.875,2.882,0.452,-0.284,9.539,9.533,0.304,3.400,0.780,3.430,0.848,0.315,-0.158,-0.292,3.66,0.84,157.17,2.29,2.43,-0.145,0.174,0.107,1463,1460,1534,1504,10.00,10.06,-0.47,-0.42
1787304387.343,25.437,True,1,2.875,2.885,0.452,-0.271,9.551,9.545,0.305,3.400,0.780,3.429,0.846,0.315,-0.158,-0.292,3.66,0.84,157.17,2.27,2.43,-0.147,0.174,0.107,1463,1460,1534,1504,10.00,10.06,9.54,9.58
1787304387.353,25.447,True,1,2.889,2.888,0.436,-0.270,9.553,9.547,0.305,3.393,0.773,3.428,0.843,0.307,-0.171,-0.295,3.68,1.17,157.23,2.18,2.54,-0.160,0.151,0.105,1462,1463,1534,1505,10.00,10.06,-0.11,-0.16
1787304387.363,25.457,True,1,2.889,2.891,0.436,-0.258,9.565,9.561,0.305,3.393,0.773,3.427,0.841,0.307,-0.171,-0.295,3.61,1.71,157.29,2.16,2.54,-0.154,0.094,0.106,1462,1469,1534,1505,10.00,10.06,-0.06,9.84
1787304387.373,25.467,True,1,2.889,2.894,0.436,-0.246,9.577,9.573,0.306,3.393,0.773,3.425,0.839,0.307,-0.171,-0.295,3.61,1.71,157.29,2.15,2.54,-0.156,0.094,0.106,1462,1469,1534,1505,10.00,10.06,9.94,19.84
1787304387.383,25.477,True,1,2.889,2.897,0.436,-0.234,9.589,9.585,0.306,3.393,0.773,3.424,0.836,0.307,-0.171,-0.295,3.61,1.71,157.29,2.13,2.54,-0.158,0.094,0.106,1462,1469,1534,1506,10.00,10.06,19.94,29.84
1787304387.393,25.487,True,1,2.889,2.900,0.436,-0.221,9.601,9.597,0.306,3.393,0.773,3.423,0.834,0.307,-0.171,-0.295,3.61,1.71,157.29,2.12,2.54,-0.159,0.093,0.106,1462,1469,1534,1506,10.00,10.06,29.94,39.84
1787304387.403,25.497,True,1,2.889,2.903,0.436,-0.209,9.613,9.609,0.307,3.393,0.773,3.422,0.832,0.307,-0.171,-0.295,3.61,1.71,157.29,2.10,2.54,-0.161,0.093,0.106,1462,1469,1534,1507,10.00,10.06,39.94,49.84
1787304387.413,25.507,True,1,2.889,2.906,0.436,-0.197,9.625,9.621,0.307,3.393,0.773,3.421,0.830,0.307,-0.171,-0.295,3.61,1.71,157.29,2.09,2.53,-0.162,0.093,0.106,1462,1469,1534,1507,10.00,10.06,49.94,59.84
1787304387.423,25.517,True,1,2.889,2.909,0.436,-0.185,9.637,9.633,0.307,3.393,0.773,3.420,0.828,0.307,-0.171,-0.295,3.61,1.71,157.29,2.07,2.53,-0.164,0.093,0.106,1461,1469,1534,1508,10.00,10.06,59.94,69.84
1787304387.434,25.528,True,1,2.927,2.912,0.410,-0.246,9.578,9.575,0.306,3.379,0.756,3.419,0.826,0.289,-0.165,-0.282,3.15,3.49,157.80,2.25,2.53,-0.099,-0.096,0.095,1468,1530,1533,1506,10.00,10.06,-0.50,-0.45
1787304387.443,25.537,True,1,2.927,2.915,0.410,-0.234,9.589,9.587,0.306,3.379,0.756,3.418,0.824,0.289,-0.165,-0.282,3.15,3.49,157.80,2.24,2.53,-0.101,-0.096,0.095,1468,1530,1533,1506,10.00,10.06,9.51,9.55
1787304387.453,25.548,True,1,2.940,2.918,0.400,-0.245,9.577,9.573,0.306,3.373,0.749,3.416,0.821,0.282,-0.167,-0.299,2.78,3.89,157.99,2.05,2.47,-0.082,-0.145,0.089,1470,1535,1532,1505,10.00,10.06,-0.12,-0.17
1787304387.463,25.557,True,1,2.940,2.921,0.400,-0.233,9.588,9.585,0.306,3.373,0.749,3.415,0.819,0.282,-0.167,-0.299,2.78,3.89,157.99,2.03,2.47,-0.084,-0.144,0.089,1470,1535,1532,1506,10.00,10.06,9.88,9.83
1787304387.473,25.567,True,1,2.940,2.924,0.400,-0.221,9.600,9.596,0.306,3.373,0.749,3.413,0.816,0.282,-0.167,-0.299,2.78,3.89,157.99,2.01,2.47,-0.086,-0.144,0.089,1470,1535,1532,1506,10.00,10.06,19.88,19.83
1787304387.483,25.577,True,1,2.940,2.927,0.400,-0.210,9.612,9.608,0.307,3.373,0.749,3.412,0.814,0.282,-0.167,-0.299,2.78,3.89,157.99,1.99,2.47,-0.087,-0.144,0.088,1470,1535,1532,1507,10.00,10.06,29.88,29.83
1787304387.493,25.587,True,1,2.940,2.930,0.400,-0.198,9.624,9.620,0.307,3.373,0.749,3.411,0.812,0.282,-0.167,-0.299,2.78,3.89,157.99,1.98,2.48,-0.089,-0.144,0.088,1470,1535,1532,1507,10.00,10.06,39.88,39.83
1787304387.503,25.597,True,1,2.940,2.933,0.400,-0.186,9.636,9.632,0.307,3.373,0.749,3.409,0.810,0.282,-0.167,-0.299,2.78,3.89,157.99,1.96,2.48,-0.091,-0.144,0.088,1469,1535,1532,1508,10.00,10.06,49.88,49.84
1787304387.514,25.608,True,1,2.962,2.936,0.407,-0.284,9.538,9.530,0.304,3.361,0.736,3.408,0.807,0.268,-0.162,-0.288,1.50,4.73,158.69,2.13,2.47,0.061,-0.235,0.057,1526,1545,1527,1504,10.00,10.06,-0.45,-0.40
1787304387.523,25.617,True,1,2.962,2.939,0.407,-0.272,9.550,9.542,0.305,3.361,0.736,3.406,0.805,0.268,-0.162,-0.288,1.50,4.73,158.69,2.11,2.48,0.060,-0.235,0.057,1526,1545,1527,1504,10.00,10.06,9.55,9.60
1787304387.533,25.627,True,1,2.962,2.942,0.407,-0.261,9.561,9.553,0.305,3.361,0.736,3.405,0.803,0.268,-0.162,-0.288,1.50,4.73,158.69,2.09,2.48,0.058,-0.235,0.057,1526,1545,1527,1505,10.00,10.06,19.55,19.60
1787304387.543,25.637,True,1,2.962,2.945,0.407,-0.249,9.573,9.565,0.305,3.361,0.736,3.403,0.800,0.268,-0.162,-0.288,1.50,4.73,158.69,2.07,2.48,0.056,-0.234,0.057,1526,1545,1527,1505,10.00,10.06,29.55,29.60
1787304387.553,25.647,True,1,2.962,2.948,0.407,-0.237,9.585,9.577,0.306,3.361,0.736,3.402,0.798,0.268,-0.162,-0.288,1.50,4.73,158.69,2.05,2.48,0.054,-0.234,0.057,1526,1545,1527,1506,10.00,10.06,39.55,39.60
1787304387.563,25.657,True,1,2.962,2.951,0.407,-0.225,9.597,9.589,0.306,3.361,0.736,3.401,0.796,0.268,-0.162,-0.288,1.50,4.73,158.69,2.04,2.48,0.052,-0.234,0.057,1525,1545,1527,1506,10.00,10.06,49.55,49.60
1787304387.574,25.668,True,1,2.986,2.954,0.400,-0.283,9.541,9.532,0.304,3.349,0.722,3.399,0.794,0.255,-0.150,-0.259,0.88,4.33,159.50,2.41,2.47,0.159,-0.194,0.019,1537,1541,1522,1504,10.00,10.07,-0.43,-0.38
1787304387.583,25.677,True,1,2.996,2.957,0.389,-0.281,9.542,9.535,0.304,3.344,0.717,3.397,0.791,0.250,-0.162,-0.281,0.88,4.33,159.50,2.12,2.52,0.129,-0.189,0.019,1534,1540,1522,1504,9.99,10.06,9.56,-0.07
1787304387.593,25.687,True,1,3.000,2.960,0.372,-0.234,9.587,9.581,0.306,3.341,0.715,3.395,0.789,0.248,-0.148,-0.281,0.83,4.02,159.77,2.16,2.36,0.138,-0.174,0.007,1535,1539,1520,1506,10.00,10.06,-0.05,-0.10
1787304387.603,25.697,True,1,3.000,2.963,0.372,-0.223,9.599,9.592,0.306,3.341,0.715,3.393,0.786,0.248,-0.148,-0.281,0.83,4.02,159.77,2.14,2.36,0.136,-0.173,0.007,1535,1539,1520,1506,10.00,10.06,9.95,9.90
1787304387.613,25.707,True,1,3.000,2.966,0.372,-0.211,9.611,9.604,0.307,3.341,0.715,3.392,0.784,0.248,-0.148,-0.281,0.83,4.02,159.77,2.12,2.37,0.134,-0.173,0.007,1534,1539,1520,1507,10.00,10.06,19.95,19.90
1787304387.623,25.717,True,1,3.000,2.969,0.372,-0.199,9.622,9.616,0.307,3.341,0.715,3.390,0.782,0.248,-0.148,-0.281,0.83,4.02,159.77,2.10,2.37,0.132,-0.173,0.007,1534,1539,1520,1507,10.00,10.06,29.95,29.90
1787304387.633,25.727,True,1,3.000,2.972,0.372,-0.187,9.634,9.628,0.307,3.341,0.715,3.388,0.779,0.248,-0.148,-0.281,0.83,4.02,159.77,2.08,2.38,0.130,-0.172,0.007,1534,1539,1520,1507,10.00,10.06,39.95,39.90
1787304387.643,25.737,True,1,3.000,2.975,0.372,-0.176,9.646,9.639,0.308,3.341,0.715,3.387,0.777,0.248,-0.148,-0.281,0.83,4.02,159.77,2.07,2.38,0.129,-0.172,0.007,1534,1538,1520,1508,10.00,10.06,49.95,49.90
1787304387.653,25.748,True,1,3.022,2.978,0.381,-0.280,9.543,9.537,0.304,3.331,0.704,3.385,0.775,0.238,-0.127,-0.251,0.58,2.98,160.42,2.48,2.28,0.201,-0.073,-0.024,1542,1528,1476,1504,10.00,10.06,-0.36,-0.41
1787304387.663,25.757,True,1,3.022,2.981,0.381,-0.269,9.554,9.548,0.305,3.331,0.704,3.383,0.772,0.238,-0.127,-0.251,0.58,2.98,160.42,2.46,2.29,0.199,-0.073,-0.024,1541,1528,1476,1505,10.00,10.07,9.64,9.60
1787304387.673,25.767,True,1,3.033,2.984,0.414,-0.399,9.425,9.419,0.301,3.327,0.699,3.381,0.770,0.234,-0.126,-0.238,0.51,2.67,160.61,2.62,2.35,0.222,-0.034,-0.032,1544,1523,1475,1500,10.00,10.06,-0.06,-0.12
1787304387.683,25.777,True,1,3.033,2.987,0.414,-0.388,9.437,9.430,0.301,3.327,0.699,3.379,0.768,0.234,-0.126,-0.238,0.51,2.67,160.61,2.60,2.35,0.220,-0.034,-0.032,1544,1523,1475,1500,10.00,10.07,9.94,9.89
1787304387.693,25.787,True,1,3.033,2.990,0.414,-0.376,9.448,9.442,0.301,3.327,0.699,3.378,0.765,0.234,-0.126,-0.238,0.51,2.67,160.61,2.57,2.35,0.217,-0.033,-0.032,1543,1523,1475,1501,10.00,10.07,19.94,19.89
1787304387.703,25.798,True,1,3.044,2.993,0.401,-0.368,9.455,9.451,0.302,3.322,0.695,3.376,0.763,0.231,-0.138,-0.251,0.64,2.00,160.99,2.39,2.42,0.185,0.044,-0.050,1540,1475,1473,1501,10.00,10.06,-0.18,-0.23
1787304387.713,25.807,True,1,3.044,2.996,0.401,-0.356,9.467,9.462,0.302,3.322,0.695,3.374,0.761,0.231,-0.138,-0.251,0.64,2.00,160.99,2.37,2.43,0.183,0.044,-0.050,1540,1475,1473,1501,10.00,10.06,9.82,9.77
1787304387.723,25.817,True,1,3.044,2.999,0.401,-0.345,9.478,9.474,0.302,3.322,0.695,3.372,0.759,0.231,-0.138,-0.251,0.64,2.00,160.99,2.35,2.43,0.180,0.045,-0.050,1539,1475,1473,1502,10.00,10.06,19.82,19.77
1787304387.733,25.827,True,1,3.044,3.002,0.401,-0.333,9.490,9.485,0.303,3.322,0.695,3.371,0.756,0.231,-0.138,-0.251,0.64,2.00,160.99,2.33,2.43,0.178,0.045,-0.050,1539,1474,1473,1502,10.00,10.06,29.82,29.77
1787304387.743,25.837,True,1,3.044,3.005,0.401,-0.322,9.501,9.497,0.303,3.322,0.695,3.369,0.754,0.231,-0.138,-0.251,0.64,2.00,160.99,2.30,2.44,0.176,0.045,-0.050,1539,1474,1473,1503,10.00,10.06,39.82,39.77
1787304387.753,25.848,True,1,3.068,3.008,0.429,-0.491,9.337,9.331,0.298,3.313,0.686,3.367,0.752,0.223,-0.119,-0.196,1.23,1.32,161.62,2.99,2.46,0.186,0.117,-0.079,1540,1466,1468,1497,10.00,10.06,-0.36,-0.41
1787304387.763,25.857,True,1,3.068,3.011,0.429,-0.479,9.349,9.343,0.298,3.313,0.686,3.365,0.750,0.223,-0.119,-0.196,1.23,1.32,161.62,2.97,2.46,0.184,0.118,-0.079,1540,1466,1468,1497,10.00,10.06,9.65,9.60
1787304387.773,25.867,True,1,3.068,3.014,0.429,-0.468,9.360,9.354,0.299,3.313,0.686,3.364,0.748,0.223,-0.119,-0.196,1.23,1.32,161.62,2.95,2.47,0.181,0.118,-0.079,1540,1466,1468,1497,10.00,10.06,19.64,19.59
1787304387.783,25.877,True,1,3.068,3.017,0.429,-0.456,9.371,9.365,0.299,3.313,0.686,3.362,0.746,0.223,-0.119,-0.196,1.23,1.32,161.62,2.93,2.47,0.179,0.119,-0.079,1539,1466,1468,1498,10.00,10.06,29.64,29.59
1787304387.793,25.887,True,1,3.068,3.020,0.429,-0.445,9.383,9.377,0.299,3.313,0.686,3.360,0.744,0.223,-0.119,-0.196,1.23,1.32,161.62,2.90,2.47,0.177,0.119,-0.079,1539,1466,1468,1498,10.00,10.06,39.64,39.59
1787304387.803,25.897,True,1,3.068,3.023,0.429,-0.433,9.394,9.388,0.300,3.313,0.686,3.359,0.742,0.223,-0.119,-0.196,1.23,1.32,161.62,2.88,2.48,0.175,0.119,-0.079,1539,1466,1468,1499,10.00,10.06,49.64,49.60
1787304387.813,25.907,True,1,3.068,3.026,0.429,-0.421,9.406,9.400,0.300,3.313,0.686,3.357,0.740,0.223,-0.119,-0.196,1.23,1.32,161.62,2.86,2.48,0.173,0.120,-0.079,1539,1466,1468,1499,10.00,10.06,59.64,59.60
1787304387.824,25.918,True,1,3.096,3.029,0.398,-0.432,9.397,9.391,0.300,3.304,0.676,3.356,0.738,0.216,-0.153,-0.191,1.69,1.12,162.12,2.80,2.83,0.119,0.176,-0.104,1533,1460,1465,1499,10.00,10.06,-0.53,-0.49
1787304387.833,25.927,True,1,3.106,3.032,0.366,-0.365,9.463,9.458,0.302,3.300,0.673,3.354,0.736,0.214,-0.142,-0.196,1.69,1.12,162.12,2.76,2.70,0.114,0.163,-0.103,1532,1461,1465,1501,10.00,10.06,9.47,-0.05
1787304387.843,25.937,True,1,3.106,3.035,0.366,-0.354,9.474,9.469,0.302,3.300,0.673,3.352,0.734,0.214,-0.142,-0.196,1.69,1.12,162.12,2.73,2.71,0.111,0.163,-0.103,1532,1461,1465,1502,10.00,10.06,19.47,9.95
1787304387.853,25.947,True,1,3.106,3.038,0.366,-0.343,9.485,9.480,0.303,3.300,0.673,3.350,0.732,0.214,-0.142,-0.196,1.69,1.12,162.12,2.71,2.71,0.109,0.164,-0.103,1532,1461,1465,1502,10.00,10.06,29.46,19.94
1787304387.863,25.957,True,1,3.106,3.041,0.366,-0.331,9.496,9.491,0.303,3.300,0.673,3.348,0.730,0.214,-0.142,-0.196,1.69,1.12,162.12,2.69,2.71,0.107,0.164,-0.103,1531,1461,1465,1502,10.00,10.06,39.47,29.95
1787304387.873,25.967,True,1,3.106,3.044,0.366,-0.320,9.508,9.503,0.303,3.300,0.673,3.347,0.728,0.214,-0.142,-0.196,1.69,1.12,162.12,2.67,2.72,0.105,0.164,-0.103,1531,1461,1465,1503,10.00,10.06,49.47,39.95
1787304387.883,25.977,True,1,3.106,3.047,0.366,-0.309,9.519,9.514,0.304,3.300,0.673,3.345,0.726,0.214,-0.142,-0.196,1.69,1.12,162.12,2.65,2.72,0.103,0.165,-0.103,1531,1461,1465,1503,10.00,10.06,59.47,49.95
1787304387.893,25.987,True,1,3.106,3.050,0.366,-0.297,9.530,9.525,0.304,3.300,0.673,3.344,0.724,0.214,-0.142,-0.196,1.69,1.12,162.12,2.63,2.72,0.101,0.165,-0.103,1531,1461,1465,1504,10.00,10.06,69.47,59.95
1787304387.903,25.997,True,1,3.106,3.053,0.366,-0.286,9.542,9.537,0.304,3.300,0.673,3.342,0.722,0.214,-0.142,-0.196,1.69,1.12,162.12,2.62,2.73,0.099,0.166,-0.103,1530,1461,1465,1504,10.00,10.06,79.47,69.95
1787304387.914,26.008,True,1,3.131,3.056,0.368,-0.381,9.449,9.447,0.302,3.286,0.666,3.340,0.721,0.212,-0.161,-0.177,2.82,1.63,162.48,2.78,3.00,-0.002,0.138,-0.121,1479,1464,1463,1501,10.00,10.06,-0.56,-0.52
1787304387.923,26.017,True,1,3.131,3.059,0.368,-0.370,9.460,9.458,0.302,3.286,0.666,3.339,0.719,0.212,-0.161,-0.177,2.82,1.63,162.48,2.76,3.01,-0.004,0.139,-0.121,1479,1464,1463,1501,10.00,10.06,9.43,9.48
1787304387.933,26.027,True,1,3.131,3.062,0.368,-0.359,9.472,9.469,0.302,3.286,0.666,3.337,0.717,0.212,-0.161,-0.177,2.82,1.63,162.48,2.74,3.01,-0.006,0.139,-0.121,1479,1464,1463,1502,10.00,10.06,19.44,19.48
1787304387.943,26.037,True,1,3.131,3.065,0.368,-0.347,9.483,9.480,0.303,3.286,0.666,3.335,0.715,0.212,-0.161,-0.177,2.82,1.63,162.48,2.72,3.02,-0.008,0.140,-0.121,1479,1464,1463,1502,10.00,10.06,29.44,29.48
1787304387.953,26.047,True,1,3.131,3.068,0.368,-0.336,9.494,9.491,0.303,3.286,0.666,3.334,0.714,0.212,-0.161,-0.177,2.82,1.63,162.48,2.70,3.02,-0.010,0.140,-0.121,1478,1464,1463,1502,10.00,10.06,39.43,39.48
1787304387.963,26.057,True,1,3.131,3.071,0.368,-0.325,9.506,9.503,0.303,3.286,0.666,3.332,0.712,0.212,-0.161,-0.177,2.82,1.63,162.48,2.68,3.02,-0.011,0.141,-0.121,1478,1464,1463,1503,10.00,10.06,49.43,49.48
1787304387.973,26.067,True,1,3.131,3.074,0.368,-0.313,9.517,9.514,0.304,3.286,0.666,3.330,0.710,0.212,-0.161,-0.177,2.82,1.63,162.48,2.66,3.03,-0.013,0.141,-0.121,1478,1464,1463,1503,10.00,10.06,59.44,59.48
1787304387.983,26.077,True,1,3.131,3.077,0.368,-0.302,9.528,9.525,0.304,3.286,0.666,3.329,0.709,0.212,-0.161,-0.177,2.82,1.63,162.48,2.65,3.03,-0.015,0.141,-0.121,1478,1464,1463,1504,10.00,10.06,69.44,69.48
1787304387.994,26.088,True,1,3.168,3.080,0.348,-0.374,9.456,9.455,0.302,3.268,0.657,3.327,0.707,0.211,-0.162,-0.173,3.45,2.60,162.46,2.69,3.09,-0.075,0.044,-0.116,1471,1475,1463,1501,10.00,10.06,-0.52,-0.57
1787304388.003,26.097,True,1,3.168,3.083,0.348,-0.363,9.467,9.466,0.302,3.268,0.657,3.325,0.706,0.211,-0.162,-0.173,3.45,2.60,162.46,2.67,3.10,-0.077,0.045,-0.116,1471,1474,1463,1502,10.00,10.06,9.48,9.43
1787304388.013,26.107,True,1,3.168,3.086,0.348,-0.352,9.479,9.477,0.302,3.268,0.657,3.323,0.704,0.211,-0.162,-0.173,3.45,2.60,162.46,2.65,3.10,-0.079,0.046,-0.116,1471,1474,1463,1502,10.00,10.06,19.48,19.43
1787304388.023,26.118,True,1,3.184,3.089,0.315,-0.305,9.524,9.522,0.304,3.260,0.653,3.321,0.702,0.211,-0.170,-0.185,3.74,3.06,162.32,2.46,3.15,-0.128,0.002,-0.107,1465,1479,1465,1504,10.00,10.06,-0.17,-0.22
1787304388.033,26.127,True,1,3.184,3.092,0.315,-0.294,9.535,9.533,0.304,3.260,0.653,3.319,0.701,0.211,-0.170,-0.185,3.74,3.06,162.32,2.44,3.16,-0.130,0.003,-0.107,1465,1479,1465,1504,10.00,10.06,9.83,9.78
1787304388.043,26.137,True,1,3.184,3.095,0.315,-0.283,9.547,9.544,0.305,3.260,0.653,3.317,0.699,0.211,-0.170,-0.185,3.74,3.06,162.32,2.42,3.16,-0.132,0.004,-0.107,1465,1479,1465,1504,10.00,10.06,19.83,19.78
1787304388.053,26.147,True,1,3.184,3.098,0.315,-0.272,9.558,9.555,0.305,3.260,0.653,3.315,0.698,0.211,-0.170,-0.185,3.74,3.06,162.32,2.41,3.17,-0.134,0.004,-0.107,1465,1479,1465,1505,10.00,10.06,29.83,29.78
1787304388.063,26.158,True,1,3.204,3.101,0.324,-0.371,9.460,9.456,0.302,3.251,0.647,3.313,0.696,0.210,-0.177,-0.180,4.03,3.53,162.13,2.43,3.32,-0.161,-0.029,-0.097,1462,1523,1466,1501,10.00,10.06,-0.25,-0.30
1787304388.073,26.167,True,1,3.204,3.104,0.324,-0.360,9.471,9.467,0.302,3.251,0.647,3.311,0.694,0.210,-0.177,-0.180,4.03,3.53,162.13,2.41,3.32,-0.163,-0.029,-0.097,1461,1523,1466,1502,10.00,10.06,9.75,9.70
1787304388.083,26.177,True,1,3.204,3.107,0.324,-0.349,9.482,9.478,0.303,3.251,0.647,3.309,0.693,0.210,-0.177,-0.180,4.03,3.53,162.13,2.39,3.33,-0.165,-0.028,-0.097,1461,1523,1466,1502,10.00,10.06,19.75,19.70
1787304388.093,26.187,True,1,3.204,3.110,0.324,-0.338,9.493,9.489,0.303,3.251,0.647,3.307,0.691,0.210,-0.177,-0.180,4.03,3.53,162.13,2.38,3.34,-0.167,-0.027,-0.097,1461,1523,1466,1502,10.00,10.06,29.75,29.70
1787304388.103,26.197,True,1,3.204,3.113,0.324,-0.327,9.504,9.500,0.303,3.251,0.647,3.305,0.690,0.210,-0.177,-0.180,4.03,3.53,162.13,2.36,3.34,-0.169,-0.027,-0.097,1461,1522,1466,1503,10.00,10.06,39.75,39.70
1787304388.113,26.207,True,1,3.204,3.116,0.324,-0.316,9.515,9.511,0.304,3.251,0.647,3.303,0.688,0.210,-0.177,-0.180,4.03,3.53,162.13,2.34,3.35,-0.170,-0.026,-0.097,1461,1522,1466,1503,10.00,10.06,49.75,49.70
1787304388.123,26.217,True,1,3.204,3.119,0.324,-0.305,9.526,9.522,0.304,3.251,0.647,3.302,0.687,0.210,-0.177,-0.180,4.03,3.53,162.13,2.33,3.35,-0.172,-0.025,-0.097,1460,1522,1466,1504,10.00,10.06,59.74,59.70
1787304388.133,26.227,True,1,3.204,3.122,0.324,-0.293,9.537,9.533,0.304,3.251,0.647,3.300,0.686,0.210,-0.177,-0.180,4.03,3.53,162.13,2.31,3.36,-0.174,-0.025,-0.097,1460,1522,1466,1504,10.00,10.06,69.75,69.70
1787304388.144,26.238,True,1,3.244,3.125,0.283,-0.320,9.509,9.499,0.303,3.238,0.636,3.298,0.684,0.209,-0.157,-0.191,4.26,4.69,161.31,2.21,3.17,-0.209,-0.163,-0.051,1456,1537,1472,1503,10.00,10.06,-0.55,-0.60
1787304388.153,26.247,True,1,3.244,3.128,0.283,-0.309,9.519,9.510,0.304,3.238,0.636,3.296,0.682,0.209,-0.157,-0.191,4.26,4.69,161.31,2.20,3.18,-0.211,-0.162,-0.051,1456,1537,1472,1503,10.00,10.06,9.45,9.40
1787304388.163,26.257,True,1,3.244,3.131,0.283,-0.298,9.530,9.521,0.304,3.238,0.636,3.294,0.681,0.209,-0.157,-0.191,4.26,4.69,161.31,2.18,3.18,-0.212,-0.161,-0.051,1456,1537,1472,1504,10.00,10.06,19.44,19.39
1787304388.173,26.267,True,1,3.244,3.134,0.283,-0.287,9.541,9.531,0.304,3.238,0.636,3.292,0.679,0.209,-0.157,-0.191,4.26,4.69,161.31,2.16,3.19,-0.214,-0.161,-0.051,1456,1537,1472,1504,10.00,10.06,29.45,29.40
1787304388.183,26.277,True,1,3.244,3.137,0.283,-0.276,9.552,9.542,0.305,3.238,0.636,3.290,0.678,0.209,-0.157,-0.191,4.26,4.69,161.31,2.14,3.20,-0.216,-0.160,-0.051,1456,1537,1472,1504,10.01,10.07,39.45,39.40
1787304388.193,26.287,True,1,3.244,3.140,0.283,-0.265,9.563,9.553,0.305,3.238,0.636,3.289,0.676,0.209,-0.157,-0.191,4.26,4.69,161.31,2.13,3.20,-0.218,-0.159,-0.051,1455,1537,1472,1505,10.00,10.07,49.46,49.41
1787304388.203,26.297,True,1,3.244,3.143,0.283,-0.254,9.574,9.564,0.305,3.238,0.636,3.287,0.675,0.209,-0.157,-0.191,4.26,4.69,161.31,2.11,3.21,-0.219,-0.159,-0.051,1455,1537,1472,1505,9.99,10.06,59.45,59.40
1787304388.213,26.307,True,1,3.244,3.146,0.283,-0.243,9.585,9.575,0.306,3.238,0.636,3.285,0.674,0.209,-0.157,-0.191,4.26,4.69,161.31,2.10,3.21,-0.221,-0.158,-0.051,1455,1537,1472,1506,10.00,10.06,69.44,69.40
1787304388.223,26.317,True,1,3.244,3.149,0.283,-0.232,9.596,9.586,0.306,3.238,0.636,3.284,0.673,0.209,-0.157,-0.191,4.26,4.69,161.31,2.08,3.22,-0.223,-0.158,-0.052,1455,1537,1472,1506,10.00,10.06,79.45,79.40
1787304388.234,26.328,True,1,3.277,3.152,0.274,-0.325,9.504,9.499,0.303,3.213,0.625,3.281,0.671,0.215,-0.162,-0.179,3.39,4.82,160.56,2.14,3.37,-0.127,-0.153,-0.021,1465,1536,1477,1503,10.00,10.06,-0.59,-0.64
1787304388.243,26.337,True,1,3.277,3.155,0.274,-0.315,9.515,9.510,0.304,3.213,0.625,3.279,0.669,0.215,-0.162,-0.179,3.39,4.82,160.56,2.12,3.38,-0.129,-0.152,-0.022,1465,1536,1477,1503,10.01,10.07,9.41,9.36
1787304388.253,26.348,True,1,3.281,3.158,0.221,-0.162,9.666,9.661,0.308,3.210,0.623,3.277,0.668,0.216,-0.174,-0.202,2.96,4.82,160.31,1.78,3.40,-0.122,-0.150,-0.012,1466,1536,1478,1509,10.00,10.07,-0.19,-0.14
1787304388.263,26.357,True,1,3.281,3.161,0.221,-0.152,9.677,9.672,0.309,3.210,0.623,3.274,0.666,0.216,-0.174,-0.202,2.96,4.82,160.31,1.77,3.40,-0.124,-0.149,-0.012,1466,1536,1478,1509,10.00,10.06,9.81,9.86
1787304388.273,26.367,True,1,3.281,3.164,0.221,-0.141,9.688,9.683,0.309,3.210,0.623,3.272,0.665,0.216,-0.174,-0.202,2.96,4.82,160.31,1.75,3.41,-0.125,-0.148,-0.012,1466,1536,1478,1509,10.00,10.06,19.81,19.86
1787304388.283,26.377,True,1,3.281,3.167,0.221,-0.130,9.699,9.693,0.309,3.210,0.623,3.270,0.663,0.216,-0.174,-0.202,2.96,4.82,160.31,1.73,3.42,-0.127,-0.147,-0.012,1465,1536,1478,1510,10.00,10.06,29.81,29.86
1787304388.293,26.387,True,1,3.281,3.170,0.221,-0.119,9.709,9.704,0.310,3.210,0.623,3.268,0.662,0.216,-0.174,-0.202,2.96,4.82,160.31,1.72,3.43,-0.129,-0.147,-0.012,1465,1536,1478,1510,10.00,10.06,39.81,39.86
1787304388.303,26.397,True,1,3.281,3.173,0.221,-0.108,9.720,9.715,0.310,3.210,0.623,3.266,0.661,0.216,-0.174,-0.202,2.96,4.82,160.31,1.70,3.43,-0.130,-0.146,-0.012,1465,1536,1478,1511,10.01,10.07,49.81,49.86
1787304388.314,26.408,True,1,3.302,3.176,0.195,-0.105,9.724,9.720,0.310,3.192,0.612,3.264,0.659,0.222,-0.153,-0.178,2.50,4.79,159.77,1.97,3.34,-0.056,-0.152,0.011,1473,1536,1521,1511,10.00,10.06,-0.41,-0.46
1787304388.323,26.417,True,1,3.302,3.179,0.195,-0.094,9.734,9.731,0.311,3.192,0.612,3.261,0.658,0.222,-0.153,-0.178,2.50,4.79,159.77,1.95,3.34,-0.058,-0.151,0.011,1473,1536,1521,1511,10.00,10.07,9.59,9.54
1787304388.333,26.427,True,1,3.302,3.182,0.195,-0.084,9.745,9.742,0.311,3.192,0.612,3.259,0.656,0.222,-0.153,-0.178,2.50,4.79,159.77,1.93,3.35,-0.060,-0.150,0.010,1473,1536,1521,1512,9.99,10.06,19.58,19.53
1787304388.343,26.437,True,1,3.302,3.185,0.195,-0.073,9.756,9.753,0.311,3.192,0.612,3.257,0.655,0.222,-0.153,-0.178,2.50,4.79,159.77,1.91,3.36,-0.062,-0.149,0.010,1473,1536,1521,1512,10.00,10.06,29.58,29.54
1787304388.353,26.447,True,1,3.302,3.188,0.195,-0.062,9.767,9.763,0.312,3.192,0.612,3.255,0.653,0.222,-0.153,-0.178,2.50,4.79,159.77,1.90,3.37,-0.064,-0.148,0.010,1472,1536,1521,1512,10.00,10.06,39.58,39.53
1787304388.363,26.458,True,1,3.317,3.191,0.173,-0.042,9.786,9.783,0.312,3.182,0.606,3.252,0.652,0.226,-0.158,-0.188,2.05,4.66,159.26,1.73,3.41,-0.036,-0.130,0.031,1475,1534,1524,1513,10.01,10.07,-0.29,-0.34
1787304388.373,26.467,True,1,3.321,3.194,0.154,0.010,9.838,9.836,0.314,3.180,0.604,3.250,0.650,0.226,-0.160,-0.192,1.94,4.56,159.16,1.65,3.41,-0.032,-0.120,0.035,1476,1533,1524,1515,10.00,10.06,-0.06,-0.12
1787304388.383,26.477,True,1,3.321,3.197,0.154,0.021,9.849,9.847,0.314,3.180,0.604,3.247,0.649,0.226,-0.160,-0.192,1.74,4.53,158.98,1.62,3.42,-0.015,-0.115,0.042,1478,1532,1525,1515,10.00,10.06,-0.06,9.88
1787304388.393,26.487,True,1,3.321,3.200,0.154,0.032,9.860,9.858,0.315,3.180,0.604,3.245,0.647,0.226,-0.160,-0.192,1.74,4.53,158.98,1.60,3.43,-0.017,-0.114,0.042,1478,1532,1525,1516,10.00,10.07,9.94,19.88
1787304388.403,26.497,True,1,3.329,3.203,0.137,0.060,9.889,9.888,0.316,3.176,0.600,3.243,0.646,0.228,-0.160,-0.187,1.64,4.40,158.89,1.63,3.46,-0.004,-0.097,0.045,1479,1530,1526,1517,10.00,10.06,-0.11,-0.16
1787304388.413,26.507,True,1,3.329,3.206,0.137,0.071,9.900,9.899,0.316,3.176,0.600,3.241,0.644,0.228,-0.160,-0.187,1.64,4.40,158.89,1.61,3.47,-0.006,-0.096,0.045,1479,1530,1526,1517,10.00,10.06,9.90,9.85
1787304388.423,26.517,True,1,3.329,3.209,0.137,0.082,9.911,9.909,0.316,3.176,0.600,3.239,0.643,0.228,-0.160,-0.187,1.64,4.40,158.89,1.60,3.47,-0.008,-0.095,0.045,1479,1530,1526,1518,10.00,10.06,19.89,19.84
1787304388.433,26.527,True,1,3.329,3.212,0.137,0.093,9.922,9.920,0.317,3.176,0.600,3.236,0.641,0.228,-0.160,-0.187,1.64,4.40,158.89,1.58,3.48,-0.010,-0.094,0.045,1478,1530,1526,1518,10.00,10.06,29.89,29.84
1787304388.443,26.537,True,1,3.329,3.215,0.137,0.104,9.932,9.931,0.317,3.176,0.600,3.234,0.640,0.228,-0.160,-0.187,1.64,4.40,158.89,1.56,3.49,-0.011,-0.094,0.045,1478,1530,1526,1518,10.00,10.06,39.89,39.84
1787304388.453,26.547,True,1,3.329,3.218,0.137,0.115,9.943,9.942,0.317,3.176,0.600,3.232,0.638,0.228,-0.160,-0.187,1.64,4.40,158.89,1.55,3.50,-0.013,-0.093,0.045,1478,1530,1526,1519,10.01,10.07,49.90,49.85
1787304388.464,26.558,True,1,3.347,3.221,0.095,0.179,10.007,10.006,0.319,3.167,0.591,3.230,0.637,0.230,-0.146,-0.181,0.90,4.02,158.34,1.60,3.39,0.069,-0.065,0.067,1527,1527,1529,1521,10.00,10.07,-0.37,-0.42
1787304388.473,26.567,True,1,3.347,3.224,0.095,0.190,10.018,10.016,0.320,3.167,0.591,3.228,0.635,0.230,-0.146,-0.181,0.60,3.90,158.21,1.57,3.40,0.097,-0.051,0.072,1530,1525,1530,1522,9.99,10.06,-0.07,9.57
1787304388.483,26.577,True,1,3.350,3.227,0.107,0.151,9.980,9.976,0.318,3.165,0.590,3.226,0.634,0.230,-0.125,-0.153,0.42,3.82,158.16,1.91,3.33,0.151,-0.051,0.075,1536,1525,1530,1520,10.00,10.06,-0.11,-0.05
1787304388.493,26.587,True,1,3.350,3.230,0.107,0.162,9.991,9.987,0.319,3.165,0.590,3.224,0.632,0.230,-0.125,-0.153,0.42,3.82,158.16,1.90,3.34,0.149,-0.050,0.075,1536,1525,1530,1521,10.00,10.07,9.90,9.95
1787304388.503,26.597,True,1,3.350,3.233,0.107,0.173,10.002,9.998,0.319,3.165,0.590,3.222,0.631,0.230,-0.125,-0.153,0.42,3.82,158.16,1.88,3.35,0.148,-0.049,0.075,1536,1525,1530,1521,10.00,10.07,19.90,19.95
1787304388.513,26.607,True,1,3.350,3.236,0.107,0.184,10.013,10.009,0.319,3.165,0.590,3.220,0.630,0.230,-0.125,-0.153,0.42,3.82,158.16,1.86,3.35,0.146,-0.049,0.075,1536,1525,1530,1521,9.99,10.06,29.89,29.95
1787304388.523,26.617,True,1,3.350,3.239,0.107,0.194,10.023,10.020,0.320,3.165,0.590,3.218,0.628,0.230,-0.125,-0.153,0.42,3.82,158.16,1.85,3.36,0.144,-0.048,0.075,1535,1525,1530,1522,10.00,10.06,39.89,39.95
1787304388.533,26.627,True,1,3.350,3.242,0.107,0.205,10.034,10.031,0.320,3.165,0.590,3.217,0.627,0.230,-0.125,-0.153,0.42,3.82,158.16,1.83,3.37,0.143,-0.047,0.075,1535,1525,1530,1522,10.01,10.07,49.90,49.95
1787304388.543,26.638,True,1,3.350,3.245,0.107,0.216,10.045,10.042,0.321,3.165,0.590,3.215,0.626,0.230,-0.125,-0.153,0.42,3.82,158.16,1.82,3.37,0.141,-0.047,0.075,1535,1525,1530,1522,10.01,10.07,59.90,59.96
1787304388.553,26.647,True,1,3.350,3.248,0.107,0.227,10.056,10.053,0.321,3.165,0.590,3.213,0.625,0.230,-0.125,-0.153,0.42,3.82,158.16,1.80,3.38,0.140,-0.046,0.075,1535,1525,1530,1523,9.99,10.06,69.89,69.95
1787304388.563,26.657,True,1,3.350,3.251,0.107,0.238,10.067,10.064,0.321,3.165,0.590,3.212,0.623,0.230,-0.125,-0.153,0.42,3.82,158.16,1.79,3.38,0.138,-0.046,0.075,1535,1525,1530,1523,10.00,10.06,79.89,79.94
1787304388.574,26.668,True,1,3.370,3.254,0.088,0.231,10.059,10.053,0.321,3.155,0.577,3.210,0.622,0.233,-0.096,-0.147,0.16,3.69,157.71,1.91,3.15,0.177,-0.057,0.094,1539,1526,1533,1523,10.00,10.06,-0.68,-0.63
1787304388.583,26.677,True,1,3.370,3.257,0.088,0.242,10.069,10.064,0.321,3.155,0.577,3.208,0.620,0.233,-0.096,-0.147,0.16,3.69,157.71,1.90,3.16,0.175,-0.056,0.094,1539,1526,1533,1523,10.02,10.08,9.35,9.40
1787304388.593,26.687,True,1,3.370,3.260,0.088,0.253,10.080,10.075,0.322,3.155,0.577,3.206,0.619,0.233,-0.096,-0.147,0.16,3.69,157.71,1.88,3.16,0.174,-0.056,0.094,1539,1526,1533,1524,9.98,10.06,19.32,19.37
1787304388.603,26.698,True,1,3.375,3.263,0.107,0.184,10.013,10.009,0.319,3.151,0.574,3.204,0.617,0.235,-0.084,-0.119,0.50,3.52,157.68,2.19,3.19,0.171,-0.034,0.095,1538,1523,1533,1521,10.00,10.06,-0.24,-0.19
1787304388.613,26.707,True,1,3.375,3.266,0.107,0.195,10.024,10.020,0.320,3.151,0.574,3.202,0.616,0.235,-0.084,-0.119,0.50,3.52,157.68,2.17,3.20,0.169,-0.033,0.095,1538,1523,1533,1522,10.01,10.07,9.77,9.82
1787304388.623,26.717,True,1,3.375,3.269,0.107,0.206,10.035,10.031,0.320,3.151,0.574,3.201,0.615,0.235,-0.084,-0.119,0.50,3.52,157.68,2.16,3.20,0.168,-0.033,0.095,1538,1523,1533,1522,9.99,10.06,19.76,19.81
1787304388.633,26.727,True,1,3.375,3.272,0.107,0.216,10.046,10.042,0.321,3.151,0.574,3.199,0.613,0.235,-0.084,-0.119,0.50,3.52,157.68,2.14,3.21,0.166,-0.032,0.095,1538,1523,1533,1522,10.00,10.06,29.76,29.81
1787304388.643,26.738,True,1,3.382,3.275,0.050,0.372,10.201,10.198,0.325,3.145,0.569,3.197,0.612,0.238,-0.073,-0.108,0.73,3.43,157.69,2.24,3.12,0.153,-0.032,0.095,1536,1523,1533,1528,10.00,10.06,-0.31,-0.35
1787304388.653,26.747,True,1,3.382,3.278,0.050,0.383,10.212,10.209,0.326,3.145,0.569,3.196,0.610,0.238,-0.073,-0.108,0.73,3.43,157.69,2.22,3.12,0.151,-0.032,0.095,1536,1523,1533,1528,10.01,10.07,9.70,9.66
1787304388.663,26.757,True,1,3.382,3.281,0.050,0.394,10.223,10.220,0.326,3.145,0.569,3.194,0.609,0.238,-0.073,-0.108,0.73,3.43,157.69,2.21,3.13,0.150,-0.031,0.095,1536,1523,1533,1529,10.00,10.06,19.70,19.65
1787304388.673,26.768,True,1,3.384,3.284,0.042,0.419,10.249,10.245,0.327,3.143,0.568,3.192,0.608,0.239,-0.066,-0.100,0.82,3.42,157.71,2.29,3.08,0.148,-0.034,0.094,1536,1523,1533,1530,10.00,10.06,-0.17,-0.12
1787304388.683,26.777,True,1,3.384,3.287,0.060,0.374,10.205,10.201,0.326,3.143,0.567,3.191,0.606,0.240,-0.059,-0.081,0.82,3.42,157.71,2.49,3.11,0.169,-0.031,0.094,1538,1523,1533,1528,10.01,10.07,9.83,-0.07
1787304388.693,26.787,True,1,3.386,3.290,0.039,0.444,10.275,10.272,0.328,3.142,0.567,3.189,0.605,0.240,-0.065,-0.095,0.94,3.32,157.78,2.32,3.11,0.138,-0.021,0.091,1535,1522,1532,1531,10.00,10.06,-0.05,-0.11
1787304388.703,26.797,True,1,3.386,3.293,0.039,0.455,10.286,10.283,0.328,3.142,0.567,3.187,0.604,0.240,-0.065,-0.095,0.94,3.32,157.78,2.30,3.11,0.137,-0.020,0.091,1535,1522,1532,1531,10.01,10.07,9.95,9.90
1787304388.713,26.807,True,1,3.386,3.296,0.039,0.467,10.297,10.294,0.329,3.142,0.567,3.186,0.602,0.240,-0.065,-0.095,0.94,3.32,157.78,2.29,3.12,0.135,-0.020,0.091,1534,1522,1532,1531,9.99,10.06,19.95,19.89
1787304388.723,26.817,True,1,3.386,3.299,0.039,0.478,10.308,10.305,0.329,3.142,0.567,3.184,0.601,0.240,-0.065,-0.095,0.94,3.32,157.78,2.27,3.12,0.134,-0.019,0.091,1534,1522,1532,1532,10.00,10.06,29.95,29.89
1787304388.733,26.828,True,1,3.390,3.302,0.015,0.545,10.375,10.372,0.331,3.138,0.566,3.183,0.600,0.243,-0.040,-0.083,1.16,3.20,157.97,2.46,2.91,0.131,-0.028,0.083,1534,1523,1531,1534,10.00,10.07,-0.26,-0.31
1787304388.743,26.837,True,1,3.390,3.305,0.015,0.556,10.386,10.383,0.331,3.138,0.566,3.181,0.599,0.243,-0.040,-0.083,1.16,3.20,157.97,2.44,2.91,0.130,-0.028,0.083,1534,1523,1531,1535,9.99,10.06,9.74,9.69
1787304388.753,26.847,True,1,3.390,3.308,0.015,0.567,10.397,10.394,0.332,3.138,0.566,3.180,0.598,0.243,-0.040,-0.083,1.16,3.20,157.97,2.43,2.92,0.129,-0.027,0.083,1534,1523,1531,1535,10.00,10.06,19.74,19.69
1787304388.763,26.857,True,1,3.390,3.311,0.015,0.579,10.408,10.405,0.332,3.138,0.566,3.178,0.597,0.243,-0.040,-0.083,1.16,3.20,157.97,2.42,2.92,0.127,-0.027,0.083,1534,1522,1531,1535,10.00,10.06,29.74,29.69
1787304388.773,26.867,True,1,3.393,3.314,0.000,0.622,10.453,10.451,0.334,3.135,0.565,3.177,0.596,0.245,-0.035,-0.058,1.35,3.17,158.10,2.65,2.96,0.132,-0.020,0.077,1534,1522,1530,1537,10.00,10.06,-0.12,-0.15
1787304388.783,26.877,True,1,3.394,3.317,0.034,0.525,10.360,10.357,0.331,3.135,0.565,3.176,0.595,0.246,-0.033,-0.032,1.66,3.30,158.19,2.91,3.08,0.127,-0.021,0.073,1534,1522,1530,1534,10.00,10.06,-0.03,-0.06
1787304388.793,26.887,True,1,3.394,3.320,0.034,0.536,10.371,10.369,0.331,3.135,0.565,3.174,0.594,0.246,-0.033,-0.032,1.66,3.30,158.19,2.90,3.08,0.125,-0.021,0.073,1533,1522,1530,1534,10.00,10.06,9.97,9.94
1787304388.803,26.897,True,1,3.394,3.323,0.034,0.547,10.382,10.380,0.331,3.135,0.565,3.173,0.593,0.246,-0.033,-0.032,1.66,3.30,158.19,2.89,3.08,0.124,-0.020,0.073,1533,1522,1530,1534,10.00,10.06,19.97,19.94
1787304388.813,26.908,True,1,3.396,3.326,0.018,0.598,10.432,10.430,0.333,3.133,0.565,3.172,0.592,0.247,-0.017,-0.037,1.94,3.19,158.35,2.88,2.90,0.095,-0.028,0.067,1530,1523,1529,1536,10.00,10.06,-0.20,-0.25
1787304388.823,26.917,True,1,3.396,3.329,0.018,0.610,10.443,10.441,0.333,3.133,0.565,3.170,0.591,0.247,-0.017,-0.037,1.94,3.19,158.35,2.87,2.91,0.093,-0.027,0.067,1530,1523,1529,1537,10.00,10.06,9.80,9.76
1787304388.833,26.927,True,1,3.396,3.332,0.018,0.621,10.454,10.453,0.334,3.133,0.565,3.169,0.590,0.247,-0.017,-0.037,1.94,3.19,158.35,2.86,2.91,0.092,-0.027,0.067,1530,1523,1529,1537,10.00,10.06,19.80,19.75
1787304388.843,26.937,True,1,3.396,3.335,0.018,0.633,10.466,10.464,0.334,3.133,0.565,3.168,0.589,0.247,-0.017,-0.037,1.94,3.19,158.35,2.85,2.92,0.091,-0.027,0.067,1530,1522,1529,1537,10.00,10.06,29.80,29.76
1787304388.853,26.947,True,1,3.396,3.338,0.018,0.644,10.477,10.476,0.334,3.133,0.565,3.167,0.588,0.247,-0.017,-0.037,1.94,3.19,158.35,2.83,2.92,0.090,-0.026,0.067,1529,1522,1529,1538,10.00,10.06,39.80,39.76
1787304388.863,26.958,True,1,3.402,3.341,0.033,0.587,10.421,10.420,0.333,3.132,0.565,3.166,0.588,0.248,-0.026,-0.039,2.42,3.11,158.59,2.80,3.00,0.037,-0.009,0.056,1524,1521,1527,1536,10.00,10.06,-0.27,-0.32
1787304388.873,26.967,True,1,3.404,3.344,0.032,0.594,10.428,10.428,0.333,3.132,0.565,3.164,0.587,0.248,-0.020,-0.033,2.67,3.08,158.71,2.88,2.97,0.020,-0.010,0.051,1522,1521,1527,1536,10.00,10.06,-0.05,-0.11
1787304388.883,26.977,True,1,3.404,3.347,0.032,0.606,10.439,10.439,0.333,3.132,0.565,3.163,0.586,0.248,-0.020,-0.033,2.76,2.97,158.81,2.88,2.97,0.010,0.002,0.046,1521,1479,1526,1536,10.00,10.06,-0.06,9.89
1787304388.893,26.987,True,1,3.404,3.350,0.032,0.617,10.451,10.451,0.334,3.132,0.565,3.162,0.585,0.248,-0.020,-0.033,2.76,2.97,158.81,2.87,2.97,0.009,0.002,0.046,1520,1479,1526,1537,10.00,10.06,9.94,19.89
1787304388.903,26.997,True,1,3.408,3.353,-0.006,0.727,10.559,10.559,0.337,3.132,0.565,3.161,0.585,0.249,-0.022,-0.048,3.00,3.04,158.87,2.68,2.91,-0.035,-0.011,0.044,1476,1521,1526,1541,10.00,10.06,-0.10,-0.15
1787304388.913,27.007,True,1,3.408,3.356,-0.006,0.739,10.570,10.570,0.337,3.132,0.565,3.160,0.584,0.249,-0.022,-0.048,3.00,3.04,158.87,2.67,2.91,-0.036,-0.011,0.044,1475,1521,1526,1541,10.00,10.06,9.90,9.86
1787304388.923,27.017,True,1,3.408,3.359,-0.006,0.750,10.582,10.582,0.338,3.132,0.565,3.159,0.584,0.249,-0.022,-0.048,3.00,3.04,158.87,2.66,2.92,-0.037,-0.010,0.044,1475,1521,1526,1541,10.00,10.06,19.90,19.85
1787304388.933,27.028,True,1,3.413,3.362,0.037,0.609,10.442,10.442,0.333,3.132,0.565,3.159,0.583,0.248,-0.013,-0.035,3.14,2.99,159.09,2.86,2.91,-0.031,-0.006,0.034,1476,1520,1524,1537,10.00,10.06,-0.17,-0.22
1787304388.943,27.037,True,1,3.413,3.365,0.037,0.621,10.454,10.454,0.334,3.132,0.565,3.158,0.582,0.248,-0.013,-0.035,3.14,2.99,159.09,2.85,2.91,-0.032,-0.006,0.034,1476,1520,1524,1537,10.00,10.06,9.83,9.78
1787304388.953,27.047,True,1,3.413,3.368,0.037,0.632,10.465,10.465,0.334,3.132,0.565,3.157,0.582,0.248,-0.013,-0.035,3.14,2.99,159.09,2.84,2.92,-0.033,-0.006,0.034,1476,1520,1524,1537,10.00,10.06,19.83,19.78
1787304388.963,27.058,True,1,3.417,3.371,0.034,0.638,10.469,10.468,0.334,3.133,0.565,3.156,0.581,0.248,0.002,-0.047,3.24,3.14,159.24,2.78,2.73,-0.050,-0.041,0.029,1474,1524,1524,1537,10.00,10.06,-0.15,-0.20
1787304388.973,27.067,True,1,3.417,3.374,0.034,0.649,10.480,10.480,0.334,3.133,0.565,3.155,0.581,0.248,0.002,-0.047,3.24,3.14,159.24,2.77,2.73,-0.051,-0.041,0.029,1474,1524,1524,1538,10.00,10.06,9.85,9.80
1787304388.983,27.078,True,1,3.419,3.377,0.046,0.617,10.451,10.450,0.334,3.133,0.565,3.154,0.580,0.248,0.003,-0.024,3.12,3.09,159.45,3.00,2.81,-0.014,-0.028,0.020,1478,1523,1522,1537,10.00,10.06,-0.16,-0.12
1787304388.993,27.087,True,1,3.419,3.380,0.046,0.629,10.462,10.462,0.334,3.133,0.565,3.154,0.580,0.248,0.003,-0.024,3.12,3.09,159.45,2.99,2.81,-0.014,-0.028,0.020,1478,1523,1522,1537,10.00,10.06,9.84,9.89
1787304389.003,27.097,True,1,3.419,3.383,0.046,0.640,10.474,10.474,0.334,3.133,0.565,3.153,0.579,0.248,0.003,-0.024,3.12,3.09,159.45,2.98,2.82,-0.015,-0.028,0.020,1478,1523,1522,1538,10.00,10.06,19.84,19.89
1787304389.013,27.107,True,1,3.419,3.386,0.046,0.652,10.485,10.485,0.335,3.133,0.565,3.152,0.579,0.248,0.003,-0.024,3.12,3.09,159.45,2.97,2.82,-0.016,-0.028,0.020,1478,1523,1522,1538,10.00,10.06,29.84,29.89
1787304389.023,27.117,True,1,3.419,3.389,0.046,0.664,10.497,10.497,0.335,3.133,0.565,3.152,0.578,0.248,0.003,-0.024,3.12,3.09,159.45,2.96,2.82,-0.017,-0.028,0.020,1478,1523,1522,1538,10.00,10.06,39.84,39.89
1787304389.033,27.127,True,1,3.419,3.392,0.046,0.675,10.509,10.509,0.335,3.133,0.565,3.151,0.578,0.248,0.003,-0.024,3.12,3.09,159.45,2.95,2.82,-0.018,-0.027,0.020,1477,1523,1522,1539,10.00,10.06,49.84,49.89
1787304389.043,27.137,True,1,3.419,3.395,0.046,0.687,10.521,10.520,0.336,3.133,0.565,3.151,0.577,0.248,0.003,-0.024,3.12,3.09,159.45,2.94,2.82,-0.019,-0.027,0.020,1477,1523,1522,1539,10.00,10.06,59.84,59.89
1787304389.053,27.147,True,1,3.419,3.398,0.046,0.699,10.532,10.532,0.336,3.133,0.565,3.150,0.577,0.248,0.003,-0.024,3.12,3.09,159.45,2.94,2.83,-0.020,-0.027,0.020,1477,1523,1522,1540,10.00,10.06,69.84,69.89
1787304389.064,27.158,True,1,3.435,3.401,0.093,0.510,10.341,10.341,0.330,3.136,0.564,3.149,0.577,0.244,0.008,-0.043,2.84,3.05,160.00,2.86,2.74,0.002,-0.033,-0.004,1520,1523,1479,1533,10.00,10.06,-0.61,-0.56
1787304389.073,27.167,True,1,3.435,3.404,0.093,0.521,10.352,10.352,0.330,3.136,0.564,3.149,0.576,0.244,0.008,-0.043,2.84,3.05,160.00,2.85,2.74,0.001,-0.033,-0.004,1520,1523,1479,1533,10.00,10.06,9.39,9.44
1787304389.083,27.177,True,1,3.435,3.407,0.093,0.533,10.364,10.364,0.331,3.136,0.564,3.149,0.576,0.244,0.008,-0.043,2.84,3.05,160.00,2.84,2.74,0.001,-0.033,-0.004,1520,1523,1479,1534,9.99,10.06,19.39,19.43
1787304389.093,27.187,True,1,3.435,3.410,0.093,0.545,10.376,10.376,0.331,3.136,0.564,3.148,0.575,0.244,0.008,-0.043,2.84,3.05,160.00,2.83,2.74,-0.000,-0.033,-0.004,1479,1523,1479,1534,10.00,10.06,29.39,29.43
1787304389.103,27.197,True,1,3.435,3.413,0.093,0.556,10.388,10.387,0.332,3.136,0.564,3.148,0.575,0.244,0.008,-0.043,2.84,3.05,160.00,2.83,2.74,-0.001,-0.033,-0.004,1479,1523,1479,1535,10.00,10.06,39.39,39.43
1787304389.113,27.207,True,1,3.435,3.416,0.093,0.568,10.399,10.399,0.332,3.136,0.564,3.147,0.575,0.244,0.008,-0.043,2.84,3.05,160.00,2.82,2.74,-0.002,-0.032,-0.004,1479,1523,1479,1535,10.00,10.06,49.39,49.43
1787304389.123,27.217,True,1,3.435,3.419,0.093,0.580,10.411,10.411,0.332,3.136,0.564,3.147,0.574,0.244,0.008,-0.043,2.84,3.05,160.00,2.81,2.75,-0.002,-0.032,-0.004,1479,1523,1479,1535,10.00,10.06,59.39,59.43
1787304389.134,27.228,True,1,3.452,3.422,0.124,0.431,10.262,10.262,0.328,3.141,0.562,3.147,0.574,0.239,0.027,-0.043,2.80,3.09,160.34,2.94,2.59,0.016,-0.053,-0.018,1521,1525,1477,1530,10.00,10.06,-0.41,-0.46
1787304389.143,27.237,True,1,3.454,3.425,0.140,0.381,10.213,10.212,0.326,3.141,0.561,3.147,0.573,0.238,0.043,-0.031,2.74,3.18,160.44,3.12,2.49,0.041,-0.074,-0.022,1524,1528,1476,1528,10.00,10.06,-0.05,-0.11
1787304389.153,27.247,True,1,3.454,3.428,0.140,0.393,10.225,10.224,0.326,3.141,0.561,3.146,0.573,0.238,0.043,-0.031,2.74,3.18,160.44,3.11,2.49,0.040,-0.074,-0.022,1524,1528,1476,1529,10.00,10.06,9.95,9.89
1787304389.163,27.257,True,1,3.454,3.431,0.140,0.405,10.236,10.235,0.327,3.141,0.561,3.146,0.573,0.238,0.043,-0.031,2.74,3.18,160.44,3.10,2.49,0.039,-0.074,-0.022,1524,1528,1476,1529,10.00,10.06,19.95,19.89
1787304389.173,27.267,True,1,3.454,3.434,0.140,0.417,10.248,10.247,0.327,3.141,0.561,3.146,0.572,0.238,0.043,-0.031,2.74,3.18,160.44,3.10,2.49,0.039,-0.074,-0.022,1524,1528,1476,1530,10.00,10.06,29.95,29.89
1787304389.183,27.277,True,1,3.454,3.437,0.140,0.429,10.260,10.259,0.327,3.141,0.561,3.146,0.572,0.238,0.043,-0.031,2.74,3.18,160.44,3.09,2.49,0.038,-0.074,-0.022,1524,1528,1476,1530,10.01,10.07,39.95,39.90
1787304389.193,27.287,True,1,3.454,3.440,0.140,0.440,10.272,10.271,0.328,3.141,0.561,3.146,0.571,0.238,0.043,-0.031,2.74,3.18,160.44,3.08,2.49,0.037,-0.074,-0.022,1524,1528,1476,1531,10.00,10.07,49.95,49.90
1787304389.203,27.297,True,1,3.454,3.443,0.140,0.452,10.283,10.283,0.328,3.141,0.561,3.146,0.571,0.238,0.043,-0.031,2.74,3.18,160.44,3.07,2.49,0.036,-0.074,-0.022,1524,1528,1476,1531,9.99,10.06,59.95,59.89
1787304389.214,27.308,True,1,3.475,3.446,0.192,0.227,10.059,10.058,0.321,3.147,0.558,3.146,0.571,0.232,0.051,-0.025,2.60,3.21,160.91,3.24,2.47,0.070,-0.080,-0.042,1527,1528,1474,1523,10.00,10.06,-0.50,-0.55
1787304389.223,27.317,True,1,3.475,3.449,0.192,0.239,10.071,10.069,0.321,3.147,0.558,3.146,0.570,0.232,0.051,-0.025,2.60,3.21,160.91,3.24,2.47,0.070,-0.080,-0.042,1527,1528,1474,1523,10.00,10.06,9.50,9.46
1787304389.233,27.327,True,1,3.475,3.452,0.192,0.251,10.083,10.081,0.322,3.147,0.558,3.146,0.570,0.232,0.051,-0.025,2.60,3.21,160.91,3.23,2.46,0.069,-0.080,-0.042,1527,1528,1474,1524,10.00,10.06,19.50,19.46
1787304389.243,27.337,True,1,3.475,3.455,0.192,0.262,10.094,10.093,0.322,3.147,0.558,3.146,0.569,0.232,0.051,-0.025,2.60,3.21,160.91,3.22,2.46,0.068,-0.081,-0.042,1527,1528,1474,1524,10.00,10.06,29.50,29.45
1787304389.253,27.347,True,1,3.475,3.458,0.192,0.274,10.106,10.105,0.323,3.147,0.558,3.146,0.569,0.232,0.051,-0.025,2.60,3.21,160.91,3.21,2.46,0.067,-0.081,-0.042,1527,1528,1474,1525,10.00,10.06,39.51,39.46
1787304389.263,27.358,True,1,3.487,3.461,0.190,0.245,10.076,10.074,0.322,3.150,0.557,3.146,0.569,0.229,0.077,-0.024,2.59,3.17,161.21,3.33,2.20,0.080,-0.104,-0.054,1528,1531,1472,1524,10.00,10.06,-0.28,-0.33
1787304389.273,27.367,True,1,3.487,3.464,0.190,0.257,10.088,10.085,0.322,3.150,0.557,3.146,0.568,0.229,0.077,-0.024,2.59,3.17,161.21,3.32,2.20,0.079,-0.105,-0.054,1528,1531,1472,1524,10.00,10.06,9.72,9.67
1787304389.283,27.378,True,1,3.490,3.467,0.183,0.275,10.105,10.102,0.322,3.151,0.557,3.146,0.568,0.228,0.082,-0.032,2.51,3.16,161.52,3.26,2.10,0.082,-0.115,-0.067,1529,1532,1470,1525,10.00,10.06,-0.16,-0.11
1787304389.293,27.387,True,1,3.494,3.470,0.209,0.193,10.025,10.022,0.320,3.152,0.557,3.146,0.568,0.227,0.083,-0.014,2.44,3.10,161.63,3.47,2.16,0.112,-0.101,-0.073,1532,1531,1469,1522,10.00,10.06,-0.10,-0.05
1787304389.303,27.397,True,1,3.497,3.473,0.237,0.108,9.942,9.939,0.317,3.152,0.557,3.147,0.567,0.226,0.086,0.003,2.44,3.10,161.63,3.67,2.20,0.133,-0.097,-0.073,1534,1530,1469,1519,10.00,10.06,9.90,-0.05
1787304389.313,27.407,True,1,3.497,3.476,0.237,0.120,9.954,9.951,0.318,3.152,0.557,3.147,0.567,0.226,0.086,0.003,2.44,3.10,161.63,3.66,2.20,0.133,-0.097,-0.073,1534,1530,1469,1519,10.00,10.06,19.90,9.96
1787304389.323,27.417,True,1,3.497,3.479,0.237,0.132,9.966,9.962,0.318,3.152,0.557,3.147,0.567,0.226,0.086,0.003,2.44,3.10,161.63,3.66,2.20,0.132,-0.097,-0.073,1534,1530,1469,1520,10.00,10.06,29.90,19.95
1787304389.333,27.427,True,1,3.497,3.482,0.237,0.143,9.978,9.974,0.318,3.152,0.557,3.147,0.566,0.226,0.086,0.003,2.44,3.10,161.63,3.65,2.19,0.131,-0.098,-0.073,1534,1530,1469,1520,10.00,10.06,39.90,29.95
1787304389.343,27.437,True,1,3.497,3.485,0.237,0.155,9.989,9.986,0.319,3.152,0.557,3.147,0.566,0.226,0.086,0.003,2.44,3.10,161.63,3.64,2.19,0.131,-0.098,-0.073,1534,1530,1469,1520,10.00,10.06,49.90,39.95
1787304389.353,27.447,True,1,3.497,3.488,0.237,0.167,10.001,9.998,0.319,3.152,0.557,3.148,0.566,0.226,0.086,0.003,2.44,3.10,161.63,3.64,2.19,0.130,-0.098,-0.073,1534,1530,1469,1521,10.00,10.06,59.90,49.95
1787304389.363,27.457,True,1,3.497,3.491,0.237,0.179,10.013,10.010,0.319,3.152,0.557,3.148,0.565,0.226,0.086,0.003,2.44,3.10,161.63,3.63,2.19,0.129,-0.098,-0.073,1534,1530,1469,1521,10.00,10.06,69.90,59.95
1787304389.374,27.468,True,1,3.517,3.494,0.227,0.145,9.976,9.974,0.318,3.157,0.556,3.148,0.565,0.222,0.092,-0.024,2.52,2.70,162.33,3.42,2.01,0.099,-0.077,-0.104,1531,1528,1465,1520,10.00,10.06,-0.46,-0.41
1787304389.383,27.477,True,1,3.521,3.497,0.250,0.071,9.905,9.903,0.316,3.158,0.557,3.148,0.565,0.221,0.096,0.005,2.49,2.67,162.47,3.76,2.07,0.138,-0.068,-0.111,1535,1527,1464,1517,10.00,10.06,-0.11,-0.06
1787304389.393,27.487,True,1,3.527,3.500,0.277,-0.021,9.817,9.813,0.313,3.160,0.558,3.149,0.565,0.220,0.102,0.031,2.49,2.67,162.47,4.06,2.10,0.170,-0.065,-0.111,1538,1527,1464,1514,10.00,10.06,9.89,-0.05
1787304389.403,27.497,True,1,3.527,3.503,0.277,-0.009,9.828,9.824,0.314,3.160,0.558,3.149,0.564,0.220,0.102,0.031,2.49,2.67,162.47,4.06,2.10,0.170,-0.065,-0.111,1538,1527,1464,1515,10.00,10.06,19.89,9.95
1787304389.413,27.507,True,1,3.527,3.506,0.277,0.002,9.840,9.836,0.314,3.160,0.558,3.149,0.564,0.220,0.102,0.031,2.49,2.67,162.47,4.05,2.10,0.169,-0.065,-0.111,1538,1527,1464,1515,10.00,10.06,29.89,19.95
1787304389.423,27.517,True,1,3.527,3.509,0.277,0.014,9.852,9.848,0.314,3.160,0.558,3.150,0.564,0.220,0.102,0.031,2.49,2.67,162.47,4.04,2.09,0.169,-0.066,-0.111,1538,1527,1464,1515,10.00,10.06,39.89,29.95
1787304389.433,27.527,True,1,3.527,3.512,0.277,0.026,9.864,9.860,0.315,3.160,0.558,3.150,0.564,0.220,0.102,0.031,2.49,2.67,162.47,4.04,2.09,0.168,-0.066,-0.111,1538,1527,1464,1516,10.00,10.06,49.89,39.95
1787304389.443,27.537,True,1,3.527,3.515,0.277,0.038,9.876,9.871,0.315,3.160,0.558,3.151,0.563,0.220,0.102,0.031,2.49,2.67,162.47,4.03,2.09,0.167,-0.066,-0.111,1538,1527,1464,1516,10.00,10.06,59.89,49.95
1787304389.453,27.547,True,1,3.527,3.518,0.277,0.050,9.887,9.883,0.315,3.160,0.558,3.151,0.563,0.220,0.102,0.031,2.49,2.67,162.47,4.03,2.08,0.167,-0.067,-0.111,1538,1527,1464,1517,10.00,10.06,69.89,59.95
1787304389.463,27.557,True,1,3.527,3.521,0.277,0.062,9.899,9.895,0.316,3.160,0.558,3.151,0.563,0.220,0.102,0.031,2.49,2.67,162.47,4.02,2.08,0.166,-0.067,-0.111,1538,1527,1464,1517,10.00,10.06,79.89,69.95
1787304389.474,27.568,True,1,3.557,3.524,0.289,-0.083,9.755,9.753,0.311,3.170,0.564,3.152,0.563,0.213,0.110,0.033,2.77,2.20,163.20,4.15,1.99,0.150,-0.029,-0.144,1536,1523,1459,1512,10.00,10.06,-0.56,-0.61
1787304389.483,27.577,True,1,3.557,3.527,0.289,-0.071,9.767,9.764,0.312,3.170,0.564,3.152,0.563,0.213,0.110,0.033,2.77,2.20,163.20,4.15,1.99,0.150,-0.030,-0.144,1536,1523,1459,1512,10.00,10.06,9.45,9.40
1787304389.493,27.587,True,1,3.557,3.530,0.289,-0.059,9.779,9.776,0.312,3.170,0.564,3.153,0.563,0.213,0.110,0.033,2.77,2.20,163.20,4.15,1.98,0.149,-0.030,-0.144,1536,1523,1459,1513,9.99,10.06,19.44,19.39
1787304389.503,27.597,True,1,3.557,3.533,0.289,-0.047,9.791,9.788,0.312,3.170,0.564,3.154,0.563,0.213,0.110,0.033,2.77,2.20,163.20,4.14,1.98,0.149,-0.031,-0.144,1536,1523,1459,1513,10.00,10.06,29.44,29.39
1787304389.513,27.607,True,1,3.557,3.536,0.289,-0.036,9.802,9.799,0.313,3.170,0.564,3.154,0.563,0.213,0.110,0.033,2.77,2.20,163.20,4.14,1.97,0.149,-0.031,-0.144,1536,1523,1459,1514,10.00,10.06,39.44,39.39
1787304389.523,27.618,True,1,3.578,3.539,0.254,-0.004,9.835,9.834,0.314,3.179,0.568,3.155,0.563,0.207,0.120,0.040,3.41,2.12,163.47,4.24,1.86,0.093,-0.036,-0.156,1530,1524,1458,1515,10.00,10.06,-0.28,-0.32
1787304389.533,27.627,True,1,3.578,3.542,0.254,0.008,9.847,9.845,0.314,3.179,0.568,3.156,0.564,0.207,0.120,0.040,3.41,2.12,163.47,4.24,1.86,0.093,-0.037,-0.156,1530,1524,1458,1515,10.00,10.06,9.73,9.68
1787304389.543,27.637,True,1,3.578,3.545,0.254,0.020,9.858,9.857,0.315,3.179,0.568,3.157,0.564,0.207,0.120,0.040,3.41,2.12,163.47,4.23,1.85,0.092,-0.037,-0.155,1530,1524,1458,1516,10.00,10.06,19.73,19.68
1787304389.553,27.647,True,1,3.578,3.548,0.254,0.031,9.870,9.869,0.315,3.179,0.568,3.157,0.564,0.207,0.120,0.040,3.41,2.12,163.47,4.23,1.85,0.092,-0.038,-0.155,1530,1524,1458,1516,10.00,10.06,29.72,29.68
1787304389.563,27.658,True,1,3.593,3.551,0.282,-0.101,9.741,9.740,0.311,3.186,0.570,3.158,0.564,0.203,0.130,0.058,3.83,2.14,163.52,4.50,1.82,0.077,-0.044,-0.157,1528,1524,1458,1512,10.00,10.06,-0.26,-0.31
1787304389.573,27.667,True,1,3.593,3.554,0.282,-0.089,9.752,9.752,0.311,3.186,0.570,3.159,0.564,0.203,0.130,0.058,4.20,2.09,163.54,4.50,1.81,0.037,-0.040,-0.158,1524,1524,1458,1512,10.00,10.06,-0.06,9.69
1787304389.583,27.677,True,1,3.593,3.557,0.282,-0.078,9.764,9.764,0.312,3.186,0.570,3.160,0.564,0.203,0.130,0.058,4.20,2.09,163.54,4.50,1.81,0.037,-0.041,-0.158,1524,1524,1458,1512,10.00,10.06,9.94,19.69
1787304389.593,27.687,True,1,3.593,3.560,0.282,-0.066,9.775,9.775,0.312,3.186,0.570,3.161,0.565,0.203,0.130,0.058,4.20,2.09,163.54,4.50,1.80,0.037,-0.042,-0.158,1524,1524,1458,1513,10.00,10.06,19.93,29.69
1787304389.603,27.697,True,1,3.593,3.563,0.282,-0.054,9.787,9.787,0.312,3.186,0.570,3.162,0.565,0.203,0.130,0.058,4.20,2.09,163.54,4.49,1.80,0.037,-0.042,-0.158,1524,1524,1458,1513,10.00,10.06,29.94,39.69
1787304389.613,27.707,True,1,3.593,3.566,0.282,-0.043,9.799,9.799,0.313,3.186,0.570,3.163,0.565,0.203,0.130,0.058,4.20,2.09,163.54,4.49,1.79,0.036,-0.043,-0.158,1524,1524,1458,1514,10.00,10.06,39.94,49.69
1787304389.623,27.717,True,1,3.593,3.569,0.282,-0.031,9.811,9.810,0.313,3.186,0.570,3.163,0.565,0.203,0.130,0.058,4.20,2.09,163.54,4.49,1.79,0.036,-0.043,-0.158,1523,1524,1458,1514,10.00,10.06,49.93,59.69
1787304389.634,27.728,True,1,3.625,3.572,0.250,-0.053,9.789,9.788,0.312,3.201,0.573,3.165,0.565,0.191,0.154,0.061,5.07,1.96,163.44,4.59,1.56,-0.045,-0.056,-0.152,1475,1526,1458,1513,10.00,10.06,-0.49,-0.44
1787304389.643,27.737,True,1,3.625,3.575,0.250,-0.041,9.800,9.800,0.313,3.201,0.573,3.166,0.566,0.191,0.154,0.061,5.07,1.96,163.44,4.59,1.55,-0.045,-0.057,-0.152,1474,1526,1458,1514,10.00,10.06,9.51,9.56
1787304389.653,27.747,True,1,3.625,3.578,0.250,-0.030,9.812,9.811,0.313,3.201,0.573,3.167,0.566,0.191,0.154,0.061,5.07,1.96,163.44,4.59,1.55,-0.045,-0.057,-0.152,1474,1526,1458,1514,10.00,10.06,19.51,19.56
1787304389.663,27.757,True,1,3.625,3.581,0.250,-0.018,9.823,9.823,0.314,3.201,0.573,3.168,0.566,0.191,0.154,0.061,5.07,1.96,163.44,4.58,1.54,-0.045,-0.058,-0.152,1474,1526,1458,1515,10.00,10.06,29.51,29.56
1787304389.673,27.767,True,1,3.625,3.584,0.250,-0.007,9.835,9.834,0.314,3.201,0.573,3.169,0.566,0.191,0.154,0.061,5.07,1.96,163.44,4.58,1.53,-0.046,-0.059,-0.152,1474,1526,1458,1515,10.00,10.06,39.51,39.56
1787304389.683,27.777,True,1,3.625,3.587,0.250,0.005,9.847,9.846,0.314,3.201,0.573,3.170,0.567,0.191,0.154,0.061,5.07,1.96,163.44,4.58,1.53,-0.046,-0.059,-0.151,1474,1526,1458,1515,10.01,10.07,49.52,49.57
1787304389.693,27.787,True,1,3.625,3.590,0.250,0.017,9.858,9.858,0.315,3.201,0.573,3.171,0.567,0.191,0.154,0.061,5.07,1.96,163.44,4.58,1.52,-0.046,-0.060,-0.151,1474,1526,1458,1516,10.00,10.07,59.52,59.56
1787304389.703,27.797,True,1,3.625,3.593,0.250,0.028,9.870,9.869,0.315,3.201,0.573,3.172,0.567,0.191,0.154,0.061,5.07,1.96,163.44,4.57,1.52,-0.046,-0.061,-0.151,1474,1526,1458,1516,9.99,10.06,69.51,69.56
1787304389.713,27.807,True,1,3.625,3.596,0.250,0.040,9.882,9.881,0.315,3.201,0.573,3.173,0.567,0.191,0.154,0.061,5.07,1.96,163.44,4.57,1.51,-0.047,-0.061,-0.151,1474,1526,1458,1517,10.00,10.06,79.51,79.56
1787304389.724,27.818,True,1,3.655,3.599,0.212,0.043,9.884,9.883,0.315,3.217,0.579,3.175,0.568,0.182,0.170,0.059,5.17,2.01,163.04,4.60,1.36,-0.055,-0.080,-0.132,1473,1528,1461,1517,10.00,10.06,-0.62,-0.57
1787304389.733,27.827,True,1,3.655,3.602,0.212,0.054,9.896,9.894,0.316,3.217,0.579,3.176,0.568,0.182,0.170,0.059,5.17,2.01,163.04,4.60,1.35,-0.055,-0.081,-0.132,1473,1529,1461,1517,10.00,10.06,9.38,9.42
1787304389.743,27.837,True,1,3.655,3.605,0.212,0.066,9.907,9.906,0.316,3.217,0.579,3.177,0.568,0.182,0.170,0.059,5.17,2.01,163.04,4.60,1.35,-0.055,-0.082,-0.132,1473,1529,1461,1518,10.00,10.06,19.38,19.43
1787304389.753,27.847,True,1,3.655,3.608,0.212,0.077,9.919,9.917,0.317,3.217,0.579,3.179,0.569,0.182,0.170,0.059,5.17,2.01,163.04,4.60,1.34,-0.055,-0.083,-0.132,1473,1529,1461,1518,10.00,10.06,29.38,29.43
1787304389.763,27.857,True,1,3.655,3.611,0.212,0.089,9.930,9.929,0.317,3.217,0.579,3.180,0.569,0.182,0.170,0.059,5.17,2.01,163.04,4.59,1.33,-0.055,-0.084,-0.132,1473,1529,1461,1518,10.00,10.06,39.38,39.43
1787304389.773,27.867,True,1,3.655,3.614,0.212,0.100,9.942,9.940,0.317,3.217,0.579,3.181,0.569,0.182,0.170,0.059,5.17,2.01,163.04,4.59,1.32,-0.055,-0.084,-0.132,1473,1529,1461,1519,10.00,10.06,49.38,49.43
1787304389.784,27.878,True,1,3.674,3.617,0.182,0.129,9.972,9.971,0.318,3.226,0.584,3.183,0.570,0.178,0.170,0.069,5.25,1.96,162.62,4.67,1.38,-0.057,-0.071,-0.114,1473,1527,1464,1520,10.00,10.06,-0.42,-0.37
1787304389.793,27.888,True,1,3.680,3.620,0.199,0.067,9.910,9.909,0.316,3.230,0.586,3.184,0.570,0.177,0.159,0.073,5.25,1.96,162.62,4.71,1.51,-0.053,-0.058,-0.115,1474,1526,1463,1518,10.00,10.06,9.58,-0.14
1787304389.803,27.897,True,1,3.682,3.623,0.185,0.109,9.953,9.952,0.318,3.231,0.587,3.186,0.571,0.176,0.163,0.072,5.25,1.88,162.41,4.70,1.46,-0.054,-0.054,-0.107,1474,1525,1465,1519,10.00,10.06,-0.05,-0.10
1787304389.813,27.907,True,1,3.682,3.626,0.185,0.121,9.964,9.963,0.318,3.231,0.587,3.187,0.572,0.176,0.163,0.072,5.25,1.88,162.41,4.70,1.45,-0.054,-0.055,-0.107,1474,1526,1465,1520,10.00,10.06,9.95,9.90
1787304389.823,27.917,True,1,3.682,3.629,0.185,0.132,9.976,9.975,0.318,3.231,0.587,3.189,0.572,0.176,0.163,0.072,5.25,1.88,162.41,4.70,1.45,-0.054,-0.055,-0.106,1474,1526,1465,1520,10.00,10.06,19.95,19.90
1787304389.833,27.927,True,1,3.682,3.632,0.185,0.144,9.987,9.986,0.319,3.231,0.587,3.190,0.573,0.176,0.163,0.072,5.25,1.88,162.41,4.70,1.44,-0.054,-0.056,-0.106,1474,1526,1465,1520,10.00,10.06,29.95,29.90
1787304389.843,27.937,True,1,3.682,3.635,0.185,0.155,9.999,9.998,0.319,3.231,0.587,3.192,0.573,0.176,0.163,0.072,5.25,1.88,162.41,4.70,1.43,-0.054,-0.057,-0.106,1474,1526,1465,1521,10.00,10.06,39.95,39.90
1787304389.853,27.947,True,1,3.682,3.638,0.185,0.167,10.010,10.010,0.319,3.231,0.587,3.193,0.574,0.176,0.163,0.072,5.25,1.88,162.41,4.70,1.42,-0.054,-0.058,-0.106,1474,1526,1465,1521,10.00,10.06,49.95,49.90
1787304389.863,27.957,True,1,3.682,3.641,0.185,0.178,10.022,10.021,0.320,3.231,0.587,3.194,0.574,0.176,0.163,0.072,5.25,1.88,162.41,4.70,1.41,-0.054,-0.059,-0.106,1474,1526,1465,1522,10.00,10.06,59.95,59.90
1787304389.874,27.968,True,1,3.698,3.644,0.133,0.284,10.128,10.128,0.323,3.241,0.594,3.196,0.575,0.174,0.173,0.079,5.00,1.33,161.85,4.74,1.37,-0.025,-0.003,-0.087,1477,1520,1467,1526,10.00,10.06,-0.46,-0.41
1787304389.883,27.977,True,1,3.698,3.647,0.133,0.296,10.140,10.140,0.324,3.241,0.594,3.197,0.575,0.174,0.173,0.079,5.00,1.33,161.85,4.74,1.36,-0.025,-0.004,-0.087,1477,1520,1467,1526,10.00,10.06,9.54,9.59
1787304389.893,27.988,True,1,3.705,3.650,0.134,0.275,10.118,10.117,0.323,3.245,0.596,3.199,0.576,0.172,0.169,0.066,4.85,1.25,161.76,4.62,1.36,-0.023,0.004,-0.084,1477,1479,1468,1525,10.00,10.06,-0.11,-0.16
1787304389.903,27.997,True,1,3.705,3.653,0.134,0.287,10.129,10.129,0.323,3.245,0.596,3.200,0.577,0.172,0.169,0.066,4.85,1.25,161.76,4.62,1.35,-0.023,0.003,-0.084,1477,1479,1468,1526,10.00,10.06,9.89,9.84
1787304389.913,28.007,True,1,3.705,3.656,0.134,0.298,10.141,10.140,0.324,3.245,0.596,3.202,0.577,0.172,0.169,0.066,4.85,1.25,161.76,4.62,1.35,-0.023,0.003,-0.083,1477,1479,1468,1526,10.00,10.06,19.89,19.84
1787304389.923,28.017,True,1,3.705,3.659,0.134,0.310,10.152,10.152,0.324,3.245,0.596,3.203,0.578,0.172,0.169,0.066,4.85,1.25,161.76,4.62,1.34,-0.022,0.002,-0.083,1477,1479,1468,1526,10.00,10.06,29.90,29.85
1787304389.933,28.027,True,1,3.705,3.662,0.134,0.321,10.164,10.164,0.324,3.245,0.596,3.205,0.579,0.172,0.169,0.066,4.85,1.25,161.76,4.62,1.33,-0.022,0.001,-0.083,1477,1479,1468,1527,10.00,10.06,39.89,39.84
1787304389.943,28.037,True,1,3.705,3.665,0.134,0.333,10.175,10.175,0.325,3.245,0.596,3.206,0.579,0.172,0.169,0.066,4.85,1.25,161.76,4.62,1.32,-0.022,0.000,-0.083,1477,1479,1468,1527,10.00,10.06,49.89,49.85
1787304389.953,28.047,True,1,3.705,3.668,0.134,0.345,10.187,10.187,0.325,3.245,0.596,3.207,0.580,0.172,0.169,0.066,4.85,1.25,161.76,4.62,1.32,-0.022,-0.001,-0.083,1477,1520,1468,1528,10.00,10.06,59.90,59.85
1787304389.963,28.057,True,1,3.705,3.671,0.134,0.356,10.199,10.199,0.326,3.245,0.596,3.209,0.580,0.172,0.169,0.066,4.85,1.25,161.76,4.63,1.31,-0.022,-0.001,-0.083,1477,1520,1468,1528,10.00,10.06,69.89,69.84
1787304389.974,28.068,True,1,3.722,3.674,0.079,0.465,10.309,10.308,0.329,3.259,0.603,3.210,0.581,0.169,0.163,0.078,4.51,0.66,160.96,4.66,1.44,0.016,0.078,-0.054,1521,1471,1472,1532,10.00,10.06,-0.56,-0.51
1787304389.983,28.077,True,1,3.722,3.677,0.079,0.476,10.320,10.319,0.329,3.259,0.603,3.212,0.582,0.169,0.163,0.078,4.51,0.66,160.96,4.66,1.43,0.016,0.077,-0.054,1521,1471,1472,1532,10.00,10.06,9.44,9.49
1787304389.993,28.088,True,1,3.730,3.680,0.111,0.359,10.209,10.206,0.326,3.265,0.606,3.214,0.583,0.168,0.172,0.113,4.42,0.44,160.77,5.09,1.49,0.071,0.107,-0.048,1527,1468,1473,1528,10.00,10.06,-0.12,-0.17
1787304390.003,28.097,True,1,3.730,3.683,0.111,0.370,10.220,10.218,0.326,3.265,0.606,3.216,0.583,0.168,0.172,0.113,4.42,0.44,160.77,5.09,1.48,0.071,0.106,-0.048,1527,1468,1473,1529,10.00,10.06,9.89,9.84
1787304390.013,28.107,True,1,3.730,3.686,0.111,0.382,10.232,10.230,0.327,3.265,0.606,3.217,0.584,0.168,0.172,0.113,4.42,0.44,160.77,5.09,1.47,0.071,0.105,-0.048,1527,1468,1473,1529,10.00,10.06,19.88,19.83
1787304390.023,28.117,True,1,3.730,3.689,0.111,0.393,10.244,10.241,0.327,3.265,0.606,3.219,0.585,0.168,0.172,0.113,4.42,0.44,160.77,5.09,1.46,0.071,0.104,-0.048,1527,1468,1473,1530,10.00,10.06,29.88,29.83
1787304390.033,28.127,True,1,3.730,3.692,0.111,0.405,10.255,10.253,0.327,3.265,0.606,3.220,0.586,0.168,0.172,0.113,4.42,0.44,160.77,5.10,1.46,0.071,0.103,-0.048,1527,1468,1473,1530,10.00,10.06,39.88,39.84
1787304390.043,28.137,True,1,3.730,3.695,0.111,0.416,10.267,10.265,0.328,3.265,0.606,3.222,0.586,0.168,0.172,0.113,4.42,0.44,160.77,5.10,1.45,0.072,0.102,-0.048,1527,1468,1473,1530,10.00,10.06,49.88,49.84
1787304390.054,28.148,True,1,3.741,3.698,0.087,0.455,10.305,10.302,0.329,3.276,0.613,3.224,0.587,0.168,0.167,0.115,4.35,0.27,159.99,5.06,1.56,0.075,0.134,-0.016,1528,1465,1477,1532,10.00,10.06,-0.45,-0.40
1787304390.063,28.157,True,1,3.741,3.701,0.087,0.466,10.317,10.314,0.329,3.276,0.613,3.225,0.588,0.168,0.167,0.115,4.35,0.27,159.99,5.07,1.55,0.076,0.133,-0.016,1528,1465,1477,1532,10.00,10.06,9.56,9.60
1787304390.073,28.167,True,1,3.746,3.704,0.088,0.457,10.306,10.303,0.329,3.280,0.616,3.227,0.589,0.168,0.166,0.103,4.35,0.27,159.99,4.97,1.51,0.065,0.130,-0.015,1527,1465,1477,1532,10.00,10.06,19.55,-0.06
1787304390.083,28.177,True,1,3.746,3.707,0.088,0.469,10.318,10.315,0.329,3.280,0.616,3.229,0.590,0.168,0.166,0.103,4.35,0.27,159.99,4.97,1.50,0.066,0.129,-0.015,1527,1465,1477,1532,10.00,10.06,29.56,9.94
1787304390.093,28.188,True,1,3.747,3.710,0.080,0.498,10.346,10.344,0.330,3.282,0.617,3.231,0.591,0.169,0.155,0.102,4.36,0.43,159.58,4.91,1.63,0.057,0.126,0.003,1526,1466,1520,1533,10.00,10.06,-0.15,-0.10
1787304390.103,28.197,True,1,3.747,3.713,0.080,0.509,10.358,10.355,0.331,3.282,0.617,3.232,0.592,0.169,0.155,0.102,4.36,0.43,159.58,4.91,1.62,0.058,0.125,0.003,1526,1466,1520,1534,10.00,10.06,9.85,9.90
1787304390.113,28.207,True,1,3.747,3.716,0.080,0.521,10.370,10.367,0.331,3.282,0.617,3.234,0.592,0.169,0.155,0.102,4.36,0.43,159.58,4.91,1.61,0.058,0.124,0.003,1526,1466,1520,1534,10.00,10.06,19.85,19.90
1787304390.123,28.217,True,1,3.747,3.719,0.080,0.533,10.382,10.379,0.331,3.282,0.617,3.236,0.593,0.169,0.155,0.102,4.36,0.43,159.58,4.92,1.60,0.058,0.123,0.003,1526,1466,1520,1534,10.00,10.06,29.85,29.90
1787304390.133,28.228,True,1,3.755,3.722,0.094,0.475,10.328,10.325,0.330,3.291,0.625,3.238,0.594,0.172,0.159,0.124,4.37,0.64,159.15,5.16,1.68,0.082,0.110,0.023,1529,1467,1523,1532,10.00,10.06,-0.30,-0.35
1787304390.143,28.237,True,1,3.755,3.725,0.094,0.486,10.339,10.337,0.330,3.291,0.625,3.239,0.595,0.172,0.159,0.124,4.37,0.64,159.15,5.16,1.67,0.083,0.109,0.023,1529,1467,1523,1533,10.00,10.06,9.70,9.65
1787304390.153,28.247,True,1,3.755,3.728,0.094,0.498,10.351,10.348,0.330,3.291,0.625,3.241,0.596,0.172,0.159,0.124,4.37,0.64,159.15,5.16,1.66,0.083,0.108,0.023,1529,1467,1523,1533,10.00,10.06,19.70,19.65
1787304390.163,28.258,True,1,3.757,3.731,0.072,0.566,10.414,10.413,0.332,3.295,0.628,3.243,0.597,0.173,0.146,0.100,4.51,0.90,158.92,4.87,1.70,0.037,0.086,0.034,1524,1470,1524,1536,10.00,10.06,-0.17,-0.12
1787304390.173,28.267,True,1,3.757,3.734,0.072,0.577,10.426,10.425,0.333,3.295,0.628,3.245,0.598,0.173,0.146,0.100,4.51,0.90,158.92,4.88,1.69,0.037,0.085,0.035,1524,1470,1524,1536,10.00,10.06,9.84,9.89
1787304390.183,28.277,True,1,3.757,3.737,0.072,0.589,10.438,10.437,0.333,3.295,0.628,3.246,0.599,0.173,0.146,0.100,4.51,0.90,158.92,4.88,1.68,0.038,0.084,0.035,1524,1470,1524,1536,10.01,10.07,19.84,19.89
1787304390.193,28.287,True,1,3.757,3.740,0.072,0.601,10.450,10.449,0.333,3.295,0.628,3.248,0.600,0.173,0.146,0.100,4.51,0.90,158.92,4.89,1.67,0.038,0.084,0.035,1524,1470,1524,1537,10.00,10.07,29.84,29.89
1787304390.203,28.298,True,1,3.761,3.743,0.094,0.530,10.382,10.381,0.331,3.299,0.633,3.250,0.601,0.176,0.140,0.115,4.58,1.28,158.53,5.04,1.82,0.046,0.061,0.054,1525,1473,1527,1534,9.99,10.06,-0.33,-0.28
1787304390.213,28.307,True,1,3.761,3.746,0.094,0.542,10.394,10.393,0.332,3.299,0.633,3.251,0.602,0.176,0.140,0.115,4.58,1.28,158.53,5.04,1.81,0.047,0.060,0.054,1525,1473,1527,1535,10.00,10.06,9.67,9.72
1787304390.223,28.317,True,1,3.764,3.749,0.100,0.525,10.379,10.378,0.331,3.304,0.638,3.253,0.604,0.179,0.149,0.123,4.65,1.48,158.29,5.16,1.77,0.051,0.037,0.066,1525,1475,1529,1534,10.00,10.06,-0.11,-0.16
1787304390.233,28.327,True,1,3.764,3.752,0.100,0.537,10.391,10.390,0.332,3.304,0.638,3.255,0.605,0.179,0.149,0.123,4.65,1.48,158.29,5.16,1.77,0.052,0.036,0.066,1525,1476,1529,1535,10.00,10.06,9.90,9.85
1787304390.243,28.337,True,1,3.764,3.755,0.100,0.549,10.403,10.402,0.332,3.304,0.638,3.256,0.606,0.179,0.149,0.123,4.65,1.48,158.29,5.16,1.76,0.052,0.035,0.066,1525,1476,1529,1535,10.00,10.06,19.90,19.85
1787304390.253,28.347,True,1,3.764,3.758,0.100,0.561,10.415,10.414,0.332,3.304,0.638,3.258,0.607,0.179,0.149,0.123,4.65,1.48,158.29,5.17,1.75,0.053,0.034,0.066,1525,1476,1529,1536,10.00,10.06,29.89,29.84
1787304390.263,28.357,True,1,3.764,3.761,0.100,0.573,10.427,10.426,0.333,3.304,0.638,3.259,0.608,0.179,0.149,0.123,4.65,1.48,158.29,5.17,1.74,0.053,0.033,0.066,1525,1476,1529,1536,10.00,10.06,39.90,39.85
1787304390.273,28.368,True,1,3.769,3.764,0.097,0.571,10.426,10.425,0.333,3.311,0.645,3.261,0.609,0.184,0.165,0.123,4.77,1.86,157.91,5.24,1.62,0.046,-0.018,0.087,1525,1521,1532,1536,10.00,10.06,-0.28,-0.32
1787304390.283,28.377,True,1,3.769,3.767,0.097,0.583,10.438,10.437,0.333,3.311,0.645,3.263,0.610,0.184,0.165,0.123,4.77,1.86,157.91,5.24,1.61,0.046,-0.019,0.087,1525,1522,1532,1536,10.00,10.06,9.72,9.68
1787304390.293,28.388,True,1,3.771,3.770,0.083,0.632,10.486,10.486,0.335,3.312,0.646,3.264,0.612,0.185,0.157,0.120,4.76,2.06,157.72,5.16,1.67,0.039,-0.033,0.096,1524,1523,1533,1538,10.00,10.06,-0.16,-0.11
1787304390.303,28.397,True,1,3.773,3.773,0.089,0.619,10.478,10.477,0.334,3.314,0.648,3.266,0.613,0.186,0.161,0.148,4.76,2.14,157.65,5.45,1.75,0.069,-0.033,0.099,1527,1523,1533,1538,10.00,10.06,-0.10,-0.05
1787304390.313,28.407,True,1,3.773,3.776,0.089,0.631,10.490,10.489,0.335,3.314,0.648,3.268,0.614,0.186,0.161,0.148,4.76,2.14,157.65,5.45,1.74,0.069,-0.034,0.099,1527,1523,1533,1538,10.00,10.06,9.90,9.95
1787304390.323,28.417,True,1,3.773,3.779,0.089,0.643,10.502,10.501,0.335,3.314,0.648,3.269,0.615,0.186,0.161,0.148,4.76,2.14,157.65,5.46,1.73,0.070,-0.035,0.100,1527,1523,1533,1539,10.00,10.06,19.90,19.95
1787304390.333,28.427,True,1,3.773,3.782,0.089,0.655,10.515,10.514,0.336,3.314,0.648,3.271,0.616,0.186,0.161,0.148,4.76,2.14,157.65,5.46,1.72,0.070,-0.036,0.100,1527,1523,1533,1539,10.00,10.06,29.90,29.95
1787304390.343,28.437,True,1,3.773,3.785,0.089,0.668,10.527,10.526,0.336,3.314,0.648,3.272,0.617,0.186,0.161,0.148,4.76,2.14,157.65,5.47,1.72,0.070,-0.037,0.100,1527,1524,1533,1539,10.00,10.06,39.90,39.95
1787304390.353,28.447,True,1,3.773,3.788,0.089,0.680,10.539,10.538,0.336,3.314,0.648,3.274,0.618,0.186,0.161,0.148,4.76,2.14,157.65,5.47,1.71,0.071,-0.037,0.100,1527,1524,1533,1540,10.00,10.06,49.90,49.95
1787304390.363,28.458,True,1,3.781,3.791,0.106,0.606,10.465,10.462,0.334,3.325,0.657,3.275,0.620,0.193,0.173,0.145,4.78,2.79,157.16,5.51,1.64,0.071,-0.110,0.127,1527,1532,1537,1537,10.00,10.06,-0.41,-0.37
1787304390.373,28.467,True,1,3.781,3.794,0.106,0.618,10.478,10.475,0.334,3.325,0.657,3.277,0.621,0.193,0.173,0.145,4.78,2.79,157.16,5.52,1.64,0.072,-0.111,0.127,1527,1532,1537,1538,10.00,10.06,9.59,9.64
1787304390.383,28.478,True,1,3.785,3.797,0.100,0.631,10.486,10.482,0.335,3.329,0.660,3.279,0.622,0.195,0.172,0.114,4.77,2.88,157.04,5.24,1.53,0.043,-0.131,0.134,1524,1534,1538,1538,10.00,10.06,-0.12,-0.17
1787304390.393,28.487,True,1,3.785,3.800,0.100,0.644,10.498,10.495,0.335,3.329,0.660,3.280,0.623,0.195,0.172,0.114,4.77,2.88,157.04,5.25,1.52,0.044,-0.132,0.134,1524,1534,1538,1538,10.00,10.06,9.89,9.84
1787304390.403,28.498,True,1,3.790,3.803,0.111,0.606,10.460,10.457,0.334,3.333,0.663,3.282,0.625,0.197,0.182,0.111,4.85,2.89,156.84,5.29,1.44,0.039,-0.140,0.144,1524,1535,1540,1537,10.00,10.06,-0.16,-0.12
1787304390.413,28.507,True,1,3.790,3.806,0.111,0.618,10.473,10.469,0.334,3.333,0.663,3.284,0.626,0.197,0.182,0.111,4.85,2.89,156.84,5.29,1.43,0.039,-0.141,0.144,1524,1535,1540,1537,10.00,10.06,9.84,9.89
1787304390.423,28.517,True,1,3.790,3.809,0.111,0.630,10.485,10.481,0.335,3.333,0.663,3.285,0.627,0.197,0.182,0.111,4.85,2.89,156.84,5.30,1.42,0.040,-0.142,0.144,1524,1535,1540,1538,10.00,10.06,19.84,19.88
1787304390.433,28.527,True,1,3.790,3.812,0.111,0.642,10.497,10.493,0.335,3.333,0.663,3.287,0.628,0.197,0.182,0.111,4.85,2.89,156.84,5.30,1.41,0.040,-0.143,0.144,1524,1535,1540,1538,10.00,10.06,29.84,29.89
1787304390.443,28.537,True,1,3.790,3.815,0.111,0.655,10.510,10.506,0.335,3.333,0.663,3.289,0.629,0.197,0.182,0.111,4.85,2.89,156.84,5.31,1.41,0.041,-0.144,0.144,1524,1535,1540,1539,10.00,10.06,39.84,39.88
1787304390.453,28.547,True,1,3.790,3.818,0.111,0.667,10.522,10.518,0.336,3.333,0.663,3.290,0.631,0.197,0.182,0.111,4.85,2.89,156.84,5.31,1.40,0.041,-0.144,0.144,1524,1535,1540,1539,10.00,10.06,49.84,49.89
1787304390.464,28.558,True,1,3.803,3.821,0.142,0.532,10.391,10.388,0.332,3.346,0.671,3.292,0.632,0.204,0.187,0.129,4.64,2.59,156.52,5.56,1.46,0.090,-0.106,0.155,1529,1531,1541,1535,10.00,10.06,-0.40,-0.45
1787304390.473,28.567,True,1,3.803,3.824,0.142,0.545,10.404,10.400,0.332,3.346,0.671,3.294,0.633,0.204,0.187,0.129,4.64,2.59,156.52,5.57,1.45,0.090,-0.106,0.155,1529,1531,1541,1535,10.00,10.07,9.61,9.56
1787304390.483,28.577,True,1,3.803,3.827,0.142,0.557,10.416,10.413,0.332,3.346,0.671,3.295,0.635,0.204,0.187,0.129,4.64,2.59,156.52,5.57,1.45,0.091,-0.107,0.155,1530,1531,1541,1536,9.99,10.06,19.60,19.55
1787304390.493,28.588,True,1,3.806,3.830,0.165,0.489,10.348,10.346,0.330,3.348,0.673,3.297,0.636,0.206,0.175,0.125,4.56,2.29,156.34,5.54,1.57,0.096,-0.064,0.159,1530,1527,1542,1533,10.00,10.06,-0.17,-0.12
1787304390.503,28.597,True,1,3.806,3.833,0.165,0.501,10.360,10.358,0.331,3.348,0.673,3.299,0.637,0.206,0.175,0.125,4.56,2.29,156.34,5.54,1.56,0.097,-0.065,0.159,1530,1527,1542,1534,10.00,10.06,9.83,9.88
1787304390.513,28.607,True,1,3.806,3.836,0.165,0.514,10.373,10.370,0.331,3.348,0.673,3.301,0.638,0.206,0.175,0.125,4.56,2.29,156.34,5.55,1.55,0.097,-0.066,0.159,1530,1527,1542,1534,10.00,10.06,19.83,19.88
1787304390.523,28.617,True,1,3.806,3.839,0.165,0.526,10.385,10.383,0.331,3.348,0.673,3.302,0.639,0.206,0.175,0.125,4.56,2.29,156.34,5.55,1.54,0.098,-0.066,0.159,1530,1527,1542,1534,10.00,10.06,29.83,29.88
1787304390.533,28.627,True,1,3.806,3.842,0.165,0.538,10.398,10.395,0.332,3.348,0.673,3.304,0.641,0.206,0.175,0.125,4.56,2.29,156.34,5.56,1.53,0.098,-0.067,0.159,1530,1527,1542,1535,10.00,10.06,39.83,39.88
1787304390.543,28.637,True,1,3.806,3.845,0.165,0.551,10.410,10.408,0.332,3.348,0.673,3.305,0.642,0.206,0.175,0.125,4.56,2.29,156.34,5.56,1.53,0.098,-0.068,0.159,1530,1527,1542,1535,10.00,10.06,49.83,49.88
1787304390.554,28.648,True,1,3.826,3.848,0.209,0.350,10.209,10.207,0.326,3.363,0.683,3.307,0.643,0.215,0.186,0.114,4.79,1.79,156.02,5.62,1.43,0.082,-0.024,0.170,1529,1522,1543,1528,10.00,10.06,-0.41,-0.46
1787304390.563,28.657,True,1,3.826,3.851,0.209,0.362,10.221,10.220,0.326,3.363,0.683,3.309,0.644,0.215,0.186,0.114,4.80,1.50,155.95,5.62,1.43,0.081,0.007,0.171,1529,1479,1543,1529,10.00,10.06,-0.06,9.55
1787304390.573,28.667,True,1,3.826,3.854,0.209,0.374,10.233,10.232,0.327,3.363,0.683,3.311,0.646,0.215,0.186,0.114,4.80,1.50,155.95,5.63,1.42,0.082,0.006,0.171,1529,1479,1543,1529,10.00,10.06,9.94,19.54
1787304390.583,28.677,True,1,3.826,3.857,0.209,0.387,10.246,10.245,0.327,3.363,0.683,3.312,0.647,0.215,0.186,0.114,4.80,1.50,155.95,5.63,1.41,0.082,0.005,0.171,1529,1479,1543,1530,10.00,10.06,19.94,29.54
1787304390.593,28.688,True,1,3.837,3.860,0.232,0.288,10.151,10.150,0.324,3.369,0.687,3.314,0.648,0.220,0.191,0.128,4.92,1.43,155.87,5.85,1.44,0.093,0.016,0.174,1530,1478,1544,1526,10.00,10.06,-0.10,-0.15
1787304390.603,28.697,True,1,3.837,3.863,0.232,0.301,10.163,10.162,0.324,3.369,0.687,3.316,0.649,0.220,0.191,0.128,4.92,1.43,155.87,5.85,1.43,0.093,0.015,0.174,1530,1478,1544,1527,10.00,10.06,9.90,9.85
1787304390.613,28.707,True,1,3.837,3.866,0.232,0.313,10.176,10.175,0.325,3.369,0.687,3.318,0.651,0.220,0.191,0.128,4.92,1.43,155.87,5.86,1.42,0.094,0.014,0.174,1530,1478,1544,1527,10.00,10.06,19.89,19.84
1787304390.623,28.717,True,1,3.837,3.869,0.232,0.325,10.188,10.187,0.325,3.369,0.687,3.320,0.652,0.220,0.191,0.128,4.92,1.43,155.87,5.87,1.41,0.094,0.013,0.174,1530,1478,1544,1528,10.00,10.06,29.89,29.84
1787304390.633,28.728,True,1,3.847,3.872,0.280,0.152,10.015,10.014,0.320,3.375,0.691,3.321,0.653,0.224,0.178,0.125,5.27,0.87,155.64,5.89,1.57,0.062,0.090,0.177,1526,1469,1544,1521,10.00,10.06,-0.35,-0.30
1787304390.643,28.737,True,1,3.847,3.875,0.280,0.164,10.027,10.026,0.320,3.375,0.691,3.323,0.654,0.224,0.178,0.125,5.27,0.87,155.64,5.89,1.56,0.062,0.089,0.177,1526,1470,1544,1522,10.00,10.06,9.66,9.70
1787304390.653,28.747,True,1,3.847,3.878,0.280,0.176,10.040,10.039,0.320,3.375,0.691,3.325,0.656,0.224,0.178,0.125,5.27,0.87,155.64,5.90,1.55,0.063,0.088,0.177,1526,1470,1544,1522,10.00,10.06,19.65,19.70
1787304390.663,28.757,True,1,3.847,3.881,0.280,0.189,10.052,10.051,0.321,3.375,0.691,3.327,0.657,0.224,0.178,0.125,5.27,0.87,155.64,5.90,1.54,0.063,0.087,0.177,1527,1470,1544,1523,10.00,10.06,29.66,29.71
1787304390.673,28.767,True,1,3.847,3.884,0.280,0.201,10.065,10.064,0.321,3.375,0.691,3.328,0.658,0.224,0.178,0.125,5.27,0.87,155.64,5.91,1.53,0.064,0.086,0.177,1527,1470,1544,1523,10.00,10.06,39.66,39.70
1787304390.683,28.777,True,1,3.847,3.887,0.280,0.214,10.077,10.076,0.322,3.375,0.691,3.330,0.659,0.224,0.178,0.125,5.27,0.87,155.64,5.91,1.52,0.064,0.085,0.177,1527,1470,1544,1524,10.01,10.07,49.66,49.71
1787304390.693,28.787,True,1,3.847,3.890,0.280,0.226,10.090,10.089,0.322,3.375,0.691,3.331,0.660,0.224,0.178,0.125,5.27,0.87,155.64,5.91,1.52,0.064,0.085,0.177,1527,1470,1544,1524,10.00,10.06,59.66,59.71
1787304390.704,28.798,True,1,3.875,3.893,0.273,0.147,10.002,9.998,0.319,3.386,0.700,3.333,0.661,0.233,0.148,0.075,6.39,0.42,155.37,5.37,1.61,-0.108,0.145,0.181,1467,1463,1545,1521,10.00,10.06,-0.43,-0.48
1787304390.713,28.807,True,1,3.875,3.896,0.273,0.160,10.014,10.011,0.320,3.386,0.700,3.335,0.663,0.233,0.148,0.075,6.39,0.42,155.37,5.38,1.60,-0.108,0.145,0.181,1468,1463,1545,1521,10.01,10.07,9.58,9.53
1787304390.723,28.818,True,1,3.878,3.899,0.310,0.050,9.905,9.900,0.316,3.388,0.700,3.337,0.664,0.234,0.141,0.075,6.66,0.38,155.35,5.42,1.68,-0.131,0.159,0.180,1465,1462,1544,1517,9.99,10.06,-0.16,-0.11
1787304390.733,28.827,True,1,3.878,3.902,0.310,0.062,9.917,9.913,0.316,3.388,0.700,3.338,0.665,0.234,0.141,0.075,6.66,0.38,155.35,5.42,1.67,-0.130,0.158,0.180,1465,1462,1544,1518,10.00,10.06,9.84,9.89
1787304390.743,28.837,True,1,3.878,3.905,0.310,0.074,9.930,9.925,0.317,3.388,0.700,3.340,0.666,0.234,0.141,0.075,6.66,0.38,155.35,5.43,1.67,-0.130,0.157,0.180,1465,1462,1544,1518,10.00,10.06,19.84,19.89
1787304390.753,28.848,True,1,3.890,3.908,0.267,0.166,10.017,10.008,0.319,3.392,0.704,3.342,0.668,0.238,0.120,0.054,7.14,0.62,155.35,5.11,1.74,-0.215,0.141,0.181,1456,1464,1545,1521,10.00,10.06,-0.22,-0.17
1787304390.763,28.857,True,1,3.890,3.911,0.267,0.178,10.029,10.021,0.320,3.392,0.704,3.343,0.669,0.238,0.120,0.054,7.14,0.62,155.35,5.11,1.73,-0.214,0.140,0.181,1456,1464,1545,1522,10.00,10.06,9.78,9.83
1787304390.773,28.867,True,1,3.890,3.914,0.267,0.190,10.041,10.033,0.320,3.392,0.704,3.345,0.670,0.238,0.120,0.054,7.14,0.62,155.35,5.12,1.72,-0.214,0.140,0.181,1456,1464,1545,1522,10.00,10.06,19.78,19.83
1787304390.783,28.878,True,1,3.900,3.917,0.342,-0.061,9.797,9.790,0.312,3.394,0.706,3.347,0.671,0.241,0.112,0.084,7.31,0.81,155.41,5.52,1.97,-0.190,0.146,0.177,1458,1463,1544,1513,10.00,10.06,-0.21,-0.16
1787304390.793,28.887,True,1,3.910,3.920,0.308,0.011,9.864,9.855,0.315,3.397,0.708,3.348,0.672,0.243,0.100,0.056,7.31,0.81,155.41,5.17,1.94,-0.226,0.142,0.178,1455,1464,1544,1516,10.00,10.06,9.80,-0.13
1787304390.803,28.897,True,1,3.915,3.923,0.305,0.013,9.865,9.856,0.315,3.399,0.709,3.350,0.674,0.245,0.112,0.053,7.59,1.10,155.46,5.21,1.80,-0.253,0.098,0.181,1452,1469,1545,1516,10.00,10.06,-0.05,-0.10
1787304390.813,28.907,True,1,3.915,3.926,0.305,0.025,9.877,9.868,0.315,3.399,0.709,3.352,0.675,0.245,0.112,0.053,7.59,1.10,155.46,5.21,1.79,-0.252,0.097,0.181,1452,1469,1545,1516,10.00,10.06,9.95,9.90
1787304390.823,28.917,True,1,3.915,3.929,0.305,0.037,9.889,9.880,0.315,3.399,0.709,3.353,0.676,0.245,0.112,0.053,7.59,1.10,155.46,5.22,1.78,-0.252,0.096,0.181,1452,1469,1545,1517,10.00,10.06,19.95,19.90
1787304390.833,28.928,True,1,3.923,3.932,0.330,-0.058,9.793,9.783,0.312,3.401,0.710,3.355,0.677,0.246,0.101,0.045,7.73,1.37,155.59,5.16,1.85,-0.273,0.075,0.178,1450,1471,1544,1513,10.00,10.06,-0.17,-0.12
1787304390.843,28.937,True,1,3.923,3.935,0.330,-0.046,9.806,9.796,0.313,3.401,0.710,3.356,0.678,0.246,0.101,0.045,7.73,1.37,155.59,5.17,1.85,-0.272,0.074,0.178,1450,1471,1544,1514,10.00,10.06,9.83,9.88
1787304390.853,28.947,True,1,3.923,3.938,0.330,-0.034,9.818,9.808,0.313,3.401,0.710,3.358,0.679,0.246,0.101,0.045,7.73,1.37,155.59,5.17,1.84,-0.272,0.073,0.178,1450,1471,1544,1514,10.00,10.06,19.83,19.88
1787304390.863,28.957,True,1,3.923,3.941,0.330,-0.022,9.830,9.820,0.313,3.401,0.710,3.359,0.680,0.246,0.101,0.045,7.73,1.37,155.59,5.18,1.83,-0.271,0.072,0.178,1450,1471,1544,1514,10.00,10.06,29.83,29.88
1787304390.873,28.967,True,1,3.923,3.944,0.330,-0.009,9.842,9.832,0.314,3.401,0.710,3.361,0.681,0.246,0.101,0.045,7.73,1.37,155.59,5.18,1.82,-0.271,0.072,0.178,1450,1472,1544,1515,10.00,10.06,39.83,39.88
1787304390.883,28.977,True,1,3.923,3.947,0.330,0.003,9.855,9.845,0.314,3.401,0.710,3.362,0.682,0.246,0.101,0.045,7.73,1.37,155.59,5.19,1.81,-0.270,0.071,0.178,1450,1472,1544,1515,10.00,10.06,49.83,49.88
1787304390.894,28.988,True,1,3.952,3.950,0.340,-0.129,9.722,9.714,0.310,3.407,0.714,3.363,0.683,0.251,0.097,0.041,7.64,1.68,155.94,5.22,1.82,-0.258,0.038,0.168,1451,1475,1543,1511,10.00,10.06,-0.40,-0.45
1787304390.903,28.997,True,1,3.952,3.953,0.340,-0.117,9.735,9.726,0.310,3.407,0.714,3.365,0.684,0.251,0.097,0.041,7.64,1.68,155.94,5.22,1.81,-0.257,0.037,0.168,1451,1475,1543,1511,10.00,10.06,9.60,9.55
1787304390.913,29.007,True,1,3.952,3.956,0.340,-0.105,9.747,9.738,0.311,3.407,0.714,3.366,0.685,0.251,0.097,0.041,7.64,1.68,155.94,5.23,1.81,-0.257,0.036,0.168,1451,1475,1543,1512,10.00,10.06,19.60,19.55
1787304390.923,29.017,True,1,3.952,3.959,0.340,-0.093,9.759,9.750,0.311,3.407,0.714,3.368,0.686,0.251,0.097,0.041,7.64,1.68,155.94,5.23,1.80,-0.257,0.035,0.168,1451,1476,1543,1512,10.00,10.06,29.60,29.55
1787304390.933,29.028,True,1,3.967,3.962,0.328,-0.105,9.743,9.738,0.311,3.409,0.715,3.369,0.687,0.253,0.096,0.019,6.93,2.17,156.33,5.04,1.67,-0.204,-0.034,0.159,1457,1523,1542,1511,10.00,10.06,-0.33,-0.22
1787304390.943,29.037,True,1,3.967,3.965,0.328,-0.093,9.755,9.750,0.311,3.409,0.715,3.370,0.688,0.253,0.096,0.019,6.93,2.17,156.33,5.05,1.66,-0.204,-0.034,0.159,1457,1523,1542,1512,10.00,10.06,9.67,9.78
1787304390.953,29.047,True,1,3.967,3.968,0.328,-0.081,9.767,9.762,0.312,3.409,0.715,3.372,0.689,0.253,0.096,0.019,6.93,2.17,156.33,5.05,1.65,-0.203,-0.035,0.160,1457,1523,1542,1512,10.00,10.06,19.68,19.78
1787304390.963,29.058,True,1,3.983,3.971,0.311,-0.083,9.764,9.760,0.311,3.412,0.716,3.373,0.690,0.254,0.092,0.006,6.46,2.31,156.52,4.92,1.62,-0.167,-0.056,0.153,1461,1526,1541,1512,10.00,10.06,-0.21,-0.26
1787304390.973,29.067,True,1,3.983,3.974,0.311,-0.071,9.776,9.772,0.312,3.412,0.716,3.374,0.691,0.254,0.092,0.006,6.46,2.31,156.52,4.93,1.61,-0.166,-0.056,0.153,1461,1526,1541,1513,10.00,10.06,9.79,9.74
1787304390.983,29.077,True,1,3.983,3.977,0.311,-0.059,9.788,9.783,0.312,3.412,0.716,3.376,0.692,0.254,0.092,0.006,6.46,2.31,156.52,4.93,1.60,-0.166,-0.057,0.153,1461,1526,1541,1513,10.00,10.06,19.79,19.74
1787304390.993,29.087,True,1,3.983,3.980,0.311,-0.047,9.800,9.796,0.313,3.412,0.716,3.377,0.693,0.254,0.092,0.006,6.46,2.31,156.52,4.93,1.59,-0.166,-0.058,0.153,1461,1526,1541,1514,10.00,10.06,29.79,29.74
1787304391.003,29.097,True,1,3.983,3.983,0.311,-0.035,9.812,9.808,0.313,3.412,0.716,3.378,0.693,0.254,0.092,0.006,6.46,2.31,156.52,4.94,1.59,-0.166,-0.059,0.153,1461,1526,1541,1514,10.00,10.06,39.79,39.74
1787304391.013,29.107,True,1,3.983,3.986,0.311,-0.023,9.824,9.820,0.313,3.412,0.716,3.379,0.694,0.254,0.092,0.006,6.46,2.31,156.52,4.94,1.58,-0.165,-0.060,0.153,1461,1526,1541,1514,10.00,10.06,49.79,49.74
1787304391.023,29.117,True,1,3.983,3.989,0.311,-0.011,9.836,9.832,0.314,3.412,0.716,3.380,0.695,0.254,0.092,0.006,6.46,2.31,156.52,4.94,1.57,-0.165,-0.060,0.153,1461,1526,1541,1515,10.00,10.06,59.79,59.74
1787304391.033,29.127,True,1,3.983,3.992,0.311,0.001,9.848,9.844,0.314,3.412,0.716,3.381,0.696,0.254,0.092,0.006,6.46,2.31,156.52,4.94,1.56,-0.165,-0.061,0.154,1461,1526,1541,1515,10.00,10.06,69.79,69.74
1787304391.043,29.137,True,1,3.983,3.995,0.311,0.013,9.860,9.856,0.315,3.412,0.716,3.382,0.696,0.254,0.092,0.006,6.46,2.31,156.52,4.94,1.56,-0.165,-0.062,0.154,1461,1526,1541,1516,10.00,10.06,79.79,79.74
1787304391.054,29.148,True,1,4.011,3.998,0.327,-0.134,9.713,9.712,0.310,3.414,0.717,3.383,0.697,0.255,0.071,0.007,5.02,2.50,157.26,4.97,1.72,-0.010,-0.071,0.120,1478,1527,1536,1511,10.00,10.06,-0.56,-0.60
1787304391.063,29.157,True,1,4.011,4.001,0.327,-0.123,9.725,9.724,0.310,3.414,0.717,3.384,0.698,0.255,0.071,0.007,5.02,2.50,157.26,4.97,1.71,-0.010,-0.072,0.120,1478,1528,1536,1511,10.00,10.06,9.44,9.39
1787304391.073,29.167,True,1,4.011,4.004,0.327,-0.111,9.737,9.736,0.311,3.414,0.717,3.385,0.698,0.255,0.071,0.007,5.02,2.50,157.26,4.97,1.70,-0.010,-0.073,0.120,1478,1528,1536,1511,10.00,10.06,19.45,19.40
1787304391.083,29.177,True,1,4.011,4.007,0.327,-0.099,9.749,9.748,0.311,3.414,0.717,3.386,0.699,0.255,0.071,0.007,5.02,2.50,157.26,4.97,1.70,-0.010,-0.074,0.120,1478,1528,1536,1512,9.99,10.06,29.44,29.39
1787304391.093,29.187,True,1,4.011,4.010,0.327,-0.087,9.761,9.760,0.312,3.414,0.717,3.387,0.700,0.255,0.071,0.007,5.02,2.50,157.26,4.97,1.69,-0.010,-0.074,0.120,1478,1528,1536,1512,10.00,10.06,39.44,39.40
1787304391.103,29.197,True,1,4.011,4.013,0.327,-0.075,9.773,9.772,0.312,3.414,0.717,3.388,0.700,0.255,0.071,0.007,5.02,2.50,157.26,4.97,1.68,-0.010,-0.075,0.120,1478,1528,1536,1513,10.00,10.06,49.44,49.40
1787304391.113,29.207,True,1,4.011,4.016,0.327,-0.063,9.785,9.784,0.312,3.414,0.717,3.389,0.701,0.255,0.071,0.007,5.02,2.50,157.26,4.97,1.68,-0.010,-0.076,0.121,1478,1528,1536,1513,10.00,10.06,59.44,59.39
1787304391.124,29.218,True,1,4.029,4.019,0.265,0.061,9.904,9.901,0.316,3.417,0.718,3.390,0.701,0.257,0.079,-0.025,4.09,2.70,158.08,4.67,1.38,0.056,-0.132,0.087,1526,1534,1532,1517,10.00,10.06,-0.47,-0.42
1787304391.133,29.228,True,1,4.038,4.022,0.295,-0.052,9.790,9.788,0.312,3.418,0.720,3.391,0.702,0.258,0.064,-0.026,4.07,2.75,158.19,4.65,1.52,0.058,-0.124,0.082,1526,1533,1531,1513,10.00,10.06,-0.11,-0.16
1787304391.143,29.237,True,1,4.038,4.025,0.295,-0.040,9.802,9.799,0.313,3.418,0.720,3.392,0.702,0.258,0.064,-0.026,4.07,2.75,158.19,4.66,1.51,0.058,-0.124,0.082,1526,1533,1531,1514,10.00,10.06,9.89,9.84
1787304391.153,29.247,True,1,4.038,4.028,0.295,-0.028,9.814,9.811,0.313,3.418,0.720,3.393,0.703,0.258,0.064,-0.026,4.07,2.75,158.19,4.66,1.51,0.058,-0.125,0.082,1526,1533,1531,1514,10.00,10.06,19.89,19.84
1787304391.163,29.257,True,1,4.038,4.031,0.295,-0.016,9.826,9.823,0.314,3.418,0.720,3.394,0.704,0.258,0.064,-0.026,4.07,2.75,158.19,4.66,1.50,0.058,-0.126,0.082,1526,1533,1531,1515,10.00,10.06,29.89,29.84
1787304391.173,29.267,True,1,4.038,4.034,0.295,-0.004,9.838,9.835,0.314,3.418,0.720,3.394,0.704,0.258,0.064,-0.026,4.07,2.75,158.19,4.66,1.50,0.058,-0.126,0.082,1526,1533,1531,1515,10.00,10.06,39.89,39.84
1787304391.183,29.277,True,1,4.038,4.037,0.295,0.008,9.850,9.847,0.314,3.418,0.720,3.395,0.705,0.258,0.064,-0.026,4.07,2.75,158.19,4.66,1.49,0.058,-0.127,0.082,1526,1534,1531,1515,10.01,10.07,49.90,49.85
1787304391.193,29.287,True,1,4.038,4.040,0.295,0.020,9.862,9.859,0.315,3.418,0.720,3.396,0.705,0.258,0.064,-0.026,4.07,2.75,158.19,4.66,1.48,0.058,-0.127,0.082,1526,1534,1531,1516,9.99,10.07,59.89,59.84
1787304391.204,29.298,True,1,4.055,4.043,0.281,0.007,9.848,9.843,0.314,3.420,0.721,3.397,0.706,0.260,0.074,-0.035,3.36,2.49,159.18,4.64,1.27,0.134,-0.127,0.037,1534,1534,1525,1515,10.00,10.06,-0.49,-0.44
1787304391.213,29.307,True,1,4.055,4.046,0.281,0.018,9.860,9.855,0.315,3.420,0.721,3.397,0.706,0.260,0.074,-0.035,3.36,2.49,159.18,4.64,1.26,0.133,-0.127,0.037,1534,1534,1525,1516,10.00,10.06,9.51,9.56
1787304391.223,29.318,True,1,4.063,4.049,0.298,-0.053,9.789,9.784,0.312,3.421,0.721,3.398,0.707,0.261,0.085,-0.032,3.33,2.41,159.34,4.76,1.16,0.149,-0.129,0.030,1536,1534,1524,1513,10.00,10.06,-0.11,-0.16
1787304391.233,29.327,True,1,4.063,4.052,0.298,-0.041,9.801,9.796,0.313,3.421,0.721,3.399,0.707,0.261,0.085,-0.032,3.33,2.41,159.34,4.76,1.15,0.149,-0.130,0.030,1536,1534,1524,1514,10.00,10.06,9.89,9.84
1787304391.243,29.337,True,1,4.063,4.055,0.298,-0.029,9.813,9.808,0.313,3.421,0.721,3.400,0.708,0.261,0.085,-0.032,3.33,2.41,159.34,4.76,1.15,0.149,-0.131,0.031,1536,1534,1524,1514,10.00,10.06,19.89,19.84
1787304391.253,29.347,True,1,4.063,4.058,0.298,-0.017,9.825,9.820,0.313,3.421,0.721,3.400,0.708,0.261,0.085,-0.032,3.33,2.41,159.34,4.75,1.14,0.148,-0.131,0.031,1536,1534,1524,1514,10.00,10.06,29.89,29.84
1787304391.263,29.357,True,1,4.063,4.061,0.298,-0.005,9.837,9.832,0.314,3.421,0.721,3.401,0.708,0.261,0.085,-0.032,3.33,2.41,159.34,4.75,1.13,0.148,-0.132,0.031,1536,1534,1524,1515,10.00,10.06,39.89,39.84
1787304391.273,29.367,True,1,4.063,4.064,0.298,0.007,9.849,9.844,0.314,3.421,0.721,3.402,0.709,0.261,0.085,-0.032,3.33,2.41,159.34,4.75,1.13,0.148,-0.132,0.031,1536,1534,1524,1515,10.00,10.06,49.89,49.84
1787304391.283,29.377,True,1,4.063,4.067,0.298,0.019,9.861,9.856,0.315,3.421,0.721,3.402,0.709,0.261,0.085,-0.032,3.33,2.41,159.34,4.75,1.12,0.148,-0.133,0.031,1536,1534,1524,1516,10.00,10.06,59.89,59.84
1787304391.293,29.387,True,1,4.063,4.070,0.298,0.031,9.873,9.868,0.315,3.421,0.721,3.403,0.710,0.261,0.085,-0.032,3.33,2.41,159.34,4.75,1.12,0.148,-0.133,0.031,1536,1534,1524,1516,10.00,10.06,69.89,69.84
1787304391.304,29.398,True,1,4.085,4.073,0.323,-0.122,9.720,9.717,0.310,3.425,0.721,3.404,0.710,0.262,0.086,-0.034,3.66,1.84,160.59,4.84,1.02,0.124,-0.088,-0.026,1533,1529,1476,1511,10.00,10.06,-0.56,-0.51
1787304391.313,29.407,True,1,4.085,4.076,0.323,-0.110,9.732,9.729,0.311,3.425,0.721,3.405,0.710,0.262,0.086,-0.034,3.66,1.84,160.59,4.83,1.01,0.124,-0.089,-0.026,1533,1529,1476,1511,10.00,10.06,9.45,9.49
1787304391.323,29.417,True,1,4.085,4.079,0.323,-0.099,9.744,9.741,0.311,3.425,0.721,3.405,0.711,0.262,0.086,-0.034,3.66,1.84,160.59,4.83,1.01,0.124,-0.089,-0.026,1533,1529,1476,1512,10.00,10.06,19.44,19.49
1787304391.333,29.427,True,1,4.085,4.082,0.323,-0.087,9.756,9.753,0.311,3.425,0.721,3.406,0.711,0.262,0.086,-0.034,3.66,1.84,160.59,4.83,1.00,0.124,-0.090,-0.026,1533,1529,1476,1512,10.00,10.06,29.45,29.49
1787304391.343,29.437,True,1,4.085,4.085,0.323,-0.075,9.768,9.765,0.312,3.425,0.721,3.406,0.712,0.262,0.086,-0.034,3.66,1.84,160.59,4.83,1.00,0.124,-0.091,-0.026,1533,1530,1476,1512,10.00,10.06,39.44,39.49
1787304391.353,29.447,True,1,4.085,4.088,0.323,-0.063,9.780,9.777,0.312,3.425,0.721,3.407,0.712,0.262,0.086,-0.034,3.66,1.84,160.59,4.83,0.99,0.123,-0.091,-0.026,1533,1530,1476,1513,10.00,10.06,49.44,49.49
1787304391.363,29.457,True,1,4.085,4.091,0.323,-0.050,9.792,9.789,0.312,3.425,0.721,3.408,0.712,0.262,0.086,-0.034,3.66,1.84,160.59,4.82,0.99,0.123,-0.092,-0.026,1533,1530,1476,1513,10.00,10.06,59.44,59.49
1787304391.374,29.468,True,1,4.114,4.094,0.306,-0.103,9.741,9.740,0.311,3.430,0.720,3.408,0.712,0.262,0.090,-0.027,4.37,1.26,161.76,4.96,0.87,0.063,-0.047,-0.079,1526,1525,1468,1512,10.00,10.06,-0.51,-0.56
1787304391.383,29.477,True,1,4.114,4.097,0.306,-0.091,9.753,9.752,0.311,3.430,0.720,3.409,0.713,0.262,0.090,-0.027,4.37,1.26,161.76,4.95,0.86,0.063,-0.048,-0.079,1526,1525,1468,1512,10.00,10.06,9.49,9.45
1787304391.393,29.487,True,1,4.114,4.100,0.306,-0.079,9.765,9.764,0.312,3.430,0.720,3.410,0.713,0.262,0.090,-0.027,4.37,1.26,161.76,4.95,0.85,0.062,-0.049,-0.079,1526,1525,1468,1512,10.00,10.06,19.49,19.44
1787304391.403,29.497,True,1,4.114,4.103,0.306,-0.067,9.777,9.776,0.312,3.430,0.720,3.411,0.713,0.262,0.090,-0.027,4.37,1.26,161.76,4.95,0.85,0.062,-0.049,-0.079,1526,1525,1468,1513,10.00,10.06,29.49,29.44
1787304391.413,29.507,True,1,4.114,4.106,0.306,-0.056,9.789,9.788,0.312,3.430,0.720,3.411,0.713,0.262,0.090,-0.027,4.37,1.26,161.76,4.95,0.84,0.062,-0.050,-0.079,1526,1525,1469,1513,10.00,10.06,39.49,39.44
1787304391.423,29.517,True,1,4.114,4.109,0.306,-0.044,9.801,9.800,0.313,3.430,0.720,3.412,0.714,0.262,0.090,-0.027,4.37,1.26,161.76,4.94,0.84,0.061,-0.050,-0.079,1526,1525,1469,1514,10.00,10.06,49.49,49.44
1787304391.433,29.527,True,1,4.114,4.112,0.306,-0.032,9.813,9.812,0.313,3.430,0.720,3.412,0.714,0.262,0.090,-0.027,4.37,1.26,161.76,4.94,0.83,0.061,-0.051,-0.079,1526,1525,1469,1514,10.00,10.06,59.49,59.44
1787304391.443,29.537,True,1,4.114,4.115,0.306,-0.020,9.825,9.824,0.314,3.430,0.720,3.413,0.714,0.262,0.090,-0.027,4.37,1.26,161.76,4.94,0.83,0.061,-0.051,-0.079,1526,1525,1469,1515,10.00,10.06,69.49,69.44
1787304391.453,29.547,True,1,4.114,4.118,0.306,-0.008,9.837,9.836,0.314,3.430,0.720,3.414,0.714,0.262,0.090,-0.027,4.37,1.26,161.76,4.93,0.82,0.060,-0.052,-0.079,1526,1525,1469,1515,10.00,10.06,79.49,79.44
1787304391.464,29.558,True,1,4.143,4.121,0.310,-0.125,9.717,9.717,0.310,3.436,0.718,3.414,0.714,0.261,0.085,-0.039,5.11,0.85,163.04,4.88,0.73,-0.022,-0.026,-0.137,1477,1522,1460,1511,10.00,10.06,-0.57,-0.61
1787304391.473,29.567,True,1,4.143,4.124,0.310,-0.113,9.729,9.729,0.311,3.436,0.718,3.415,0.714,0.261,0.085,-0.039,5.11,0.85,163.04,4.88,0.72,-0.022,-0.026,-0.137,1477,1522,1460,1511,10.00,10.06,9.43,9.38
1787304391.483,29.577,True,1,4.143,4.127,0.310,-0.102,9.741,9.741,0.311,3.436,0.718,3.416,0.714,0.261,0.085,-0.039,5.11,0.85,163.04,4.87,0.71,-0.023,-0.027,-0.137,1477,1523,1460,1512,10.00,10.06,19.43,19.38
1787304391.493,29.587,True,1,4.143,4.130,0.310,-0.090,9.753,9.753,0.311,3.436,0.718,3.416,0.715,0.261,0.085,-0.039,5.11,0.85,163.04,4.87,0.71,-0.023,-0.028,-0.137,1477,1523,1460,1512,10.00,10.06,29.43,29.38
1787304391.503,29.597,True,1,4.143,4.133,0.310,-0.078,9.765,9.765,0.312,3.436,0.718,3.417,0.715,0.261,0.085,-0.039,5.11,0.85,163.04,4.86,0.70,-0.023,-0.028,-0.136,1477,1523,1461,1512,10.00,10.06,39.43,39.39
1787304391.513,29.607,True,1,4.143,4.136,0.310,-0.066,9.777,9.776,0.312,3.436,0.718,3.418,0.715,0.261,0.085,-0.039,5.11,0.85,163.04,4.86,0.70,-0.024,-0.029,-0.136,1477,1523,1461,1513,10.00,10.06,49.44,49.39
1787304391.523,29.617,True,1,4.143,4.139,0.310,-0.054,9.789,9.788,0.312,3.436,0.718,3.418,0.715,0.261,0.085,-0.039,5.11,0.85,163.04,4.86,0.69,-0.024,-0.029,-0.136,1477,1523,1461,1513,10.00,10.06,59.43,59.38
1787304391.533,29.627,True,1,4.143,4.142,0.310,-0.042,9.801,9.800,0.313,3.436,0.718,3.419,0.715,0.261,0.085,-0.039,5.11,0.85,163.04,4.85,0.69,-0.025,-0.030,-0.136,1477,1523,1461,1514,10.00,10.06,69.43,69.39
1787304391.543,29.637,True,1,4.143,4.145,0.310,-0.030,9.813,9.812,0.313,3.436,0.718,3.419,0.715,0.261,0.085,-0.039,5.11,0.85,163.04,4.85,0.68,-0.025,-0.030,-0.136,1477,1523,1461,1514,10.00,10.06,79.43,79.38
1787304391.554,29.648,True,1,4.162,4.148,0.268,0.033,9.871,9.868,0.315,3.439,0.716,3.420,0.715,0.261,0.096,-0.067,5.96,0.83,164.13,4.58,0.39,-0.142,-0.065,-0.180,1464,1527,1454,1516,10.00,10.06,-0.56,-0.61
1787304391.563,29.657,True,1,4.162,4.151,0.268,0.045,9.883,9.880,0.315,3.439,0.716,3.421,0.715,0.261,0.096,-0.067,5.96,0.83,164.13,4.58,0.39,-0.142,-0.066,-0.180,1464,1527,1454,1517,10.00,10.06,9.44,9.39
1787304391.573,29.667,True,1,4.162,4.154,0.268,0.057,9.895,9.892,0.316,3.439,0.716,3.421,0.715,0.261,0.096,-0.067,5.96,0.83,164.13,4.57,0.38,-0.143,-0.066,-0.180,1464,1527,1454,1517,10.00,10.06,19.44,19.39
1787304391.583,29.677,True,1,4.162,4.157,0.268,0.069,9.907,9.904,0.316,3.439,0.716,3.422,0.715,0.261,0.096,-0.067,5.96,0.83,164.13,4.57,0.38,-0.143,-0.067,-0.180,1464,1527,1454,1518,10.00,10.06,29.44,29.39
1787304391.593,29.688,True,1,4.175,4.160,0.237,0.123,9.958,9.951,0.318,3.443,0.714,3.423,0.715,0.260,0.111,-0.095,6.32,0.91,164.69,4.30,0.10,-0.207,-0.108,-0.200,1457,1531,1452,1519,10.00,10.06,-0.27,-0.32
1787304391.603,29.697,True,1,4.175,4.163,0.237,0.135,9.970,9.963,0.318,3.443,0.714,3.423,0.715,0.260,0.111,-0.095,6.32,0.91,164.69,4.30,0.09,-0.208,-0.109,-0.200,1457,1532,1452,1520,10.00,10.06,9.73,9.68
1787304391.613,29.707,True,1,4.175,4.166,0.237,0.147,9.982,9.975,0.318,3.443,0.714,3.424,0.715,0.260,0.111,-0.095,6.32,0.91,164.69,4.30,0.09,-0.208,-0.109,-0.200,1457,1532,1452,1520,10.00,10.06,19.73,19.68
1787304391.623,29.717,True,1,4.175,4.169,0.237,0.159,9.994,9.987,0.319,3.443,0.714,3.425,0.715,0.260,0.111,-0.095,6.32,0.91,164.69,4.29,0.08,-0.209,-0.110,-0.200,1456,1532,1452,1520,10.00,10.06,29.73,29.68
1787304391.633,29.728,True,1,4.184,4.172,0.201,0.242,10.075,10.067,0.321,3.446,0.712,3.425,0.715,0.259,0.107,-0.108,6.35,0.70,165.00,4.13,0.05,-0.231,-0.092,-0.215,1454,1530,1450,1523,10.00,10.06,-0.26,-0.30
1787304391.643,29.737,True,1,4.184,4.175,0.201,0.254,10.087,10.078,0.322,3.446,0.712,3.426,0.715,0.259,0.107,-0.108,6.35,0.70,165.00,4.12,0.05,-0.231,-0.093,-0.215,1454,1530,1450,1524,10.00,10.06,9.75,9.70
1787304391.653,29.747,True,1,4.184,4.178,0.201,0.266,10.099,10.090,0.322,3.446,0.712,3.427,0.715,0.259,0.107,-0.108,6.35,0.70,165.00,4.12,0.04,-0.231,-0.094,-0.215,1454,1530,1450,1524,10.00,10.06,19.74,19.69
1787304391.663,29.757,True,1,4.184,4.181,0.201,0.278,10.111,10.102,0.322,3.446,0.712,3.427,0.715,0.259,0.107,-0.108,6.35,0.70,165.00,4.11,0.04,-0.232,-0.094,-0.215,1454,1530,1450,1525,10.00,10.06,29.74,29.69
1787304391.673,29.767,True,1,4.184,4.184,0.201,0.290,10.123,10.114,0.323,3.446,0.712,3.428,0.715,0.259,0.107,-0.108,6.35,0.70,165.00,4.11,0.03,-0.232,-0.095,-0.215,1454,1530,1450,1525,10.00,10.06,39.74,39.69
1787304391.683,29.777,True,1,4.184,4.187,0.201,0.302,10.135,10.126,0.323,3.446,0.712,3.428,0.714,0.259,0.107,-0.108,6.35,0.70,165.00,4.11,0.03,-0.233,-0.095,-0.215,1454,1530,1450,1525,10.01,10.07,49.75,49.70
1787304391.693,29.787,True,1,4.184,4.190,0.201,0.314,10.147,10.138,0.324,3.446,0.712,3.429,0.714,0.259,0.107,-0.108,6.35,0.70,165.00,4.10,0.02,-0.233,-0.096,-0.215,1454,1530,1450,1526,10.00,10.07,59.75,59.70
1787304391.703,29.797,True,1,4.184,4.193,0.201,0.326,10.159,10.150,0.324,3.446,0.712,3.430,0.714,0.259,0.107,-0.108,6.35,0.70,165.00,4.10,0.02,-0.234,-0.096,-0.215,1454,1530,1450,1526,10.00,10.06,69.74,69.69
1787304391.713,29.807,True,1,4.184,4.196,0.201,0.338,10.171,10.162,0.324,3.446,0.712,3.430,0.714,0.259,0.107,-0.108,6.35,0.70,165.00,4.09,0.02,-0.234,-0.097,-0.215,1454,1530,1450,1527,10.00,10.06,79.74,79.69
1787304391.724,29.818,True,1,4.203,4.199,0.116,0.529,10.358,10.348,0.330,3.454,0.703,3.431,0.714,0.254,0.122,-0.139,6.21,0.13,165.51,3.75,-0.25,-0.257,-0.066,-0.241,1451,1527,1446,1533,10.00,10.06,-0.57,-0.62
1787304391.733,29.827,True,1,4.203,4.202,0.116,0.541,10.370,10.360,0.331,3.454,0.703,3.432,0.714,0.254,0.122,-0.139,6.21,0.13,165.51,3.75,-0.25,-0.258,-0.066,-0.240,1451,1527,1446,1534,10.00,10.06,9.43,9.39
1787304391.743,29.837,True,1,4.203,4.205,0.116,0.553,10.382,10.372,0.331,3.454,0.703,3.432,0.713,0.254,0.122,-0.139,6.21,0.13,165.51,3.74,-0.26,-0.258,-0.067,-0.240,1451,1527,1446,1534,10.00,10.06,19.43,19.38
1787304391.753,29.847,True,1,4.203,4.208,0.116,0.565,10.394,10.384,0.331,3.454,0.703,3.433,0.713,0.254,0.122,-0.139,6.21,0.13,165.51,3.74,-0.26,-0.259,-0.068,-0.240,1451,1527,1446,1535,10.00,10.06,29.43,29.38
1787304391.763,29.857,True,1,4.203,4.211,0.116,0.577,10.406,10.396,0.332,3.454,0.703,3.434,0.713,0.254,0.122,-0.139,6.21,0.13,165.51,3.73,-0.27,-0.259,-0.068,-0.240,1451,1527,1446,1535,10.00,10.06,39.43,39.38
1787304391.773,29.867,True,1,4.203,4.214,0.116,0.589,10.418,10.408,0.332,3.454,0.703,3.434,0.712,0.254,0.122,-0.139,6.21,0.13,165.51,3.73,-0.27,-0.260,-0.069,-0.240,1451,1527,1446,1535,10.00,10.06,49.43,49.38
1787304391.784,29.878,True,1,4.207,4.217,0.059,0.755,10.583,10.578,0.338,3.459,0.697,3.435,0.712,0.250,0.125,-0.138,5.47,0.25,165.63,3.68,-0.31,-0.186,-0.082,-0.245,1459,1529,1445,1541,10.00,10.06,-0.54,-0.49
1787304391.793,29.887,True,1,4.206,4.220,0.051,0.795,10.626,10.621,0.339,3.461,0.694,3.436,0.711,0.248,0.132,-0.125,5.47,0.25,165.63,3.81,-0.36,-0.173,-0.087,-0.245,1460,1529,1445,1543,10.00,10.06,9.46,-0.05
1787304391.803,29.897,True,1,4.206,4.223,0.051,0.808,10.638,10.633,0.339,3.461,0.694,3.437,0.711,0.248,0.132,-0.125,5.47,0.25,165.63,3.80,-0.36,-0.173,-0.087,-0.245,1460,1529,1445,1543,10.00,10.06,19.46,9.95
1787304391.813,29.907,True,1,4.206,4.226,0.051,0.820,10.650,10.645,0.340,3.461,0.694,3.438,0.710,0.248,0.132,-0.125,5.47,0.25,165.63,3.80,-0.37,-0.174,-0.088,-0.244,1460,1529,1445,1544,10.00,10.06,29.46,19.95
1787304391.823,29.917,True,1,4.206,4.229,0.051,0.832,10.662,10.657,0.340,3.461,0.694,3.439,0.709,0.248,0.132,-0.125,5.47,0.25,165.63,3.79,-0.37,-0.175,-0.089,-0.244,1460,1529,1445,1544,10.00,10.06,39.46,29.95
1787304391.833,29.927,True,1,4.206,4.232,0.051,0.844,10.674,10.669,0.341,3.461,0.694,3.439,0.709,0.248,0.132,-0.125,5.47,0.25,165.63,3.78,-0.38,-0.175,-0.089,-0.244,1460,1529,1445,1544,10.00,10.06,49.46,39.95
1787304391.843,29.937,True,1,4.206,4.235,0.051,0.856,10.687,10.681,0.341,3.461,0.694,3.440,0.708,0.248,0.132,-0.125,5.47,0.25,165.63,3.78,-0.39,-0.176,-0.090,-0.244,1460,1529,1445,1545,10.00,10.06,59.46,49.95
1787304391.853,29.947,True,1,4.206,4.238,0.051,0.869,10.699,10.694,0.341,3.461,0.694,3.441,0.708,0.248,0.132,-0.125,5.47,0.25,165.63,3.77,-0.39,-0.177,-0.090,-0.244,1460,1530,1445,1545,10.00,10.06,69.46,59.95
1787304391.864,29.958,True,1,4.204,4.241,0.007,1.024,10.851,10.849,0.346,3.466,0.688,3.442,0.707,0.244,0.144,-0.156,3.98,0.58,165.31,3.46,-0.56,-0.052,-0.135,-0.229,1474,1534,1448,1551,10.00,10.06,-0.46,-0.42
1787304391.873,29.967,True,1,4.201,4.244,-0.002,1.072,10.897,10.894,0.348,3.467,0.687,3.442,0.707,0.244,0.132,-0.166,3.83,0.60,165.21,3.32,-0.47,-0.051,-0.127,-0.225,1474,1534,1448,1552,10.00,10.06,-0.11,-0.05
1787304391.883,29.977,True,1,4.199,4.247,-0.007,1.109,10.936,10.934,0.349,3.469,0.684,3.443,0.706,0.242,0.146,-0.148,3.83,0.60,165.21,3.50,-0.56,-0.031,-0.137,-0.225,1476,1535,1448,1553,10.00,10.06,9.89,-0.06
1787304391.893,29.987,True,1,4.199,4.250,-0.007,1.121,10.949,10.946,0.349,3.469,0.684,3.444,0.705,0.242,0.146,-0.148,3.83,0.60,165.21,3.50,-0.57,-0.032,-0.138,-0.225,1476,1535,1448,1554,10.00,10.06,19.90,9.94
1787304391.903,29.997,True,1,4.199,4.253,-0.007,1.134,10.961,10.959,0.350,3.469,0.684,3.445,0.704,0.242,0.146,-0.148,3.83,0.60,165.21,3.49,-0.57,-0.033,-0.138,-0.224,1476,1535,1448,1554,10.00,10.06,29.89,19.94
1787304391.913,30.007,True,1,4.199,4.256,-0.007,1.146,10.974,10.971,0.350,3.469,0.684,3.446,0.704,0.242,0.146,-0.148,3.83,0.60,165.21,3.48,-0.58,-0.034,-0.139,-0.224,1476,1535,1448,1555,10.00,10.06,39.89,29.94
1787304391.923,30.017,True,1,4.199,4.259,-0.007,1.159,10.986,10.984,0.351,3.469,0.684,3.447,0.703,0.242,0.146,-0.148,3.83,0.60,165.21,3.48,-0.58,-0.034,-0.140,-0.224,1476,1535,1448,1555,10.00,10.06,49.89,39.94
1787304391.933,30.027,True,1,4.199,4.262,-0.007,1.171,10.999,10.996,0.351,3.469,0.684,3.447,0.702,0.242,0.146,-0.148,3.83,0.60,165.21,3.47,-0.59,-0.035,-0.140,-0.224,1476,1535,1448,1556,10.00,10.06,59.89,49.94
1787304391.943,30.037,True,1,4.199,4.265,-0.007,1.184,11.011,11.009,0.351,3.469,0.684,3.448,0.702,0.242,0.146,-0.148,3.83,0.60,165.21,3.47,-0.59,-0.036,-0.141,-0.224,1476,1535,1448,1556,10.00,10.06,69.90,59.94
1787304391.953,30.047,True,1,4.199,4.268,-0.007,1.197,11.024,11.021,0.352,3.469,0.684,3.449,0.701,0.242,0.146,-0.148,3.83,0.60,165.21,3.46,-0.60,-0.036,-0.141,-0.224,1475,1535,1448,1556,10.00,10.06,79.89,69.94
1787304391.964,30.058,True,1,4.187,4.271,-0.022,1.302,11.131,11.127,0.355,3.475,0.676,3.450,0.700,0.237,0.169,-0.141,2.86,0.77,164.54,3.55,-0.75,0.076,-0.169,-0.196,1528,1538,1452,1560,10.00,10.06,-0.55,-0.50
1787304391.973,30.067,True,1,4.187,4.274,-0.022,1.315,11.144,11.140,0.356,3.475,0.676,3.450,0.700,0.237,0.169,-0.141,2.86,0.77,164.54,3.55,-0.76,0.075,-0.170,-0.196,1528,1538,1452,1560,10.00,10.06,9.45,9.50
1787304391.983,30.077,True,1,4.187,4.277,-0.022,1.328,11.157,11.152,0.356,3.475,0.676,3.451,0.699,0.237,0.169,-0.141,2.86,0.77,164.54,3.54,-0.76,0.074,-0.170,-0.196,1528,1538,1452,1561,10.00,10.06,19.46,19.50
1787304391.993,30.087,True,1,4.187,4.280,-0.022,1.341,11.170,11.165,0.356,3.475,0.676,3.452,0.698,0.237,0.169,-0.141,2.86,0.77,164.54,3.53,-0.77,0.073,-0.171,-0.196,1528,1538,1452,1561,10.00,10.06,29.45,29.50
1787304392.003,30.097,True,1,4.187,4.283,-0.022,1.354,11.183,11.178,0.357,3.475,0.676,3.453,0.697,0.237,0.169,-0.141,2.86,0.77,164.54,3.53,-0.78,0.073,-0.172,-0.196,1528,1538,1452,1562,10.00,10.06,39.45,39.50
1787304392.013,30.107,True,1,4.187,4.286,-0.022,1.367,11.196,11.191,0.357,3.475,0.676,3.453,0.697,0.237,0.169,-0.141,2.86,0.77,164.54,3.52,-0.78,0.072,-0.172,-0.196,1527,1538,1452,1562,10.00,10.06,49.45,49.50
1787304392.023,30.117,True,1,4.187,4.289,-0.022,1.380,11.209,11.204,0.358,3.475,0.676,3.454,0.696,0.237,0.169,-0.141,2.86,0.77,164.54,3.51,-0.79,0.071,-0.173,-0.196,1527,1539,1452,1563,10.00,10.06,59.45,59.50
1787304392.034,30.128,True,1,4.170,4.292,-0.056,1.564,11.393,11.386,0.363,3.486,0.666,3.455,0.695,0.235,0.188,-0.154,1.91,0.27,163.68,3.40,-0.93,0.156,-0.131,-0.162,1537,1534,1457,1569,10.00,10.06,-0.51,-0.55
1787304392.043,30.137,True,1,4.170,4.295,-0.056,1.578,11.406,11.400,0.364,3.486,0.666,3.456,0.694,0.235,0.188,-0.154,1.91,0.27,163.68,3.39,-0.94,0.155,-0.132,-0.162,1537,1534,1457,1569,10.00,10.06,9.50,9.45
1787304392.053,30.147,True,1,4.170,4.298,-0.056,1.591,11.419,11.413,0.364,3.486,0.666,3.457,0.693,0.235,0.188,-0.154,1.91,0.27,163.68,3.38,-0.95,0.154,-0.132,-0.162,1537,1534,1457,1569,9.99,10.06,19.49,19.44
1787304392.063,30.157,True,1,4.170,4.301,-0.056,1.604,11.432,11.426,0.365,3.486,0.666,3.458,0.692,0.235,0.188,-0.154,1.91,0.27,163.68,3.37,-0.95,0.154,-0.133,-0.162,1536,1534,1457,1570,10.00,10.06,29.49,29.45
1787304392.073,30.167,True,1,4.170,4.304,-0.056,1.618,11.446,11.439,0.365,3.486,0.666,3.459,0.691,0.235,0.188,-0.154,1.91,0.27,163.68,3.37,-0.96,0.153,-0.134,-0.162,1536,1534,1457,1570,10.00,10.06,39.50,39.45
1787304392.083,30.177,True,1,4.170,4.307,-0.056,1.631,11.459,11.453,0.366,3.486,0.666,3.460,0.690,0.235,0.188,-0.154,1.91,0.27,163.68,3.36,-0.97,0.152,-0.134,-0.162,1536,1534,1457,1571,10.00,10.06,49.50,49.45
1787304392.093,30.187,True,1,4.170,4.310,-0.056,1.644,11.472,11.466,0.366,3.486,0.666,3.461,0.689,0.235,0.188,-0.154,1.91,0.27,163.68,3.35,-0.97,0.151,-0.135,-0.162,1536,1534,1457,1571,10.00,10.06,59.49,59.44
1787304392.103,30.197,True,1,4.170,4.313,-0.056,1.658,11.486,11.479,0.366,3.486,0.666,3.462,0.689,0.235,0.188,-0.154,1.91,0.27,163.68,3.35,-0.98,0.151,-0.136,-0.162,1536,1535,1457,1572,10.00,10.06,69.49,69.45
1787304392.114,30.208,True,1,4.156,4.316,-0.046,1.696,11.525,11.516,0.368,3.499,0.658,3.463,0.688,0.236,0.206,-0.156,1.28,-0.21,162.91,3.37,-1.10,0.218,-0.096,-0.131,1544,1530,1461,1573,10.00,10.06,-0.46,-0.51
1787304392.123,30.217,True,1,4.156,4.319,-0.046,1.710,11.539,11.530,0.368,3.499,0.658,3.464,0.687,0.236,0.206,-0.156,1.28,-0.21,162.91,3.36,-1.11,0.218,-0.097,-0.131,1543,1530,1461,1573,10.00,10.06,9.54,9.49
1787304392.133,30.227,True,1,4.156,4.322,-0.046,1.724,11.552,11.543,0.368,3.499,0.658,3.465,0.686,0.236,0.206,-0.156,1.28,-0.21,162.91,3.35,-1.11,0.217,-0.098,-0.131,1543,1530,1461,1574,10.00,10.06,19.54,19.49
1787304392.143,30.237,True,1,4.156,4.325,-0.046,1.737,11.566,11.557,0.369,3.499,0.658,3.467,0.685,0.236,0.206,-0.156,1.28,-0.21,162.91,3.35,-1.12,0.216,-0.099,-0.131,1543,1530,1461,1574,10.00,10.06,29.54,29.49
1787304392.153,30.247,True,1,4.156,4.328,-0.046,1.751,11.580,11.571,0.369,3.499,0.658,3.468,0.684,0.236,0.206,-0.156,1.28,-0.21,162.91,3.34,-1.13,0.216,-0.099,-0.131,1543,1531,1461,1575,10.00,10.06,39.54,39.49
1787304392.163,30.257,True,1,4.156,4.331,-0.046,1.765,11.593,11.584,0.370,3.499,0.658,3.469,0.683,0.236,0.206,-0.156,1.28,-0.21,162.91,3.33,-1.14,0.215,-0.100,-0.131,1543,1531,1461,1575,10.00,10.06,49.54,49.49
1787304392.173,30.267,True,1,4.156,4.334,-0.046,1.779,11.607,11.598,0.370,3.499,0.658,3.470,0.682,0.236,0.206,-0.156,1.28,-0.21,162.91,3.33,-1.14,0.214,-0.101,-0.131,1543,1531,1461,1575,10.00,10.06,59.54,59.49
1787304392.183,30.277,True,1,4.156,4.337,-0.046,1.792,11.621,11.612,0.371,3.499,0.658,3.471,0.681,0.236,0.206,-0.156,1.28,-0.21,162.91,3.32,-1.15,0.213,-0.102,-0.131,1543,1531,1461,1576,10.01,10.07,69.55,69.50
1787304392.194,30.288,True,1,4.144,4.340,-0.015,1.762,11.595,11.589,0.370,3.514,0.651,3.472,0.680,0.239,0.244,-0.139,1.91,-0.92,161.77,3.60,-1.37,0.176,-0.050,-0.082,1539,1525,1468,1575,9.99,10.07,-0.59,-0.64
1787304392.203,30.297,True,1,4.144,4.343,-0.015,1.776,11.609,11.603,0.370,3.514,0.651,3.474,0.679,0.239,0.244,-0.139,1.91,-0.92,161.77,3.59,-1.38,0.175,-0.051,-0.082,1539,1525,1468,1576,9.99,10.06,9.40,9.35
1787304392.213,30.307,True,1,4.144,4.346,-0.015,1.790,11.623,11.617,0.371,3.514,0.651,3.475,0.678,0.239,0.244,-0.139,1.91,-0.92,161.77,3.59,-1.39,0.174,-0.052,-0.082,1539,1525,1468,1576,10.00,10.06,19.40,19.36
1787304392.223,30.317,True,1,4.144,4.349,-0.015,1.804,11.637,11.631,0.371,3.514,0.651,3.476,0.677,0.239,0.244,-0.139,1.91,-0.92,161.77,3.58,-1.40,0.174,-0.053,-0.082,1539,1525,1468,1577,10.00,10.06,29.40,29.35
1787304392.233,30.327,True,1,4.144,4.352,-0.015,1.818,11.651,11.645,0.372,3.514,0.651,3.477,0.677,0.239,0.244,-0.139,1.91,-0.92,161.77,3.57,-1.41,0.173,-0.054,-0.082,1539,1525,1468,1577,10.00,10.06,39.41,39.36
1787304392.243,30.337,True,1,4.144,4.355,-0.015,1.832,11.665,11.660,0.372,3.514,0.651,3.479,0.676,0.239,0.244,-0.139,1.91,-0.92,161.77,3.57,-1.41,0.172,-0.054,-0.082,1539,1526,1468,1577,10.00,10.06,49.41,49.36
1787304392.254,30.348,True,1,4.137,4.358,0.046,1.692,11.527,11.523,0.368,3.526,0.646,3.480,0.675,0.244,0.237,-0.107,2.49,-1.69,161.02,3.88,-1.24,0.143,0.045,-0.052,1535,1474,1472,1573,10.00,10.06,-0.37,-0.42
1787304392.263,30.357,True,1,4.137,4.361,0.046,1.706,11.541,11.538,0.368,3.526,0.646,3.482,0.674,0.244,0.237,-0.107,2.49,-1.69,161.02,3.87,-1.25,0.143,0.044,-0.052,1535,1475,1472,1574,10.00,10.06,9.63,9.58
1787304392.273,30.368,True,1,4.136,4.364,0.021,1.798,11.632,11.629,0.371,3.529,0.645,3.483,0.673,0.245,0.235,-0.126,2.73,-1.95,160.66,3.68,-1.26,0.099,0.070,-0.038,1530,1472,1474,1576,10.00,10.06,-0.17,-0.12
1787304392.283,30.377,True,1,4.136,4.367,0.033,1.779,11.613,11.611,0.371,3.533,0.644,3.485,0.672,0.246,0.238,-0.120,2.73,-1.95,160.66,3.75,-1.29,0.106,0.067,-0.038,1531,1472,1474,1576,10.00,10.06,9.83,-0.06
1787304392.293,30.387,True,1,4.136,4.370,0.033,1.793,11.628,11.625,0.371,3.533,0.644,3.487,0.671,0.246,0.238,-0.120,2.73,-1.95,160.66,3.74,-1.30,0.105,0.066,-0.038,1531,1472,1474,1576,10.00,10.06,19.83,9.94
1787304392.303,30.397,True,1,4.136,4.373,0.033,1.808,11.642,11.639,0.372,3.533,0.644,3.488,0.670,0.246,0.238,-0.120,2.73,-1.95,160.66,3.74,-1.31,0.104,0.065,-0.038,1531,1472,1474,1577,10.00,10.06,29.83,19.94
1787304392.313,30.407,True,1,4.136,4.376,0.033,1.822,11.656,11.654,0.372,3.533,0.644,3.490,0.669,0.246,0.238,-0.120,2.73,-1.95,160.66,3.73,-1.32,0.104,0.064,-0.038,1531,1472,1474,1577,10.00,10.06,39.83,29.94
1787304392.323,30.417,True,1,4.136,4.379,0.033,1.836,11.671,11.668,0.372,3.533,0.644,3.491,0.668,0.246,0.238,-0.120,2.73,-1.95,160.66,3.72,-1.33,0.103,0.063,-0.038,1531,1472,1474,1578,10.00,10.06,49.83,39.94
1787304392.333,30.427,True,1,4.136,4.382,0.033,1.851,11.685,11.683,0.373,3.533,0.644,3.492,0.668,0.246,0.238,-0.120,2.73,-1.95,160.66,3.72,-1.34,0.102,0.062,-0.038,1531,1473,1474,1578,10.00,10.06,59.83,49.94
1787304392.343,30.437,True,1,4.136,4.385,0.033,1.865,11.700,11.697,0.373,3.533,0.644,3.494,0.667,0.246,0.238,-0.120,2.73,-1.95,160.66,3.71,-1.35,0.102,0.061,-0.038,1531,1473,1474,1579,10.00,10.06,69.83,59.94
1787304392.353,30.447,True,1,4.136,4.388,0.033,1.880,11.714,11.712,0.374,3.533,0.644,3.495,0.666,0.246,0.238,-0.120,2.73,-1.95,160.66,3.71,-1.36,0.101,0.060,-0.038,1531,1473,1474,1579,10.00,10.06,79.83,69.94
1787304392.364,30.458,True,1,4.134,4.391,0.085,1.747,11.580,11.574,0.369,3.545,0.640,3.497,0.665,0.253,0.221,-0.117,3.70,-3.03,159.54,3.74,-1.15,0.005,0.197,0.001,1520,1458,1520,1575,10.00,10.06,-0.54,-0.49
1787304392.373,30.467,True,1,4.134,4.394,0.085,1.761,11.595,11.589,0.370,3.545,0.640,3.498,0.664,0.253,0.221,-0.117,3.70,-3.03,159.54,3.74,-1.16,0.005,0.195,0.001,1520,1458,1520,1575,10.00,10.06,9.46,9.50
1787304392.383,30.477,True,1,4.134,4.397,0.085,1.776,11.610,11.604,0.370,3.545,0.640,3.500,0.663,0.253,0.221,-0.117,3.70,-3.03,159.54,3.73,-1.17,0.004,0.194,0.001,1520,1458,1520,1576,10.00,10.06,19.46,19.51
1787304392.393,30.487,True,1,4.134,4.400,0.085,1.791,11.624,11.618,0.371,3.545,0.640,3.501,0.663,0.253,0.221,-0.117,3.70,-3.03,159.54,3.73,-1.18,0.004,0.193,0.002,1520,1458,1520,1576,10.00,10.06,29.46,29.50
1787304392.403,30.497,True,1,4.134,4.403,0.085,1.805,11.639,11.633,0.371,3.545,0.640,3.503,0.662,0.253,0.221,-0.117,3.70,-3.03,159.54,3.72,-1.19,0.003,0.192,0.002,1520,1458,1520,1577,10.00,10.06,39.46,39.51
1787304392.413,30.507,True,1,4.134,4.406,0.085,1.820,11.654,11.648,0.372,3.545,0.640,3.504,0.661,0.253,0.221,-0.117,3.70,-3.03,159.54,3.72,-1.20,0.003,0.191,0.002,1520,1458,1520,1577,10.00,10.06,49.46,49.51
1787304392.423,30.517,True,1,4.134,4.409,0.085,1.835,11.668,11.663,0.372,3.545,0.640,3.506,0.660,0.253,0.221,-0.117,3.70,-3.03,159.54,3.71,-1.21,0.002,0.190,0.002,1520,1458,1520,1578,10.00,10.06,59.46,59.51
1787304392.434,30.528,True,1,4.139,4.412,0.176,1.553,11.388,11.377,0.363,3.561,0.634,3.508,0.660,0.261,0.191,-0.086,4.32,-3.37,158.48,3.98,-0.83,-0.032,0.270,0.040,1476,1450,1525,1568,10.00,10.06,-0.51,-0.56
1787304392.443,30.537,True,1,4.139,4.415,0.176,1.567,11.403,11.391,0.364,3.561,0.634,3.509,0.659,0.261,0.191,-0.086,4.32,-3.37,158.48,3.97,-0.84,-0.033,0.269,0.040,1476,1450,1525,1569,10.00,10.06,9.49,9.44
1787304392.453,30.547,True,1,4.139,4.418,0.176,1.582,11.417,11.406,0.364,3.561,0.634,3.511,0.658,0.261,0.191,-0.086,4.32,-3.37,158.48,3.97,-0.85,-0.034,0.268,0.040,1476,1450,1525,1569,10.00,10.06,19.49,19.45
1787304392.463,30.558,True,1,4.141,4.421,0.165,1.627,11.459,11.447,0.365,3.563,0.634,3.513,0.657,0.262,0.177,-0.110,4.55,-3.30,158.11,3.71,-0.80,-0.083,0.267,0.056,1470,1450,1527,1571,10.00,10.06,-0.17,-0.12
1787304392.473,30.567,True,1,4.142,4.424,0.202,1.521,11.355,11.343,0.362,3.565,0.633,3.515,0.656,0.263,0.172,-0.087,4.55,-3.30,158.11,3.93,-0.70,-0.061,0.277,0.055,1473,1449,1527,1567,10.00,10.06,9.83,-0.05
1787304392.483,30.578,True,1,4.144,4.427,0.210,1.504,11.338,11.325,0.361,3.567,0.632,3.516,0.656,0.264,0.172,-0.094,4.56,-3.38,158.04,3.88,-0.74,-0.066,0.281,0.057,1472,1449,1527,1567,10.01,10.07,-0.09,-0.16
1787304392.493,30.587,True,1,4.144,4.430,0.210,1.519,11.353,11.340,0.362,3.567,0.632,3.518,0.655,0.264,0.172,-0.094,4.56,-3.38,158.04,3.87,-0.75,-0.067,0.280,0.057,1472,1449,1527,1567,10.01,10.08,9.92,9.85
1787304392.503,30.597,True,1,4.144,4.433,0.210,1.534,11.368,11.355,0.362,3.567,0.632,3.520,0.654,0.264,0.172,-0.094,4.56,-3.38,158.04,3.87,-0.76,-0.067,0.279,0.057,1472,1449,1527,1568,9.98,10.06,19.90,19.83
1787304392.513,30.607,True,1,4.144,4.436,0.210,1.549,11.383,11.370,0.363,3.567,0.632,3.521,0.653,0.264,0.172,-0.094,4.56,-3.38,158.04,3.86,-0.77,-0.068,0.278,0.057,1472,1449,1527,1568,10.02,10.07,29.92,29.85
1787304392.523,30.618,True,1,4.151,4.439,0.225,1.494,11.324,11.311,0.361,3.573,0.630,3.523,0.652,0.267,0.141,-0.103,4.80,-3.07,157.64,3.71,-0.53,-0.109,0.273,0.074,1467,1450,1530,1566,9.98,10.06,-0.29,-0.34
1787304392.533,30.627,True,1,4.151,4.442,0.225,1.508,11.339,11.326,0.362,3.573,0.630,3.525,0.652,0.267,0.141,-0.103,4.80,-3.07,157.64,3.70,-0.54,-0.110,0.272,0.074,1467,1450,1530,1567,10.00,10.06,9.71,9.66
1787304392.543,30.637,True,1,4.151,4.445,0.225,1.523,11.354,11.341,0.362,3.573,0.630,3.526,0.651,0.267,0.141,-0.103,4.80,-3.07,157.64,3.70,-0.56,-0.110,0.270,0.074,1467,1450,1530,1567,10.00,10.06,19.71,19.66
1787304392.553,30.647,True,1,4.151,4.448,0.225,1.538,11.369,11.356,0.362,3.573,0.630,3.528,0.650,0.267,0.141,-0.103,4.80,-3.07,157.64,3.69,-0.57,-0.111,0.269,0.075,1467,1450,1530,1568,10.01,10.07,29.72,29.67
1787304392.563,30.658,True,1,4.159,4.451,0.282,1.351,11.184,11.175,0.357,3.578,0.627,3.529,0.649,0.269,0.153,-0.094,4.79,-2.72,157.45,3.87,-0.65,-0.091,0.225,0.086,1469,1455,1532,1562,9.99,10.06,-0.18,-0.23
1787304392.573,30.667,True,1,4.159,4.454,0.282,1.366,11.199,11.190,0.357,3.578,0.627,3.531,0.649,0.269,0.153,-0.094,4.79,-2.72,157.45,3.87,-0.66,-0.092,0.224,0.087,1469,1455,1532,1562,10.00,10.06,9.82,9.77
1787304392.583,30.678,True,1,4.165,4.457,0.279,1.367,11.200,11.194,0.357,3.580,0.625,3.533,0.648,0.270,0.150,-0.090,4.71,-2.21,157.25,3.89,-0.62,-0.082,0.176,0.100,1470,1460,1533,1562,10.00,10.06,-0.16,-0.21
1787304392.593,30.687,True,1,4.165,4.460,0.279,1.382,11.215,11.209,0.358,3.580,0.625,3.534,0.647,0.270,0.150,-0.090,4.71,-2.21,157.25,3.88,-0.63,-0.082,0.174,0.100,1470,1460,1533,1563,10.01,10.07,9.85,9.80
1787304392.603,30.698,True,1,4.168,4.463,0.300,1.321,11.151,11.147,0.356,3.582,0.624,3.536,0.646,0.271,0.127,-0.104,4.65,-1.71,157.15,3.71,-0.49,-0.095,0.137,0.108,1469,1464,1534,1561,9.99,10.06,-0.19,-0.14
1787304392.613,30.707,True,1,4.168,4.466,0.300,1.336,11.166,11.162,0.356,3.582,0.624,3.537,0.646,0.271,0.127,-0.104,4.65,-1.71,157.15,3.71,-0.50,-0.096,0.135,0.108,1469,1464,1534,1561,10.01,10.06,9.81,9.87
1787304392.623,30.717,True,1,4.168,4.469,0.300,1.351,11.181,11.177,0.357,3.582,0.624,3.539,0.645,0.271,0.127,-0.104,4.65,-1.71,157.15,3.70,-0.51,-0.096,0.134,0.108,1469,1465,1534,1562,10.00,10.06,19.81,19.86
1787304392.633,30.727,True,1,4.168,4.472,0.300,1.366,11.196,11.192,0.357,3.582,0.624,3.540,0.644,0.271,0.127,-0.104,4.65,-1.71,157.15,3.70,-0.52,-0.097,0.133,0.108,1469,1465,1534,1562,10.00,10.06,29.81,29.86
1787304392.643,30.737,True,1,4.168,4.475,0.300,1.381,11.211,11.207,0.358,3.582,0.624,3.542,0.644,0.271,0.127,-0.104,4.65,-1.71,157.15,3.69,-0.53,-0.097,0.132,0.108,1469,1465,1535,1563,10.00,10.06,39.81,39.86
1787304392.653,30.747,True,1,4.168,4.478,0.300,1.396,11.226,11.223,0.358,3.582,0.624,3.543,0.643,0.271,0.127,-0.104,4.65,-1.71,157.15,3.69,-0.54,-0.098,0.131,0.108,1469,1465,1535,1563,10.00,10.06,49.81,49.86
1787304392.663,30.757,True,1,4.168,4.481,0.300,1.411,11.242,11.238,0.359,3.582,0.624,3.544,0.642,0.271,0.127,-0.104,4.65,-1.71,157.15,3.68,-0.55,-0.098,0.130,0.108,1469,1465,1535,1564,10.00,10.06,59.81,59.86
1787304392.673,30.767,True,1,4.168,4.484,0.300,1.426,11.257,11.253,0.359,3.582,0.624,3.546,0.642,0.271,0.127,-0.104,4.65,-1.71,157.15,3.68,-0.56,-0.099,0.129,0.108,1469,1465,1535,1564,10.00,10.06,69.81,69.86
1787304392.683,30.777,True,1,4.168,4.487,0.300,1.442,11.272,11.268,0.360,3.582,0.624,3.547,0.641,0.271,0.127,-0.104,4.65,-1.71,157.15,3.67,-0.57,-0.099,0.128,0.108,1468,1465,1535,1565,10.00,10.06,79.81,79.86
1787304392.694,30.788,True,1,4.196,4.490,0.355,1.179,11.009,11.008,0.351,3.593,0.616,3.548,0.640,0.276,0.143,-0.121,4.02,-0.09,156.91,3.67,-0.79,-0.037,-0.064,0.134,1475,1527,1538,1556,10.00,10.06,-0.62,-0.58
1787304392.703,30.797,True,1,4.196,4.493,0.355,1.194,11.024,11.023,0.352,3.593,0.616,3.550,0.639,0.276,0.143,-0.121,4.02,-0.09,156.91,3.67,-0.80,-0.037,-0.066,0.134,1475,1527,1538,1556,10.00,10.06,9.38,9.43
1787304392.713,30.807,True,1,4.196,4.496,0.355,1.209,11.039,11.038,0.352,3.593,0.616,3.551,0.639,0.276,0.143,-0.121,4.02,-0.09,156.91,3.66,-0.81,-0.038,-0.067,0.134,1475,1527,1538,1557,9.99,10.06,19.37,19.42
1787304392.723,30.817,True,1,4.196,4.499,0.355,1.224,11.054,11.053,0.353,3.593,0.616,3.553,0.638,0.276,0.143,-0.121,4.02,-0.09,156.91,3.66,-0.82,-0.038,-0.068,0.134,1475,1527,1538,1557,10.00,10.06,29.37,29.42
1787304392.733,30.827,True,1,4.196,4.502,0.355,1.239,11.069,11.068,0.353,3.593,0.616,3.554,0.637,0.276,0.143,-0.121,4.02,-0.09,156.91,3.65,-0.83,-0.039,-0.069,0.134,1475,1527,1538,1558,10.00,10.06,39.38,39.43
1787304392.743,30.837,True,1,4.196,4.505,0.355,1.254,11.085,11.083,0.354,3.593,0.616,3.555,0.637,0.276,0.143,-0.121,4.02,-0.09,156.91,3.65,-0.84,-0.039,-0.070,0.134,1475,1527,1538,1558,10.00,10.06,49.38,49.43
1787304392.753,30.847,True,1,4.196,4.508,0.355,1.269,11.100,11.098,0.354,3.593,0.616,3.557,0.636,0.276,0.143,-0.121,4.02,-0.09,156.91,3.64,-0.85,-0.040,-0.071,0.134,1475,1527,1538,1559,10.00,10.06,59.38,59.42
1787304392.764,30.858,True,1,4.227,4.511,0.479,0.785,10.621,10.613,0.339,3.605,0.610,3.558,0.635,0.283,0.174,-0.101,3.29,0.97,156.86,4.10,-1.10,0.082,-0.209,0.143,1529,1542,1539,1542,10.00,10.06,-0.43,-0.47
1787304392.773,30.868,True,1,4.231,4.514,0.484,0.771,10.606,10.595,0.338,3.607,0.609,3.560,0.634,0.284,0.182,-0.111,2.93,1.21,156.88,4.05,-1.22,0.114,-0.248,0.143,1532,1547,1539,1542,10.00,10.06,-0.05,-0.11
1787304392.783,30.877,True,1,4.231,4.517,0.484,0.786,10.621,10.610,0.339,3.607,0.609,3.561,0.633,0.284,0.182,-0.111,2.93,1.21,156.88,4.05,-1.23,0.114,-0.249,0.143,1532,1547,1539,1542,10.00,10.06,9.95,9.89
1787304392.793,30.887,True,1,4.231,4.520,0.484,0.801,10.636,10.624,0.339,3.607,0.609,3.563,0.632,0.284,0.182,-0.111,2.93,1.21,156.88,4.04,-1.25,0.113,-0.250,0.143,1532,1547,1539,1543,10.00,10.06,19.94,19.89
1787304392.803,30.897,True,1,4.231,4.523,0.484,0.816,10.651,10.639,0.340,3.607,0.609,3.564,0.632,0.284,0.182,-0.111,2.93,1.21,156.88,4.03,-1.26,0.112,-0.252,0.143,1532,1547,1539,1543,10.00,10.06,29.95,29.89
1787304392.813,30.907,True,1,4.231,4.526,0.484,0.830,10.666,10.654,0.340,3.607,0.609,3.566,0.631,0.284,0.182,-0.111,2.93,1.21,156.88,4.03,-1.27,0.112,-0.253,0.143,1532,1547,1539,1544,10.00,10.06,39.95,39.89
1787304392.823,30.917,True,1,4.231,4.529,0.484,0.845,10.681,10.669,0.341,3.607,0.609,3.567,0.630,0.284,0.182,-0.111,2.93,1.21,156.88,4.02,-1.28,0.111,-0.254,0.143,1532,1547,1539,1544,10.00,10.06,49.95,49.89
1787304392.833,30.927,True,1,4.231,4.532,0.484,0.860,10.696,10.684,0.341,3.607,0.609,3.568,0.630,0.284,0.182,-0.111,2.93,1.21,156.88,4.02,-1.29,0.111,-0.255,0.144,1532,1547,1539,1545,10.00,10.06,59.94,59.89
1787304392.843,30.937,True,1,4.231,4.535,0.484,0.876,10.711,10.699,0.341,3.607,0.609,3.570,0.629,0.284,0.182,-0.111,2.93,1.21,156.88,4.01,-1.30,0.110,-0.256,0.144,1532,1548,1539,1545,10.00,10.06,69.95,69.89
1787304392.853,30.947,True,1,4.231,4.538,0.484,0.891,10.726,10.714,0.342,3.607,0.609,3.571,0.628,0.284,0.182,-0.111,2.93,1.21,156.88,4.01,-1.31,0.109,-0.257,0.144,1532,1548,1539,1546,10.00,10.06,79.95,79.89
1787304392.864,30.958,True,1,4.274,4.541,0.568,0.481,10.320,10.293,0.329,3.622,0.602,3.573,0.627,0.294,0.215,-0.127,2.41,2.00,156.94,4.15,-1.75,0.177,-0.387,0.144,1539,1562,1539,1531,10.00,10.06,-0.57,-0.61
1787304392.873,30.967,True,1,4.274,4.544,0.568,0.496,10.334,10.307,0.329,3.622,0.602,3.574,0.627,0.294,0.215,-0.127,2.41,2.00,156.94,4.14,-1.76,0.177,-0.388,0.144,1539,1562,1539,1532,10.00,10.06,9.43,9.38
1787304392.883,30.977,True,1,4.274,4.547,0.568,0.511,10.349,10.322,0.329,3.622,0.602,3.576,0.626,0.294,0.215,-0.127,2.41,2.00,156.94,4.14,-1.77,0.176,-0.389,0.144,1539,1562,1539,1532,10.00,10.06,19.43,19.39
1787304392.893,30.987,True,1,4.274,4.550,0.568,0.525,10.364,10.337,0.330,3.622,0.602,3.577,0.625,0.294,0.215,-0.127,2.41,2.00,156.94,4.13,-1.78,0.175,-0.391,0.144,1539,1562,1539,1533,10.00,10.06,29.44,29.39
1787304392.903,30.997,True,1,4.274,4.553,0.568,0.540,10.379,10.351,0.330,3.622,0.602,3.579,0.624,0.294,0.215,-0.127,2.41,2.00,156.94,4.13,-1.80,0.175,-0.392,0.144,1539,1562,1539,1533,10.00,10.06,39.43,39.39
1787304392.913,31.007,True,1,4.274,4.556,0.568,0.555,10.394,10.366,0.331,3.622,0.602,3.580,0.623,0.294,0.215,-0.127,2.41,2.00,156.94,4.12,-1.81,0.174,-0.393,0.144,1539,1562,1539,1534,10.00,10.06,49.44,49.39
1787304392.924,31.018,True,1,4.307,4.559,0.612,0.305,10.149,10.123,0.323,3.634,0.597,3.582,0.623,0.303,0.250,-0.119,2.49,1.39,157.13,4.42,-2.17,0.200,-0.368,0.135,1542,1560,1538,1525,10.00,10.06,-0.37,-0.42
1787304392.933,31.027,True,1,4.307,4.562,0.612,0.319,10.163,10.138,0.324,3.634,0.597,3.584,0.622,0.303,0.250,-0.119,2.49,1.39,157.13,4.42,-2.18,0.199,-0.369,0.135,1541,1560,1538,1526,10.00,10.06,9.63,9.58
1787304392.943,31.038,True,1,4.315,4.565,0.605,0.325,10.172,10.150,0.324,3.637,0.596,3.586,0.621,0.305,0.262,-0.106,2.69,0.95,157.25,4.58,-2.27,0.196,-0.332,0.130,1541,1556,1538,1526,10.00,10.06,-0.18,-0.13
1787304392.953,31.047,True,1,4.315,4.568,0.605,0.339,10.186,10.165,0.324,3.637,0.596,3.587,0.620,0.305,0.262,-0.106,2.69,0.95,157.25,4.57,-2.28,0.195,-0.333,0.130,1541,1556,1538,1527,10.00,10.06,9.83,9.88
1787304392.963,31.058,True,1,4.333,4.571,0.610,0.266,10.112,10.095,0.322,3.644,0.593,3.589,0.619,0.310,0.264,-0.125,2.89,0.53,157.38,4.43,-2.42,0.160,-0.303,0.124,1537,1553,1537,1524,10.00,10.06,-0.12,-0.17
1787304392.973,31.067,True,1,4.333,4.574,0.610,0.281,10.127,10.109,0.323,3.644,0.593,3.591,0.618,0.310,0.264,-0.125,2.89,0.53,157.38,4.43,-2.43,0.160,-0.304,0.124,1537,1553,1537,1525,10.00,10.06,9.89,9.84
1787304392.983,31.077,True,1,4.333,4.577,0.610,0.295,10.141,10.124,0.323,3.644,0.593,3.593,0.617,0.310,0.264,-0.125,2.89,0.53,157.38,4.42,-2.44,0.159,-0.305,0.124,1537,1553,1537,1525,10.00,10.06,19.88,19.83
1787304392.993,31.087,True,1,4.333,4.580,0.610,0.309,10.156,10.138,0.324,3.644,0.593,3.595,0.617,0.310,0.264,-0.125,2.89,0.53,157.38,4.41,-2.46,0.158,-0.307,0.124,1537,1553,1537,1526,10.00,10.06,29.88,29.83
1787304393.003,31.097,True,1,4.333,4.583,0.610,0.324,10.170,10.153,0.324,3.644,0.593,3.596,0.616,0.310,0.264,-0.125,2.89,0.53,157.38,4.41,-2.47,0.158,-0.308,0.124,1537,1553,1537,1526,10.00,10.06,39.88,39.83
1787304393.013,31.107,True,1,4.333,4.586,0.610,0.339,10.185,10.167,0.325,3.644,0.593,3.598,0.615,0.310,0.264,-0.125,2.89,0.53,157.38,4.40,-2.48,0.157,-0.309,0.124,1537,1553,1537,1527,10.00,10.06,49.88,49.83
1787304393.024,31.118,True,1,4.369,4.589,0.672,0.023,9.878,9.870,0.315,3.659,0.589,3.600,0.614,0.322,0.283,-0.084,3.49,-0.95,157.89,4.99,-2.64,0.158,-0.171,0.097,1537,1538,1533,1516,10.00,10.06,-0.45,-0.40
1787304393.033,31.127,True,1,4.369,4.592,0.672,0.037,9.892,9.884,0.315,3.659,0.589,3.602,0.613,0.322,0.283,-0.084,3.49,-0.95,157.89,4.98,-2.65,0.158,-0.173,0.097,1537,1539,1533,1517,10.00,10.06,9.55,9.60
1787304393.043,31.137,True,1,4.369,4.595,0.672,0.052,9.906,9.899,0.316,3.659,0.589,3.604,0.613,0.322,0.283,-0.084,3.49,-0.95,157.89,4.98,-2.66,0.157,-0.174,0.097,1537,1539,1533,1517,10.00,10.06,19.55,19.60
1787304393.053,31.147,True,1,4.369,4.598,0.672,0.066,9.921,9.913,0.316,3.659,0.589,3.606,0.612,0.322,0.283,-0.084,3.49,-0.95,157.89,4.97,-2.68,0.156,-0.175,0.097,1537,1539,1533,1518,10.00,10.06,29.55,29.60
1787304393.063,31.157,True,1,4.369,4.601,0.672,0.080,9.935,9.927,0.317,3.659,0.589,3.607,0.611,0.322,0.283,-0.084,3.49,-0.95,157.89,4.96,-2.69,0.156,-0.177,0.097,1537,1539,1533,1518,10.00,10.06,39.55,39.60
1787304393.073,31.167,True,1,4.369,4.604,0.672,0.095,9.949,9.942,0.317,3.659,0.589,3.609,0.610,0.322,0.283,-0.084,3.49,-0.95,157.89,4.96,-2.70,0.155,-0.178,0.097,1537,1539,1533,1519,10.00,10.06,49.55,49.60
1787304393.083,31.178,True,1,4.407,4.607,0.659,-0.006,9.846,9.846,0.314,3.673,0.585,3.611,0.609,0.334,0.275,-0.108,4.21,-2.55,158.37,4.72,-2.81,0.055,-0.023,0.067,1526,1522,1529,1515,10.00,10.06,-0.42,-0.37
1787304393.093,31.187,True,1,4.407,4.610,0.659,0.008,9.860,9.860,0.315,3.673,0.585,3.613,0.609,0.334,0.275,-0.108,4.21,-2.55,158.37,4.71,-2.82,0.055,-0.024,0.067,1526,1522,1529,1516,10.00,10.06,9.58,9.63
1787304393.103,31.198,True,1,4.429,4.613,0.648,-0.031,9.820,9.820,0.313,3.681,0.583,3.616,0.608,0.341,0.255,-0.094,4.46,-3.20,158.61,4.79,-2.62,0.037,0.065,0.050,1524,1472,1526,1514,10.00,10.06,-0.12,-0.17
1787304393.113,31.207,True,1,4.429,4.616,0.648,-0.017,9.834,9.834,0.314,3.681,0.583,3.618,0.607,0.341,0.255,-0.094,4.46,-3.20,158.61,4.78,-2.64,0.037,0.064,0.050,1524,1472,1526,1515,10.00,10.06,9.88,9.83
1787304393.123,31.217,True,1,4.429,4.619,0.648,-0.003,9.848,9.848,0.314,3.681,0.583,3.620,0.606,0.341,0.255,-0.094,4.46,-3.20,158.61,4.78,-2.65,0.036,0.062,0.050,1524,1473,1526,1515,10.00,10.06,19.88,19.83
1787304393.133,31.227,True,1,4.429,4.622,0.648,0.011,9.862,9.862,0.315,3.681,0.583,3.622,0.605,0.341,0.255,-0.094,4.46,-3.20,158.61,4.77,-2.66,0.036,0.061,0.050,1523,1473,1526,1516,10.00,10.06,29.88,29.83
1787304393.143,31.237,True,1,4.429,4.625,0.648,0.025,9.877,9.876,0.315,3.681,0.583,3.624,0.605,0.341,0.255,-0.094,4.46,-3.20,158.61,4.76,-2.68,0.035,0.059,0.050,1523,1473,1526,1517,10.00,10.06,39.88,39.83
1787304393.153,31.248,True,1,4.458,4.628,0.678,-0.169,9.685,9.681,0.309,3.691,0.581,3.626,0.604,0.349,0.247,-0.080,4.93,-4.21,159.04,4.95,-2.65,0.004,0.166,0.022,1520,1461,1523,1509,10.00,10.06,-0.27,-0.32
1787304393.163,31.257,True,1,4.458,4.631,0.678,-0.155,9.698,9.695,0.309,3.691,0.581,3.628,0.603,0.349,0.247,-0.080,4.93,-4.21,159.04,4.94,-2.67,0.004,0.164,0.022,1520,1461,1523,1510,10.00,10.06,9.73,9.68
1787304393.173,31.268,True,1,4.479,4.634,0.663,-0.180,9.673,9.668,0.309,3.697,0.580,3.630,0.602,0.355,0.246,-0.079,5.16,-4.62,159.30,4.95,-2.71,-0.020,0.202,0.006,1477,1457,1520,1509,10.00,10.06,-0.16,-0.21
1787304393.183,31.277,True,1,4.479,4.637,0.663,-0.167,9.687,9.682,0.309,3.697,0.580,3.633,0.602,0.355,0.246,-0.079,5.16,-4.62,159.30,4.94,-2.72,-0.020,0.201,0.007,1477,1457,1520,1509,10.01,10.07,9.85,9.80
1787304393.193,31.287,True,1,4.479,4.640,0.663,-0.153,9.701,9.695,0.309,3.697,0.580,3.635,0.601,0.355,0.246,-0.079,5.16,-4.62,159.30,4.94,-2.74,-0.021,0.199,0.007,1477,1458,1520,1510,10.00,10.06,19.84,19.79
1787304393.203,31.297,True,1,4.479,4.643,0.663,-0.139,9.714,9.709,0.310,3.697,0.580,3.637,0.600,0.355,0.246,-0.079,5.16,-4.62,159.30,4.93,-2.75,-0.021,0.197,0.007,1477,1458,1520,1510,10.00,10.06,29.84,29.79
1787304393.213,31.307,True,1,4.479,4.646,0.663,-0.126,9.728,9.723,0.310,3.697,0.580,3.639,0.600,0.355,0.246,-0.079,5.16,-4.62,159.30,4.93,-2.77,-0.022,0.196,0.007,1477,1458,1520,1511,10.00,10.06,39.84,39.79
1787304393.223,31.317,True,1,4.479,4.649,0.663,-0.112,9.742,9.737,0.311,3.697,0.580,3.641,0.599,0.355,0.246,-0.079,5.16,-4.62,159.30,4.92,-2.78,-0.022,0.194,0.007,1477,1458,1520,1511,10.00,10.06,49.84,49.79
1787304393.234,31.328,True,1,4.516,4.652,0.638,-0.173,9.678,9.667,0.309,3.708,0.577,3.643,0.598,0.365,0.216,-0.074,5.89,-5.03,160.05,4.86,-2.57,-0.109,0.256,-0.035,1467,1451,1475,1509,10.00,10.06,-0.38,-0.43
1787304393.243,31.337,True,1,4.516,4.655,0.638,-0.160,9.691,9.681,0.309,3.708,0.577,3.645,0.597,0.365,0.216,-0.074,5.89,-5.03,160.05,4.86,-2.58,-0.109,0.254,-0.034,1467,1452,1475,1509,10.00,10.06,9.62,9.57
1787304393.253,31.347,True,1,4.516,4.658,0.638,-0.146,9.705,9.695,0.309,3.708,0.577,3.647,0.597,0.365,0.216,-0.074,5.89,-5.03,160.05,4.85,-2.60,-0.110,0.253,-0.034,1467,1452,1475,1510,10.00,10.06,19.62,19.57
1787304393.263,31.358,True,1,4.531,4.661,0.619,-0.135,9.713,9.703,0.310,3.712,0.577,3.650,0.596,0.368,0.209,-0.096,6.02,-4.81,160.35,4.58,-2.64,-0.153,0.223,-0.045,1463,1455,1473,1510,10.00,10.06,-0.18,-0.22
1787304393.273,31.367,True,1,4.531,4.664,0.619,-0.121,9.727,9.717,0.310,3.712,0.577,3.652,0.595,0.368,0.209,-0.096,6.02,-4.81,160.35,4.58,-2.66,-0.153,0.222,-0.045,1463,1455,1473,1511,10.00,10.06,9.83,9.78
1787304393.283,31.377,True,1,4.531,4.667,0.619,-0.108,9.740,9.730,0.311,3.712,0.577,3.654,0.595,0.368,0.209,-0.096,6.02,-4.81,160.35,4.57,-2.67,-0.154,0.220,-0.045,1463,1455,1473,1511,10.00,10.06,19.82,19.78
1787304393.293,31.387,True,1,4.531,4.670,0.619,-0.095,9.754,9.744,0.311,3.712,0.577,3.656,0.594,0.368,0.209,-0.096,6.02,-4.81,160.35,4.57,-2.69,-0.154,0.219,-0.044,1462,1455,1473,1512,10.00,10.06,29.83,29.78
1787304393.303,31.397,True,1,4.531,4.673,0.619,-0.081,9.767,9.757,0.311,3.712,0.577,3.658,0.594,0.368,0.209,-0.096,6.02,-4.81,160.35,4.56,-2.70,-0.154,0.217,-0.044,1462,1456,1473,1512,10.00,10.06,39.83,39.78
1787304393.313,31.408,True,1,4.566,4.676,0.631,-0.243,9.607,9.601,0.306,3.720,0.575,3.660,0.593,0.375,0.187,-0.067,5.97,-4.18,160.92,4.83,-2.49,-0.123,0.171,-0.064,1466,1461,1471,1507,10.00,10.06,-0.27,-0.32
1787304393.323,31.417,True,1,4.566,4.679,0.631,-0.230,9.620,9.614,0.307,3.720,0.575,3.662,0.592,0.375,0.187,-0.067,5.97,-4.18,160.92,4.83,-2.50,-0.123,0.169,-0.064,1466,1461,1471,1507,10.00,10.06,9.73,9.68
1787304393.333,31.427,True,1,4.566,4.682,0.631,-0.217,9.633,9.627,0.307,3.720,0.575,3.664,0.592,0.375,0.187,-0.067,5.97,-4.18,160.92,4.82,-2.52,-0.124,0.168,-0.064,1466,1461,1471,1507,10.00,10.06,19.73,19.68
1787304393.343,31.438,True,1,4.581,4.685,0.592,-0.149,9.696,9.692,0.309,3.724,0.574,3.666,0.591,0.378,0.168,-0.087,5.75,-3.75,161.35,4.51,-2.43,-0.135,0.131,-0.078,1465,1465,1469,1510,10.00,10.06,-0.26,-0.21
1787304393.353,31.447,True,1,4.581,4.688,0.592,-0.136,9.710,9.705,0.310,3.724,0.574,3.668,0.591,0.378,0.168,-0.087,5.75,-3.75,161.35,4.50,-2.45,-0.135,0.129,-0.078,1465,1465,1469,1510,10.00,10.06,9.75,9.80
1787304393.363,31.457,True,1,4.581,4.691,0.592,-0.123,9.723,9.718,0.310,3.724,0.574,3.669,0.590,0.378,0.168,-0.087,5.75,-3.75,161.35,4.50,-2.46,-0.136,0.128,-0.078,1464,1465,1469,1511,10.00,10.06,19.74,19.79
1787304393.373,31.468,True,1,4.601,4.694,0.592,-0.190,9.658,9.656,0.308,3.728,0.573,3.671,0.590,0.382,0.170,-0.074,5.67,-3.34,161.63,4.67,-2.49,-0.109,0.081,-0.085,1467,1471,1468,1509,10.00,10.06,-0.22,-0.17
1787304393.383,31.477,True,1,4.601,4.697,0.592,-0.177,9.671,9.669,0.309,3.728,0.573,3.673,0.589,0.382,0.170,-0.074,5.67,-3.34,161.63,4.66,-2.50,-0.110,0.079,-0.085,1467,1471,1468,1509,10.00,10.06,9.79,9.84
1787304393.393,31.487,True,1,4.601,4.700,0.592,-0.164,9.684,9.682,0.309,3.728,0.573,3.675,0.588,0.382,0.170,-0.074,5.67,-3.34,161.63,4.66,-2.52,-0.110,0.078,-0.085,1467,1471,1468,1509,10.00,10.06,19.78,19.83
1787304393.403,31.497,True,1,4.601,4.703,0.592,-0.151,9.697,9.695,0.309,3.728,0.573,3.677,0.588,0.382,0.170,-0.074,5.67,-3.34,161.63,4.65,-2.53,-0.111,0.076,-0.085,1467,1471,1468,1510,10.00,10.06,29.79,29.83
1787304393.413,31.507,True,1,4.601,4.706,0.592,-0.138,9.710,9.708,0.310,3.728,0.573,3.678,0.587,0.382,0.170,-0.074,5.67,-3.34,161.63,4.65,-2.54,-0.111,0.075,-0.085,1467,1471,1468,1510,10.00,10.06,39.79,39.83
1787304393.423,31.518,True,1,4.638,4.709,0.558,-0.170,9.675,9.673,0.309,3.733,0.571,3.680,0.587,0.387,0.142,-0.083,5.38,-2.75,162.01,4.47,-2.35,-0.100,0.033,-0.097,1468,1476,1466,1509,10.00,10.06,-0.31,-0.36
1787304393.433,31.527,True,1,4.638,4.712,0.558,-0.157,9.687,9.686,0.309,3.733,0.571,3.682,0.586,0.387,0.142,-0.083,5.38,-2.75,162.01,4.46,-2.36,-0.101,0.032,-0.097,1468,1476,1466,1510,10.00,10.06,9.69,9.65
1787304393.443,31.537,True,1,4.638,4.715,0.558,-0.144,9.700,9.699,0.310,3.733,0.571,3.684,0.586,0.387,0.142,-0.083,5.38,-2.75,162.01,4.46,-2.38,-0.101,0.030,-0.097,1468,1476,1466,1510,10.00,10.06,19.69,19.64
1787304393.453,31.547,True,1,4.638,4.718,0.558,-0.131,9.713,9.712,0.310,3.733,0.571,3.685,0.585,0.387,0.142,-0.083,5.38,-2.75,162.01,4.45,-2.39,-0.102,0.029,-0.097,1468,1476,1466,1511,10.00,10.06,29.69,29.64
1787304393.463,31.557,True,1,4.638,4.721,0.558,-0.118,9.726,9.725,0.310,3.733,0.571,3.687,0.585,0.387,0.142,-0.083,5.38,-2.75,162.01,4.45,-2.40,-0.102,0.028,-0.097,1468,1476,1466,1511,10.00,10.06,39.69,39.64
1787304393.474,31.568,True,1,4.673,4.724,0.562,-0.257,9.588,9.588,0.306,3.739,0.568,3.689,0.584,0.392,0.124,-0.069,4.67,-2.17,162.38,4.58,-2.25,-0.014,-0.017,-0.109,1478,1521,1464,1506,10.00,10.06,-0.39,-0.44
1787304393.483,31.577,True,1,4.673,4.727,0.562,-0.244,9.601,9.601,0.306,3.739,0.568,3.690,0.584,0.392,0.124,-0.069,4.67,-2.17,162.38,4.57,-2.26,-0.015,-0.019,-0.109,1478,1522,1464,1506,10.00,10.07,9.61,9.56
1787304393.493,31.587,True,1,4.687,4.730,0.551,-0.257,9.585,9.585,0.306,3.742,0.568,3.692,0.583,0.394,0.116,-0.089,4.56,-2.09,162.50,4.35,-2.27,-0.026,-0.028,-0.113,1477,1523,1464,1506,10.00,10.06,-0.07,-0.12
1787304393.503,31.597,True,1,4.687,4.733,0.551,-0.245,9.597,9.597,0.306,3.742,0.568,3.694,0.583,0.394,0.116,-0.089,4.56,-2.09,162.50,4.35,-2.29,-0.027,-0.030,-0.113,1477,1523,1464,1506,10.00,10.06,9.93,9.88
1787304393.513,31.607,True,1,4.687,4.736,0.551,-0.232,9.610,9.610,0.307,3.742,0.568,3.695,0.582,0.394,0.116,-0.089,4.56,-2.09,162.50,4.34,-2.30,-0.027,-0.031,-0.113,1476,1523,1464,1507,10.00,10.06,19.93,19.88
1787304393.523,31.617,True,1,4.687,4.739,0.551,-0.220,9.622,9.622,0.307,3.742,0.568,3.697,0.582,0.394,0.116,-0.089,4.56,-2.09,162.50,4.34,-2.31,-0.028,-0.032,-0.113,1476,1523,1464,1507,10.00,10.06,29.93,29.88
1787304393.533,31.628,True,1,4.714,4.742,0.519,-0.218,9.626,9.626,0.307,3.746,0.565,3.699,0.581,0.398,0.113,-0.069,4.22,-1.82,162.73,4.52,-2.25,0.027,-0.054,-0.121,1522,1526,1463,1507,10.00,10.06,-0.27,-0.32
1787304393.543,31.637,True,1,4.714,4.745,0.519,-0.205,9.639,9.638,0.308,3.746,0.565,3.700,0.581,0.398,0.113,-0.069,4.22,-1.82,162.73,4.51,-2.27,0.026,-0.056,-0.121,1522,1526,1463,1508,10.00,10.06,9.73,9.68
1787304393.553,31.648,True,1,4.720,4.748,0.542,-0.286,9.560,9.559,0.305,3.747,0.565,3.702,0.580,0.399,0.116,-0.061,3.90,-1.68,162.86,4.64,-2.32,0.074,-0.075,-0.126,1528,1528,1462,1505,10.00,10.06,-0.16,-0.10
1787304393.563,31.657,True,1,4.720,4.751,0.542,-0.273,9.573,9.571,0.305,3.747,0.565,3.703,0.580,0.399,0.116,-0.061,3.90,-1.68,162.86,4.64,-2.33,0.073,-0.077,-0.126,1528,1528,1462,1505,10.00,10.06,9.85,9.90
1787304393.573,31.667,True,1,4.734,4.754,0.514,-0.236,9.608,9.606,0.307,3.749,0.564,3.705,0.579,0.400,0.115,-0.081,3.82,-1.60,162.86,4.41,-2.39,0.057,-0.090,-0.125,1526,1530,1462,1507,10.00,10.06,-0.10,-0.15
1787304393.583,31.677,True,1,4.734,4.757,0.514,-0.223,9.620,9.619,0.307,3.749,0.564,3.706,0.579,0.400,0.115,-0.081,3.82,-1.60,162.86,4.40,-2.40,0.057,-0.092,-0.125,1526,1530,1462,1507,10.00,10.06,9.90,9.85
1787304393.593,31.687,True,1,4.734,4.760,0.514,-0.211,9.632,9.631,0.307,3.749,0.564,3.708,0.578,0.400,0.115,-0.081,3.82,-1.60,162.86,4.40,-2.41,0.056,-0.093,-0.125,1526,1530,1462,1508,10.00,10.06,19.90,19.85
1787304393.603,31.697,True,1,4.734,4.763,0.514,-0.199,9.645,9.643,0.308,3.749,0.564,3.709,0.578,0.400,0.115,-0.081,3.82,-1.60,162.86,4.39,-2.42,0.056,-0.094,-0.125,1526,1530,1462,1508,10.00,10.06,29.90,29.85
1787304393.613,31.707,True,1,4.734,4.766,0.514,-0.186,9.657,9.656,0.308,3.749,0.564,3.710,0.577,0.400,0.115,-0.081,3.82,-1.60,162.86,4.39,-2.43,0.055,-0.095,-0.125,1526,1530,1462,1509,10.00,10.06,39.90,39.85
1787304393.623,31.717,True,1,4.734,4.769,0.514,-0.174,9.670,9.668,0.309,3.749,0.564,3.712,0.577,0.400,0.115,-0.081,3.82,-1.60,162.86,4.38,-2.44,0.055,-0.096,-0.125,1526,1530,1462,1509,10.00,10.06,49.90,49.85
1787304393.633,31.727,True,1,4.734,4.772,0.514,-0.162,9.682,9.681,0.309,3.749,0.564,3.713,0.576,0.400,0.115,-0.081,3.82,-1.60,162.86,4.38,-2.45,0.055,-0.097,-0.125,1526,1530,1462,1509,10.00,10.06,59.90,59.85
1787304393.644,31.738,True,1,4.770,4.775,0.493,-0.230,9.616,9.612,0.307,3.754,0.561,3.714,0.576,0.404,0.113,-0.064,3.27,-1.34,162.99,4.57,-2.42,0.133,-0.120,-0.130,1534,1533,1461,1507,10.00,10.06,-0.47,-0.42
1787304393.653,31.747,True,1,4.770,4.778,0.493,-0.218,9.628,9.624,0.307,3.754,0.561,3.716,0.575,0.404,0.113,-0.064,3.27,-1.34,162.99,4.57,-2.43,0.132,-0.122,-0.130,1534,1533,1461,1507,10.00,10.06,9.53,9.58
1787304393.663,31.757,True,1,4.787,4.781,0.491,-0.268,9.576,9.573,0.306,3.756,0.560,3.717,0.575,0.406,0.103,-0.069,3.37,-1.27,162.96,4.51,-2.37,0.117,-0.123,-0.128,1532,1533,1462,1505,10.00,10.06,-0.10,-0.15
1787304393.673,31.767,True,1,4.787,4.784,0.491,-0.256,9.588,9.585,0.306,3.756,0.560,3.718,0.574,0.406,0.103,-0.069,3.37,-1.27,162.96,4.51,-2.38,0.117,-0.124,-0.128,1532,1533,1462,1506,10.00,10.06,9.89,9.85
1787304393.683,31.777,True,1,4.787,4.787,0.491,-0.244,9.600,9.597,0.306,3.756,0.560,3.719,0.574,0.406,0.103,-0.069,3.37,-1.27,162.96,4.50,-2.39,0.116,-0.125,-0.128,1532,1533,1462,1506,10.00,10.06,19.89,19.85
1787304393.693,31.787,True,1,4.787,4.790,0.491,-0.232,9.613,9.609,0.307,3.756,0.560,3.721,0.573,0.406,0.103,-0.069,3.37,-1.27,162.96,4.50,-2.40,0.116,-0.126,-0.128,1532,1533,1462,1507,10.00,10.06,29.90,29.85
1787304393.703,31.797,True,1,4.787,4.793,0.491,-0.220,9.625,9.621,0.307,3.756,0.560,3.722,0.573,0.406,0.103,-0.069,3.37,-1.27,162.96,4.49,-2.41,0.115,-0.127,-0.128,1532,1534,1462,1507,10.00,10.06,39.90,39.85
1787304393.713,31.807,True,1,4.787,4.796,0.491,-0.208,9.637,9.633,0.307,3.756,0.560,3.723,0.572,0.406,0.103,-0.069,3.37,-1.27,162.96,4.49,-2.42,0.114,-0.128,-0.128,1532,1534,1462,1508,10.00,10.06,49.89,49.85
1787304393.724,31.818,True,1,4.818,4.799,0.487,-0.307,9.540,9.537,0.304,3.759,0.559,3.724,0.572,0.409,0.098,-0.051,3.83,-1.43,162.69,4.72,-2.33,0.090,-0.103,-0.117,1529,1531,1463,1504,10.00,10.06,-0.39,-0.44
1787304393.733,31.827,True,1,4.818,4.802,0.487,-0.295,9.551,9.549,0.305,3.759,0.559,3.725,0.572,0.409,0.098,-0.051,3.83,-1.43,162.69,4.71,-2.34,0.089,-0.104,-0.117,1529,1531,1463,1505,10.00,10.06,9.61,9.56
1787304393.743,31.838,True,1,4.824,4.805,0.477,-0.280,9.565,9.563,0.305,3.760,0.558,3.726,0.571,0.409,0.101,-0.077,3.97,-1.75,162.48,4.45,-2.45,0.047,-0.080,-0.109,1525,1528,1464,1505,10.00,10.06,-0.17,-0.12
1787304393.753,31.847,True,1,4.824,4.808,0.477,-0.268,9.576,9.575,0.306,3.760,0.558,3.728,0.571,0.409,0.101,-0.077,3.97,-1.75,162.48,4.45,-2.46,0.046,-0.081,-0.109,1525,1529,1464,1506,10.00,10.06,9.83,9.88
1787304393.763,31.858,True,1,4.840,4.811,0.454,-0.251,9.597,9.596,0.306,3.762,0.557,3.729,0.570,0.412,0.113,-0.058,4.12,-1.77,162.33,4.69,-2.51,0.056,-0.086,-0.102,1526,1529,1465,1506,10.00,10.06,-0.12,-0.17
1787304393.773,31.867,True,1,4.840,4.814,0.454,-0.239,9.609,9.607,0.307,3.762,0.557,3.730,0.570,0.412,0.113,-0.058,4.12,-1.77,162.33,4.68,-2.52,0.056,-0.087,-0.101,1526,1529,1465,1507,10.00,10.06,9.88,9.83
1787304393.783,31.877,True,1,4.840,4.817,0.454,-0.228,9.620,9.619,0.307,3.762,0.557,3.731,0.569,0.412,0.113,-0.058,4.12,-1.77,162.33,4.68,-2.53,0.055,-0.088,-0.101,1526,1529,1465,1507,10.00,10.06,19.88,19.83
1787304393.793,31.887,True,1,4.840,4.820,0.454,-0.216,9.632,9.631,0.307,3.762,0.557,3.732,0.569,0.412,0.113,-0.058,4.12,-1.77,162.33,4.67,-2.54,0.054,-0.089,-0.101,1526,1529,1465,1508,10.00,10.06,29.88,29.83
1787304393.803,31.897,True,1,4.840,4.823,0.454,-0.204,9.644,9.643,0.308,3.762,0.557,3.733,0.569,0.412,0.113,-0.058,4.12,-1.77,162.33,4.67,-2.55,0.054,-0.089,-0.101,1526,1529,1465,1508,10.00,10.06,39.88,39.83
1787304393.813,31.907,True,1,4.840,4.826,0.454,-0.192,9.656,9.655,0.308,3.762,0.557,3.734,0.568,0.412,0.113,-0.058,4.12,-1.77,162.33,4.66,-2.56,0.053,-0.090,-0.101,1525,1530,1465,1508,10.00,10.06,49.88,49.83
1787304393.824,31.918,True,1,4.873,4.829,0.404,-0.163,9.685,9.684,0.309,3.769,0.556,3.735,0.568,0.418,0.103,-0.055,4.15,-2.13,161.66,4.68,-2.40,0.052,-0.034,-0.076,1525,1523,1469,1510,10.00,10.06,-0.44,-0.49
1787304393.833,31.927,True,1,4.873,4.832,0.404,-0.151,9.696,9.696,0.309,3.769,0.556,3.736,0.567,0.418,0.103,-0.055,4.15,-2.13,161.66,4.67,-2.41,0.051,-0.035,-0.076,1525,1523,1469,1510,10.00,10.06,9.56,9.51
1787304393.843,31.937,True,1,4.873,4.835,0.404,-0.140,9.708,9.707,0.310,3.769,0.556,3.737,0.567,0.418,0.103,-0.055,4.15,-2.13,161.66,4.67,-2.42,0.051,-0.036,-0.076,1525,1524,1469,1510,10.00,10.06,19.56,19.51
1787304393.853,31.948,True,1,4.885,4.838,0.391,-0.137,9.710,9.710,0.310,3.772,0.555,3.739,0.567,0.421,0.101,-0.059,4.16,-2.39,161.20,4.63,-2.39,0.047,-0.004,-0.058,1525,1520,1471,1510,10.00,10.06,-0.18,-0.23
1787304393.863,31.957,True,1,4.885,4.841,0.391,-0.125,9.722,9.722,0.310,3.772,0.555,3.740,0.566,0.421,0.101,-0.059,4.16,-2.39,161.20,4.63,-2.40,0.047,-0.005,-0.058,1525,1520,1471,1511,10.01,10.07,9.83,9.78
1787304393.873,31.967,True,1,4.889,4.844,0.388,-0.119,9.728,9.728,0.310,3.772,0.554,3.741,0.566,0.421,0.098,-0.055,4.18,-2.47,161.09,4.66,-2.35,0.048,0.009,-0.054,1525,1478,1472,1511,10.00,10.06,-0.05,-0.11
1787304393.883,31.977,True,1,4.898,4.847,0.371,-0.093,9.751,9.751,0.311,3.774,0.554,3.742,0.565,0.422,0.083,-0.066,4.28,-2.58,160.91,4.50,-2.24,0.021,0.033,-0.048,1522,1476,1473,1512,10.00,10.06,-0.05,-0.10
1787304393.893,31.987,True,1,4.898,4.850,0.371,-0.081,9.763,9.762,0.312,3.774,0.554,3.743,0.565,0.422,0.083,-0.066,4.28,-2.58,160.91,4.50,-2.25,0.020,0.032,-0.048,1522,1476,1473,1512,10.00,10.06,9.95,9.90
1787304393.903,31.997,True,1,4.898,4.853,0.371,-0.070,9.774,9.774,0.312,3.774,0.554,3.744,0.565,0.422,0.083,-0.066,4.28,-2.58,160.91,4.49,-2.26,0.020,0.031,-0.048,1522,1476,1473,1513,10.00,10.06,19.95,19.90
1787304393.913,32.008,True,1,4.907,4.856,0.331,0.026,9.869,9.868,0.315,3.775,0.553,3.745,0.564,0.423,0.078,-0.075,4.44,-3.02,160.50,4.36,-2.20,-0.010,0.084,-0.034,1478,1470,1475,1516,10.00,10.06,-0.17,-0.22
1787304393.923,32.017,True,1,4.907,4.859,0.331,0.038,9.880,9.879,0.315,3.775,0.553,3.746,0.564,0.423,0.078,-0.075,4.44,-3.02,160.50,4.35,-2.20,-0.011,0.083,-0.034,1478,1470,1475,1517,10.00,10.06,9.84,9.79
1787304393.933,32.027,True,1,4.907,4.862,0.331,0.049,9.892,9.891,0.316,3.775,0.553,3.747,0.563,0.423,0.078,-0.075,4.44,-3.02,160.50,4.35,-2.21,-0.011,0.082,-0.034,1478,1470,1475,1517,10.00,10.06,19.83,19.78
1787304393.943,32.038,True,1,4.919,4.865,0.278,0.169,10.010,10.007,0.319,3.776,0.551,3.748,0.563,0.424,0.072,-0.084,4.65,-3.35,160.17,4.21,-2.14,-0.047,0.125,-0.023,1474,1466,1476,1521,10.00,10.06,-0.16,-0.21
1787304393.953,32.047,True,1,4.924,4.868,0.284,0.144,9.986,9.982,0.319,3.777,0.551,3.749,0.563,0.424,0.059,-0.061,4.97,-3.50,159.88,4.41,-1.94,-0.059,0.163,-0.015,1473,1461,1477,1520,10.00,10.06,-0.05,-0.11
1787304393.963,32.057,True,1,4.924,4.871,0.284,0.156,9.997,9.993,0.319,3.777,0.551,3.750,0.562,0.424,0.059,-0.061,4.97,-3.50,159.88,4.40,-1.95,-0.059,0.162,-0.015,1473,1462,1477,1521,10.00,10.06,9.95,9.89
1787304393.973,32.067,True,1,4.924,4.874,0.284,0.167,10.009,10.005,0.319,3.777,0.551,3.751,0.562,0.424,0.059,-0.061,4.97,-3.50,159.88,4.40,-1.95,-0.060,0.161,-0.015,1473,1462,1477,1521,10.00,10.06,19.95,19.89
1787304393.983,32.077,True,1,4.924,4.877,0.284,0.179,10.021,10.016,0.320,3.777,0.551,3.752,0.562,0.424,0.059,-0.061,4.97,-3.50,159.88,4.39,-1.96,-0.060,0.160,-0.015,1473,1462,1477,1522,10.00,10.06,29.95,29.89
1787304393.993,32.088,True,1,4.932,4.880,0.250,0.259,10.098,10.091,0.322,3.777,0.549,3.752,0.561,0.425,0.057,-0.088,5.25,-3.75,159.48,4.11,-2.00,-0.118,0.184,-0.000,1466,1459,1479,1524,10.00,10.06,-0.25,-0.21
1787304394.003,32.097,True,1,4.932,4.883,0.250,0.270,10.109,10.102,0.322,3.777,0.549,3.753,0.561,0.425,0.057,-0.088,5.25,-3.75,159.48,4.11,-2.01,-0.118,0.184,-0.000,1466,1459,1479,1525,10.00,10.06,9.75,9.80
1787304394.013,32.107,True,1,4.932,4.886,0.250,0.282,10.121,10.114,0.323,3.777,0.549,3.754,0.560,0.425,0.057,-0.088,5.25,-3.75,159.48,4.10,-2.02,-0.119,0.183,0.000,1466,1459,1520,1525,10.00,10.06,19.75,19.80
1787304394.023,32.117,True,1,4.932,4.889,0.250,0.293,10.132,10.126,0.323,3.777,0.549,3.755,0.560,0.425,0.057,-0.088,5.25,-3.75,159.48,4.10,-2.02,-0.119,0.182,0.000,1466,1459,1520,1525,10.00,10.06,29.75,29.79
1787304394.033,32.127,True,1,4.932,4.892,0.250,0.305,10.144,10.137,0.324,3.777,0.549,3.756,0.560,0.425,0.057,-0.088,5.25,-3.75,159.48,4.09,-2.03,-0.120,0.181,0.000,1466,1459,1520,1526,10.00,10.06,39.74,39.79
1787304394.043,32.137,True,1,4.932,4.895,0.250,0.317,10.156,10.149,0.324,3.777,0.549,3.756,0.559,0.425,0.057,-0.088,5.25,-3.75,159.48,4.09,-2.04,-0.120,0.180,0.000,1466,1460,1520,1526,10.00,10.06,49.75,49.79
1787304394.053,32.147,True,1,4.932,4.898,0.250,0.328,10.167,10.161,0.324,3.777,0.549,3.757,0.559,0.425,0.057,-0.088,5.25,-3.75,159.48,4.09,-2.05,-0.120,0.180,0.000,1466,1460,1520,1527,10.00,10.06,59.75,59.79
1787304394.063,32.157,True,1,4.932,4.901,0.250,0.340,10.179,10.172,0.325,3.777,0.549,3.758,0.559,0.425,0.057,-0.088,5.25,-3.75,159.48,4.08,-2.05,-0.121,0.179,0.000,1466,1460,1520,1527,10.00,10.06,69.75,69.80
1787304394.074,32.168,True,1,4.957,4.904,0.177,0.470,10.304,10.290,0.328,3.779,0.543,3.758,0.558,0.425,0.013,-0.093,5.78,-3.85,158.69,3.85,-1.59,-0.198,0.240,0.027,1458,1453,1523,1531,10.00,10.06,-0.51,-0.56
1787304394.083,32.177,True,1,4.957,4.907,0.177,0.482,10.316,10.302,0.329,3.779,0.543,3.759,0.558,0.425,0.013,-0.093,5.78,-3.85,158.69,3.85,-1.60,-0.199,0.240,0.027,1458,1453,1523,1532,10.00,10.06,9.49,9.44
1787304394.093,32.187,True,1,4.957,4.910,0.177,0.493,10.327,10.314,0.329,3.779,0.543,3.760,0.557,0.425,0.013,-0.093,5.78,-3.85,158.69,3.84,-1.61,-0.199,0.239,0.027,1458,1453,1523,1532,10.00,10.06,19.49,19.44
1787304394.103,32.197,True,1,4.957,4.913,0.177,0.505,10.339,10.325,0.330,3.779,0.543,3.760,0.557,0.425,0.013,-0.093,5.78,-3.85,158.69,3.84,-1.61,-0.199,0.238,0.027,1457,1453,1523,1532,10.00,10.06,29.49,29.44
1787304394.113,32.208,True,1,4.966,4.916,0.124,0.642,10.473,10.455,0.334,3.778,0.540,3.761,0.556,0.424,-0.013,-0.104,5.88,-3.83,158.29,3.60,-1.38,-0.234,0.263,0.042,1454,1451,1525,1537,10.00,10.06,-0.27,-0.32
1787304394.123,32.217,True,1,4.966,4.919,0.124,0.654,10.484,10.467,0.334,3.778,0.540,3.761,0.556,0.424,-0.013,-0.104,5.88,-3.83,158.29,3.60,-1.38,-0.235,0.262,0.042,1454,1451,1525,1537,10.00,10.06,9.74,9.69
1787304394.133,32.227,True,1,4.966,4.922,0.124,0.666,10.496,10.478,0.334,3.778,0.540,3.762,0.555,0.424,-0.013,-0.104,5.88,-3.83,158.29,3.59,-1.39,-0.235,0.261,0.042,1454,1451,1525,1538,10.00,10.06,19.73,19.68
1787304394.143,32.237,True,1,4.966,4.925,0.124,0.677,10.507,10.490,0.335,3.778,0.540,3.763,0.555,0.424,-0.013,-0.104,5.88,-3.83,158.29,3.59,-1.40,-0.235,0.261,0.042,1454,1451,1525,1538,10.00,10.06,29.73,29.68
1787304394.153,32.248,True,1,4.973,4.928,0.099,0.735,10.564,10.549,0.337,3.776,0.537,3.763,0.554,0.422,-0.026,-0.110,5.63,-3.51,157.97,3.48,-1.28,-0.220,0.240,0.059,1455,1453,1528,1540,10.00,10.06,-0.25,-0.30
1787304394.163,32.257,True,1,4.973,4.931,0.099,0.747,10.575,10.560,0.337,3.776,0.537,3.763,0.553,0.422,-0.026,-0.110,5.63,-3.51,157.97,3.47,-1.29,-0.220,0.239,0.059,1455,1453,1528,1541,10.00,10.06,9.75,9.70
1787304394.173,32.267,True,1,4.973,4.934,0.099,0.758,10.587,10.572,0.337,3.776,0.537,3.764,0.553,0.422,-0.026,-0.110,5.63,-3.51,157.97,3.47,-1.30,-0.221,0.238,0.059,1455,1453,1528,1541,10.00,10.06,19.74,19.70
1787304394.183,32.277,True,1,4.973,4.937,0.099,0.770,10.599,10.583,0.338,3.776,0.537,3.764,0.552,0.422,-0.026,-0.110,5.63,-3.51,157.97,3.46,-1.30,-0.221,0.238,0.059,1455,1453,1528,1541,10.00,10.06,29.75,29.70
1787304394.193,32.287,True,1,4.973,4.940,0.099,0.782,10.610,10.595,0.338,3.776,0.537,3.765,0.552,0.422,-0.026,-0.110,5.63,-3.51,157.97,3.46,-1.31,-0.222,0.237,0.059,1455,1453,1528,1542,10.00,10.06,39.75,39.70
1787304394.203,32.297,True,1,4.973,4.943,0.099,0.793,10.622,10.607,0.339,3.776,0.537,3.765,0.551,0.422,-0.026,-0.110,5.63,-3.51,157.97,3.46,-1.32,-0.222,0.236,0.059,1455,1453,1528,1542,10.00,10.06,49.75,49.70
1787304394.214,32.308,True,1,4.978,4.946,0.079,0.845,10.672,10.666,0.340,3.773,0.532,3.765,0.551,0.418,-0.039,-0.112,4.91,-2.58,157.62,3.39,-1.19,-0.155,0.154,0.085,1462,1462,1531,1544,10.00,10.06,-0.38,-0.43
1787304394.223,32.317,True,1,4.978,4.949,0.079,0.857,10.684,10.677,0.341,3.773,0.532,3.766,0.550,0.418,-0.039,-0.112,4.91,-2.58,157.62,3.38,-1.19,-0.156,0.153,0.085,1462,1463,1531,1545,10.00,10.06,9.62,9.57
1787304394.233,32.328,True,1,4.979,4.952,0.078,0.866,10.691,10.688,0.341,3.772,0.530,3.766,0.549,0.416,-0.047,-0.129,4.31,-2.09,157.47,3.20,-1.18,-0.113,0.103,0.097,1467,1468,1533,1545,10.00,10.06,-0.17,-0.12
1787304394.243,32.337,True,1,4.979,4.955,0.078,0.877,10.703,10.700,0.342,3.772,0.530,3.766,0.549,0.416,-0.047,-0.129,4.31,-2.09,157.47,3.19,-1.18,-0.113,0.103,0.097,1467,1468,1533,1545,10.00,10.06,9.84,9.89
1787304394.253,32.347,True,1,4.979,4.958,0.078,0.889,10.715,10.711,0.342,3.772,0.530,3.766,0.548,0.416,-0.047,-0.129,4.31,-2.09,157.47,3.19,-1.19,-0.114,0.102,0.097,1467,1468,1533,1546,10.00,10.06,19.83,19.88
1787304394.263,32.357,True,1,4.979,4.961,0.078,0.901,10.727,10.723,0.342,3.772,0.530,3.766,0.548,0.416,-0.047,-0.129,4.31,-2.09,157.47,3.18,-1.19,-0.114,0.102,0.097,1467,1468,1533,1546,10.00,10.06,29.83,29.88
1787304394.273,32.367,True,1,4.979,4.964,0.078,0.913,10.738,10.735,0.343,3.772,0.530,3.767,0.547,0.416,-0.047,-0.129,4.31,-2.09,157.47,3.18,-1.20,-0.115,0.101,0.097,1467,1468,1533,1547,10.00,10.06,39.83,39.88
1787304394.283,32.377,True,1,4.979,4.967,0.078,0.925,10.750,10.747,0.343,3.772,0.530,3.767,0.546,0.416,-0.047,-0.129,4.31,-2.09,157.47,3.17,-1.20,-0.115,0.101,0.097,1467,1468,1533,1547,10.00,10.06,49.84,49.89
1787304394.293,32.387,True,1,4.979,4.970,0.078,0.937,10.762,10.759,0.343,3.772,0.530,3.767,0.546,0.416,-0.047,-0.129,4.31,-2.09,157.47,3.17,-1.21,-0.116,0.100,0.097,1467,1468,1533,1547,10.00,10.06,59.83,59.88
1787304394.304,32.398,True,1,4.989,4.973,0.099,0.847,10.672,10.671,0.341,3.766,0.522,3.767,0.545,0.410,-0.061,-0.123,2.81,-1.05,157.23,3.20,-1.06,0.043,0.004,0.115,1524,1479,1535,1544,10.00,10.06,-0.42,-0.46
1787304394.313,32.407,True,1,4.989,4.976,0.099,0.859,10.684,10.683,0.341,3.766,0.522,3.767,0.544,0.410,-0.061,-0.123,2.81,-1.05,157.23,3.19,-1.07,0.042,0.004,0.115,1524,1479,1535,1545,10.00,10.07,9.59,9.54
1787304394.323,32.418,True,1,4.990,4.979,0.109,0.837,10.663,10.661,0.340,3.766,0.521,3.767,0.544,0.409,-0.055,-0.113,2.30,-0.93,157.16,3.31,-1.08,0.108,-0.012,0.119,1531,1521,1536,1544,10.00,10.06,-0.16,-0.11
1787304394.333,32.427,True,1,4.990,4.982,0.109,0.848,10.675,10.673,0.341,3.766,0.521,3.767,0.543,0.409,-0.055,-0.113,2.30,-0.93,157.16,3.30,-1.09,0.107,-0.012,0.119,1531,1521,1536,1545,10.00,10.06,9.85,9.90
1787304394.343,32.437,True,1,4.990,4.985,0.109,0.860,10.687,10.685,0.341,3.766,0.521,3.767,0.542,0.409,-0.055,-0.113,2.30,-0.93,157.16,3.29,-1.09,0.106,-0.013,0.119,1531,1521,1536,1545,10.00,10.06,19.84,19.89
1787304394.353,32.447,True,1,4.990,4.988,0.109,0.872,10.699,10.697,0.341,3.766,0.521,3.767,0.541,0.409,-0.055,-0.113,2.30,-0.93,157.16,3.29,-1.10,0.106,-0.013,0.119,1531,1521,1536,1545,10.00,10.06,29.84,29.89
1787304394.363,32.457,True,1,4.990,4.991,0.109,0.884,10.711,10.709,0.342,3.766,0.521,3.767,0.541,0.409,-0.055,-0.113,2.30,-0.93,157.16,3.28,-1.10,0.105,-0.014,0.119,1531,1521,1536,1546,10.00,10.06,39.84,39.89
1787304394.373,32.467,True,1,4.990,4.994,0.109,0.896,10.723,10.721,0.342,3.766,0.521,3.767,0.540,0.409,-0.055,-0.113,2.30,-0.93,157.16,3.28,-1.11,0.104,-0.014,0.119,1531,1521,1536,1546,10.00,10.06,49.84,49.89
1787304394.383,32.477,True,1,4.990,4.997,0.109,0.909,10.735,10.733,0.343,3.766,0.521,3.767,0.539,0.409,-0.055,-0.113,2.30,-0.93,157.16,3.27,-1.11,0.104,-0.015,0.119,1531,1521,1536,1547,10.00,10.06,59.84,59.89
1787304394.393,32.487,True,1,4.990,5.000,0.109,0.921,10.747,10.745,0.343,3.766,0.521,3.767,0.539,0.409,-0.055,-0.113,2.30,-0.93,157.16,3.26,-1.11,0.103,-0.015,0.119,1531,1521,1536,1547,10.00,10.06,69.84,69.89
1787304394.404,32.498,True,1,5.006,5.003,0.155,0.731,10.555,10.550,0.337,3.759,0.510,3.766,0.538,0.401,-0.048,-0.145,1.65,-0.07,156.80,3.07,-1.31,0.148,-0.126,0.137,1536,1533,1539,1540,10.00,10.06,-0.51,-0.55
1787304394.413,32.507,True,1,5.006,5.006,0.155,0.743,10.567,10.562,0.337,3.759,0.510,3.766,0.537,0.401,-0.048,-0.145,1.65,-0.07,156.80,3.06,-1.31,0.147,-0.126,0.137,1536,1533,1539,1541,10.00,10.06,9.49,9.44
1787304394.423,32.517,True,1,5.006,5.009,0.155,0.755,10.579,10.574,0.337,3.759,0.510,3.766,0.536,0.401,-0.048,-0.145,1.65,-0.07,156.80,3.05,-1.32,0.147,-0.126,0.137,1536,1533,1539,1541,10.00,10.06,19.49,19.45
1787304394.433,32.527,True,1,5.006,5.012,0.155,0.767,10.591,10.586,0.338,3.759,0.510,3.766,0.535,0.401,-0.048,-0.145,1.65,-0.07,156.80,3.04,-1.32,0.146,-0.127,0.137,1536,1534,1539,1542,10.00,10.06,29.49,29.44
1787304394.443,32.538,True,1,5.015,5.015,0.187,0.647,10.474,10.465,0.334,3.757,0.505,3.765,0.534,0.398,-0.033,-0.135,1.41,0.14,156.66,3.22,-1.43,0.189,-0.161,0.144,1540,1537,1539,1537,10.00,10.06,-0.27,-0.32
1787304394.453,32.547,True,1,5.015,5.018,0.187,0.660,10.486,10.477,0.334,3.757,0.505,3.765,0.533,0.398,-0.033,-0.135,1.41,0.14,156.66,3.21,-1.43,0.188,-0.161,0.144,1540,1537,1539,1538,10.00,10.06,9.73,9.69
1787304394.463,32.557,True,1,5.015,5.021,0.187,0.672,10.498,10.489,0.335,3.757,0.505,3.765,0.532,0.398,-0.033,-0.135,1.41,0.14,156.66,3.20,-1.44,0.187,-0.161,0.144,1540,1537,1539,1538,9.99,10.06,19.73,19.68
1787304394.473,32.568,True,1,5.026,5.024,0.221,0.539,10.367,10.357,0.331,3.756,0.502,3.765,0.531,0.397,-0.030,-0.118,1.34,-0.03,156.62,3.41,-1.41,0.217,-0.142,0.145,1543,1535,1540,1534,10.00,10.06,-0.16,-0.21
1787304394.483,32.577,True,1,5.026,5.027,0.221,0.551,10.379,10.369,0.331,3.756,0.502,3.764,0.530,0.397,-0.030,-0.118,1.34,-0.03,156.62,3.40,-1.42,0.216,-0.142,0.145,1543,1535,1540,1534,10.00,10.06,9.84,9.79
1787304394.493,32.587,True,1,5.026,5.030,0.221,0.563,10.391,10.381,0.331,3.756,0.502,3.764,0.529,0.397,-0.030,-0.118,1.34,-0.03,156.62,3.39,-1.42,0.215,-0.142,0.145,1543,1535,1540,1534,10.00,10.06,19.84,19.79
1787304394.503,32.597,True,1,5.026,5.033,0.221,0.575,10.403,10.393,0.332,3.756,0.502,3.764,0.528,0.397,-0.030,-0.118,1.34,-0.03,156.62,3.38,-1.42,0.214,-0.143,0.145,1543,1535,1540,1535,10.00,10.06,29.84,29.79
1787304394.513,32.607,True,1,5.026,5.036,0.221,0.587,10.415,10.405,0.332,3.756,0.502,3.763,0.527,0.397,-0.030,-0.118,1.34,-0.03,156.62,3.37,-1.43,0.213,-0.143,0.145,1543,1535,1540,1535,10.00,10.06,39.84,39.79
1787304394.523,32.617,True,1,5.026,5.038,0.221,0.595,10.423,10.413,0.332,3.756,0.502,3.763,0.527,0.397,-0.030,-0.118,1.34,-0.03,156.62,3.36,-1.43,0.212,-0.143,0.145,1543,1535,1540,1536,10.00,10.06,49.84,49.79
1787304394.533,32.627,True,1,5.026,5.038,0.221,0.595,10.423,10.413,0.332,3.756,0.502,3.763,0.526,0.397,-0.030,-0.118,1.34,-0.03,156.62,3.36,-1.44,0.212,-0.144,0.145,1543,1535,1540,1536,10.00,10.06,59.84,59.79
1787304394.543,32.637,True,1,5.026,5.038,0.221,0.595,10.423,10.413,0.332,3.756,0.502,3.763,0.525,0.397,-0.030,-0.118,1.34,-0.03,156.62,3.36,-1.44,0.212,-0.144,0.145,1543,1535,1540,1536,10.00,10.06,69.84,69.79
1787304394.553,32.648,True,1,5.026,5.038,0.221,0.595,10.423,10.413,0.332,3.756,0.502,3.762,0.524,0.397,-0.030,-0.118,1.34,-0.03,156.62,3.35,-1.44,0.211,-0.145,0.145,1543,1536,1540,1536,10.05,10.11,79.89,79.84
1787304394.564,32.658,True,1,5.054,5.038,0.294,0.263,10.096,10.088,0.322,3.754,0.493,3.762,0.523,0.394,0.002,-0.103,2.00,-0.27,156.76,3.73,-1.75,0.182,-0.150,0.141,1540,1536,1539,1524,9.97,10.07,-0.56,-0.60
1787304394.573,32.667,True,1,5.054,5.038,0.294,0.263,10.096,10.088,0.322,3.754,0.493,3.762,0.522,0.394,0.002,-0.103,2.00,-0.27,156.76,3.72,-1.75,0.181,-0.151,0.141,1539,1536,1539,1524,9.99,10.06,9.43,9.39
1787304394.583,32.677,True,1,5.054,5.038,0.294,0.263,10.095,10.087,0.322,3.754,0.493,3.762,0.521,0.394,0.002,-0.103,2.00,-0.27,156.76,3.72,-1.76,0.181,-0.151,0.141,1539,1536,1539,1524,10.00,10.06,19.43,19.39
1787304394.593,32.688,True,1,5.071,5.038,0.293,0.197,10.028,10.023,0.320,3.754,0.489,3.761,0.520,0.394,-0.006,-0.112,2.31,-0.36,156.91,3.62,-1.75,0.138,-0.140,0.135,1535,1535,1538,1522,10.00,10.06,-0.20,-0.24
1787304394.603,32.697,True,1,5.071,5.038,0.293,0.197,10.028,10.022,0.320,3.754,0.489,3.761,0.519,0.394,-0.006,-0.112,2.31,-0.36,156.91,3.61,-1.75,0.137,-0.141,0.135,1535,1535,1538,1522,10.01,10.07,9.81,9.77
1787304394.613,32.707,True,1,5.071,5.038,0.293,0.196,10.028,10.022,0.320,3.754,0.489,3.761,0.518,0.394,-0.006,-0.112,2.31,-0.36,156.91,3.61,-1.76,0.136,-0.142,0.135,1535,1535,1538,1522,9.99,10.06,19.81,19.76
1787304394.623,32.717,True,1,5.071,5.038,0.293,0.196,10.027,10.022,0.320,3.754,0.489,3.761,0.517,0.394,-0.006,-0.112,2.31,-0.36,156.91,3.60,-1.77,0.136,-0.142,0.135,1535,1535,1538,1522,10.00,10.06,29.81,29.76
1787304394.633,32.728,True,1,5.086,5.038,0.286,0.155,9.988,9.986,0.319,3.754,0.486,3.760,0.516,0.393,0.013,-0.106,3.11,-0.77,157.47,3.72,-1.97,0.066,-0.120,0.111,1527,1533,1535,1520,10.00,10.07,-0.36,-0.31
1787304394.643,32.737,True,1,5.086,5.038,0.286,0.154,9.988,9.985,0.319,3.754,0.486,3.760,0.515,0.393,0.013,-0.106,3.11,-0.77,157.47,3.72,-1.98,0.065,-0.121,0.111,1527,1533,1535,1520,10.00,10.06,9.64,9.69
1787304394.653,32.747,True,1,5.086,5.038,0.286,0.154,9.987,9.985,0.319,3.754,0.486,3.760,0.514,0.393,0.013,-0.106,3.11,-0.77,157.47,3.71,-1.98,0.065,-0.122,0.111,1527,1533,1535,1520,10.00,10.06,19.63,19.68
1787304394.663,32.757,True,1,5.086,5.038,0.286,0.153,9.987,9.984,0.319,3.754,0.486,3.760,0.513,0.393,0.013,-0.106,3.11,-0.77,157.47,3.71,-1.99,0.064,-0.122,0.111,1527,1533,1535,1520,10.02,10.08,29.65,29.70
1787304394.673,32.767,True,1,5.086,5.038,0.286,0.153,9.986,9.984,0.319,3.754,0.486,3.760,0.512,0.393,0.013,-0.106,3.11,-0.77,157.47,3.70,-2.00,0.064,-0.123,0.111,1527,1533,1535,1520,9.98,10.06,39.63,39.68
1787304394.683,32.777,True,1,5.086,5.038,0.286,0.152,9.986,9.983,0.319,3.754,0.486,3.759,0.511,0.393,0.013,-0.106,3.11,-0.77,157.47,3.70,-2.00,0.064,-0.123,0.111,1527,1533,1535,1520,10.01,10.07,49.64,49.69
1787304394.693,32.787,True,1,5.086,5.038,0.286,0.152,9.985,9.983,0.319,3.754,0.486,3.759,0.511,0.393,0.013,-0.106,3.11,-0.77,157.47,3.69,-2.01,0.063,-0.124,0.111,1527,1533,1535,1520,10.00,10.06,59.64,59.69
1787304394.704,32.798,True,1,5.121,5.038,0.369,-0.236,9.601,9.599,0.306,3.754,0.480,3.759,0.510,0.394,0.014,-0.080,3.52,-1.03,158.29,4.07,-2.05,0.058,-0.102,0.075,1526,1531,1530,1506,10.00,10.06,-0.43,-0.48
1787304394.713,32.807,True,1,5.121,5.038,0.369,-0.237,9.600,9.598,0.306,3.754,0.480,3.759,0.509,0.394,0.014,-0.080,3.52,-1.03,158.29,4.06,-2.06,0.058,-0.103,0.075,1526,1531,1530,1506,10.00,10.07,9.57,9.52
1787304394.723,32.818,True,1,5.124,5.038,0.357,-0.216,9.620,9.618,0.307,3.754,0.479,3.759,0.508,0.394,0.024,-0.102,3.62,-1.16,158.66,3.86,-2.27,0.026,-0.112,0.060,1522,1532,1528,1507,9.99,10.06,-0.16,-0.12
1787304394.733,32.827,True,1,5.135,5.038,0.359,-0.266,9.570,9.568,0.305,3.755,0.477,3.759,0.507,0.394,0.018,-0.099,3.62,-1.16,158.66,3.88,-2.21,0.028,-0.106,0.059,1523,1531,1528,1505,10.00,10.06,9.84,-0.07
1787304394.743,32.837,True,1,5.135,5.038,0.359,-0.267,9.569,9.567,0.305,3.755,0.477,3.758,0.506,0.394,0.018,-0.099,3.62,-1.16,158.66,3.87,-2.22,0.027,-0.107,0.059,1523,1531,1528,1505,10.00,10.06,19.84,9.94
1787304394.753,32.847,True,1,5.135,5.038,0.359,-0.268,9.568,9.566,0.305,3.755,0.477,3.758,0.505,0.394,0.018,-0.099,3.62,-1.16,158.66,3.87,-2.23,0.027,-0.108,0.059,1522,1531,1528,1505,10.00,10.06,29.84,19.93
1787304394.763,32.857,True,1,5.135,5.038,0.359,-0.269,9.567,9.565,0.305,3.755,0.477,3.758,0.504,0.394,0.018,-0.099,3.62,-1.16,158.66,3.86,-2.23,0.026,-0.108,0.059,1522,1532,1528,1505,10.00,10.06,39.84,29.93
1787304394.773,32.867,True,1,5.135,5.038,0.359,-0.270,9.566,9.564,0.305,3.755,0.477,3.758,0.503,0.394,0.018,-0.099,3.62,-1.16,158.66,3.86,-2.24,0.026,-0.109,0.059,1522,1532,1528,1505,10.00,10.06,49.84,39.93
1787304394.783,32.878,True,1,5.158,5.038,0.383,-0.434,9.402,9.400,0.300,3.755,0.473,3.758,0.502,0.395,0.024,-0.109,4.01,-1.18,159.34,3.82,-2.43,-0.020,-0.130,0.032,1477,1534,1524,1499,10.00,10.06,-0.33,-0.38
1787304394.793,32.887,True,1,5.158,5.038,0.383,-0.435,9.401,9.399,0.300,3.755,0.473,3.758,0.501,0.395,0.024,-0.109,4.01,-1.18,159.34,3.81,-2.44,-0.021,-0.130,0.032,1477,1534,1524,1499,10.00,10.07,9.67,9.62
1787304394.803,32.898,True,1,5.168,5.038,0.393,-0.509,9.324,9.319,0.297,3.756,0.471,3.758,0.500,0.395,0.019,-0.142,4.46,-1.18,159.78,3.46,-2.57,-0.105,-0.144,0.015,1468,1535,1522,1496,10.00,10.06,-0.16,-0.21
1787304394.813,32.907,True,1,5.168,5.038,0.393,-0.511,9.322,9.318,0.297,3.756,0.471,3.758,0.499,0.395,0.019,-0.142,4.46,-1.18,159.78,3.45,-2.57,-0.105,-0.145,0.015,1468,1536,1522,1496,10.00,10.06,9.84,9.79
1787304394.823,32.917,True,1,5.168,5.038,0.393,-0.512,9.321,9.317,0.297,3.756,0.471,3.758,0.498,0.395,0.019,-0.142,4.46,-1.18,159.78,3.45,-2.58,-0.106,-0.146,0.015,1468,1536,1522,1496,10.00,10.06,19.84,19.79
1787304394.833,32.927,True,1,5.168,5.038,0.393,-0.513,9.320,9.315,0.297,3.756,0.471,3.758,0.497,0.395,0.019,-0.142,4.46,-1.18,159.78,3.44,-2.59,-0.106,-0.146,0.015,1468,1536,1522,1496,10.00,10.06,29.84,29.79
1787304394.843,32.937,True,1,5.168,5.038,0.393,-0.515,9.318,9.314,0.297,3.756,0.471,3.758,0.496,0.395,0.019,-0.142,4.46,-1.18,159.78,3.44,-2.59,-0.107,-0.147,0.015,1468,1536,1522,1496,10.00,10.06,39.84,39.79
1787304394.853,32.947,True,1,5.168,5.038,0.393,-0.516,9.317,9.313,0.297,3.756,0.471,3.757,0.495,0.395,0.019,-0.142,4.46,-1.18,159.78,3.44,-2.60,-0.107,-0.148,0.015,1468,1536,1522,1496,10.00,10.06,49.84,49.79
1787304394.863,32.957,True,1,5.168,5.038,0.393,-0.517,9.316,9.311,0.297,3.756,0.471,3.757,0.495,0.395,0.019,-0.142,4.46,-1.18,159.78,3.43,-2.61,-0.107,-0.148,0.015,1468,1536,1522,1496,10.00,10.06,59.84,59.79
1787304394.873,32.967,True,1,5.168,5.038,0.393,-0.519,9.314,9.310,0.297,3.756,0.471,3.757,0.494,0.395,0.019,-0.142,4.46,-1.18,159.78,3.43,-2.61,-0.108,-0.149,0.015,1468,1536,1522,1496,10.00,10.06,69.84,69.79
1787304394.883,32.977,True,1,5.168,5.038,0.393,-0.520,9.313,9.309,0.297,3.756,0.471,3.757,0.493,0.395,0.019,-0.142,4.46,-1.18,159.78,3.43,-2.62,-0.108,-0.150,0.015,1468,1536,1522,1496,10.00,10.06,79.84,79.79
1787304394.894,32.988,True,1,5.215,5.038,0.427,-0.807,9.026,9.018,0.288,3.756,0.460,3.757,0.492,0.396,0.005,-0.139,5.56,-1.42,160.72,3.46,-2.61,-0.221,-0.128,-0.025,1455,1534,1476,1485,10.00,10.06,-0.56,-0.61
1787304394.903,32.997,True,1,5.215,5.038,0.427,-0.809,9.024,9.016,0.288,3.756,0.460,3.757,0.491,0.396,0.005,-0.139,5.56,-1.42,160.72,3.46,-2.62,-0.221,-0.129,-0.025,1455,1534,1476,1485,10.00,10.06,9.44,9.39
1787304394.913,33.007,True,1,5.215,5.038,0.427,-0.810,9.022,9.014,0.288,3.756,0.460,3.757,0.490,0.396,0.005,-0.139,5.56,-1.42,160.72,3.45,-2.63,-0.222,-0.129,-0.025,1455,1534,1476,1485,10.00,10.06,19.44,19.39
1787304394.923,33.017,True,1,5.215,5.038,0.427,-0.812,9.020,9.012,0.288,3.756,0.460,3.757,0.489,0.396,0.005,-0.139,5.56,-1.42,160.72,3.45,-2.64,-0.222,-0.130,-0.025,1455,1534,1476,1484,10.00,10.06,29.44,29.39
1787304394.933,33.027,True,1,5.215,5.038,0.427,-0.814,9.019,9.010,0.288,3.756,0.460,3.757,0.488,0.396,0.005,-0.139,5.56,-1.42,160.72,3.44,-2.64,-0.223,-0.131,-0.025,1455,1534,1476,1484,10.00,10.06,39.44,39.39
1787304394.943,33.037,True,1,5.215,5.038,0.427,-0.816,9.017,9.009,0.288,3.756,0.460,3.757,0.487,0.396,0.005,-0.139,5.56,-1.42,160.72,3.44,-2.65,-0.223,-0.132,-0.025,1455,1534,1476,1484,10.00,10.06,49.44,49.39
1787304394.953,33.047,True,1,5.215,5.038,0.427,-0.818,9.015,9.007,0.287,3.756,0.460,3.757,0.486,0.396,0.005,-0.139,5.56,-1.42,160.72,3.43,-2.66,-0.224,-0.133,-0.025,1455,1534,1476,1484,10.00,10.06,59.44,59.39
1787304394.963,33.057,True,1,5.215,5.038,0.427,-0.819,9.013,9.005,0.287,3.756,0.460,3.757,0.485,0.396,0.005,-0.139,5.56,-1.42,160.72,3.43,-2.67,-0.224,-0.133,-0.025,1455,1534,1476,1484,10.00,10.06,69.44,69.39
1787304394.974,33.068,True,1,5.262,5.038,0.384,-0.883,8.950,8.947,0.286,3.755,0.450,3.757,0.484,0.395,-0.005,-0.119,5.07,-2.69,161.20,3.61,-2.53,-0.156,0.011,-0.059,1462,1478,1471,1482,10.00,10.06,-0.57,-0.62
1787304394.983,33.077,True,1,5.262,5.038,0.384,-0.885,8.948,8.945,0.285,3.755,0.450,3.757,0.483,0.395,-0.005,-0.119,5.07,-2.69,161.20,3.60,-2.54,-0.156,0.011,-0.059,1462,1478,1471,1482,10.00,10.06,9.43,9.38
1787304394.993,33.087,True,1,5.262,5.038,0.384,-0.888,8.946,8.943,0.285,3.755,0.450,3.757,0.482,0.395,-0.005,-0.119,5.07,-2.69,161.20,3.60,-2.55,-0.157,0.010,-0.059,1462,1478,1471,1482,10.00,10.06,19.43,19.38
1787304395.003,33.097,True,1,5.262,5.038,0.384,-0.890,8.943,8.940,0.285,3.755,0.450,3.757,0.481,0.395,-0.005,-0.119,5.07,-2.69,161.20,3.59,-2.55,-0.157,0.009,-0.059,1462,1478,1471,1482,10.00,10.06,29.43,29.38
1787304395.013,33.107,True,1,5.262,5.038,0.384,-0.892,8.941,8.938,0.285,3.755,0.450,3.757,0.480,0.395,-0.005,-0.119,5.07,-2.69,161.20,3.59,-2.56,-0.158,0.008,-0.059,1462,1479,1471,1482,10.00,10.06,39.43,39.38
1787304395.023,33.117,True,1,5.262,5.038,0.384,-0.894,8.939,8.936,0.285,3.755,0.450,3.757,0.479,0.395,-0.005,-0.119,5.07,-2.69,161.20,3.58,-2.57,-0.158,0.007,-0.059,1462,1479,1471,1482,10.00,10.06,49.43,49.38
1787304395.033,33.127,True,1,5.262,5.038,0.384,-0.897,8.937,8.933,0.285,3.755,0.450,3.757,0.478,0.395,-0.005,-0.119,5.07,-2.69,161.20,3.58,-2.58,-0.159,0.007,-0.059,1462,1479,1471,1481,10.00,10.06,59.43,59.38
1787304395.043,33.137,True,1,5.262,5.038,0.384,-0.899,8.934,8.931,0.285,3.755,0.450,3.757,0.477,0.395,-0.005,-0.119,5.07,-2.69,161.20,3.57,-2.58,-0.159,0.006,-0.059,1462,1479,1471,1481,10.00,10.06,69.43,69.38
1787304395.053,33.147,True,1,5.262,5.038,0.384,-0.901,8.932,8.929,0.285,3.755,0.450,3.757,0.476,0.395,-0.005,-0.119,5.07,-2.69,161.20,3.57,-2.59,-0.160,0.005,-0.059,1462,1479,1471,1481,10.00,10.06,79.43,79.38
1787304395.064,33.158,True,1,5.302,5.038,0.329,-0.899,8.935,8.931,0.285,3.753,0.442,3.756,0.475,0.393,-0.028,-0.082,3.72,-3.87,161.38,3.87,-2.22,0.011,0.168,-0.077,1521,1461,1469,1481,10.00,10.06,-0.56,-0.61
1787304395.073,33.167,True,1,5.302,5.038,0.329,-0.902,8.932,8.928,0.285,3.753,0.442,3.756,0.474,0.393,-0.028,-0.082,3.72,-3.87,161.38,3.86,-2.23,0.010,0.167,-0.077,1521,1461,1469,1481,10.00,10.06,9.43,9.38
1787304395.083,33.177,True,1,5.302,5.038,0.329,-0.904,8.929,8.926,0.285,3.753,0.442,3.756,0.473,0.393,-0.028,-0.082,3.72,-3.87,161.38,3.86,-2.24,0.009,0.166,-0.077,1521,1461,1469,1481,10.00,10.06,19.44,19.39
1787304395.093,33.188,True,1,5.319,5.038,0.292,-0.865,8.969,8.962,0.286,3.752,0.440,3.756,0.472,0.392,-0.046,-0.060,3.38,-4.16,161.38,4.01,-1.96,0.061,0.226,-0.080,1526,1455,1468,1483,10.00,10.06,-0.17,-0.22
1787304395.103,33.197,True,1,5.319,5.038,0.292,-0.868,8.966,8.959,0.286,3.752,0.440,3.756,0.471,0.392,-0.046,-0.060,3.38,-4.16,161.38,4.01,-1.96,0.060,0.226,-0.080,1526,1455,1468,1482,10.00,10.06,9.83,9.78
1787304395.113,33.207,True,1,5.319,5.038,0.292,-0.871,8.963,8.956,0.286,3.752,0.440,3.756,0.470,0.392,-0.046,-0.060,3.38,-4.16,161.38,4.00,-1.97,0.060,0.225,-0.080,1526,1455,1468,1482,10.00,10.06,19.83,19.78
1787304395.123,33.217,True,1,5.319,5.038,0.292,-0.874,8.960,8.953,0.286,3.752,0.440,3.756,0.469,0.392,-0.046,-0.060,3.38,-4.16,161.38,4.00,-1.98,0.059,0.224,-0.079,1526,1455,1468,1482,10.00,10.06,29.83,29.78
1787304395.133,33.227,True,1,5.319,5.038,0.292,-0.876,8.957,8.950,0.286,3.752,0.440,3.756,0.468,0.392,-0.046,-0.060,3.38,-4.16,161.38,3.99,-1.98,0.059,0.223,-0.079,1526,1455,1468,1482,10.00,10.06,39.83,39.78
1787304395.143,33.238,True,1,5.334,5.038,0.242,-0.786,9.048,9.035,0.288,3.750,0.438,3.755,0.467,0.391,-0.053,-0.049,2.68,-4.63,161.30,4.05,-1.85,0.138,0.288,-0.076,1535,1448,1469,1485,10.00,10.06,-0.35,-0.31
1787304395.153,33.247,True,1,5.334,5.038,0.242,-0.789,9.045,9.032,0.288,3.750,0.438,3.755,0.466,0.391,-0.053,-0.049,2.68,-4.63,161.30,4.04,-1.86,0.138,0.287,-0.076,1535,1448,1469,1485,10.00,10.06,9.65,9.70
1787304395.163,33.257,True,1,5.334,5.038,0.242,-0.792,9.042,9.029,0.288,3.750,0.438,3.755,0.465,0.391,-0.053,-0.049,2.68,-4.63,161.30,4.04,-1.86,0.138,0.287,-0.076,1535,1448,1469,1485,10.00,10.06,19.65,19.69
1787304395.173,33.267,True,1,5.334,5.038,0.242,-0.795,9.039,9.026,0.288,3.750,0.438,3.755,0.464,0.391,-0.053,-0.049,2.68,-4.63,161.30,4.03,-1.87,0.137,0.286,-0.076,1535,1448,1469,1485,10.00,10.06,29.65,29.70
1787304395.183,33.277,True,1,5.334,5.038,0.242,-0.798,9.036,9.023,0.288,3.750,0.438,3.755,0.463,0.391,-0.053,-0.049,2.68,-4.63,161.30,4.03,-1.88,0.137,0.285,-0.076,1535,1448,1469,1485,10.00,10.06,39.65,39.69
1787304395.193,33.287,True,1,5.334,5.038,0.242,-0.801,9.033,9.020,0.288,3.750,0.438,3.755,0.462,0.391,-0.053,-0.049,2.68,-4.63,161.30,4.03,-1.88,0.136,0.285,-0.076,1535,1448,1469,1485,10.00,10.06,49.65,49.69
1787304395.203,33.297,True,1,5.334,5.038,0.242,-0.804,9.030,9.017,0.288,3.750,0.438,3.754,0.461,0.391,-0.053,-0.049,2.68,-4.63,161.30,4.02,-1.89,0.136,0.284,-0.076,1535,1448,1469,1485,10.00,10.06,59.65,59.70
1787304395.213,33.307,True,1,5.334,5.038,0.242,-0.807,9.027,9.014,0.288,3.750,0.438,3.754,0.461,0.391,-0.053,-0.049,2.68,-4.63,161.30,4.02,-1.89,0.136,0.283,-0.076,1535,1448,1469,1485,10.00,10.06,69.65,69.69
1787304395.224,33.318,True,1,5.359,5.038,0.126,-0.563,9.269,9.253,0.295,3.744,0.435,3.754,0.460,0.385,-0.088,-0.031,2.15,-4.16,160.83,3.98,-1.38,0.188,0.289,-0.053,1540,1448,1472,1494,10.00,10.06,-0.62,-0.57
1787304395.233,33.327,True,1,5.359,5.038,0.126,-0.566,9.265,9.250,0.295,3.744,0.435,3.754,0.459,0.385,-0.088,-0.031,2.15,-4.16,160.83,3.97,-1.39,0.188,0.289,-0.053,1540,1448,1472,1493,10.00,10.06,9.38,9.43
1787304395.243,33.337,True,1,5.359,5.038,0.126,-0.570,9.262,9.247,0.295,3.744,0.435,3.753,0.458,0.385,-0.088,-0.031,2.15,-4.16,160.83,3.97,-1.39,0.187,0.288,-0.053,1540,1448,1472,1493,10.00,10.06,19.38,19.43
1787304395.253,33.347,True,1,5.359,5.038,0.126,-0.573,9.259,9.243,0.295,3.744,0.435,3.753,0.457,0.385,-0.088,-0.031,2.15,-4.16,160.83,3.97,-1.40,0.187,0.288,-0.053,1540,1448,1472,1493,10.00,10.06,29.38,29.43
1787304395.263,33.357,True,1,5.359,5.038,0.126,-0.576,9.256,9.240,0.295,3.744,0.435,3.753,0.457,0.385,-0.088,-0.031,2.15,-4.16,160.83,3.96,-1.40,0.187,0.287,-0.053,1540,1448,1472,1493,10.00,10.06,39.38,39.43
1787304395.273,33.367,True,1,5.359,5.038,0.126,-0.579,9.252,9.237,0.295,3.744,0.435,3.752,0.456,0.385,-0.088,-0.031,2.15,-4.16,160.83,3.96,-1.41,0.186,0.287,-0.053,1540,1448,1472,1493,10.00,10.06,49.38,49.43
1787304395.283,33.377,True,1,5.359,5.038,0.126,-0.582,9.249,9.234,0.295,3.744,0.435,3.752,0.455,0.385,-0.088,-0.031,2.15,-4.16,160.83,3.96,-1.41,0.186,0.286,-0.053,1540,1448,1472,1493,10.00,10.06,59.38,59.43
1787304395.293,33.387,True,1,5.359,5.038,0.126,-0.586,9.246,9.231,0.295,3.744,0.435,3.752,0.455,0.385,-0.088,-0.031,2.15,-4.16,160.83,3.96,-1.41,0.186,0.286,-0.053,1540,1448,1472,1493,10.00,10.06,69.38,69.43
1787304395.304,33.398,True,1,5.373,5.038,0.016,-0.317,9.518,9.507,0.303,3.734,0.435,3.751,0.454,0.375,-0.123,0.025,2.85,-3.03,160.21,4.30,-0.77,0.151,0.235,-0.027,1536,1454,1476,1503,10.00,10.06,-0.51,-0.56
1787304395.313,33.407,True,1,5.373,5.038,0.016,-0.320,9.514,9.505,0.303,3.734,0.435,3.751,0.453,0.375,-0.123,0.025,2.89,-2.91,160.14,4.30,-0.77,0.147,0.223,-0.023,1536,1455,1476,1503,10.00,10.06,-0.06,9.44
1787304395.323,33.417,True,1,5.373,5.038,0.016,-0.323,9.511,9.501,0.303,3.734,0.435,3.750,0.453,0.375,-0.123,0.025,2.89,-2.91,160.14,4.29,-0.77,0.147,0.223,-0.023,1536,1455,1476,1503,10.00,10.06,9.94,19.44
1787304395.333,33.427,True,1,5.373,5.038,0.016,-0.327,9.507,9.498,0.303,3.734,0.435,3.750,0.452,0.375,-0.123,0.025,2.89,-2.91,160.14,4.29,-0.78,0.147,0.222,-0.023,1536,1455,1476,1503,10.00,10.06,19.94,29.44
1787304395.343,33.437,True,1,5.373,5.038,0.016,-0.330,9.504,9.495,0.303,3.734,0.435,3.749,0.451,0.375,-0.123,0.025,2.89,-2.91,160.14,4.29,-0.78,0.146,0.222,-0.023,1536,1455,1476,1503,10.00,10.06,29.94,39.44
1787304395.353,33.447,True,1,5.373,5.038,0.016,-0.333,9.501,9.491,0.303,3.734,0.435,3.749,0.451,0.375,-0.123,0.025,2.89,-2.91,160.14,4.29,-0.78,0.146,0.222,-0.023,1536,1455,1476,1502,10.00,10.06,39.94,49.44
1787304395.363,33.457,True,1,5.373,5.038,0.016,-0.337,9.497,9.488,0.303,3.734,0.435,3.748,0.450,0.375,-0.123,0.025,2.89,-2.91,160.14,4.29,-0.79,0.146,0.221,-0.023,1536,1455,1476,1502,10.00,10.06,49.94,59.44
1787304395.374,33.468,True,1,5.378,5.038,-0.074,-0.089,9.745,9.741,0.311,3.725,0.438,3.747,0.450,0.366,-0.131,0.031,3.52,-1.98,159.70,4.21,-0.63,0.072,0.142,-0.002,1528,1464,1479,1512,10.00,10.06,-0.40,-0.45
1787304395.383,33.477,True,1,5.378,5.038,-0.074,-0.092,9.741,9.738,0.311,3.725,0.438,3.747,0.450,0.366,-0.131,0.031,3.52,-1.98,159.70,4.21,-0.63,0.072,0.142,-0.002,1528,1464,1479,1512,10.00,10.06,9.60,9.55
1787304395.393,33.487,True,1,5.378,5.038,-0.074,-0.096,9.738,9.734,0.311,3.725,0.438,3.746,0.449,0.366,-0.131,0.031,3.52,-1.98,159.70,4.21,-0.63,0.072,0.142,-0.002,1527,1464,1479,1511,10.00,10.06,19.60,19.55
1787304395.403,33.497,True,1,5.378,5.038,-0.074,-0.099,9.734,9.731,0.311,3.725,0.438,3.745,0.449,0.366,-0.131,0.031,3.52,-1.98,159.70,4.21,-0.63,0.072,0.141,-0.002,1527,1464,1479,1511,10.00,10.06,29.59,29.54
1787304395.413,33.507,True,1,5.378,5.038,-0.074,-0.102,9.731,9.728,0.310,3.725,0.438,3.744,0.448,0.366,-0.131,0.031,3.52,-1.98,159.70,4.21,-0.63,0.072,0.141,-0.002,1527,1464,1479,1511,10.00,10.06,39.60,39.55
1787304395.423,33.517,True,1,5.378,5.038,-0.074,-0.106,9.728,9.724,0.310,3.725,0.438,3.744,0.448,0.366,-0.131,0.031,3.52,-1.98,159.70,4.20,-0.63,0.072,0.141,-0.002,1527,1464,1479,1511,10.00,10.06,49.59,49.55
1787304395.433,33.527,True,1,5.378,5.038,-0.074,-0.109,9.724,9.721,0.310,3.725,0.438,3.743,0.448,0.366,-0.131,0.031,3.52,-1.98,159.70,4.20,-0.63,0.071,0.141,-0.002,1527,1464,1479,1511,10.00,10.06,59.60,59.55
1787304395.443,33.537,True,1,5.378,5.038,-0.074,-0.113,9.721,9.717,0.310,3.725,0.438,3.743,0.447,0.366,-0.131,0.031,3.52,-1.98,159.70,4.20,-0.63,0.071,0.141,-0.002,1527,1464,1479,1511,10.00,10.06,69.60,69.55
1787304395.454,33.548,True,1,5.377,5.038,-0.102,-0.029,9.808,9.808,0.313,3.716,0.441,3.742,0.447,0.357,-0.144,0.070,4.48,-0.58,158.96,4.51,-0.30,0.003,0.032,0.037,1520,1476,1525,1514,10.00,10.06,-0.56,-0.51
1787304395.463,33.557,True,1,5.378,5.038,-0.119,0.018,9.853,9.853,0.314,3.715,0.442,3.741,0.447,0.355,-0.140,0.052,4.48,-0.58,158.96,4.33,-0.40,-0.016,0.022,0.038,1478,1477,1525,1516,10.00,10.06,9.44,-0.06
1787304395.473,33.567,True,1,5.378,5.038,-0.119,0.014,9.849,9.849,0.314,3.715,0.442,3.740,0.447,0.355,-0.140,0.052,4.48,-0.58,158.96,4.33,-0.40,-0.016,0.022,0.038,1478,1477,1525,1516,10.00,10.06,19.44,9.94
1787304395.483,33.577,True,1,5.378,5.038,-0.119,0.011,9.846,9.846,0.314,3.715,0.442,3.739,0.447,0.355,-0.140,0.052,4.48,-0.58,158.96,4.33,-0.40,-0.016,0.022,0.038,1478,1477,1525,1515,10.00,10.06,29.44,19.94
1787304395.493,33.587,True,1,5.378,5.038,-0.119,0.008,9.843,9.843,0.314,3.715,0.442,3.738,0.447,0.355,-0.140,0.052,4.48,-0.58,158.96,4.32,-0.40,-0.016,0.022,0.038,1478,1477,1525,1515,10.00,10.06,39.44,29.94
1787304395.503,33.597,True,1,5.378,5.038,-0.119,0.004,9.839,9.839,0.314,3.715,0.442,3.738,0.446,0.355,-0.140,0.052,4.48,-0.58,158.96,4.32,-0.40,-0.016,0.022,0.038,1478,1477,1525,1515,10.00,10.06,49.44,39.94
1787304395.513,33.607,True,1,5.378,5.038,-0.119,0.001,9.836,9.836,0.314,3.715,0.442,3.737,0.446,0.355,-0.140,0.052,4.48,-0.58,158.96,4.32,-0.40,-0.016,0.022,0.038,1478,1477,1525,1515,10.00,10.06,59.44,49.94
1787304395.523,33.617,True,1,5.378,5.038,-0.119,-0.002,9.832,9.832,0.314,3.715,0.442,3.736,0.446,0.355,-0.140,0.052,4.48,-0.58,158.96,4.32,-0.40,-0.016,0.022,0.038,1478,1477,1525,1515,10.00,10.06,69.44,59.94
1787304395.533,33.627,True,1,5.378,5.038,-0.119,-0.006,9.829,9.829,0.314,3.715,0.442,3.735,0.446,0.355,-0.140,0.052,4.48,-0.58,158.96,4.32,-0.40,-0.016,0.022,0.038,1478,1477,1525,1515,10.00,10.06,79.44,69.94
1787304395.544,33.638,True,1,5.374,5.038,-0.166,0.147,9.981,9.978,0.318,3.705,0.446,3.734,0.446,0.345,-0.144,0.045,5.33,0.29,158.19,4.18,-0.32,-0.121,-0.057,0.079,1466,1526,1530,1520,10.00,10.06,-0.57,-0.52
1787304395.553,33.647,True,1,5.374,5.038,-0.166,0.144,9.977,9.975,0.318,3.705,0.446,3.733,0.446,0.345,-0.144,0.045,5.33,0.29,158.19,4.18,-0.32,-0.121,-0.057,0.079,1466,1526,1530,1520,10.00,10.06,9.44,9.48
1787304395.563,33.657,True,1,5.374,5.038,-0.166,0.140,9.974,9.971,0.318,3.705,0.446,3.732,0.446,0.345,-0.144,0.045,5.33,0.29,158.19,4.18,-0.32,-0.121,-0.057,0.079,1466,1526,1530,1520,10.00,10.06,19.44,19.48
1787304395.573,33.667,True,1,5.374,5.038,-0.166,0.137,9.970,9.968,0.318,3.705,0.446,3.732,0.446,0.345,-0.144,0.045,5.33,0.29,158.19,4.18,-0.32,-0.121,-0.057,0.079,1466,1526,1530,1520,10.00,10.06,29.43,29.48
1787304395.583,33.677,True,1,5.374,5.038,-0.166,0.134,9.967,9.964,0.318,3.705,0.446,3.731,0.446,0.345,-0.144,0.045,5.33,0.29,158.19,4.18,-0.32,-0.121,-0.057,0.079,1466,1526,1530,1520,10.00,10.06,39.44,39.48
1787304395.593,33.687,True,1,5.374,5.038,-0.166,0.130,9.964,9.961,0.318,3.705,0.446,3.730,0.446,0.345,-0.144,0.045,5.33,0.29,158.19,4.18,-0.31,-0.120,-0.056,0.079,1466,1526,1530,1520,10.00,10.06,49.44,49.49
1787304395.603,33.697,True,1,5.374,5.038,-0.166,0.127,9.960,9.958,0.318,3.705,0.446,3.729,0.446,0.345,-0.144,0.045,5.33,0.29,158.19,4.18,-0.31,-0.120,-0.056,0.079,1466,1526,1530,1519,10.00,10.06,59.44,59.48
1787304395.614,33.708,True,1,5.365,5.038,-0.207,0.281,10.114,10.111,0.323,3.693,0.450,3.728,0.446,0.333,-0.148,0.047,5.42,0.48,157.70,4.12,-0.22,-0.137,-0.065,0.101,1464,1527,1534,1525,10.00,10.06,-0.51,-0.56
1787304395.623,33.717,True,1,5.365,5.038,-0.207,0.278,10.111,10.107,0.323,3.693,0.450,3.727,0.446,0.333,-0.148,0.047,5.42,0.48,157.70,4.12,-0.22,-0.136,-0.064,0.101,1464,1527,1534,1525,10.00,10.06,9.49,9.44
1787304395.633,33.727,True,1,5.365,5.038,-0.207,0.275,10.107,10.104,0.322,3.693,0.450,3.726,0.446,0.333,-0.148,0.047,5.42,0.48,157.70,4.12,-0.21,-0.136,-0.064,0.101,1464,1527,1534,1525,10.00,10.06,19.49,19.44
1787304395.643,33.737,True,1,5.365,5.038,-0.207,0.271,10.104,10.101,0.322,3.693,0.450,3.724,0.446,0.333,-0.148,0.047,5.42,0.48,157.70,4.12,-0.21,-0.136,-0.064,0.101,1464,1527,1534,1525,10.00,10.06,29.49,29.44
1787304395.653,33.747,True,1,5.365,5.038,-0.207,0.268,10.101,10.098,0.322,3.693,0.450,3.723,0.447,0.333,-0.148,0.047,5.42,0.48,157.70,4.12,-0.21,-0.136,-0.063,0.101,1464,1527,1534,1524,10.00,10.06,39.49,39.44
1787304395.663,33.757,True,1,5.365,5.038,-0.207,0.265,10.098,10.094,0.322,3.693,0.450,3.722,0.447,0.333,-0.148,0.047,5.42,0.48,157.70,4.12,-0.21,-0.136,-0.063,0.101,1464,1527,1534,1524,10.00,10.06,49.49,49.44
1787304395.673,33.767,True,1,5.365,5.038,-0.207,0.262,10.094,10.091,0.322,3.693,0.450,3.721,0.447,0.333,-0.148,0.047,5.42,0.48,157.70,4.12,-0.20,-0.136,-0.063,0.101,1464,1526,1534,1524,10.00,10.06,59.49,59.44
1787304395.683,33.777,True,1,5.365,5.038,-0.207,0.258,10.091,10.088,0.322,3.693,0.450,3.721,0.447,0.333,-0.148,0.047,5.42,0.48,157.70,4.13,-0.20,-0.136,-0.063,0.101,1464,1526,1534,1524,10.00,10.06,69.49,69.44
1787304395.693,33.787,True,1,5.365,5.038,-0.207,0.255,10.088,10.085,0.322,3.693,0.450,3.720,0.447,0.333,-0.148,0.047,5.42,0.48,157.70,4.13,-0.20,-0.136,-0.062,0.101,1464,1526,1533,1524,10.00,10.06,79.49,79.44
1787304395.704,33.798,True,1,5.354,5.038,-0.208,0.302,10.133,10.131,0.323,3.681,0.453,3.718,0.447,0.321,-0.167,0.040,4.95,0.07,157.26,3.97,-0.02,-0.103,0.000,0.114,1468,1479,1535,1526,10.00,10.06,-0.56,-0.61
1787304395.713,33.807,True,1,5.354,5.038,-0.208,0.299,10.130,10.128,0.323,3.681,0.453,3.717,0.447,0.321,-0.167,0.040,4.95,0.07,157.26,3.97,-0.01,-0.103,0.001,0.114,1468,1479,1535,1526,10.00,10.06,9.45,9.40
1787304395.723,33.817,True,1,5.354,5.038,-0.208,0.296,10.127,10.125,0.323,3.681,0.453,3.716,0.448,0.321,-0.167,0.040,4.95,0.07,157.26,3.97,-0.01,-0.103,0.001,0.114,1468,1479,1535,1525,10.00,10.06,19.44,19.39
1787304395.733,33.827,True,1,5.354,5.038,-0.208,0.292,10.123,10.122,0.323,3.681,0.453,3.715,0.448,0.321,-0.167,0.040,4.95,0.07,157.26,3.97,-0.00,-0.103,0.002,0.114,1468,1479,1535,1525,10.00,10.06,29.44,29.39
1787304395.743,33.837,True,1,5.354,5.038,-0.208,0.289,10.120,10.119,0.323,3.681,0.453,3.714,0.448,0.321,-0.167,0.040,4.95,0.07,157.26,3.97,0.00,-0.103,0.002,0.114,1468,1479,1535,1525,10.00,10.06,39.44,39.39
1787304395.753,33.847,True,1,5.354,5.038,-0.208,0.286,10.117,10.116,0.323,3.681,0.453,3.712,0.448,0.321,-0.167,0.040,4.95,0.07,157.26,3.97,0.01,-0.103,0.003,0.114,1468,1479,1535,1525,10.00,10.06,49.44,49.40
1787304395.763,33.857,True,1,5.354,5.038,-0.208,0.283,10.114,10.113,0.323,3.681,0.453,3.711,0.448,0.321,-0.167,0.040,4.95,0.07,157.26,3.98,0.01,-0.103,0.003,0.114,1468,1479,1535,1525,10.00,10.06,59.44,59.39
1787304395.774,33.868,True,1,5.342,5.038,-0.179,0.240,10.071,10.070,0.321,3.669,0.456,3.710,0.449,0.309,-0.170,0.038,4.40,-0.24,157.05,3.95,0.05,-0.046,0.040,0.120,1474,1475,1536,1523,10.00,10.06,-0.53,-0.58
1787304395.783,33.877,True,1,5.342,5.038,-0.179,0.237,10.067,10.067,0.321,3.669,0.456,3.709,0.449,0.309,-0.170,0.038,4.40,-0.24,157.05,3.95,0.06,-0.046,0.040,0.120,1474,1475,1536,1523,10.00,10.06,9.47,9.42
1787304395.793,33.887,True,1,5.342,5.038,-0.179,0.234,10.064,10.064,0.321,3.669,0.456,3.707,0.449,0.309,-0.170,0.038,4.40,-0.24,157.05,3.96,0.06,-0.046,0.041,0.120,1474,1475,1536,1523,10.00,10.06,19.47,19.42
1787304395.803,33.897,True,1,5.342,5.038,-0.179,0.231,10.061,10.061,0.321,3.669,0.456,3.706,0.449,0.309,-0.170,0.038,4.40,-0.24,157.05,3.96,0.07,-0.046,0.041,0.120,1474,1475,1536,1523,10.00,10.06,29.46,29.42
1787304395.813,33.907,True,1,5.342,5.038,-0.179,0.228,10.058,10.058,0.321,3.669,0.456,3.705,0.449,0.309,-0.170,0.038,4.40,-0.24,157.05,3.96,0.07,-0.046,0.042,0.120,1474,1475,1536,1523,10.00,10.06,39.47,39.42
1787304395.823,33.917,True,1,5.342,5.038,-0.179,0.225,10.055,10.055,0.321,3.669,0.456,3.704,0.450,0.309,-0.170,0.038,4.40,-0.24,157.05,3.96,0.08,-0.046,0.042,0.120,1474,1475,1536,1523,10.00,10.06,49.47,49.42
1787304395.833,33.927,True,1,5.342,5.038,-0.179,0.222,10.052,10.052,0.321,3.669,0.456,3.702,0.450,0.309,-0.170,0.038,4.40,-0.24,157.05,3.96,0.08,-0.045,0.043,0.120,1474,1475,1536,1523,10.00,10.06,59.47,59.42
1787304395.843,33.937,True,1,5.342,5.038,-0.179,0.219,10.049,10.049,0.321,3.669,0.456,3.701,0.450,0.309,-0.170,0.038,4.40,-0.24,157.05,3.96,0.08,-0.045,0.043,0.120,1474,1475,1536,1523,10.00,10.06,69.46,69.42
1787304395.853,33.947,True,1,5.342,5.038,-0.179,0.216,10.046,10.046,0.321,3.669,0.456,3.700,0.450,0.309,-0.170,0.038,4.40,-0.24,157.05,3.96,0.09,-0.045,0.043,0.120,1474,1475,1536,1523,10.00,10.06,79.47,79.42
1787304395.864,33.958,True,1,5.331,5.038,-0.165,0.213,10.044,10.042,0.321,3.657,0.458,3.699,0.451,0.297,-0.183,0.045,3.67,-0.78,156.98,3.98,0.25,0.034,0.116,0.119,1523,1467,1536,1522,10.00,10.06,-0.57,-0.61
1787304395.873,33.967,True,1,5.331,5.038,-0.165,0.210,10.041,10.039,0.320,3.657,0.458,3.697,0.451,0.297,-0.183,0.045,3.67,-0.78,156.98,3.98,0.26,0.034,0.116,0.119,1523,1467,1536,1522,10.00,10.06,9.43,9.38
1787304395.883,33.977,True,1,5.331,5.038,-0.165,0.207,10.038,10.036,0.320,3.657,0.458,3.696,0.451,0.297,-0.183,0.045,3.67,-0.78,156.98,3.98,0.26,0.034,0.117,0.119,1523,1467,1536,1522,10.00,10.06,19.43,19.38
1787304395.893,33.987,True,1,5.331,5.038,-0.165,0.204,10.035,10.033,0.320,3.657,0.458,3.695,0.451,0.297,-0.183,0.045,3.67,-0.78,156.98,3.98,0.27,0.034,0.117,0.118,1523,1466,1536,1522,10.00,10.06,29.43,29.38
1787304395.903,33.997,True,1,5.331,5.038,-0.165,0.201,10.032,10.031,0.320,3.657,0.458,3.694,0.451,0.297,-0.183,0.045,3.67,-0.78,156.98,3.98,0.27,0.034,0.118,0.118,1523,1466,1536,1522,10.00,10.06,39.43,39.38
1787304395.913,34.007,True,1,5.331,5.038,-0.165,0.198,10.029,10.028,0.320,3.657,0.458,3.692,0.452,0.297,-0.183,0.045,3.67,-0.78,156.98,3.98,0.28,0.034,0.118,0.118,1523,1466,1536,1522,10.00,10.06,49.43,49.38
1787304395.923,34.017,True,1,5.331,5.038,-0.165,0.196,10.027,10.025,0.320,3.657,0.458,3.691,0.452,0.297,-0.183,0.045,3.67,-0.78,156.98,3.98,0.28,0.034,0.119,0.118,1523,1466,1536,1522,10.00,10.06,59.43,59.38
1787304395.933,34.027,True,1,5.331,5.038,-0.165,0.193,10.024,10.022,0.320,3.657,0.458,3.690,0.452,0.297,-0.183,0.045,3.67,-0.78,156.98,3.98,0.29,0.034,0.119,0.118,1523,1466,1536,1522,10.00,10.06,69.43,69.39
1787304395.944,34.038,True,1,5.323,5.038,-0.183,0.276,10.106,10.104,0.323,3.647,0.460,3.689,0.452,0.286,-0.191,0.037,3.52,-0.57,157.12,3.84,0.32,0.035,0.100,0.114,1523,1468,1535,1525,10.00,10.07,-0.57,-0.52
1787304395.953,34.047,True,1,5.322,5.038,-0.177,0.259,10.089,10.088,0.322,3.644,0.460,3.687,0.453,0.284,-0.183,0.035,3.52,-0.57,157.12,3.86,0.24,0.037,0.092,0.114,1524,1469,1535,1524,9.99,10.06,9.42,-0.07
1787304395.963,34.057,True,1,5.322,5.038,-0.177,0.257,10.086,10.085,0.322,3.644,0.460,3.686,0.453,0.284,-0.183,0.035,3.52,-0.57,157.12,3.86,0.25,0.037,0.093,0.114,1524,1469,1535,1524,10.02,10.08,19.44,9.94
1787304395.973,34.068,True,1,5.321,5.038,-0.148,0.170,10.000,9.999,0.319,3.642,0.461,3.684,0.453,0.282,-0.188,0.045,3.39,-0.47,157.27,3.96,0.34,0.061,0.091,0.108,1526,1469,1534,1521,9.98,10.06,-0.16,-0.11
1787304395.983,34.077,True,1,5.321,5.038,-0.148,0.167,9.998,9.996,0.319,3.642,0.461,3.683,0.453,0.282,-0.188,0.045,3.39,-0.47,157.27,3.96,0.35,0.061,0.092,0.108,1526,1469,1534,1521,10.00,10.06,9.84,9.89
1787304395.993,34.087,True,1,5.321,5.038,-0.148,0.164,9.995,9.993,0.319,3.642,0.461,3.682,0.454,0.282,-0.188,0.045,3.39,-0.47,157.27,3.96,0.35,0.061,0.093,0.108,1526,1469,1534,1521,10.00,10.06,19.84,19.89
1787304396.003,34.097,True,1,5.321,5.038,-0.148,0.161,9.992,9.990,0.319,3.642,0.461,3.680,0.454,0.282,-0.188,0.045,3.39,-0.47,157.27,3.97,0.36,0.061,0.093,0.108,1526,1469,1534,1521,10.00,10.06,29.84,29.89
1787304396.013,34.107,True,1,5.321,5.038,-0.148,0.158,9.989,9.987,0.319,3.642,0.461,3.679,0.454,0.282,-0.188,0.045,3.39,-0.47,157.27,3.97,0.36,0.061,0.094,0.108,1526,1469,1534,1521,10.00,10.06,39.84,39.89
1787304396.023,34.118,True,1,5.316,5.038,-0.150,0.180,10.011,10.009,0.319,3.634,0.463,3.677,0.454,0.273,-0.196,0.052,3.37,-0.34,157.55,3.99,0.45,0.066,0.089,0.096,1527,1470,1533,1521,10.00,10.06,-0.31,-0.36
1787304396.033,34.127,True,1,5.316,5.038,-0.150,0.177,10.008,10.007,0.319,3.634,0.463,3.676,0.455,0.273,-0.196,0.052,3.37,-0.34,157.55,3.99,0.46,0.066,0.090,0.096,1527,1470,1533,1521,10.00,10.06,9.69,9.65
1787304396.043,34.137,True,1,5.316,5.038,-0.150,0.174,10.005,10.004,0.319,3.634,0.463,3.675,0.455,0.273,-0.196,0.052,3.37,-0.34,157.55,3.99,0.47,0.066,0.090,0.096,1527,1469,1533,1521,10.01,10.07,19.70,19.65
1787304396.053,34.147,True,1,5.316,5.038,-0.150,0.171,10.003,10.001,0.319,3.634,0.463,3.673,0.455,0.273,-0.196,0.052,3.37,-0.34,157.55,3.99,0.47,0.066,0.091,0.096,1527,1469,1533,1521,9.99,10.06,29.69,29.64
1787304396.063,34.157,True,1,5.316,5.038,-0.150,0.169,10.000,9.998,0.319,3.634,0.463,3.672,0.456,0.273,-0.196,0.052,3.37,-0.34,157.55,3.99,0.48,0.066,0.092,0.096,1527,1469,1533,1521,10.00,10.06,39.69,39.64
1787304396.073,34.167,True,1,5.316,5.038,-0.150,0.166,9.997,9.996,0.319,3.634,0.463,3.671,0.456,0.273,-0.196,0.052,3.37,-0.34,157.55,3.99,0.48,0.066,0.092,0.096,1527,1469,1533,1521,10.00,10.07,49.70,49.65
1787304396.083,34.177,True,1,5.316,5.038,-0.150,0.163,9.994,9.993,0.319,3.634,0.463,3.669,0.456,0.273,-0.196,0.052,3.37,-0.34,157.55,3.99,0.49,0.066,0.093,0.096,1527,1469,1533,1521,10.00,10.07,59.70,59.65
1787304396.094,34.188,True,1,5.313,5.038,-0.134,0.127,9.959,9.958,0.318,3.625,0.466,3.668,0.456,0.265,-0.196,0.052,3.39,0.17,158.14,4.02,0.45,0.066,0.034,0.073,1527,1476,1530,1519,9.99,10.06,-0.47,-0.42
1787304396.103,34.198,True,1,5.310,5.038,-0.140,0.151,9.981,9.981,0.319,3.620,0.467,3.666,0.457,0.259,-0.207,0.044,3.45,0.31,158.30,3.89,0.52,0.046,0.027,0.067,1525,1477,1529,1520,10.00,10.06,-0.13,-0.17
1787304396.113,34.207,True,1,5.310,5.038,-0.140,0.148,9.978,9.978,0.318,3.620,0.467,3.665,0.457,0.259,-0.207,0.044,3.45,0.31,158.30,3.89,0.53,0.046,0.028,0.067,1525,1476,1529,1520,10.00,10.07,9.88,9.83
1787304396.123,34.217,True,1,5.310,5.038,-0.140,0.146,9.976,9.975,0.318,3.620,0.467,3.663,0.457,0.259,-0.207,0.044,3.45,0.31,158.30,3.89,0.54,0.046,0.028,0.066,1525,1476,1529,1520,9.99,10.06,19.87,19.82
1787304396.133,34.227,True,1,5.310,5.038,-0.140,0.143,9.973,9.973,0.318,3.620,0.467,3.662,0.458,0.259,-0.207,0.044,3.45,0.31,158.30,3.90,0.55,0.046,0.029,0.066,1525,1476,1529,1520,10.00,10.06,29.87,29.82
1787304396.143,34.238,True,1,5.308,5.038,-0.120,0.090,9.920,9.920,0.317,3.614,0.469,3.660,0.458,0.254,-0.197,0.041,3.45,0.43,158.57,3.92,0.43,0.048,0.004,0.056,1525,1479,1527,1518,10.00,10.06,-0.17,-0.22
1787304396.153,34.247,True,1,5.308,5.038,-0.124,0.102,9.934,9.933,0.317,3.612,0.470,3.659,0.459,0.252,-0.198,0.054,3.51,0.54,158.75,4.04,0.48,0.055,-0.003,0.049,1526,1520,1526,1519,10.00,10.06,-0.05,-0.10
1787304396.163,34.257,True,1,5.308,5.038,-0.124,0.099,9.931,9.931,0.317,3.612,0.470,3.657,0.459,0.252,-0.198,0.054,3.51,0.54,158.75,4.04,0.49,0.055,-0.002,0.049,1526,1520,1526,1518,10.00,10.06,9.96,9.90
1787304396.173,34.268,True,1,5.307,5.038,-0.090,-0.006,9.828,9.827,0.314,3.611,0.471,3.656,0.459,0.250,-0.197,0.072,3.59,0.71,159.04,4.27,0.54,0.070,-0.015,0.037,1527,1521,1525,1515,10.00,10.06,-0.17,-0.11
1787304396.183,34.277,True,1,5.307,5.038,-0.142,0.149,9.979,9.979,0.318,3.609,0.471,3.654,0.460,0.248,-0.202,0.042,3.62,0.75,159.13,3.89,0.47,0.029,-0.027,0.034,1523,1523,1524,1520,10.00,10.06,-0.12,-0.07
1787304396.193,34.287,True,1,5.307,5.038,-0.142,0.146,9.976,9.976,0.318,3.609,0.471,3.652,0.460,0.248,-0.202,0.042,3.62,0.75,159.13,3.90,0.48,0.029,-0.027,0.034,1523,1522,1524,1520,10.00,10.06,9.88,9.94
1787304396.203,34.297,True,1,5.307,5.038,-0.142,0.143,9.974,9.973,0.318,3.609,0.471,3.651,0.460,0.248,-0.202,0.042,3.62,0.75,159.13,3.90,0.48,0.029,-0.026,0.034,1523,1522,1524,1520,10.00,10.06,19.88,19.94
1787304396.213,34.307,True,1,5.307,5.038,-0.142,0.141,9.971,9.971,0.318,3.609,0.471,3.650,0.461,0.248,-0.202,0.042,3.62,0.75,159.13,3.90,0.49,0.029,-0.025,0.034,1523,1522,1524,1520,10.00,10.06,29.88,29.93
1787304396.223,34.317,True,1,5.307,5.038,-0.142,0.138,9.968,9.968,0.318,3.609,0.471,3.648,0.461,0.248,-0.202,0.042,3.62,0.75,159.13,3.90,0.50,0.029,-0.025,0.034,1523,1522,1524,1520,10.00,10.06,39.88,39.93
1787304396.233,34.327,True,1,5.307,5.038,-0.142,0.135,9.965,9.965,0.318,3.609,0.471,3.647,0.462,0.248,-0.202,0.042,3.62,0.75,159.13,3.90,0.50,0.029,-0.024,0.034,1523,1522,1524,1520,10.01,10.07,49.89,49.94
1787304396.243,34.337,True,1,5.307,5.038,-0.142,0.133,9.963,9.963,0.318,3.609,0.471,3.646,0.462,0.248,-0.202,0.042,3.62,0.75,159.13,3.90,0.51,0.029,-0.023,0.034,1523,1522,1524,1520,10.00,10.07,59.88,59.94
1787304396.253,34.347,True,1,5.307,5.038,-0.142,0.130,9.960,9.960,0.318,3.609,0.471,3.644,0.462,0.248,-0.202,0.042,3.62,0.75,159.13,3.90,0.52,0.029,-0.023,0.033,1523,1522,1524,1520,9.99,10.06,69.88,69.93
1787304396.264,34.358,True,1,5.302,5.038,-0.132,0.120,9.950,9.949,0.318,3.595,0.477,3.643,0.463,0.235,-0.197,0.036,4.16,1.08,159.99,3.87,0.40,-0.030,-0.071,-0.000,1476,1527,1479,1519,10.00,10.06,-0.53,-0.58
1787304396.273,34.367,True,1,5.302,5.038,-0.132,0.117,9.947,9.946,0.317,3.595,0.477,3.641,0.463,0.235,-0.197,0.036,4.16,1.08,159.99,3.87,0.41,-0.030,-0.070,-0.000,1476,1527,1479,1519,10.00,10.06,9.47,9.42
1787304396.283,34.377,True,1,5.302,5.038,-0.132,0.115,9.944,9.944,0.317,3.595,0.477,3.640,0.464,0.235,-0.197,0.036,4.16,1.08,159.99,3.87,0.42,-0.030,-0.069,-0.000,1476,1527,1479,1519,10.00,10.06,19.47,19.42
1787304396.293,34.387,True,1,5.302,5.038,-0.132,0.112,9.942,9.941,0.317,3.595,0.477,3.638,0.464,0.235,-0.197,0.036,4.16,1.08,159.99,3.87,0.43,-0.030,-0.068,-0.001,1476,1527,1479,1519,10.00,10.06,29.47,29.42
1787304396.303,34.397,True,1,5.302,5.038,-0.132,0.109,9.939,9.938,0.317,3.595,0.477,3.637,0.464,0.235,-0.197,0.036,4.16,1.08,159.99,3.87,0.44,-0.030,-0.068,-0.001,1476,1527,1479,1519,10.00,10.06,39.47,39.42
1787304396.313,34.407,True,1,5.302,5.038,-0.132,0.107,9.937,9.936,0.317,3.595,0.477,3.635,0.465,0.235,-0.197,0.036,4.16,1.08,159.99,3.88,0.44,-0.030,-0.067,-0.001,1476,1527,1479,1519,10.00,10.06,49.47,49.42
1787304396.323,34.417,True,1,5.302,5.038,-0.132,0.104,9.934,9.933,0.317,3.595,0.477,3.634,0.465,0.235,-0.197,0.036,4.16,1.08,159.99,3.88,0.45,-0.030,-0.066,-0.001,1476,1527,1479,1519,10.00,10.06,59.47,59.42
1787304396.333,34.427,True,1,5.302,5.038,-0.132,0.102,9.931,9.931,0.317,3.595,0.477,3.633,0.466,0.235,-0.197,0.036,4.16,1.08,159.99,3.88,0.46,-0.029,-0.065,-0.001,1476,1527,1479,1518,10.00,10.06,69.47,69.42
1787304396.343,34.437,True,1,5.302,5.038,-0.132,0.099,9.929,9.928,0.317,3.595,0.477,3.632,0.466,0.235,-0.197,0.036,4.16,1.08,159.99,3.88,0.46,-0.029,-0.065,-0.001,1476,1527,1479,1518,10.00,10.06,79.47,79.42
1787304396.354,34.448,True,1,5.295,5.038,-0.112,0.064,9.894,9.894,0.316,3.582,0.482,3.630,0.467,0.222,-0.195,0.038,4.12,1.03,160.90,3.94,0.39,-0.018,-0.070,-0.040,1478,1527,1474,1517,10.00,10.06,-0.57,-0.62
1787304396.363,34.457,True,1,5.295,5.038,-0.112,0.061,9.892,9.891,0.316,3.582,0.482,3.628,0.467,0.222,-0.195,0.038,4.12,1.03,160.90,3.94,0.40,-0.018,-0.069,-0.041,1478,1527,1474,1517,10.00,10.06,9.44,9.39
1787304396.373,34.467,True,1,5.295,5.038,-0.112,0.059,9.889,9.889,0.316,3.582,0.482,3.627,0.468,0.222,-0.195,0.038,4.12,1.03,160.90,3.94,0.41,-0.017,-0.068,-0.041,1478,1527,1474,1517,9.99,10.06,19.43,19.38
1787304396.383,34.477,True,1,5.295,5.038,-0.112,0.056,9.887,9.886,0.316,3.582,0.482,3.625,0.468,0.222,-0.195,0.038,4.12,1.03,160.90,3.94,0.42,-0.017,-0.067,-0.041,1478,1527,1474,1517,10.00,10.06,29.43,29.38
1787304396.393,34.487,True,1,5.295,5.038,-0.112,0.054,9.884,9.884,0.315,3.582,0.482,3.624,0.468,0.222,-0.195,0.038,4.12,1.03,160.90,3.95,0.43,-0.017,-0.066,-0.041,1478,1527,1474,1517,10.00,10.06,39.43,39.39
1787304396.403,34.497,True,1,5.295,5.038,-0.112,0.051,9.882,9.881,0.315,3.582,0.482,3.622,0.469,0.222,-0.195,0.038,4.12,1.03,160.90,3.95,0.43,-0.017,-0.066,-0.041,1478,1527,1474,1517,10.00,10.06,49.44,49.39
1787304396.413,34.507,True,1,5.295,5.038,-0.112,0.049,9.879,9.878,0.315,3.582,0.482,3.621,0.469,0.222,-0.195,0.038,4.12,1.03,160.90,3.95,0.44,-0.017,-0.065,-0.041,1478,1527,1474,1517,10.00,10.06,59.44,59.39
1787304396.423,34.517,True,1,5.295,5.038,-0.112,0.046,9.876,9.876,0.315,3.582,0.482,3.620,0.470,0.222,-0.195,0.038,4.12,1.03,160.90,3.95,0.45,-0.016,-0.064,-0.041,1478,1527,1474,1517,10.00,10.06,69.43,69.38
1787304396.434,34.528,True,1,5.290,5.038,-0.117,0.079,9.907,9.906,0.316,3.571,0.485,3.618,0.470,0.211,-0.180,0.023,4.29,1.02,161.72,3.84,0.21,-0.046,-0.091,-0.074,1474,1530,1469,1518,10.00,10.06,-0.56,-0.51
1787304396.443,34.537,True,1,5.290,5.038,-0.117,0.076,9.905,9.904,0.316,3.571,0.485,3.617,0.471,0.211,-0.180,0.023,4.29,1.02,161.72,3.84,0.22,-0.045,-0.090,-0.074,1474,1530,1469,1518,10.00,10.06,9.44,9.48
1787304396.453,34.547,True,1,5.290,5.038,-0.117,0.073,9.902,9.901,0.316,3.571,0.485,3.615,0.471,0.211,-0.180,0.023,4.29,1.02,161.72,3.84,0.23,-0.045,-0.089,-0.075,1474,1529,1469,1517,10.00,10.06,19.44,19.49
1787304396.463,34.557,True,1,5.290,5.038,-0.117,0.071,9.900,9.899,0.316,3.571,0.485,3.614,0.472,0.211,-0.180,0.023,4.29,1.02,161.72,3.84,0.23,-0.045,-0.089,-0.075,1474,1529,1469,1517,10.00,10.06,29.44,29.48
1787304396.476,34.570,True,1,5.286,5.038,-0.137,0.145,9.974,9.974,0.318,3.563,0.487,3.612,0.472,0.204,-0.182,0.026,4.29,0.57,162.23,3.85,0.23,-0.045,-0.043,-0.100,1474,1524,1466,1520,10.00,10.06,-2.44,-2.39
1787304396.483,34.578,True,1,5.285,5.038,-0.126,0.113,9.944,9.944,0.317,3.562,0.488,3.610,0.473,0.202,-0.170,0.039,4.29,0.51,162.31,4.02,0.16,-0.027,-0.045,-0.104,1476,1524,1465,1519,10.01,10.07,-0.15,-0.09
1787304396.493,34.587,True,1,5.285,5.038,-0.126,0.110,9.941,9.941,0.317,3.562,0.488,3.609,0.473,0.202,-0.170,0.039,4.29,0.51,162.31,4.02,0.16,-0.027,-0.044,-0.104,1477,1524,1465,1519,9.99,10.06,9.85,9.91
1787304396.503,34.597,True,1,5.285,5.038,-0.126,0.108,9.939,9.939,0.317,3.562,0.488,3.607,0.474,0.202,-0.170,0.039,4.29,0.51,162.31,4.02,0.17,-0.027,-0.043,-0.104,1477,1524,1465,1519,10.00,10.07,19.85,19.91
1787304396.513,34.608,True,1,5.283,5.038,-0.138,0.152,9.981,9.980,0.319,3.559,0.488,3.605,0.474,0.199,-0.173,0.020,4.27,0.39,162.44,3.81,0.15,-0.047,-0.033,-0.110,1474,1523,1464,1520,9.99,10.06,-0.23,-0.18
1787304396.523,34.617,True,1,5.283,5.038,-0.138,0.149,9.978,9.978,0.318,3.559,0.488,3.604,0.475,0.199,-0.173,0.020,4.27,0.39,162.44,3.81,0.16,-0.047,-0.032,-0.110,1474,1523,1464,1520,10.00,10.06,9.77,9.82
1787304396.533,34.627,True,1,5.283,5.038,-0.138,0.147,9.976,9.975,0.318,3.559,0.488,3.602,0.475,0.199,-0.173,0.020,4.27,0.39,162.44,3.81,0.16,-0.047,-0.032,-0.110,1474,1523,1464,1520,10.00,10.06,19.77,19.82
1787304396.543,34.637,True,1,5.283,5.038,-0.138,0.144,9.973,9.973,0.318,3.559,0.488,3.601,0.476,0.199,-0.173,0.020,4.27,0.39,162.44,3.82,0.17,-0.047,-0.031,-0.110,1474,1523,1464,1520,10.00,10.06,29.77,29.82
1787304396.553,34.648,True,1,5.279,5.038,-0.159,0.217,10.043,10.042,0.321,3.554,0.490,3.599,0.476,0.194,-0.178,0.003,4.30,0.27,162.69,3.61,0.15,-0.072,-0.021,-0.122,1472,1522,1463,1522,10.00,10.06,-0.22,-0.17
1787304396.563,34.657,True,1,5.279,5.038,-0.159,0.214,10.041,10.040,0.320,3.554,0.490,3.598,0.476,0.194,-0.178,0.003,4.30,0.27,162.69,3.61,0.16,-0.071,-0.020,-0.122,1472,1522,1463,1522,10.00,10.06,9.79,9.84
1787304396.573,34.667,True,1,5.279,5.038,-0.159,0.212,10.038,10.038,0.320,3.554,0.490,3.596,0.477,0.194,-0.178,0.003,4.30,0.27,162.69,3.61,0.17,-0.071,-0.019,-0.122,1472,1522,1463,1522,10.00,10.06,19.78,19.83
1787304396.583,34.677,True,1,5.279,5.038,-0.159,0.209,10.036,10.035,0.320,3.554,0.490,3.595,0.477,0.194,-0.178,0.003,4.30,0.27,162.69,3.61,0.18,-0.071,-0.019,-0.122,1472,1522,1462,1522,10.00,10.06,29.78,29.83
1787304396.593,34.688,True,1,5.272,5.038,-0.157,0.229,10.057,10.056,0.321,3.545,0.491,3.593,0.478,0.186,-0.169,0.013,4.26,0.15,162.99,3.73,0.11,-0.055,-0.014,-0.136,1473,1521,1461,1523,10.00,10.06,-0.30,-0.35
1787304396.603,34.697,True,1,5.272,5.038,-0.157,0.226,10.054,10.054,0.321,3.545,0.491,3.592,0.478,0.186,-0.169,0.013,4.26,0.15,162.99,3.74,0.12,-0.054,-0.013,-0.136,1473,1521,1461,1523,10.00,10.06,9.70,9.65
1787304396.613,34.707,True,1,5.272,5.038,-0.157,0.224,10.052,10.052,0.321,3.545,0.491,3.590,0.479,0.186,-0.169,0.013,4.26,0.15,162.99,3.74,0.13,-0.054,-0.012,-0.136,1473,1521,1461,1523,10.00,10.06,19.70,19.65
1787304396.623,34.717,True,1,5.272,5.038,-0.157,0.222,10.050,10.049,0.321,3.545,0.491,3.589,0.479,0.186,-0.169,0.013,4.26,0.15,162.99,3.74,0.13,-0.054,-0.011,-0.136,1473,1521,1461,1523,10.00,10.06,29.70,29.65
1787304396.633,34.727,True,1,5.272,5.038,-0.157,0.219,10.047,10.047,0.321,3.545,0.491,3.587,0.480,0.186,-0.169,0.013,4.26,0.15,162.99,3.74,0.14,-0.054,-0.011,-0.136,1473,1521,1461,1523,10.00,10.06,39.70,39.65
1787304396.643,34.737,True,1,5.272,5.038,-0.157,0.217,10.045,10.045,0.321,3.545,0.491,3.586,0.480,0.186,-0.169,0.013,4.26,0.15,162.99,3.74,0.15,-0.054,-0.010,-0.136,1474,1521,1461,1523,10.00,10.06,49.70,49.65
1787304396.653,34.748,True,1,5.265,5.038,-0.167,0.275,10.103,10.102,0.322,3.537,0.493,3.584,0.480,0.178,-0.184,0.012,4.24,0.01,163.26,3.67,0.29,-0.060,0.017,-0.150,1473,1478,1459,1525,10.00,10.06,-0.36,-0.41
1787304396.663,34.757,True,1,5.261,5.038,-0.155,0.254,10.082,10.081,0.322,3.533,0.493,3.582,0.481,0.175,-0.180,0.014,4.26,0.05,163.30,3.71,0.27,-0.057,0.011,-0.151,1473,1478,1458,1524,10.00,10.06,-0.07,-0.12
1787304396.673,34.767,True,1,5.261,5.038,-0.155,0.252,10.080,10.079,0.322,3.533,0.493,3.581,0.481,0.175,-0.180,0.014,4.26,0.05,163.30,3.71,0.27,-0.057,0.012,-0.151,1473,1478,1458,1524,10.00,10.06,9.93,9.88
1787304396.683,34.777,True,1,5.261,5.038,-0.155,0.249,10.077,10.077,0.322,3.533,0.493,3.579,0.482,0.175,-0.180,0.014,4.26,0.05,163.30,3.71,0.28,-0.057,0.013,-0.151,1473,1478,1458,1524,10.00,10.06,19.93,19.88
1787304396.693,34.787,True,1,5.261,5.038,-0.155,0.247,10.075,10.075,0.322,3.533,0.493,3.578,0.482,0.175,-0.180,0.014,4.26,0.05,163.30,3.72,0.29,-0.057,0.014,-0.151,1473,1478,1458,1524,10.00,10.06,29.94,29.88
1787304396.703,34.797,True,1,5.261,5.038,-0.155,0.245,10.073,10.072,0.321,3.533,0.493,3.576,0.482,0.175,-0.180,0.014,4.26,0.05,163.30,3.72,0.30,-0.056,0.015,-0.151,1473,1478,1458,1524,10.00,10.06,39.94,39.88
1787304396.713,34.808,True,1,5.253,5.038,-0.193,0.387,10.213,10.212,0.326,3.526,0.494,3.575,0.483,0.168,-0.186,0.004,4.16,-0.05,163.43,3.55,0.33,-0.064,0.028,-0.158,1472,1476,1458,1529,10.00,10.06,-0.28,-0.33
1787304396.723,34.817,True,1,5.253,5.038,-0.193,0.384,10.211,10.210,0.326,3.526,0.494,3.573,0.483,0.168,-0.186,0.004,4.16,-0.05,163.43,3.55,0.33,-0.064,0.029,-0.158,1472,1476,1458,1528,10.00,10.06,9.72,9.68
1787304396.733,34.827,True,1,5.253,5.038,-0.193,0.382,10.209,10.208,0.326,3.526,0.494,3.571,0.483,0.168,-0.186,0.004,4.16,-0.05,163.43,3.55,0.34,-0.064,0.030,-0.158,1472,1476,1457,1528,10.00,10.06,19.72,19.67
1787304396.743,34.837,True,1,5.253,5.038,-0.193,0.380,10.207,10.206,0.326,3.526,0.494,3.570,0.484,0.168,-0.186,0.004,4.16,-0.05,163.43,3.55,0.35,-0.064,0.031,-0.158,1472,1476,1457,1528,10.00,10.06,29.72,29.67
1787304396.753,34.848,True,1,5.246,5.038,-0.192,0.403,10.229,10.228,0.326,3.521,0.494,3.568,0.484,0.162,-0.197,-0.001,4.08,-0.07,163.49,3.46,0.45,-0.065,0.043,-0.162,1472,1475,1457,1529,10.00,10.06,-0.26,-0.31
1787304396.763,34.857,True,1,5.246,5.038,-0.192,0.401,10.227,10.226,0.326,3.521,0.494,3.567,0.484,0.162,-0.197,-0.001,4.08,-0.07,163.49,3.46,0.46,-0.065,0.044,-0.162,1472,1475,1457,1529,10.00,10.06,9.74,9.69
1787304396.773,34.868,True,1,5.241,5.038,-0.189,0.411,10.238,10.237,0.327,3.516,0.494,3.565,0.485,0.158,-0.193,0.006,4.04,-0.10,163.50,3.54,0.44,-0.052,0.046,-0.162,1474,1474,1457,1529,10.00,10.06,-0.14,-0.19
1787304396.783,34.877,True,1,5.239,5.038,-0.184,0.402,10.230,10.229,0.326,3.514,0.494,3.563,0.485,0.156,-0.189,0.020,4.01,-0.04,163.46,3.69,0.46,-0.034,0.042,-0.160,1476,1475,1457,1529,10.00,10.06,-0.05,-0.10
1787304396.793,34.887,True,1,5.239,5.038,-0.184,0.400,10.228,10.227,0.326,3.514,0.494,3.562,0.485,0.156,-0.189,0.020,4.01,-0.04,163.46,3.69,0.47,-0.034,0.043,-0.160,1476,1475,1457,1529,10.00,10.06,9.96,9.90
1787304396.803,34.897,True,1,5.239,5.038,-0.184,0.398,10.226,10.225,0.326,3.514,0.494,3.560,0.486,0.156,-0.189,0.020,4.01,-0.04,163.46,3.69,0.48,-0.033,0.043,-0.160,1476,1475,1457,1529,10.00,10.06,19.95,19.90
1787304396.813,34.908,True,1,5.236,5.038,-0.198,0.450,10.277,10.276,0.328,3.512,0.494,3.558,0.486,0.154,-0.192,0.007,3.91,-0.03,163.43,3.54,0.48,-0.039,0.043,-0.159,1475,1475,1457,1531,10.00,10.06,-0.15,-0.10
1787304396.823,34.917,True,1,5.229,5.038,-0.213,0.519,10.345,10.345,0.330,3.506,0.495,3.557,0.486,0.148,-0.200,0.009,3.77,-0.03,163.42,3.51,0.57,-0.028,0.052,-0.159,1476,1474,1457,1533,10.00,10.06,-0.10,-0.15
1787304396.833,34.927,True,1,5.229,5.038,-0.213,0.517,10.344,10.343,0.330,3.506,0.495,3.555,0.486,0.148,-0.200,0.009,3.77,-0.03,163.42,3.51,0.58,-0.028,0.053,-0.159,1476,1474,1457,1533,10.00,10.06,9.90,9.85
1787304396.843,34.937,True,1,5.229,5.038,-0.213,0.515,10.342,10.341,0.330,3.506,0.495,3.553,0.487,0.148,-0.200,0.009,3.77,-0.03,163.42,3.51,0.59,-0.028,0.054,-0.159,1476,1473,1457,1533,10.00,10.06,19.90,19.85
1787304396.853,34.948,True,1,5.227,5.038,-0.204,0.496,10.323,10.322,0.329,3.504,0.495,3.552,0.487,0.146,-0.198,0.011,3.56,0.05,163.29,3.54,0.59,-0.002,0.047,-0.153,1479,1474,1458,1532,10.00,10.06,-0.16,-0.11
1787304396.863,34.957,True,1,5.227,5.038,-0.204,0.494,10.321,10.321,0.329,3.504,0.495,3.550,0.487,0.146,-0.198,0.011,3.56,0.05,163.29,3.54,0.60,-0.002,0.048,-0.153,1479,1474,1458,1532,10.00,10.06,9.84,9.89
1787304396.873,34.968,True,1,5.219,5.038,-0.211,0.546,10.373,10.372,0.331,3.498,0.495,3.548,0.488,0.140,-0.204,0.013,3.43,0.01,163.28,3.52,0.67,0.010,0.061,-0.153,1521,1473,1458,1534,10.00,10.06,-0.10,-0.15
1787304396.883,34.977,True,1,5.217,5.038,-0.208,0.542,10.371,10.370,0.331,3.496,0.495,3.547,0.488,0.139,-0.201,0.023,3.31,0.08,163.13,3.63,0.69,0.033,0.055,-0.146,1523,1473,1459,1534,10.00,10.06,-0.05,-0.10
1787304396.893,34.987,True,1,5.217,5.038,-0.208,0.541,10.369,10.368,0.331,3.496,0.495,3.545,0.488,0.139,-0.201,0.023,3.31,0.08,163.13,3.63,0.70,0.033,0.056,-0.146,1523,1473,1459,1534,10.00,10.06,9.96,9.91
1787304396.903,34.997,True,1,5.214,5.038,-0.212,0.564,10.390,10.390,0.332,3.494,0.495,3.543,0.488,0.136,-0.204,0.008,3.20,0.10,163.01,3.46,0.70,0.027,0.055,-0.141,1523,1473,1460,1535,10.00,10.06,-0.16,-0.11
1787304396.913,35.007,True,1,5.214,5.038,-0.212,0.562,10.389,10.388,0.332,3.494,0.495,3.542,0.488,0.136,-0.204,0.008,3.20,0.10,163.01,3.46,0.71,0.027,0.056,-0.141,1523,1473,1460,1535,10.00,10.06,9.84,9.89
1787304396.923,35.017,True,1,5.214,5.038,-0.212,0.561,10.387,10.386,0.332,3.494,0.495,3.540,0.489,0.136,-0.204,0.008,3.20,0.10,163.01,3.46,0.72,0.027,0.057,-0.141,1523,1473,1460,1535,10.00,10.06,19.84,19.89
1787304396.933,35.027,True,1,5.214,5.038,-0.212,0.559,10.385,10.385,0.331,3.494,0.495,3.539,0.489,0.136,-0.204,0.008,3.20,0.10,163.01,3.46,0.73,0.027,0.058,-0.141,1523,1473,1460,1535,10.00,10.06,29.84,29.89
1787304396.943,35.037,True,1,5.214,5.038,-0.212,0.557,10.384,10.383,0.331,3.494,0.495,3.537,0.489,0.136,-0.204,0.008,3.20,0.10,163.01,3.46,0.74,0.027,0.059,-0.141,1523,1473,1460,1534,10.00,10.06,39.84,39.89
1787304396.953,35.047,True,1,5.214,5.038,-0.212,0.555,10.382,10.381,0.331,3.494,0.495,3.536,0.489,0.136,-0.204,0.008,3.20,0.10,163.01,3.46,0.74,0.027,0.059,-0.141,1523,1473,1460,1534,10.00,10.06,49.84,49.89
1787304396.963,35.057,True,1,5.214,5.038,-0.212,0.554,10.380,10.379,0.331,3.494,0.495,3.534,0.490,0.136,-0.204,0.008,3.20,0.10,163.01,3.46,0.75,0.027,0.060,-0.141,1523,1473,1460,1534,10.00,10.06,59.84,59.89
1787304396.974,35.068,True,1,5.194,5.038,-0.206,0.612,10.442,10.441,0.333,3.480,0.496,3.532,0.490,0.122,-0.199,0.040,3.00,0.44,162.54,3.74,0.83,0.079,0.035,-0.119,1528,1476,1463,1537,10.00,10.06,-0.41,-0.46
1787304396.983,35.077,True,1,5.194,5.038,-0.206,0.610,10.440,10.439,0.333,3.480,0.496,3.531,0.490,0.122,-0.199,0.040,3.00,0.44,162.54,3.74,0.84,0.079,0.036,-0.119,1528,1476,1463,1536,10.00,10.06,9.59,9.54
1787304396.993,35.087,True,1,5.191,5.038,-0.218,0.656,10.483,10.483,0.335,3.478,0.496,3.529,0.490,0.121,-0.196,0.013,3.02,0.66,162.28,3.48,0.75,0.049,0.005,-0.106,1525,1479,1465,1538,10.00,10.06,-0.15,-0.11
1787304397.003,35.097,True,1,5.191,5.038,-0.218,0.655,10.481,10.481,0.335,3.478,0.496,3.527,0.490,0.121,-0.196,0.013,3.02,0.66,162.28,3.48,0.76,0.049,0.006,-0.106,1525,1479,1465,1538,10.00,10.06,9.85,9.90
1787304397.013,35.107,True,1,5.191,5.038,-0.218,0.653,10.480,10.480,0.334,3.478,0.496,3.526,0.491,0.121,-0.196,0.013,3.02,0.66,162.28,3.48,0.77,0.049,0.007,-0.106,1525,1479,1465,1538,10.00,10.06,19.85,19.90
1787304397.023,35.117,True,1,5.191,5.038,-0.218,0.651,10.478,10.478,0.334,3.478,0.496,3.524,0.491,0.121,-0.196,0.013,3.02,0.66,162.28,3.48,0.78,0.049,0.008,-0.106,1525,1479,1465,1538,10.00,10.06,29.85,29.90
1787304397.033,35.127,True,1,5.191,5.038,-0.218,0.650,10.477,10.477,0.334,3.478,0.496,3.522,0.491,0.121,-0.196,0.013,3.02,0.66,162.28,3.48,0.79,0.049,0.008,-0.106,1525,1479,1465,1538,10.00,10.06,39.84,39.89
1787304397.043,35.137,True,1,5.191,5.038,-0.218,0.648,10.475,10.475,0.334,3.478,0.496,3.521,0.491,0.121,-0.196,0.013,3.02,0.66,162.28,3.48,0.80,0.049,0.009,-0.106,1525,1478,1465,1538,10.00,10.06,49.85,49.89
1787304397.053,35.147,True,1,5.191,5.038,-0.218,0.647,10.474,10.474,0.334,3.478,0.496,3.519,0.491,0.121,-0.196,0.013,3.02,0.66,162.28,3.48,0.81,0.049,0.010,-0.106,1525,1478,1465,1538,10.00,10.06,59.85,59.90
1787304397.063,35.157,True,1,5.191,5.038,-0.218,0.645,10.472,10.472,0.334,3.478,0.496,3.518,0.491,0.121,-0.196,0.013,3.02,0.66,162.28,3.48,0.81,0.049,0.011,-0.106,1525,1478,1465,1538,10.00,10.06,69.85,69.90
1787304397.074,35.168,True,1,5.168,5.038,-0.200,0.683,10.510,10.509,0.335,3.462,0.497,3.516,0.492,0.105,-0.185,0.014,3.16,1.56,161.33,3.49,0.78,0.037,-0.085,-0.059,1524,1529,1471,1539,10.00,10.06,-0.51,-0.56
1787304397.083,35.177,True,1,5.168,5.038,-0.200,0.681,10.509,10.508,0.335,3.462,0.497,3.514,0.492,0.105,-0.185,0.014,3.16,1.56,161.33,3.49,0.79,0.037,-0.083,-0.059,1524,1529,1471,1539,10.00,10.06,9.49,9.44
1787304397.093,35.187,True,1,5.168,5.038,-0.200,0.680,10.507,10.506,0.335,3.462,0.497,3.513,0.492,0.105,-0.185,0.014,3.16,1.56,161.33,3.49,0.80,0.037,-0.082,-0.059,1524,1529,1471,1539,10.00,10.06,19.49,19.44
1787304397.103,35.197,True,1,5.168,5.038,-0.200,0.679,10.506,10.505,0.335,3.462,0.497,3.511,0.492,0.105,-0.185,0.014,3.16,1.56,161.33,3.49,0.81,0.036,-0.081,-0.059,1524,1529,1471,1539,10.00,10.06,29.49,29.44
1787304397.113,35.207,True,1,5.168,5.038,-0.200,0.678,10.505,10.504,0.335,3.462,0.497,3.509,0.492,0.105,-0.185,0.014,3.16,1.56,161.33,3.49,0.82,0.036,-0.080,-0.059,1524,1528,1471,1539,10.00,10.06,39.49,39.44
1787304397.123,35.217,True,1,5.168,5.038,-0.200,0.676,10.503,10.502,0.335,3.462,0.497,3.508,0.492,0.105,-0.185,0.014,3.16,1.56,161.33,3.49,0.83,0.036,-0.080,-0.060,1524,1528,1471,1539,10.00,10.06,49.49,49.44
1787304397.133,35.227,True,1,5.168,5.038,-0.200,0.675,10.502,10.501,0.335,3.462,0.497,3.506,0.493,0.105,-0.185,0.014,3.16,1.56,161.33,3.49,0.84,0.036,-0.079,-0.060,1524,1528,1471,1539,10.00,10.06,59.49,59.44
1787304397.144,35.238,True,1,5.150,5.038,-0.183,0.696,10.523,10.521,0.336,3.450,0.498,3.504,0.493,0.094,-0.179,0.015,3.08,1.82,160.31,3.50,0.86,0.044,-0.102,-0.014,1524,1531,1478,1539,10.00,10.06,-0.46,-0.51
1787304397.153,35.247,True,1,5.150,5.038,-0.183,0.694,10.522,10.520,0.336,3.450,0.498,3.503,0.493,0.094,-0.179,0.015,3.08,1.82,160.31,3.49,0.87,0.044,-0.101,-0.014,1524,1531,1478,1539,10.00,10.06,9.54,9.49
1787304397.163,35.257,True,1,5.150,5.038,-0.183,0.693,10.521,10.519,0.336,3.450,0.498,3.501,0.493,0.094,-0.179,0.015,3.08,1.82,160.31,3.49,0.88,0.044,-0.099,-0.014,1524,1531,1478,1539,10.00,10.06,19.54,19.49
1787304397.173,35.267,True,1,5.150,5.038,-0.183,0.692,10.520,10.518,0.336,3.450,0.498,3.499,0.493,0.094,-0.179,0.015,3.08,1.82,160.31,3.49,0.89,0.044,-0.098,-0.014,1524,1530,1477,1539,10.00,10.06,29.54,29.49
1787304397.183,35.277,True,1,5.150,5.038,-0.183,0.691,10.519,10.517,0.336,3.450,0.498,3.497,0.493,0.094,-0.179,0.015,3.08,1.82,160.31,3.49,0.89,0.043,-0.098,-0.014,1524,1530,1477,1539,10.01,10.07,39.55,39.50
1787304397.193,35.287,True,1,5.150,5.038,-0.183,0.690,10.517,10.516,0.336,3.450,0.498,3.496,0.494,0.094,-0.179,0.015,3.08,1.82,160.31,3.49,0.90,0.043,-0.097,-0.015,1524,1530,1477,1539,10.00,10.07,49.55,49.50
1787304397.203,35.297,True,1,5.150,5.038,-0.183,0.689,10.516,10.515,0.336,3.450,0.498,3.494,0.494,0.094,-0.179,0.015,3.08,1.82,160.31,3.49,0.91,0.043,-0.096,-0.015,1524,1530,1477,1539,9.99,10.06,59.54,59.49
1787304397.213,35.307,True,1,5.150,5.038,-0.183,0.688,10.515,10.514,0.336,3.450,0.498,3.493,0.494,0.094,-0.179,0.015,3.08,1.82,160.31,3.48,0.92,0.043,-0.095,-0.015,1524,1530,1477,1539,10.00,10.06,69.54,69.49
1787304397.224,35.318,True,1,5.132,5.038,-0.173,0.726,10.554,10.551,0.337,3.439,0.498,3.491,0.494,0.085,-0.151,0.019,3.41,2.11,158.73,3.57,0.78,0.016,-0.136,0.058,1521,1535,1528,1540,10.00,10.06,-0.59,-0.64
1787304397.233,35.327,True,1,5.132,5.038,-0.173,0.725,10.553,10.550,0.337,3.439,0.498,3.489,0.494,0.085,-0.151,0.019,3.41,2.11,158.73,3.57,0.79,0.016,-0.135,0.058,1521,1534,1528,1540,10.00,10.07,9.41,9.36
1787304397.243,35.337,True,1,5.132,5.038,-0.173,0.724,10.552,10.549,0.337,3.439,0.498,3.488,0.494,0.085,-0.151,0.019,3.41,2.11,158.73,3.57,0.80,0.015,-0.134,0.058,1521,1534,1527,1540,9.99,10.06,19.41,19.36
1787304397.253,35.347,True,1,5.132,5.038,-0.173,0.723,10.551,10.548,0.337,3.439,0.498,3.486,0.494,0.085,-0.151,0.019,3.41,2.11,158.73,3.57,0.81,0.015,-0.133,0.057,1521,1534,1527,1540,10.00,10.06,29.41,29.36
1787304397.263,35.357,True,1,5.132,5.038,-0.173,0.722,10.550,10.547,0.337,3.439,0.498,3.485,0.495,0.085,-0.151,0.019,3.41,2.11,158.73,3.57,0.82,0.015,-0.132,0.057,1521,1534,1527,1540,10.00,10.06,39.41,39.36
1787304397.273,35.368,True,1,5.122,5.038,-0.150,0.695,10.522,10.520,0.336,3.433,0.498,3.483,0.495,0.079,-0.148,0.010,3.76,1.89,157.78,3.48,0.83,-0.032,-0.106,0.098,1476,1531,1533,1539,10.00,10.06,-0.28,-0.33
1787304397.283,35.377,True,1,5.120,5.038,-0.159,0.727,10.556,10.554,0.337,3.432,0.498,3.481,0.495,0.078,-0.134,0.019,3.88,1.84,157.56,3.60,0.75,-0.032,-0.107,0.108,1476,1531,1535,1540,10.00,10.06,-0.06,-0.11
1787304397.293,35.387,True,1,5.120,5.038,-0.159,0.727,10.555,10.553,0.337,3.432,0.498,3.480,0.495,0.078,-0.134,0.019,3.88,1.84,157.56,3.60,0.76,-0.032,-0.106,0.108,1476,1531,1535,1540,10.00,10.06,9.94,9.88
1787304397.303,35.397,True,1,5.120,5.038,-0.159,0.726,10.554,10.552,0.337,3.432,0.498,3.478,0.495,0.078,-0.134,0.019,3.88,1.84,157.56,3.60,0.77,-0.032,-0.106,0.108,1476,1531,1534,1540,10.00,10.06,19.94,19.89
1787304397.313,35.408,True,1,5.115,5.038,-0.148,0.714,10.543,10.542,0.336,3.429,0.498,3.476,0.495,0.075,-0.129,0.029,4.01,1.76,157.01,3.70,0.81,-0.036,-0.090,0.131,1475,1530,1538,1540,10.00,10.06,-0.17,-0.22
1787304397.323,35.417,True,1,5.115,5.038,-0.148,0.713,10.542,10.541,0.336,3.429,0.498,3.475,0.495,0.075,-0.129,0.029,4.01,1.76,157.01,3.70,0.82,-0.036,-0.090,0.131,1475,1529,1538,1540,10.00,10.06,9.83,9.78
1787304397.333,35.427,True,1,5.115,5.038,-0.148,0.712,10.542,10.540,0.336,3.429,0.498,3.473,0.495,0.075,-0.129,0.029,4.01,1.76,157.01,3.70,0.83,-0.037,-0.089,0.131,1475,1529,1538,1540,10.00,10.06,19.83,19.78
1787304397.343,35.437,True,1,5.115,5.038,-0.148,0.711,10.541,10.539,0.336,3.429,0.498,3.472,0.495,0.075,-0.129,0.029,4.01,1.76,157.01,3.69,0.83,-0.037,-0.088,0.131,1475,1529,1538,1540,10.00,10.06,29.83,29.78
1787304397.353,35.448,True,1,5.108,5.038,-0.143,0.722,10.550,10.548,0.337,3.426,0.498,3.470,0.495,0.072,-0.126,0.013,4.13,1.70,156.31,3.55,0.80,-0.066,-0.083,0.161,1472,1529,1542,1540,10.00,10.06,-0.17,-0.22
1787304397.363,35.457,True,1,5.108,5.038,-0.143,0.722,10.549,10.548,0.337,3.426,0.498,3.469,0.496,0.072,-0.126,0.013,4.13,1.70,156.31,3.54,0.81,-0.066,-0.082,0.161,1472,1529,1542,1540,10.00,10.06,9.83,9.78
1787304397.373,35.468,True,1,5.104,5.038,-0.144,0.743,10.571,10.569,0.337,3.423,0.498,3.467,0.496,0.069,-0.130,0.011,4.15,1.53,155.66,3.49,0.88,-0.074,-0.055,0.188,1471,1526,1546,1541,10.00,10.06,-0.15,-0.20
1787304397.383,35.477,True,1,5.104,5.038,-0.144,0.743,10.570,10.569,0.337,3.423,0.498,3.466,0.496,0.069,-0.130,0.011,4.13,1.41,155.33,3.48,0.91,-0.073,-0.038,0.201,1471,1524,1547,1541,10.00,10.06,-0.06,9.80
1787304397.393,35.487,True,1,5.104,5.038,-0.144,0.742,10.569,10.568,0.337,3.423,0.498,3.464,0.496,0.069,-0.130,0.011,4.13,1.41,155.33,3.48,0.92,-0.073,-0.037,0.201,1471,1524,1547,1541,10.00,10.06,9.94,19.80
1787304397.403,35.497,True,1,5.099,5.038,-0.122,0.693,10.521,10.520,0.336,3.420,0.497,3.463,0.496,0.066,-0.130,0.011,4.19,1.32,155.05,3.49,0.95,-0.078,-0.024,0.212,1471,1522,1549,1539,10.00,10.06,-0.10,-0.15
1787304397.413,35.507,True,1,5.099,5.038,-0.122,0.692,10.520,10.519,0.336,3.420,0.497,3.461,0.496,0.066,-0.130,0.011,4.19,1.32,155.05,3.49,0.96,-0.078,-0.023,0.212,1471,1522,1549,1539,10.00,10.06,9.90,9.85
1787304397.423,35.517,True,1,5.099,5.038,-0.122,0.692,10.519,10.518,0.336,3.420,0.497,3.460,0.496,0.066,-0.130,0.011,4.19,1.32,155.05,3.49,0.96,-0.079,-0.022,0.212,1471,1522,1549,1539,10.00,10.06,19.90,19.85
1787304397.433,35.527,True,1,5.099,5.038,-0.122,0.691,10.519,10.518,0.336,3.420,0.497,3.459,0.496,0.066,-0.130,0.011,4.19,1.32,155.05,3.48,0.97,-0.079,-0.022,0.212,1471,1522,1549,1539,10.00,10.06,29.90,29.85
1787304397.443,35.538,True,1,5.091,5.038,-0.116,0.705,10.530,10.529,0.336,3.414,0.497,3.457,0.496,0.061,-0.139,-0.015,3.96,0.73,154.01,3.19,1.00,-0.085,0.046,0.253,1470,1474,1555,1540,10.00,10.06,-0.26,-0.31
1787304397.453,35.547,True,1,5.091,5.038,-0.116,0.705,10.529,10.528,0.336,3.414,0.497,3.456,0.496,0.061,-0.139,-0.015,3.96,0.73,154.01,3.18,1.01,-0.085,0.047,0.253,1470,1474,1555,1540,10.00,10.06,9.74,9.69
1787304397.463,35.557,True,1,5.091,5.038,-0.116,0.704,10.529,10.528,0.336,3.414,0.497,3.454,0.496,0.061,-0.139,-0.015,3.96,0.73,154.01,3.18,1.02,-0.086,0.048,0.253,1470,1474,1555,1540,10.00,10.06,19.74,19.70
1787304397.473,35.568,True,1,5.089,5.038,-0.120,0.722,10.548,10.547,0.337,3.412,0.496,3.453,0.496,0.059,-0.139,-0.003,3.65,0.42,153.56,3.27,1.10,-0.041,0.089,0.270,1475,1470,1557,1540,10.00,10.06,-0.16,-0.11
1787304397.483,35.577,True,1,5.087,5.038,-0.128,0.756,10.580,10.579,0.338,3.411,0.496,3.452,0.496,0.058,-0.135,-0.015,3.58,0.32,153.35,3.17,1.03,-0.044,0.092,0.279,1475,1469,1558,1541,10.00,10.06,-0.10,-0.05
1787304397.493,35.587,True,1,5.087,5.038,-0.128,0.755,10.580,10.579,0.338,3.411,0.496,3.450,0.496,0.058,-0.135,-0.015,3.58,0.32,153.35,3.16,1.04,-0.045,0.093,0.279,1475,1469,1558,1541,10.00,10.06,9.90,9.96
1787304397.503,35.597,True,1,5.087,5.038,-0.128,0.755,10.579,10.578,0.338,3.411,0.496,3.449,0.496,0.058,-0.135,-0.015,3.58,0.32,153.35,3.16,1.04,-0.045,0.093,0.279,1474,1469,1558,1541,10.00,10.06,19.90,19.95
1787304397.513,35.607,True,1,5.087,5.038,-0.128,0.754,10.579,10.577,0.338,3.411,0.496,3.448,0.496,0.058,-0.135,-0.015,3.58,0.32,153.35,3.16,1.05,-0.045,0.094,0.279,1474,1469,1558,1541,10.00,10.06,29.90,29.95
1787304397.523,35.617,True,1,5.087,5.038,-0.128,0.754,10.578,10.577,0.338,3.411,0.496,3.446,0.496,0.058,-0.135,-0.015,3.58,0.32,153.35,3.15,1.06,-0.046,0.095,0.279,1474,1469,1558,1541,10.00,10.06,39.90,39.95
1787304397.533,35.627,True,1,5.087,5.038,-0.128,0.753,10.578,10.576,0.338,3.411,0.496,3.445,0.496,0.058,-0.135,-0.015,3.58,0.32,153.35,3.15,1.06,-0.046,0.095,0.279,1474,1469,1558,1541,10.00,10.06,49.90,49.95
1787304397.543,35.637,True,1,5.087,5.038,-0.128,0.753,10.577,10.576,0.338,3.411,0.496,3.444,0.496,0.058,-0.135,-0.015,3.58,0.32,153.35,3.15,1.07,-0.046,0.096,0.279,1474,1469,1558,1541,10.00,10.06,59.90,59.95
1787304397.553,35.647,True,1,5.087,5.038,-0.128,0.752,10.577,10.575,0.338,3.411,0.496,3.443,0.496,0.058,-0.135,-0.015,3.58,0.32,153.35,3.15,1.07,-0.047,0.096,0.279,1474,1469,1558,1541,10.00,10.06,69.90,69.95
1787304397.564,35.658,True,1,5.074,5.038,-0.104,0.730,10.554,10.550,0.337,3.400,0.495,3.442,0.496,0.048,-0.144,-0.016,2.38,-0.32,152.19,3.07,1.22,0.075,0.175,0.328,1528,1460,1565,1540,10.00,10.06,-0.51,-0.56
1787304397.573,35.667,True,1,5.074,5.038,-0.104,0.730,10.554,10.549,0.337,3.400,0.495,3.440,0.496,0.048,-0.144,-0.016,2.38,-0.32,152.19,3.07,1.23,0.074,0.176,0.328,1528,1460,1565,1540,10.00,10.06,9.49,9.44
1787304397.583,35.678,True,1,5.071,5.038,-0.062,0.616,10.443,10.436,0.333,3.396,0.495,3.439,0.496,0.045,-0.150,0.005,2.14,-0.34,151.83,3.25,1.42,0.118,0.197,0.343,1533,1458,1567,1536,10.00,10.06,-0.17,-0.12
1787304397.593,35.687,True,1,5.071,5.038,-0.062,0.616,10.443,10.436,0.333,3.396,0.495,3.437,0.496,0.045,-0.150,0.005,2.14,-0.34,151.83,3.24,1.43,0.118,0.198,0.343,1533,1458,1567,1536,10.00,10.06,9.83,9.88
1787304397.603,35.697,True,1,5.071,5.038,-0.062,0.616,10.442,10.435,0.333,3.396,0.495,3.436,0.496,0.045,-0.150,0.005,2.14,-0.34,151.83,3.24,1.43,0.118,0.199,0.343,1533,1458,1567,1536,10.00,10.06,19.83,19.88
1787304397.613,35.707,True,1,5.071,5.038,-0.062,0.615,10.442,10.435,0.333,3.396,0.495,3.435,0.496,0.045,-0.150,0.005,2.14,-0.34,151.83,3.24,1.44,0.117,0.199,0.343,1532,1457,1567,1536,10.00,10.06,29.83,29.88
1787304397.623,35.717,True,1,5.071,5.038,-0.062,0.615,10.442,10.435,0.333,3.396,0.495,3.433,0.496,0.045,-0.150,0.005,2.14,-0.34,151.83,3.23,1.45,0.117,0.200,0.343,1532,1457,1567,1536,10.00,10.06,39.83,39.88
1787304397.633,35.727,True,1,5.071,5.038,-0.062,0.615,10.441,10.434,0.333,3.396,0.495,3.432,0.496,0.045,-0.150,0.005,2.14,-0.34,151.83,3.23,1.45,0.116,0.201,0.343,1532,1457,1567,1536,10.00,10.06,49.83,49.88
1787304397.644,35.738,True,1,5.064,5.038,-0.032,0.552,10.381,10.373,0.331,3.386,0.495,3.430,0.496,0.037,-0.151,0.019,1.79,-0.01,151.50,3.35,1.56,0.163,0.177,0.360,1537,1460,1569,1534,10.00,10.06,-0.41,-0.45
1787304397.653,35.747,True,1,5.064,5.038,-0.032,0.552,10.380,10.373,0.331,3.386,0.495,3.429,0.496,0.037,-0.151,0.019,1.79,-0.01,151.50,3.34,1.57,0.162,0.178,0.360,1537,1460,1569,1534,10.01,10.07,9.60,9.55
1787304397.663,35.757,True,1,5.064,5.038,-0.032,0.552,10.380,10.372,0.331,3.386,0.495,3.428,0.496,0.037,-0.151,0.019,1.79,-0.01,151.50,3.34,1.58,0.162,0.178,0.360,1537,1460,1569,1534,9.99,10.06,19.59,19.55
1787304397.673,35.768,True,1,5.063,5.038,-0.027,0.540,10.366,10.360,0.331,3.384,0.494,3.426,0.496,0.036,-0.148,-0.001,1.76,0.24,151.46,3.19,1.47,0.148,0.140,0.363,1536,1464,1570,1534,10.00,10.06,-0.17,-0.12
1787304397.683,35.777,True,1,5.062,5.038,-0.018,0.519,10.345,10.339,0.330,3.381,0.494,3.425,0.496,0.034,-0.157,0.001,1.76,0.24,151.46,3.16,1.57,0.145,0.151,0.362,1535,1463,1570,1533,10.00,10.06,9.83,-0.05
1787304397.693,35.787,True,1,5.062,5.038,-0.018,0.518,10.345,10.339,0.330,3.381,0.494,3.423,0.496,0.034,-0.157,0.001,1.76,0.24,151.46,3.15,1.58,0.144,0.152,0.362,1535,1463,1570,1533,10.00,10.06,19.83,9.95
1787304397.703,35.797,True,1,5.062,5.038,-0.018,0.518,10.344,10.338,0.330,3.381,0.494,3.422,0.495,0.034,-0.157,0.001,1.76,0.24,151.46,3.15,1.59,0.144,0.153,0.362,1535,1463,1570,1533,10.00,10.06,29.83,19.95
1787304397.713,35.807,True,1,5.062,5.038,-0.018,0.518,10.344,10.338,0.330,3.381,0.494,3.420,0.495,0.034,-0.157,0.001,1.76,0.24,151.46,3.14,1.60,0.143,0.154,0.362,1535,1463,1570,1533,10.00,10.06,39.83,29.94
1787304397.723,35.817,True,1,5.062,5.038,-0.018,0.518,10.344,10.338,0.330,3.381,0.494,3.419,0.495,0.034,-0.157,0.001,1.76,0.24,151.46,3.14,1.60,0.143,0.154,0.362,1535,1462,1570,1533,10.00,10.06,49.83,39.94
1787304397.733,35.828,True,1,5.060,5.038,0.011,0.437,10.264,10.260,0.327,3.372,0.494,3.417,0.495,0.029,-0.165,0.004,1.93,0.79,151.60,3.15,1.70,0.123,0.107,0.357,1533,1468,1569,1530,10.00,10.06,-0.36,-0.40
1787304397.743,35.837,True,1,5.060,5.038,0.011,0.437,10.264,10.261,0.328,3.372,0.494,3.416,0.495,0.029,-0.165,0.004,2.05,1.02,151.75,3.15,1.70,0.109,0.084,0.351,1532,1470,1568,1530,10.00,10.06,-0.07,9.60
1787304397.753,35.847,True,1,5.060,5.038,0.011,0.437,10.264,10.261,0.328,3.372,0.494,3.415,0.495,0.029,-0.165,0.004,2.05,1.02,151.75,3.14,1.71,0.109,0.084,0.351,1532,1470,1568,1530,10.00,10.06,9.93,19.60
1787304397.763,35.857,True,1,5.060,5.038,0.011,0.437,10.263,10.261,0.327,3.372,0.494,3.413,0.495,0.029,-0.165,0.004,2.05,1.02,151.75,3.14,1.71,0.108,0.085,0.351,1531,1470,1568,1530,10.00,10.06,19.93,29.60
1787304397.773,35.868,True,1,5.060,5.038,0.023,0.400,10.228,10.226,0.326,3.366,0.494,3.412,0.495,0.027,-0.167,0.013,2.16,1.16,151.86,3.23,1.78,0.105,0.079,0.346,1531,1471,1568,1529,10.00,10.06,-0.11,-0.23
1787304397.783,35.877,True,1,5.060,5.038,0.023,0.400,10.228,10.226,0.326,3.366,0.494,3.410,0.495,0.027,-0.167,0.013,2.31,1.38,152.13,3.23,1.78,0.088,0.055,0.335,1529,1473,1566,1529,10.00,10.06,-0.05,9.77
1787304397.793,35.887,True,1,5.060,5.038,0.023,0.400,10.228,10.226,0.326,3.366,0.494,3.409,0.495,0.027,-0.167,0.013,2.31,1.38,152.13,3.23,1.79,0.087,0.056,0.335,1529,1473,1566,1529,10.00,10.06,9.95,19.78
1787304397.803,35.897,True,1,5.060,5.038,0.023,0.399,10.227,10.226,0.326,3.366,0.494,3.407,0.495,0.027,-0.167,0.013,2.31,1.38,152.13,3.22,1.79,0.087,0.057,0.335,1529,1473,1566,1529,10.00,10.06,19.95,29.77
1787304397.813,35.908,True,1,5.061,5.038,0.065,0.269,10.100,10.098,0.322,3.358,0.495,3.405,0.495,0.027,-0.173,0.037,2.57,1.65,152.44,3.45,1.97,0.084,0.048,0.322,1529,1474,1564,1524,10.00,10.06,-0.21,-0.25
1787304397.823,35.917,True,1,5.061,5.038,0.065,0.269,10.100,10.098,0.322,3.358,0.495,3.404,0.495,0.027,-0.173,0.037,2.57,1.65,152.44,3.45,1.98,0.083,0.049,0.322,1529,1474,1564,1524,10.00,10.06,9.80,9.75
1787304397.833,35.927,True,1,5.061,5.038,0.065,0.268,10.099,10.098,0.322,3.358,0.495,3.402,0.495,0.027,-0.173,0.037,2.57,1.65,152.44,3.44,1.99,0.083,0.050,0.322,1529,1474,1564,1524,10.00,10.06,19.79,19.75
1787304397.843,35.937,True,1,5.061,5.038,0.065,0.268,10.099,10.098,0.322,3.358,0.495,3.401,0.495,0.027,-0.173,0.037,2.57,1.65,152.44,3.44,2.00,0.082,0.051,0.322,1529,1474,1564,1524,10.00,10.06,29.80,29.75
1787304397.853,35.947,True,1,5.061,5.038,0.065,0.268,10.099,10.098,0.322,3.358,0.495,3.399,0.495,0.027,-0.173,0.037,2.57,1.65,152.44,3.44,2.01,0.082,0.052,0.322,1529,1474,1564,1524,10.00,10.06,39.80,39.75
1787304397.863,35.957,True,1,5.061,5.038,0.065,0.268,10.099,10.097,0.322,3.358,0.495,3.398,0.495,0.027,-0.173,0.037,2.57,1.65,152.44,3.43,2.02,0.081,0.053,0.322,1529,1474,1564,1524,10.00,10.06,49.80,49.75
1787304397.873,35.967,True,1,5.061,5.038,0.065,0.267,10.098,10.097,0.322,3.358,0.495,3.397,0.495,0.027,-0.173,0.037,2.57,1.65,152.44,3.43,2.02,0.081,0.053,0.322,1528,1474,1564,1524,10.00,10.06,59.79,59.75
1787304397.883,35.977,True,1,5.061,5.038,0.065,0.267,10.098,10.097,0.322,3.358,0.495,3.395,0.495,0.027,-0.173,0.037,2.57,1.65,152.44,3.42,2.03,0.080,0.054,0.322,1528,1473,1564,1524,10.00,10.06,69.79,69.75
1787304397.894,35.988,True,1,5.065,5.038,0.059,0.268,10.095,10.094,0.322,3.342,0.495,3.394,0.495,0.033,-0.178,0.001,3.50,2.37,154.14,3.12,1.82,-0.051,-0.042,0.253,1474,1524,1555,1524,10.00,10.06,-0.56,-0.61
1787304397.903,35.997,True,1,5.065,5.038,0.059,0.268,10.095,10.094,0.322,3.342,0.495,3.392,0.495,0.033,-0.178,0.001,3.50,2.37,154.14,3.11,1.84,-0.051,-0.041,0.253,1474,1524,1555,1524,10.00,10.06,9.45,9.40
1787304397.913,36.007,True,1,5.065,5.038,0.059,0.268,10.094,10.094,0.322,3.342,0.495,3.390,0.495,0.033,-0.178,0.001,3.50,2.37,154.14,3.11,1.84,-0.052,-0.040,0.252,1474,1524,1555,1524,10.00,10.06,19.44,19.39
1787304397.923,36.018,True,1,5.066,5.038,0.079,0.205,10.034,10.033,0.320,3.340,0.495,3.389,0.495,0.034,-0.182,0.019,3.70,2.54,154.84,3.29,1.95,-0.053,-0.048,0.222,1474,1525,1550,1522,10.00,10.06,-0.18,-0.13
1787304397.933,36.027,True,1,5.066,5.038,0.079,0.205,10.034,10.033,0.320,3.340,0.495,3.387,0.495,0.034,-0.182,0.019,3.70,2.54,154.84,3.29,1.96,-0.053,-0.047,0.222,1474,1525,1550,1522,10.00,10.06,9.83,9.88
1787304397.943,36.037,True,1,5.066,5.038,0.079,0.205,10.034,10.033,0.320,3.340,0.495,3.385,0.495,0.034,-0.182,0.019,3.70,2.54,154.84,3.28,1.97,-0.054,-0.046,0.222,1474,1525,1550,1522,10.00,10.06,19.83,19.87
1787304397.953,36.047,True,1,5.066,5.038,0.079,0.204,10.033,10.033,0.320,3.340,0.495,3.384,0.495,0.034,-0.182,0.019,3.70,2.54,154.84,3.28,1.97,-0.054,-0.045,0.222,1473,1525,1550,1522,10.00,10.06,29.83,29.88
1787304397.963,36.057,True,1,5.066,5.038,0.079,0.204,10.033,10.032,0.320,3.340,0.495,3.382,0.495,0.034,-0.182,0.019,3.70,2.54,154.84,3.28,1.98,-0.055,-0.044,0.222,1473,1524,1550,1522,10.00,10.06,39.83,39.88
1787304397.973,36.067,True,1,5.066,5.038,0.079,0.204,10.033,10.032,0.320,3.340,0.495,3.381,0.495,0.034,-0.182,0.019,3.70,2.54,154.84,3.27,1.99,-0.055,-0.043,0.222,1473,1524,1550,1522,10.00,10.06,49.83,49.88
1787304397.984,36.078,True,1,5.072,5.038,0.065,0.219,10.044,10.041,0.320,3.326,0.494,3.379,0.495,0.043,-0.181,-0.011,4.23,2.71,156.30,3.04,1.78,-0.131,-0.085,0.162,1465,1529,1542,1522,10.00,10.06,-0.41,-0.46
1787304397.993,36.087,True,1,5.072,5.038,0.065,0.218,10.044,10.040,0.320,3.326,0.494,3.377,0.495,0.043,-0.181,-0.011,4.37,2.65,156.79,3.05,1.77,-0.144,-0.082,0.140,1464,1529,1539,1522,10.00,10.06,-0.06,9.55
1787304398.003,36.097,True,1,5.072,5.038,0.065,0.218,10.044,10.040,0.320,3.326,0.494,3.376,0.495,0.043,-0.181,-0.011,4.37,2.65,156.79,3.05,1.78,-0.145,-0.081,0.140,1463,1529,1539,1522,10.00,10.06,9.94,19.54
1787304398.013,36.107,True,1,5.072,5.038,0.065,0.218,10.043,10.039,0.320,3.326,0.494,3.374,0.495,0.043,-0.181,-0.011,4.37,2.65,156.79,3.05,1.79,-0.145,-0.080,0.140,1463,1528,1539,1522,10.00,10.06,19.94,29.54
1787304398.023,36.117,True,1,5.072,5.038,0.065,0.217,10.043,10.039,0.320,3.326,0.494,3.372,0.495,0.043,-0.181,-0.011,4.37,2.65,156.79,3.04,1.80,-0.145,-0.079,0.140,1463,1528,1539,1522,10.00,10.06,29.94,39.55
1787304398.033,36.127,True,1,5.072,5.038,0.065,0.217,10.043,10.039,0.320,3.326,0.494,3.371,0.495,0.043,-0.181,-0.011,4.37,2.65,156.79,3.04,1.81,-0.146,-0.078,0.140,1463,1528,1539,1522,10.00,10.07,39.94,49.55
1787304398.043,36.137,True,1,5.072,5.038,0.065,0.217,10.042,10.039,0.320,3.326,0.494,3.369,0.495,0.043,-0.181,-0.011,4.37,2.65,156.79,3.03,1.82,-0.146,-0.077,0.140,1463,1528,1539,1522,10.00,10.06,49.94,59.55
1787304398.053,36.147,True,1,5.072,5.038,0.065,0.216,10.042,10.038,0.320,3.326,0.494,3.368,0.495,0.043,-0.181,-0.011,4.37,2.65,156.79,3.03,1.83,-0.147,-0.076,0.140,1463,1528,1539,1522,10.00,10.06,59.94,69.54
1787304398.064,36.158,True,1,5.079,5.038,0.049,0.237,10.059,10.051,0.321,3.313,0.492,3.366,0.495,0.053,-0.180,-0.042,4.96,2.60,158.80,2.78,1.60,-0.231,-0.100,0.055,1454,1531,1527,1523,10.00,10.06,-0.50,-0.45
1787304398.073,36.167,True,1,5.079,5.038,0.049,0.237,10.059,10.050,0.321,3.313,0.492,3.364,0.494,0.053,-0.180,-0.042,4.96,2.60,158.80,2.78,1.61,-0.231,-0.099,0.055,1454,1530,1527,1523,10.00,10.07,9.51,9.55
1787304398.083,36.177,True,1,5.079,5.038,0.049,0.236,10.059,10.050,0.321,3.313,0.492,3.363,0.494,0.053,-0.180,-0.042,4.96,2.60,158.80,2.77,1.62,-0.232,-0.098,0.055,1454,1530,1527,1523,10.00,10.06,19.50,19.55
1787304398.093,36.187,True,1,5.079,5.038,0.049,0.236,10.058,10.049,0.321,3.313,0.492,3.361,0.494,0.053,-0.180,-0.042,4.96,2.60,158.80,2.77,1.63,-0.232,-0.097,0.055,1454,1530,1527,1523,10.00,10.06,29.50,29.55
1787304398.103,36.198,True,1,5.084,5.038,0.078,0.129,9.951,9.943,0.317,3.303,0.489,3.359,0.494,0.062,-0.179,-0.048,4.94,2.32,160.39,2.78,1.56,-0.225,-0.082,-0.016,1455,1529,1477,1519,10.00,10.06,-0.31,-0.27
1787304398.113,36.207,True,1,5.084,5.038,0.078,0.129,9.951,9.943,0.317,3.303,0.489,3.357,0.494,0.062,-0.179,-0.048,4.94,2.32,160.39,2.78,1.57,-0.226,-0.081,-0.016,1455,1528,1477,1519,10.00,10.06,9.69,9.74
1787304398.123,36.217,True,1,5.084,5.038,0.078,0.128,9.950,9.942,0.317,3.303,0.489,3.355,0.494,0.062,-0.179,-0.048,4.94,2.32,160.39,2.77,1.58,-0.226,-0.079,-0.016,1455,1528,1477,1519,10.00,10.06,19.69,19.74
1787304398.133,36.227,True,1,5.084,5.038,0.078,0.128,9.950,9.942,0.317,3.303,0.489,3.354,0.494,0.062,-0.179,-0.048,4.94,2.32,160.39,2.77,1.59,-0.227,-0.078,-0.017,1455,1528,1477,1519,10.00,10.06,29.69,29.74
1787304398.143,36.238,True,1,5.087,5.038,0.066,0.154,9.974,9.966,0.318,3.297,0.487,3.352,0.493,0.067,-0.185,-0.066,4.80,2.12,161.37,2.59,1.56,-0.229,-0.064,-0.060,1454,1527,1471,1520,10.00,10.06,-0.30,-0.25
1787304398.153,36.247,True,1,5.087,5.038,0.066,0.153,9.974,9.966,0.318,3.297,0.487,3.350,0.493,0.067,-0.185,-0.066,4.80,2.12,161.37,2.58,1.57,-0.230,-0.063,-0.060,1454,1527,1471,1520,10.00,10.06,9.70,9.75
1787304398.163,36.257,True,1,5.087,5.038,0.066,0.153,9.973,9.965,0.318,3.297,0.487,3.348,0.493,0.067,-0.185,-0.066,4.80,2.12,161.37,2.58,1.58,-0.230,-0.062,-0.061,1454,1526,1471,1520,10.00,10.06,19.70,19.75
1787304398.173,36.268,True,1,5.089,5.038,0.022,0.276,10.094,10.087,0.322,3.290,0.485,3.346,0.493,0.073,-0.181,-0.088,4.57,1.85,162.02,2.35,1.43,-0.229,-0.051,-0.090,1454,1525,1467,1524,10.00,10.06,-0.12,-0.17
1787304398.183,36.277,True,1,5.089,5.038,0.022,0.276,10.094,10.086,0.322,3.290,0.485,3.344,0.492,0.073,-0.181,-0.088,4.57,1.85,162.02,2.35,1.44,-0.230,-0.049,-0.090,1454,1525,1467,1524,10.00,10.06,9.88,9.83
1787304398.193,36.287,True,1,5.089,5.038,0.022,0.275,10.093,10.086,0.322,3.290,0.485,3.342,0.492,0.073,-0.181,-0.088,4.57,1.85,162.02,2.34,1.46,-0.230,-0.048,-0.090,1454,1525,1467,1524,10.00,10.06,19.88,19.83
1787304398.203,36.297,True,1,5.089,5.038,0.022,0.275,10.093,10.085,0.322,3.290,0.485,3.341,0.492,0.073,-0.181,-0.088,4.57,1.85,162.02,2.34,1.47,-0.231,-0.047,-0.091,1454,1525,1467,1524,10.00,10.06,29.88,29.83
1787304398.213,36.307,True,1,5.089,5.038,0.022,0.274,10.092,10.084,0.322,3.290,0.485,3.339,0.492,0.073,-0.181,-0.088,4.57,1.85,162.02,2.33,1.48,-0.231,-0.046,-0.091,1454,1525,1467,1524,10.00,10.06,39.88,39.83
1787304398.224,36.318,True,1,5.092,5.038,0.024,0.255,10.073,10.068,0.321,3.278,0.480,3.337,0.491,0.083,-0.187,-0.100,3.97,1.33,163.67,2.24,1.45,-0.178,0.000,-0.167,1460,1479,1456,1523,10.00,10.06,-0.37,-0.42
1787304398.233,36.327,True,1,5.092,5.038,0.024,0.254,10.072,10.067,0.321,3.278,0.480,3.335,0.491,0.083,-0.187,-0.100,3.97,1.33,163.67,2.23,1.46,-0.178,0.002,-0.167,1460,1479,1456,1523,10.00,10.06,9.63,9.59
1787304398.243,36.337,True,1,5.092,5.038,0.024,0.254,10.071,10.067,0.321,3.278,0.480,3.333,0.491,0.083,-0.187,-0.100,3.97,1.33,163.67,2.23,1.47,-0.179,0.003,-0.167,1460,1479,1456,1523,10.00,10.06,19.63,19.59
1787304398.253,36.347,True,1,5.092,5.038,0.024,0.253,10.071,10.066,0.321,3.278,0.480,3.331,0.490,0.083,-0.187,-0.100,3.97,1.33,163.67,2.22,1.48,-0.180,0.004,-0.167,1460,1479,1456,1523,10.00,10.06,29.63,29.59
1787304398.263,36.357,True,1,5.092,5.038,0.024,0.253,10.070,10.066,0.321,3.278,0.480,3.330,0.490,0.083,-0.187,-0.100,3.97,1.33,163.67,2.22,1.49,-0.180,0.005,-0.167,1460,1479,1456,1523,10.00,10.06,39.63,39.59
1787304398.273,36.367,True,1,5.092,5.038,0.024,0.252,10.070,10.065,0.321,3.278,0.480,3.328,0.490,0.083,-0.187,-0.100,3.97,1.33,163.67,2.21,1.50,-0.181,0.006,-0.167,1460,1479,1456,1523,10.00,10.06,49.63,49.58
1787304398.283,36.378,True,1,5.093,5.038,0.026,0.238,10.056,10.053,0.321,3.267,0.475,3.326,0.489,0.094,-0.188,-0.100,3.30,0.86,165.10,2.24,1.48,-0.108,0.051,-0.232,1468,1474,1447,1523,10.00,10.06,-0.37,-0.42
1787304398.293,36.387,True,1,5.094,5.038,0.043,0.184,10.003,10.002,0.319,3.263,0.473,3.324,0.489,0.098,-0.189,-0.087,3.14,0.81,165.35,2.38,1.53,-0.077,0.062,-0.243,1471,1473,1446,1521,10.00,10.06,-0.07,-0.12
1787304398.303,36.397,True,1,5.094,5.038,0.043,0.184,10.003,10.001,0.319,3.263,0.473,3.322,0.488,0.098,-0.189,-0.087,3.14,0.81,165.35,2.37,1.55,-0.077,0.064,-0.243,1471,1472,1446,1521,10.00,10.06,9.94,9.88
1787304398.313,36.407,True,1,5.094,5.038,0.043,0.183,10.002,10.000,0.319,3.263,0.473,3.320,0.487,0.098,-0.189,-0.087,3.14,0.81,165.35,2.36,1.56,-0.078,0.065,-0.243,1471,1472,1446,1521,10.00,10.06,19.93,19.88
1787304398.323,36.418,True,1,5.094,5.038,0.034,0.210,10.029,10.028,0.320,3.261,0.471,3.318,0.487,0.100,-0.191,-0.086,2.70,0.68,166.21,2.38,1.56,-0.030,0.078,-0.281,1476,1471,1440,1522,10.00,10.06,-0.17,-0.12
1787304398.333,36.427,True,1,5.094,5.038,0.034,0.210,10.029,10.027,0.320,3.261,0.471,3.316,0.486,0.100,-0.191,-0.086,2.70,0.68,166.21,2.37,1.57,-0.031,0.079,-0.281,1476,1471,1440,1522,10.00,10.06,9.84,9.89
1787304398.343,36.437,True,1,5.094,5.038,0.034,0.209,10.028,10.027,0.320,3.261,0.471,3.314,0.486,0.100,-0.191,-0.086,2.70,0.68,166.21,2.37,1.58,-0.032,0.081,-0.281,1476,1471,1440,1522,10.00,10.06,19.83,19.88
1787304398.353,36.447,True,1,5.094,5.038,0.034,0.209,10.028,10.026,0.320,3.261,0.471,3.312,0.485,0.100,-0.191,-0.086,2.70,0.68,166.21,2.36,1.59,-0.032,0.082,-0.281,1476,1470,1440,1522,10.00,10.06,29.84,29.88
1787304398.363,36.458,True,1,5.095,5.038,0.015,0.261,10.079,10.078,0.322,3.251,0.467,3.310,0.485,0.109,-0.188,-0.099,2.07,0.67,167.18,2.24,1.49,0.022,0.075,-0.322,1522,1471,1435,1524,10.00,10.06,-0.30,-0.25
1787304398.373,36.467,True,1,5.095,5.038,0.015,0.261,10.078,10.077,0.322,3.251,0.467,3.308,0.484,0.109,-0.188,-0.099,2.07,0.67,167.18,2.23,1.50,0.021,0.076,-0.322,1522,1471,1435,1524,10.00,10.06,9.70,9.75
1787304398.383,36.477,True,1,5.095,5.038,0.021,0.245,10.064,10.062,0.321,3.246,0.465,3.306,0.484,0.114,-0.192,-0.086,1.87,0.67,167.42,2.36,1.59,0.055,0.085,-0.333,1526,1470,1433,1523,10.00,10.06,-0.10,-0.15
1787304398.393,36.487,True,1,5.095,5.038,0.021,0.244,10.063,10.061,0.321,3.246,0.465,3.304,0.483,0.114,-0.192,-0.086,1.87,0.67,167.42,2.35,1.60,0.054,0.086,-0.333,1526,1470,1433,1523,10.00,10.06,9.90,9.85
1787304398.403,36.497,True,1,5.095,5.038,0.021,0.243,10.062,10.061,0.321,3.246,0.465,3.302,0.482,0.114,-0.192,-0.086,1.87,0.67,167.42,2.34,1.61,0.053,0.088,-0.333,1525,1470,1433,1523,10.00,10.06,19.90,19.85
1787304398.413,36.507,True,1,5.095,5.038,0.021,0.243,10.062,10.060,0.321,3.246,0.465,3.300,0.482,0.114,-0.192,-0.086,1.87,0.67,167.42,2.34,1.62,0.053,0.089,-0.333,1525,1470,1433,1523,10.00,10.06,29.90,29.85
1787304398.423,36.517,True,1,5.095,5.038,0.021,0.242,10.061,10.060,0.321,3.246,0.465,3.298,0.481,0.114,-0.192,-0.086,1.87,0.67,167.42,2.33,1.64,0.052,0.090,-0.333,1525,1469,1433,1523,10.00,10.06,39.90,39.85
1787304398.433,36.527,True,1,5.095,5.038,0.021,0.242,10.061,10.059,0.321,3.246,0.465,3.297,0.481,0.114,-0.192,-0.086,1.87,0.67,167.42,2.32,1.65,0.051,0.092,-0.333,1525,1469,1433,1523,10.01,10.07,49.91,49.86
1787304398.443,36.537,True,1,5.095,5.038,0.021,0.241,10.060,10.058,0.321,3.246,0.465,3.295,0.480,0.114,-0.192,-0.086,1.87,0.67,167.42,2.32,1.66,0.051,0.093,-0.333,1525,1469,1433,1523,10.00,10.07,59.90,59.85
1787304398.453,36.547,True,1,5.095,5.038,0.021,0.241,10.060,10.058,0.321,3.246,0.465,3.293,0.480,0.114,-0.192,-0.086,1.87,0.67,167.42,2.31,1.67,0.050,0.094,-0.333,1525,1469,1433,1523,10.00,10.06,69.90,69.85
1787304398.464,36.558,True,1,5.094,5.038,0.009,0.276,10.096,10.092,0.322,3.230,0.458,3.291,0.479,0.130,-0.195,-0.085,0.96,0.80,168.90,2.34,1.64,0.150,0.082,-0.396,1536,1470,1424,1524,10.00,10.06,-0.56,-0.52
1787304398.473,36.567,True,1,5.094,5.038,0.009,0.276,10.095,10.091,0.322,3.230,0.458,3.289,0.478,0.130,-0.195,-0.085,0.96,0.80,168.90,2.33,1.65,0.149,0.083,-0.396,1536,1470,1424,1524,10.00,10.06,9.44,9.49
1787304398.483,36.577,True,1,5.094,5.038,0.009,0.275,10.095,10.091,0.322,3.230,0.458,3.287,0.478,0.130,-0.195,-0.085,0.96,0.80,168.90,2.33,1.67,0.148,0.084,-0.396,1536,1470,1424,1524,10.00,10.07,19.44,19.49
1787304398.493,36.587,True,1,5.094,5.038,0.009,0.275,10.094,10.090,0.322,3.230,0.458,3.285,0.477,0.130,-0.195,-0.085,0.96,0.80,168.90,2.32,1.68,0.147,0.086,-0.396,1536,1470,1424,1524,10.00,10.06,29.44,29.49
1787304398.503,36.597,True,1,5.094,5.038,0.009,0.274,10.093,10.089,0.322,3.230,0.458,3.284,0.476,0.130,-0.195,-0.085,0.96,0.80,168.90,2.31,1.69,0.147,0.087,-0.396,1536,1470,1424,1524,10.00,10.07,39.44,39.49
1787304398.513,36.607,True,1,5.094,5.038,0.009,0.274,10.093,10.089,0.322,3.230,0.458,3.282,0.476,0.130,-0.195,-0.085,0.96,0.80,168.90,2.31,1.71,0.146,0.088,-0.396,1536,1470,1424,1524,10.00,10.06,49.44,49.48
1787304398.523,36.617,True,1,5.094,5.038,0.009,0.273,10.092,10.088,0.322,3.230,0.458,3.280,0.475,0.130,-0.195,-0.085,0.96,0.80,168.90,2.30,1.72,0.145,0.090,-0.396,1536,1470,1424,1524,10.00,10.06,59.43,59.48
1787304398.533,36.627,True,1,5.094,5.038,0.009,0.272,10.092,10.088,0.322,3.230,0.458,3.278,0.475,0.130,-0.195,-0.085,0.96,0.80,168.90,2.29,1.73,0.145,0.091,-0.396,1535,1469,1424,1524,10.01,10.07,69.45,69.49
1787304398.544,36.638,True,1,5.090,5.038,0.011,0.284,10.105,10.100,0.322,3.213,0.452,3.276,0.474,0.148,-0.187,-0.057,0.79,1.24,169.81,2.61,1.68,0.200,0.040,-0.434,1542,1475,1419,1525,9.99,10.06,-0.56,-0.61
1787304398.553,36.647,True,1,5.090,5.038,0.011,0.283,10.104,10.099,0.322,3.213,0.452,3.274,0.473,0.148,-0.187,-0.057,0.79,1.24,169.81,2.60,1.70,0.199,0.041,-0.434,1541,1475,1419,1524,10.00,10.06,9.44,9.39
1787304398.563,36.657,True,1,5.090,5.038,0.011,0.282,10.104,10.099,0.322,3.213,0.452,3.272,0.472,0.148,-0.187,-0.057,0.79,1.24,169.81,2.59,1.71,0.199,0.043,-0.434,1541,1475,1419,1524,10.02,10.08,19.45,19.41
1787304398.573,36.667,True,1,5.090,5.038,0.011,0.282,10.103,10.098,0.322,3.213,0.452,3.270,0.472,0.148,-0.187,-0.057,0.79,1.24,169.81,2.59,1.72,0.198,0.044,-0.434,1541,1475,1419,1524,9.98,10.06,29.44,29.39
1787304398.583,36.677,True,1,5.090,5.038,0.011,0.281,10.103,10.098,0.322,3.213,0.452,3.268,0.471,0.148,-0.187,-0.057,0.79,1.24,169.81,2.58,1.74,0.197,0.046,-0.435,1541,1474,1419,1524,10.01,10.07,39.44,39.40
1787304398.594,36.688,True,1,5.089,5.038,-0.006,0.338,10.158,10.154,0.324,3.202,0.448,3.266,0.470,0.159,-0.179,-0.067,0.91,1.77,170.14,2.48,1.62,0.179,-0.023,-0.448,1539,1522,1417,1526,10.00,10.06,-0.38,-0.43
1787304398.603,36.697,True,1,5.089,5.038,-0.006,0.337,10.158,10.154,0.324,3.202,0.448,3.264,0.470,0.159,-0.179,-0.067,0.91,1.77,170.14,2.48,1.64,0.178,-0.021,-0.448,1539,1522,1417,1526,10.00,10.06,9.61,9.57
1787304398.613,36.707,True,1,5.088,5.038,0.000,0.319,10.139,10.135,0.323,3.198,0.447,3.262,0.469,0.164,-0.165,-0.061,0.95,1.85,170.15,2.55,1.53,0.183,-0.042,-0.448,1540,1524,1417,1526,10.00,10.06,-0.07,-0.12
1787304398.623,36.717,True,1,5.088,5.038,0.000,0.318,10.139,10.134,0.323,3.198,0.447,3.260,0.468,0.164,-0.165,-0.061,0.95,1.85,170.15,2.55,1.54,0.182,-0.040,-0.448,1540,1524,1417,1526,10.00,10.06,9.93,9.88
1787304398.633,36.727,True,1,5.088,5.038,0.000,0.318,10.138,10.134,0.323,3.198,0.447,3.258,0.467,0.164,-0.165,-0.061,0.95,1.85,170.15,2.54,1.55,0.181,-0.039,-0.448,1539,1524,1417,1526,10.01,10.07,19.94,19.88
1787304398.643,36.738,True,1,5.088,5.038,0.003,0.309,10.131,10.126,0.323,3.194,0.446,3.255,0.467,0.168,-0.164,-0.049,1.02,2.03,170.25,2.66,1.58,0.188,-0.055,-0.452,1540,1526,1417,1525,9.99,10.06,-0.17,-0.22
1787304398.653,36.747,True,1,5.087,5.038,0.012,0.287,10.110,10.105,0.323,3.190,0.445,3.253,0.466,0.172,-0.153,-0.033,1.14,2.14,170.23,2.84,1.51,0.195,-0.075,-0.451,1541,1528,1417,1525,10.00,10.07,-0.05,-0.10
1787304398.663,36.757,True,1,5.087,5.038,0.012,0.287,10.109,10.104,0.323,3.190,0.445,3.251,0.465,0.172,-0.153,-0.033,1.14,2.14,170.23,2.83,1.53,0.194,-0.073,-0.451,1541,1528,1417,1525,10.00,10.06,9.95,9.90
1787304398.673,36.767,True,1,5.087,5.038,0.012,0.286,10.109,10.104,0.322,3.190,0.445,3.249,0.465,0.172,-0.153,-0.033,1.14,2.14,170.23,2.82,1.54,0.193,-0.072,-0.451,1541,1527,1417,1525,10.00,10.06,19.95,19.89
1787304398.683,36.777,True,1,5.087,5.038,0.012,0.286,10.108,10.103,0.322,3.190,0.445,3.247,0.464,0.172,-0.153,-0.033,1.14,2.14,170.23,2.82,1.56,0.192,-0.070,-0.451,1541,1527,1417,1525,10.00,10.06,29.94,29.89
1787304398.693,36.788,True,1,5.085,5.038,-0.007,0.348,10.169,10.166,0.324,3.184,0.443,3.245,0.463,0.178,-0.152,-0.050,1.53,2.42,170.16,2.62,1.53,0.132,-0.105,-0.446,1534,1531,1417,1527,10.00,10.06,-0.26,-0.31
1787304398.703,36.797,True,1,5.085,5.038,-0.007,0.348,10.169,10.166,0.324,3.184,0.443,3.243,0.463,0.178,-0.152,-0.050,1.53,2.42,170.16,2.61,1.55,0.132,-0.104,-0.446,1534,1531,1417,1527,10.01,10.07,9.75,9.70
1787304398.713,36.807,True,1,5.085,5.038,-0.007,0.348,10.168,10.166,0.324,3.184,0.443,3.241,0.462,0.178,-0.152,-0.050,1.53,2.42,170.16,2.60,1.56,0.131,-0.102,-0.446,1534,1531,1417,1527,9.99,10.06,19.74,19.69
1787304398.723,36.817,True,1,5.085,5.038,-0.007,0.347,10.168,10.165,0.324,3.184,0.443,3.239,0.461,0.178,-0.152,-0.050,1.53,2.42,170.16,2.60,1.57,0.130,-0.101,-0.446,1534,1531,1417,1527,10.00,10.06,29.74,29.69
1787304398.733,36.827,True,1,5.085,5.038,-0.007,0.347,10.168,10.165,0.324,3.184,0.443,3.237,0.461,0.178,-0.152,-0.050,1.53,2.42,170.16,2.59,1.59,0.130,-0.100,-0.446,1534,1531,1417,1527,10.01,10.07,39.74,39.69
1787304398.743,36.837,True,1,5.085,5.038,-0.007,0.346,10.167,10.164,0.324,3.184,0.443,3.236,0.460,0.178,-0.152,-0.050,1.53,2.42,170.16,2.58,1.60,0.129,-0.098,-0.446,1534,1530,1417,1527,10.00,10.06,49.74,49.69
1787304398.753,36.847,True,1,5.085,5.038,-0.007,0.346,10.167,10.164,0.324,3.184,0.443,3.234,0.460,0.178,-0.152,-0.050,1.53,2.42,170.16,2.58,1.61,0.128,-0.097,-0.446,1534,1530,1417,1527,10.00,10.06,59.74,59.69
1787304398.763,36.857,True,1,5.085,5.038,-0.007,0.345,10.166,10.163,0.324,3.184,0.443,3.232,0.459,0.178,-0.152,-0.050,1.53,2.42,170.16,2.57,1.62,0.128,-0.096,-0.446,1534,1530,1417,1527,10.00,10.06,69.74,69.69
1787304398.774,36.868,True,1,5.082,5.038,0.020,0.275,10.097,10.095,0.322,3.170,0.441,3.230,0.458,0.192,-0.130,-0.024,2.39,2.62,169.66,2.88,1.49,0.070,-0.136,-0.422,1527,1535,1421,1524,10.00,10.06,-0.54,-0.59
1787304398.783,36.877,True,1,5.082,5.038,0.020,0.274,10.097,10.095,0.322,3.170,0.441,3.228,0.458,0.192,-0.130,-0.024,2.39,2.62,169.66,2.87,1.50,0.069,-0.134,-0.422,1527,1534,1421,1524,10.01,10.07,9.47,9.42
1787304398.793,36.887,True,1,5.082,5.038,0.020,0.274,10.096,10.094,0.322,3.170,0.441,3.226,0.457,0.192,-0.130,-0.024,2.39,2.62,169.66,2.86,1.52,0.069,-0.133,-0.422,1527,1534,1421,1524,9.99,10.06,19.46,19.41
1787304398.803,36.898,True,1,5.082,5.038,0.014,0.295,10.117,10.116,0.323,3.166,0.440,3.224,0.457,0.197,-0.138,-0.036,2.68,2.49,169.35,2.70,1.60,0.021,-0.112,-0.409,1522,1532,1423,1525,10.00,10.06,-0.18,-0.23
1787304398.813,36.907,True,1,5.082,5.038,0.014,0.295,10.117,10.115,0.323,3.166,0.440,3.222,0.456,0.197,-0.138,-0.036,2.68,2.49,169.35,2.70,1.61,0.020,-0.111,-0.409,1522,1532,1423,1525,10.00,10.06,9.82,9.77
1787304398.823,36.917,True,1,5.082,5.038,0.014,0.294,10.116,10.115,0.323,3.166,0.440,3.220,0.456,0.197,-0.138,-0.036,2.68,2.49,169.35,2.69,1.63,0.019,-0.109,-0.409,1522,1532,1423,1525,10.00,10.06,19.82,19.77
1787304398.833,36.927,True,1,5.082,5.038,0.014,0.294,10.116,10.115,0.323,3.166,0.440,3.219,0.455,0.197,-0.138,-0.036,2.68,2.49,169.35,2.68,1.64,0.019,-0.108,-0.409,1522,1531,1423,1525,10.00,10.06,29.82,29.77
1787304398.843,36.937,True,1,5.082,5.038,0.014,0.293,10.115,10.114,0.323,3.166,0.440,3.217,0.454,0.197,-0.138,-0.036,2.68,2.49,169.35,2.68,1.65,0.018,-0.107,-0.409,1522,1531,1423,1525,10.00,10.06,39.82,39.77
1787304398.853,36.948,True,1,5.081,5.038,0.016,0.288,10.109,10.108,0.323,3.161,0.438,3.215,0.454,0.202,-0.135,-0.046,3.32,2.11,168.58,2.56,1.66,-0.066,-0.069,-0.377,1472,1527,1427,1525,10.01,10.07,-0.37,-0.32
1787304398.863,36.957,True,1,5.081,5.038,0.016,0.288,10.109,10.107,0.323,3.161,0.438,3.213,0.453,0.202,-0.135,-0.046,3.32,2.11,168.58,2.55,1.67,-0.067,-0.067,-0.377,1472,1527,1427,1525,9.99,10.06,9.62,9.67
1787304398.873,36.967,True,1,5.081,5.038,0.016,0.287,10.108,10.107,0.323,3.161,0.438,3.211,0.453,0.202,-0.135,-0.046,3.32,2.11,168.58,2.55,1.68,-0.067,-0.066,-0.377,1472,1527,1427,1525,10.00,10.06,19.62,19.67
1787304398.883,36.977,True,1,5.081,5.038,0.016,0.287,10.108,10.107,0.323,3.161,0.438,3.210,0.452,0.202,-0.135,-0.046,3.32,2.11,168.58,2.54,1.70,-0.068,-0.065,-0.377,1472,1527,1427,1525,10.00,10.06,29.62,29.67
1787304398.893,36.987,True,1,5.081,5.038,0.016,0.286,10.107,10.106,0.323,3.161,0.438,3.208,0.452,0.202,-0.135,-0.046,3.32,2.11,168.58,2.53,1.71,-0.069,-0.064,-0.377,1472,1527,1427,1525,10.00,10.06,39.62,39.67
1787304398.903,36.997,True,1,5.081,5.038,0.016,0.286,10.107,10.106,0.323,3.161,0.438,3.206,0.451,0.202,-0.135,-0.046,3.32,2.11,168.58,2.53,1.72,-0.069,-0.062,-0.377,1472,1526,1427,1525,10.00,10.06,49.62,49.67
1787304398.913,37.007,True,1,5.081,5.038,0.016,0.286,10.107,10.105,0.323,3.161,0.438,3.205,0.451,0.202,-0.135,-0.046,3.32,2.11,168.58,2.52,1.73,-0.070,-0.061,-0.377,1472,1526,1427,1525,10.00,10.06,59.62,59.67
1787304398.923,37.017,True,1,5.081,5.038,0.016,0.285,10.106,10.105,0.323,3.161,0.438,3.203,0.451,0.202,-0.135,-0.046,3.32,2.11,168.58,2.52,1.74,-0.070,-0.060,-0.377,1472,1526,1427,1525,10.00,10.06,69.62,69.67
1787304398.934,37.028,True,1,5.080,5.038,0.027,0.256,10.075,10.073,0.321,3.150,0.434,3.202,0.450,0.213,-0.121,-0.066,3.48,1.40,166.94,2.30,1.65,-0.116,0.007,-0.310,1467,1479,1436,1524,10.00,10.06,-0.62,-0.57
1787304398.943,37.037,True,1,5.080,5.038,0.027,0.256,10.075,10.072,0.321,3.150,0.434,3.200,0.450,0.213,-0.121,-0.066,3.48,1.40,166.94,2.30,1.66,-0.116,0.009,-0.310,1467,1479,1436,1524,10.00,10.06,9.38,9.43
1787304398.953,37.047,True,1,5.080,5.038,0.027,0.255,10.074,10.072,0.321,3.150,0.434,3.198,0.449,0.213,-0.121,-0.066,3.48,1.40,166.94,2.29,1.67,-0.117,0.010,-0.310,1466,1478,1436,1524,10.00,10.06,19.39,19.44
1787304398.963,37.057,True,1,5.080,5.038,0.027,0.255,10.074,10.071,0.321,3.150,0.434,3.197,0.448,0.213,-0.121,-0.066,3.48,1.40,166.94,2.28,1.68,-0.118,0.011,-0.310,1466,1478,1436,1524,10.00,10.06,29.38,29.43
1787304398.973,37.067,True,1,5.080,5.038,0.027,0.254,10.073,10.071,0.321,3.150,0.434,3.195,0.448,0.213,-0.121,-0.066,3.48,1.40,166.94,2.28,1.70,-0.119,0.012,-0.310,1466,1478,1436,1523,10.00,10.06,39.39,39.44
1787304398.983,37.078,True,1,5.080,5.038,0.041,0.213,10.032,10.030,0.320,3.144,0.431,3.193,0.447,0.219,-0.124,-0.061,3.37,1.10,165.88,2.29,1.79,-0.107,0.057,-0.266,1468,1473,1442,1522,10.00,10.06,-0.32,-0.28
1787304398.993,37.087,True,1,5.080,5.038,0.041,0.212,10.032,10.029,0.320,3.144,0.431,3.192,0.447,0.219,-0.124,-0.061,3.37,1.10,165.88,2.29,1.81,-0.108,0.059,-0.266,1467,1473,1442,1522,10.00,10.06,9.68,9.72
1787304399.003,37.097,True,1,5.080,5.038,0.041,0.212,10.031,10.029,0.320,3.144,0.431,3.190,0.446,0.219,-0.124,-0.061,3.37,1.10,165.88,2.28,1.82,-0.109,0.060,-0.267,1467,1473,1442,1522,10.00,10.06,19.68,19.72
1787304399.013,37.108,True,1,5.081,5.038,0.024,0.259,10.077,10.074,0.322,3.138,0.428,3.188,0.446,0.226,-0.116,-0.079,3.30,1.06,165.01,2.07,1.74,-0.124,0.058,-0.228,1466,1473,1448,1524,10.00,10.06,-0.21,-0.26
1787304399.023,37.117,True,1,5.081,5.038,0.024,0.258,10.076,10.073,0.322,3.138,0.428,3.187,0.445,0.226,-0.116,-0.079,3.22,1.04,164.70,2.06,1.76,-0.118,0.063,-0.215,1466,1472,1450,1524,10.00,10.06,-0.06,9.74
1787304399.033,37.127,True,1,5.081,5.038,0.024,0.258,10.076,10.073,0.322,3.138,0.428,3.185,0.445,0.226,-0.116,-0.079,3.22,1.04,164.70,2.05,1.77,-0.119,0.064,-0.215,1466,1472,1450,1524,10.00,10.06,9.94,19.74
1787304399.043,37.137,True,1,5.081,5.038,0.024,0.258,10.076,10.073,0.321,3.138,0.428,3.184,0.444,0.226,-0.116,-0.079,3.22,1.04,164.70,2.04,1.78,-0.120,0.066,-0.215,1466,1472,1450,1524,10.00,10.06,19.94,29.74
1787304399.053,37.147,True,1,5.081,5.038,0.024,0.257,10.075,10.072,0.321,3.138,0.428,3.182,0.443,0.226,-0.116,-0.079,3.22,1.04,164.70,2.04,1.79,-0.121,0.067,-0.215,1466,1472,1450,1524,10.00,10.06,29.94,39.74
1787304399.063,37.157,True,1,5.081,5.038,0.024,0.257,10.075,10.072,0.321,3.138,0.428,3.181,0.443,0.226,-0.116,-0.079,3.22,1.04,164.70,2.03,1.80,-0.121,0.068,-0.215,1466,1472,1450,1524,10.00,10.06,39.94,49.74
1787304399.073,37.167,True,1,5.081,5.038,0.024,0.256,10.074,10.071,0.321,3.138,0.428,3.179,0.442,0.226,-0.116,-0.079,3.22,1.04,164.70,2.02,1.81,-0.122,0.069,-0.215,1466,1472,1450,1523,10.00,10.06,49.94,59.74
1787304399.084,37.178,True,1,5.083,5.038,0.040,0.197,10.014,10.011,0.320,3.129,0.421,3.178,0.442,0.236,-0.111,-0.092,2.93,1.09,163.24,1.86,1.80,-0.110,0.066,-0.151,1467,1472,1459,1521,10.00,10.06,-0.40,-0.45
1787304399.093,37.187,True,1,5.083,5.038,0.040,0.197,10.014,10.011,0.320,3.129,0.421,3.176,0.441,0.236,-0.111,-0.092,2.93,1.09,163.24,1.85,1.81,-0.111,0.068,-0.151,1467,1472,1459,1521,10.00,10.06,9.60,9.55
1787304399.103,37.197,True,1,5.083,5.038,0.040,0.196,10.013,10.011,0.320,3.129,0.421,3.174,0.440,0.236,-0.111,-0.092,2.93,1.09,163.24,1.84,1.82,-0.112,0.069,-0.151,1467,1472,1458,1521,10.00,10.06,19.60,19.55
1787304399.113,37.207,True,1,5.083,5.038,0.040,0.196,10.013,10.010,0.319,3.129,0.421,3.173,0.440,0.236,-0.111,-0.092,2.93,1.09,163.24,1.83,1.83,-0.112,0.070,-0.151,1467,1472,1458,1521,10.00,10.06,29.60,29.55
1787304399.123,37.217,True,1,5.083,5.038,0.040,0.195,10.012,10.010,0.319,3.129,0.421,3.171,0.439,0.236,-0.111,-0.092,2.93,1.09,163.24,1.82,1.84,-0.113,0.071,-0.151,1467,1472,1458,1521,10.00,10.06,39.60,39.55
1787304399.133,37.227,True,1,5.083,5.038,0.040,0.195,10.012,10.009,0.319,3.129,0.421,3.170,0.438,0.236,-0.111,-0.092,2.93,1.09,163.24,1.82,1.85,-0.114,0.072,-0.151,1467,1471,1458,1521,10.00,10.06,49.60,49.55
1787304399.143,37.237,True,1,5.083,5.038,0.040,0.194,10.011,10.009,0.319,3.129,0.421,3.169,0.438,0.236,-0.111,-0.092,2.93,1.09,163.24,1.81,1.86,-0.115,0.073,-0.151,1467,1471,1458,1521,10.00,10.06,59.60,59.55
1787304399.153,37.247,True,1,5.083,5.038,0.040,0.194,10.011,10.008,0.319,3.129,0.421,3.167,0.437,0.236,-0.111,-0.092,2.93,1.09,163.24,1.80,1.87,-0.116,0.074,-0.151,1467,1471,1458,1521,10.00,10.06,69.60,69.55
1787304399.163,37.257,True,1,5.083,5.038,0.040,0.194,10.011,10.008,0.319,3.129,0.421,3.166,0.437,0.236,-0.111,-0.092,2.93,1.09,163.24,1.80,1.88,-0.116,0.075,-0.151,1467,1471,1458,1521,10.00,10.06,79.60,79.55
1787304399.174,37.268,True,1,5.087,5.038,0.060,0.120,9.938,9.938,0.317,3.120,0.413,3.165,0.436,0.247,-0.106,-0.079,2.27,1.47,160.54,1.86,1.98,-0.042,0.053,-0.031,1475,1474,1475,1519,10.00,10.06,-0.56,-0.61
1787304399.183,37.277,True,1,5.087,5.038,0.060,0.120,9.938,9.937,0.317,3.120,0.413,3.163,0.435,0.247,-0.106,-0.079,2.27,1.47,160.54,1.85,1.99,-0.043,0.054,-0.031,1475,1474,1475,1519,10.00,10.06,9.44,9.39
1787304399.193,37.287,True,1,5.087,5.038,0.060,0.119,9.937,9.937,0.317,3.120,0.413,3.162,0.435,0.247,-0.106,-0.079,2.27,1.47,160.54,1.84,2.00,-0.044,0.055,-0.032,1475,1473,1475,1519,10.00,10.06,19.44,19.39
1787304399.203,37.297,True,1,5.087,5.038,0.060,0.119,9.937,9.936,0.317,3.120,0.413,3.160,0.434,0.247,-0.106,-0.079,2.27,1.47,160.54,1.83,2.01,-0.045,0.056,-0.032,1475,1473,1475,1519,10.00,10.06,29.44,29.39
1787304399.213,37.307,True,1,5.087,5.038,0.060,0.119,9.936,9.936,0.317,3.120,0.413,3.159,0.433,0.247,-0.106,-0.079,2.27,1.47,160.54,1.82,2.02,-0.046,0.057,-0.032,1474,1473,1475,1519,10.00,10.06,39.44,39.40
1787304399.223,37.317,True,1,5.087,5.038,0.060,0.118,9.936,9.935,0.317,3.120,0.413,3.158,0.432,0.247,-0.106,-0.079,2.27,1.47,160.54,1.81,2.03,-0.046,0.058,-0.032,1474,1473,1475,1519,10.00,10.06,49.44,49.39
1787304399.233,37.327,True,1,5.087,5.038,0.060,0.118,9.935,9.935,0.317,3.120,0.413,3.156,0.432,0.247,-0.106,-0.079,2.27,1.47,160.54,1.81,2.04,-0.047,0.059,-0.032,1474,1473,1475,1519,10.00,10.06,59.44,59.39
1787304399.243,37.337,True,1,5.087,5.038,0.060,0.117,9.935,9.934,0.317,3.120,0.413,3.155,0.431,0.247,-0.106,-0.079,2.27,1.47,160.54,1.80,2.04,-0.048,0.059,-0.032,1474,1473,1475,1519,10.00,10.06,69.44,69.39
1787304399.254,37.348,True,1,5.092,5.038,0.068,0.070,9.887,9.887,0.316,3.109,0.404,3.154,0.430,0.259,-0.112,-0.098,1.78,2.09,157.93,1.50,2.13,-0.032,0.006,0.084,1476,1479,1531,1517,10.00,10.06,-0.58,-0.63
1787304399.263,37.357,True,1,5.092,5.038,0.068,0.070,9.887,9.887,0.316,3.109,0.404,3.152,0.429,0.259,-0.112,-0.098,1.78,2.09,157.93,1.49,2.14,-0.033,0.007,0.084,1476,1479,1531,1517,10.01,10.06,9.43,9.38
1787304399.273,37.367,True,1,5.092,5.038,0.068,0.069,9.886,9.886,0.316,3.109,0.404,3.151,0.429,0.259,-0.112,-0.098,1.78,2.09,157.93,1.48,2.15,-0.034,0.008,0.084,1476,1479,1531,1517,9.99,10.06,19.42,19.37
1787304399.283,37.377,True,1,5.092,5.038,0.068,0.069,9.886,9.886,0.316,3.109,0.404,3.149,0.428,0.259,-0.112,-0.098,1.78,2.09,157.93,1.47,2.16,-0.035,0.009,0.084,1476,1478,1531,1517,10.00,10.06,29.42,29.38
1787304399.293,37.387,True,1,5.092,5.038,0.068,0.068,9.885,9.885,0.316,3.109,0.404,3.148,0.427,0.259,-0.112,-0.098,1.78,2.09,157.93,1.46,2.17,-0.036,0.010,0.084,1475,1478,1531,1517,10.00,10.06,39.42,39.37
1787304399.303,37.397,True,1,5.092,5.038,0.068,0.068,9.885,9.884,0.315,3.109,0.404,3.147,0.426,0.259,-0.112,-0.098,1.78,2.09,157.93,1.45,2.17,-0.037,0.011,0.084,1475,1478,1531,1517,10.00,10.06,49.43,49.38
1787304399.313,37.407,True,1,5.092,5.038,0.068,0.067,9.884,9.884,0.315,3.109,0.404,3.145,0.426,0.259,-0.112,-0.098,1.78,2.09,157.93,1.44,2.18,-0.038,0.012,0.084,1475,1478,1531,1517,10.00,10.06,59.43,59.38
1787304399.323,37.417,True,1,5.092,5.038,0.068,0.067,9.884,9.883,0.315,3.109,0.404,3.144,0.425,0.259,-0.112,-0.098,1.78,2.09,157.93,1.43,2.19,-0.039,0.013,0.084,1475,1478,1531,1517,10.00,10.06,69.42,69.38
1787304399.333,37.427,True,1,5.092,5.038,0.068,0.066,9.883,9.883,0.315,3.109,0.404,3.143,0.424,0.259,-0.112,-0.098,1.78,2.09,157.93,1.42,2.20,-0.040,0.014,0.084,1475,1478,1531,1517,10.00,10.06,79.42,79.37
1787304399.344,37.438,True,1,5.099,5.038,0.069,0.038,9.856,9.856,0.315,3.099,0.395,3.142,0.423,0.271,-0.105,-0.080,1.37,2.27,155.42,1.51,2.28,0.007,0.006,0.194,1520,1479,1546,1516,10.00,10.06,-0.56,-0.61
1787304399.353,37.447,True,1,5.099,5.038,0.069,0.037,9.855,9.855,0.315,3.099,0.395,3.140,0.422,0.271,-0.105,-0.080,1.37,2.27,155.42,1.50,2.29,0.006,0.007,0.194,1520,1479,1546,1516,10.00,10.06,9.44,9.39
1787304399.363,37.457,True,1,5.099,5.038,0.069,0.037,9.855,9.855,0.315,3.099,0.395,3.139,0.421,0.271,-0.105,-0.080,1.37,2.27,155.42,1.49,2.30,0.005,0.008,0.194,1520,1479,1546,1516,10.00,10.06,19.44,19.39
1787304399.373,37.467,True,1,5.099,5.038,0.069,0.036,9.854,9.854,0.315,3.099,0.395,3.137,0.420,0.271,-0.105,-0.080,1.37,2.27,155.42,1.47,2.31,0.004,0.009,0.194,1520,1479,1546,1516,10.00,10.06,29.44,29.39
1787304399.383,37.477,True,1,5.099,5.038,0.069,0.036,9.853,9.853,0.314,3.099,0.395,3.136,0.420,0.271,-0.105,-0.080,1.37,2.27,155.42,1.46,2.32,0.002,0.009,0.194,1520,1478,1546,1516,10.00,10.06,39.44,39.39
1787304399.393,37.487,True,1,5.099,5.038,0.069,0.035,9.853,9.853,0.314,3.099,0.395,3.135,0.419,0.271,-0.105,-0.080,1.37,2.27,155.42,1.45,2.33,0.001,0.010,0.194,1520,1478,1546,1516,10.00,10.06,49.44,49.39
1787304399.403,37.497,True,1,5.099,5.038,0.069,0.034,9.852,9.852,0.314,3.099,0.395,3.134,0.418,0.271,-0.105,-0.080,1.37,2.27,155.42,1.44,2.33,0.000,0.011,0.194,1520,1478,1546,1516,10.00,10.06,59.44,59.39
1787304399.413,37.507,True,1,5.099,5.038,0.069,0.034,9.852,9.852,0.314,3.099,0.395,3.133,0.417,0.271,-0.105,-0.080,1.37,2.27,155.42,1.43,2.34,-0.001,0.012,0.194,1479,1478,1546,1516,10.00,10.06,69.44,69.39
1787304399.424,37.518,True,1,5.105,5.038,0.059,0.036,9.854,9.854,0.314,3.090,0.385,3.131,0.416,0.283,-0.107,-0.091,1.33,2.57,153.01,1.21,2.37,-0.026,-0.014,0.299,1477,1521,1561,1516,10.00,10.06,-0.56,-0.61
1787304399.433,37.527,True,1,5.105,5.038,0.059,0.036,9.853,9.853,0.314,3.090,0.385,3.130,0.415,0.283,-0.107,-0.091,1.33,2.57,153.01,1.20,2.38,-0.027,-0.013,0.299,1476,1521,1561,1516,10.00,10.06,9.44,9.39
1787304399.443,37.537,True,1,5.105,5.038,0.059,0.035,9.852,9.852,0.314,3.090,0.385,3.128,0.414,0.283,-0.107,-0.091,1.33,2.57,153.01,1.18,2.38,-0.028,-0.012,0.299,1476,1521,1561,1516,9.99,10.06,19.44,19.39
1787304399.453,37.547,True,1,5.105,5.038,0.059,0.034,9.852,9.852,0.314,3.090,0.385,3.127,0.413,0.283,-0.107,-0.091,1.33,2.57,153.01,1.17,2.39,-0.030,-0.011,0.299,1476,1521,1561,1516,10.00,10.06,29.44,29.39
1787304399.463,37.558,True,1,5.108,5.038,0.057,0.028,9.846,9.846,0.314,3.086,0.381,3.126,0.412,0.288,-0.104,-0.085,1.13,2.55,152.31,1.21,2.42,-0.006,-0.008,0.329,1479,1520,1565,1515,10.00,10.06,-0.18,-0.23
1787304399.473,37.567,True,1,5.108,5.038,0.057,0.027,9.845,9.845,0.314,3.086,0.381,3.124,0.411,0.288,-0.104,-0.085,1.13,2.55,152.31,1.19,2.42,-0.008,-0.007,0.329,1479,1520,1565,1515,10.00,10.06,9.82,9.77
1787304399.483,37.577,True,1,5.108,5.038,0.057,0.027,9.844,9.844,0.314,3.086,0.381,3.123,0.410,0.288,-0.104,-0.085,1.13,2.55,152.31,1.18,2.43,-0.009,-0.007,0.329,1478,1520,1565,1515,10.00,10.06,19.82,19.78
1787304399.493,37.587,True,1,5.108,5.038,0.057,0.026,9.844,9.844,0.314,3.086,0.381,3.122,0.409,0.288,-0.104,-0.085,1.13,2.55,152.31,1.17,2.44,-0.010,-0.006,0.329,1478,1520,1565,1515,10.00,10.06,29.82,29.77
1787304399.503,37.598,True,1,5.110,5.038,0.042,0.061,9.878,9.878,0.315,3.083,0.378,3.121,0.408,0.292,-0.105,-0.094,1.09,2.55,151.08,1.01,2.43,-0.025,-0.006,0.383,1477,1520,1573,1517,10.00,10.06,-0.35,-0.30
1787304399.513,37.607,True,1,5.110,5.038,0.042,0.061,9.878,9.878,0.315,3.083,0.378,3.119,0.407,0.292,-0.105,-0.094,1.09,2.55,151.08,1.00,2.44,-0.026,-0.005,0.383,1477,1520,1573,1517,10.00,10.06,9.65,9.70
1787304399.523,37.617,True,1,5.110,5.038,0.042,0.060,9.877,9.877,0.315,3.083,0.378,3.118,0.406,0.292,-0.105,-0.094,1.09,2.55,151.08,0.99,2.44,-0.027,-0.004,0.383,1476,1520,1573,1517,10.00,10.06,19.65,19.70
1787304399.533,37.627,True,1,5.110,5.038,0.042,0.059,9.876,9.876,0.315,3.083,0.378,3.117,0.405,0.292,-0.105,-0.094,1.09,2.55,151.08,0.98,2.45,-0.028,-0.004,0.383,1476,1520,1573,1517,10.00,10.06,29.65,29.70
1787304399.543,37.637,True,1,5.110,5.038,0.042,0.058,9.876,9.876,0.315,3.083,0.378,3.116,0.404,0.292,-0.105,-0.094,1.09,2.55,151.08,0.97,2.46,-0.029,-0.003,0.383,1476,1520,1573,1516,10.00,10.06,39.65,39.70
1787304399.553,37.647,True,1,5.110,5.038,0.042,0.058,9.875,9.875,0.315,3.083,0.378,3.115,0.403,0.292,-0.105,-0.094,1.09,2.55,151.08,0.96,2.46,-0.031,-0.002,0.383,1476,1520,1573,1516,10.00,10.06,49.65,49.70
1787304399.563,37.657,True,1,5.110,5.038,0.042,0.057,9.874,9.874,0.315,3.083,0.378,3.114,0.403,0.292,-0.105,-0.094,1.09,2.55,151.08,0.95,2.47,-0.032,-0.002,0.383,1476,1520,1573,1516,10.00,10.06,59.65,59.70
1787304399.573,37.667,True,1,5.110,5.038,0.042,0.056,9.873,9.873,0.315,3.083,0.378,3.113,0.402,0.292,-0.105,-0.094,1.09,2.55,151.08,0.93,2.47,-0.033,-0.001,0.383,1476,1520,1573,1516,10.00,10.06,69.65,69.70
1787304399.584,37.678,True,1,5.116,5.038,0.063,-0.029,9.789,9.789,0.312,3.074,0.370,3.111,0.401,0.302,-0.103,-0.072,1.33,2.29,149.94,1.08,2.61,-0.043,0.044,0.432,1475,1475,1579,1513,10.00,10.06,-0.51,-0.56
1787304399.593,37.687,True,1,5.116,5.038,0.063,-0.030,9.789,9.788,0.312,3.074,0.370,3.110,0.400,0.302,-0.103,-0.072,1.33,2.29,149.94,1.07,2.62,-0.045,0.044,0.431,1475,1475,1579,1513,10.00,10.06,9.49,9.44
1787304399.603,37.697,True,1,5.116,5.038,0.063,-0.031,9.788,9.788,0.312,3.074,0.370,3.109,0.399,0.302,-0.103,-0.072,1.33,2.29,149.94,1.06,2.62,-0.046,0.045,0.431,1474,1474,1579,1513,10.00,10.06,19.49,19.44
1787304399.613,37.707,True,1,5.116,5.038,0.063,-0.032,9.787,9.787,0.312,3.074,0.370,3.108,0.398,0.302,-0.103,-0.072,1.33,2.29,149.94,1.05,2.63,-0.047,0.046,0.431,1474,1474,1579,1513,10.00,10.06,29.49,29.44
1787304399.623,37.717,True,1,5.116,5.038,0.063,-0.032,9.786,9.786,0.312,3.074,0.370,3.107,0.397,0.302,-0.103,-0.072,1.33,2.29,149.94,1.04,2.64,-0.048,0.046,0.431,1474,1474,1579,1513,10.00,10.06,39.49,39.44
1787304399.633,37.728,True,1,5.118,5.038,0.052,-0.009,9.809,9.809,0.313,3.070,0.366,3.106,0.396,0.308,-0.100,-0.068,1.57,2.11,149.46,1.06,2.64,-0.070,0.067,0.452,1472,1472,1582,1514,10.00,10.06,-0.27,-0.32
1787304399.643,37.737,True,1,5.118,5.038,0.052,-0.010,9.809,9.808,0.313,3.070,0.366,3.104,0.395,0.308,-0.100,-0.068,1.57,2.11,149.46,1.05,2.64,-0.071,0.068,0.452,1472,1472,1582,1514,10.00,10.06,9.72,9.68
1787304399.653,37.747,True,1,5.118,5.038,0.052,-0.011,9.808,9.807,0.313,3.070,0.366,3.103,0.394,0.308,-0.100,-0.068,1.57,2.11,149.46,1.03,2.65,-0.073,0.069,0.452,1471,1472,1582,1514,10.00,10.06,19.73,19.68
1787304399.663,37.758,True,1,5.120,5.038,0.035,0.032,9.850,9.849,0.314,3.066,0.362,3.102,0.393,0.313,-0.100,-0.077,1.62,1.93,149.18,0.92,2.60,-0.089,0.083,0.463,1470,1470,1584,1516,10.00,10.06,-0.25,-0.30
1787304399.673,37.767,True,1,5.120,5.038,0.035,0.031,9.849,9.848,0.314,3.066,0.362,3.101,0.392,0.313,-0.100,-0.077,1.62,1.93,149.18,0.91,2.60,-0.090,0.084,0.463,1469,1470,1584,1515,10.00,10.06,9.75,9.70
1787304399.683,37.777,True,1,5.120,5.038,0.035,0.030,9.848,9.847,0.314,3.066,0.362,3.100,0.391,0.313,-0.100,-0.077,1.62,1.93,149.18,0.90,2.61,-0.091,0.085,0.463,1469,1470,1584,1515,10.01,10.07,19.75,19.70
1787304399.693,37.787,True,1,5.120,5.038,0.035,0.029,9.847,9.846,0.314,3.066,0.362,3.098,0.390,0.313,-0.100,-0.077,1.62,1.93,149.18,0.88,2.62,-0.093,0.085,0.463,1469,1470,1584,1515,10.00,10.07,29.75,29.70
1787304399.703,37.797,True,1,5.120,5.038,0.035,0.029,9.847,9.845,0.314,3.066,0.362,3.097,0.389,0.313,-0.100,-0.077,1.62,1.93,149.18,0.87,2.62,-0.094,0.086,0.463,1469,1470,1584,1515,9.99,10.06,39.75,39.70
1787304399.713,37.807,True,1,5.120,5.038,0.035,0.028,9.846,9.844,0.314,3.066,0.362,3.096,0.388,0.313,-0.100,-0.077,1.62,1.93,149.18,0.86,2.63,-0.095,0.086,0.463,1469,1470,1584,1515,10.00,10.06,49.75,49.70
1787304399.723,37.817,True,1,5.120,5.038,0.035,0.027,9.845,9.843,0.314,3.066,0.362,3.095,0.387,0.313,-0.100,-0.077,1.62,1.93,149.18,0.85,2.63,-0.096,0.087,0.463,1469,1470,1584,1515,10.00,10.06,59.75,59.70
1787304399.733,37.827,True,1,5.120,5.038,0.035,0.026,9.844,9.843,0.314,3.066,0.362,3.094,0.386,0.313,-0.100,-0.077,1.62,1.93,149.18,0.84,2.64,-0.097,0.087,0.463,1469,1470,1584,1515,10.00,10.06,69.75,69.70
1787304399.744,37.838,True,1,5.124,5.038,0.012,0.077,9.895,9.893,0.316,3.058,0.357,3.093,0.385,0.322,-0.099,-0.088,1.51,1.69,149.22,0.73,2.56,-0.096,0.103,0.462,1469,1468,1584,1517,10.00,10.06,-0.58,-0.53
1787304399.753,37.847,True,1,5.124,5.038,0.012,0.076,9.894,9.892,0.316,3.058,0.357,3.092,0.384,0.322,-0.099,-0.088,1.51,1.69,149.22,0.71,2.57,-0.097,0.104,0.462,1469,1468,1584,1517,10.00,10.06,9.43,9.48
1787304399.763,37.857,True,1,5.124,5.038,0.012,0.076,9.893,9.891,0.316,3.058,0.357,3.091,0.383,0.322,-0.099,-0.088,1.51,1.69,149.22,0.70,2.57,-0.099,0.104,0.462,1469,1468,1584,1517,9.99,10.06,19.42,19.47
1787304399.773,37.867,True,1,5.124,5.038,0.012,0.075,9.892,9.890,0.316,3.058,0.357,3.090,0.382,0.322,-0.099,-0.088,1.51,1.69,149.22,0.69,2.58,-0.100,0.105,0.461,1468,1468,1584,1517,10.00,10.06,29.42,29.47
1787304399.783,37.877,True,1,5.124,5.038,0.012,0.074,9.891,9.889,0.316,3.058,0.357,3.089,0.382,0.322,-0.099,-0.088,1.51,1.69,149.22,0.68,2.59,-0.101,0.105,0.461,1468,1468,1584,1517,10.00,10.06,39.42,39.47
1787304399.793,37.887,True,1,5.124,5.038,0.012,0.073,9.890,9.888,0.316,3.058,0.357,3.088,0.381,0.322,-0.099,-0.088,1.51,1.69,149.22,0.67,2.59,-0.102,0.106,0.461,1468,1468,1584,1517,10.00,10.06,49.43,49.47
1787304399.803,37.897,True,1,5.124,5.038,0.012,0.072,9.890,9.887,0.316,3.058,0.357,3.087,0.380,0.322,-0.099,-0.088,1.51,1.69,149.22,0.66,2.60,-0.103,0.107,0.461,1468,1468,1584,1517,10.00,10.06,59.43,59.47
1787304399.813,37.907,True,1,5.124,5.038,0.012,0.071,9.889,9.886,0.316,3.058,0.357,3.086,0.379,0.322,-0.099,-0.088,1.51,1.69,149.22,0.65,2.60,-0.104,0.107,0.461,1468,1468,1584,1517,10.00,10.06,69.42,69.47
1787304399.824,37.918,True,1,5.126,5.038,0.009,0.069,9.888,9.887,0.316,3.050,0.351,3.084,0.378,0.331,-0.102,-0.071,1.18,2.07,149.90,0.80,2.72,-0.055,0.077,0.433,1473,1471,1580,1517,10.00,10.06,-0.58,-0.54
1787304399.833,37.927,True,1,5.126,5.038,0.009,0.068,9.887,9.886,0.316,3.050,0.351,3.083,0.377,0.331,-0.102,-0.071,1.18,2.07,149.90,0.79,2.73,-0.056,0.078,0.433,1473,1471,1580,1517,10.00,10.06,9.41,9.46
1787304399.843,37.937,True,1,5.126,5.038,0.009,0.068,9.886,9.885,0.316,3.050,0.351,3.082,0.376,0.331,-0.102,-0.071,1.18,2.07,149.90,0.78,2.73,-0.057,0.078,0.433,1473,1471,1580,1517,10.00,10.06,19.42,19.46
1787304399.853,37.947,True,1,5.126,5.038,0.009,0.067,9.885,9.885,0.315,3.050,0.351,3.081,0.376,0.331,-0.102,-0.071,1.18,2.07,149.90,0.77,2.74,-0.058,0.079,0.433,1473,1471,1580,1517,10.00,10.06,29.42,29.47
1787304399.863,37.957,True,1,5.126,5.038,0.009,0.066,9.885,9.884,0.315,3.050,0.351,3.080,0.375,0.331,-0.102,-0.071,1.18,2.07,149.90,0.76,2.75,-0.059,0.079,0.433,1473,1471,1580,1517,10.00,10.06,39.42,39.47
1787304399.873,37.967,True,1,5.126,5.038,0.009,0.065,9.884,9.883,0.315,3.050,0.351,3.079,0.374,0.331,-0.102,-0.071,1.18,2.07,149.90,0.75,2.75,-0.060,0.080,0.433,1473,1471,1580,1517,10.00,10.06,49.42,49.46
1787304399.883,37.977,True,1,5.126,5.038,0.009,0.064,9.883,9.882,0.315,3.050,0.351,3.078,0.373,0.331,-0.102,-0.071,1.18,2.07,149.90,0.74,2.76,-0.061,0.081,0.433,1473,1471,1580,1517,10.00,10.06,59.41,59.46
1787304399.893,37.987,True,1,5.126,5.038,0.009,0.063,9.882,9.881,0.315,3.050,0.351,3.077,0.373,0.331,-0.102,-0.071,1.18,2.07,149.90,0.73,2.76,-0.063,0.081,0.433,1473,1470,1580,1517,10.00,10.06,69.41,69.46
1787304399.904,37.998,True,1,5.129,5.038,0.012,0.046,9.865,9.864,0.315,3.042,0.346,3.076,0.372,0.341,-0.090,-0.060,0.50,2.51,151.21,0.94,2.70,0.029,0.023,0.377,1523,1477,1572,1516,10.00,10.06,-0.52,-0.56
1787304399.913,38.007,True,1,5.129,5.038,0.012,0.045,9.864,9.864,0.315,3.042,0.346,3.075,0.371,0.341,-0.090,-0.060,0.50,2.51,151.21,0.93,2.71,0.028,0.024,0.377,1523,1477,1572,1516,10.00,10.06,9.49,9.44
1787304399.923,38.017,True,1,5.129,5.038,0.012,0.044,9.863,9.863,0.315,3.042,0.346,3.074,0.370,0.341,-0.090,-0.060,0.50,2.51,151.21,0.92,2.71,0.027,0.024,0.377,1522,1477,1572,1516,10.00,10.06,19.48,19.44
1787304399.933,38.027,True,1,5.129,5.038,0.012,0.043,9.862,9.862,0.315,3.042,0.346,3.073,0.369,0.341,-0.090,-0.060,0.50,2.51,151.21,0.91,2.72,0.026,0.025,0.377,1522,1477,1572,1516,10.00,10.06,29.48,29.43
1787304399.943,38.037,True,1,5.129,5.038,0.012,0.042,9.861,9.861,0.315,3.042,0.346,3.072,0.368,0.341,-0.090,-0.060,0.50,2.51,151.21,0.89,2.73,0.025,0.026,0.377,1522,1477,1572,1516,10.00,10.06,39.48,39.44
1787304399.953,38.047,True,1,5.129,5.038,0.012,0.041,9.860,9.860,0.315,3.042,0.346,3.071,0.368,0.341,-0.090,-0.060,0.50,2.51,151.21,0.88,2.73,0.023,0.026,0.377,1522,1477,1572,1516,10.01,10.07,49.49,49.44
1787304399.963,38.057,True,1,5.129,5.038,0.012,0.040,9.859,9.859,0.315,3.042,0.346,3.070,0.367,0.341,-0.090,-0.060,0.50,2.51,151.21,0.87,2.74,0.022,0.027,0.377,1522,1476,1572,1516,10.00,10.06,59.49,59.44
1787304399.973,38.067,True,1,5.129,5.038,0.012,0.039,9.859,9.858,0.315,3.042,0.346,3.069,0.366,0.341,-0.090,-0.060,0.50,2.51,151.21,0.86,2.75,0.021,0.028,0.377,1522,1476,1572,1516,10.00,10.06,69.49,69.44
1787304399.984,38.078,True,1,5.130,5.038,-0.011,0.104,9.922,9.919,0.317,3.036,0.342,3.068,0.365,0.348,-0.069,-0.045,-0.14,3.18,153.15,1.18,2.58,0.122,-0.063,0.292,1533,1527,1560,1518,10.00,10.06,-0.56,-0.61
1787304399.993,38.087,True,1,5.130,5.038,-0.011,0.103,9.922,9.918,0.317,3.036,0.342,3.067,0.365,0.348,-0.069,-0.045,-0.14,3.18,153.15,1.17,2.59,0.121,-0.062,0.292,1533,1526,1560,1518,10.00,10.06,9.44,9.39
1787304400.003,38.097,True,1,5.130,5.038,-0.011,0.102,9.921,9.918,0.317,3.036,0.342,3.066,0.364,0.348,-0.069,-0.045,-0.14,3.18,153.15,1.16,2.59,0.120,-0.062,0.292,1533,1526,1560,1518,10.00,10.06,19.44,19.39
1787304400.013,38.107,True,1,5.130,5.038,-0.011,0.101,9.920,9.917,0.317,3.036,0.342,3.065,0.363,0.348,-0.069,-0.045,-0.14,3.18,153.15,1.15,2.60,0.119,-0.061,0.292,1533,1526,1560,1518,10.00,10.06,29.44,29.39
1787304400.023,38.117,True,1,5.130,5.038,-0.011,0.100,9.919,9.916,0.316,3.036,0.342,3.064,0.362,0.348,-0.069,-0.045,-0.14,3.18,153.15,1.14,2.61,0.118,-0.060,0.292,1533,1526,1560,1518,10.00,10.06,39.44,39.39
1787304400.033,38.127,True,1,5.130,5.038,-0.011,0.099,9.918,9.915,0.316,3.036,0.342,3.063,0.362,0.348,-0.069,-0.045,-0.14,3.18,153.15,1.13,2.61,0.117,-0.060,0.292,1532,1526,1560,1518,10.00,10.06,49.44,49.39
1787304400.043,38.137,True,1,5.130,5.038,-0.011,0.098,9.917,9.914,0.316,3.036,0.342,3.062,0.361,0.348,-0.069,-0.045,-0.14,3.18,153.15,1.12,2.62,0.116,-0.059,0.292,1532,1526,1560,1518,10.00,10.06,59.44,59.39
1787304400.053,38.147,True,1,5.130,5.038,-0.011,0.097,9.916,9.913,0.316,3.036,0.342,3.061,0.360,0.348,-0.069,-0.045,-0.14,3.18,153.15,1.11,2.63,0.115,-0.058,0.292,1532,1526,1560,1518,10.00,10.06,69.44,69.39
1787304400.063,38.157,True,1,5.130,5.038,-0.011,0.096,9.915,9.913,0.316,3.036,0.342,3.060,0.360,0.348,-0.069,-0.045,-0.14,3.18,153.15,1.10,2.63,0.114,-0.058,0.292,1532,1526,1560,1518,10.00,10.06,79.44,79.39
1787304400.074,38.168,True,1,5.130,5.038,-0.027,0.141,9.961,9.953,0.318,3.032,0.339,3.059,0.359,0.353,-0.036,-0.017,-0.20,3.73,155.43,1.60,2.39,0.176,-0.141,0.192,1539,1535,1546,1519,10.00,10.06,-0.56,-0.61
1787304400.083,38.177,True,1,5.130,5.038,-0.027,0.140,9.960,9.952,0.318,3.032,0.339,3.058,0.358,0.353,-0.036,-0.017,-0.20,3.73,155.43,1.59,2.40,0.175,-0.140,0.192,1539,1535,1546,1519,10.00,10.06,9.44,9.39
1787304400.093,38.187,True,1,5.130,5.038,-0.027,0.139,9.959,9.951,0.318,3.032,0.339,3.057,0.358,0.353,-0.036,-0.017,-0.20,3.73,155.43,1.58,2.41,0.174,-0.140,0.192,1539,1535,1546,1519,10.00,10.06,19.44,19.39
1787304400.103,38.197,True,1,5.130,5.038,-0.027,0.139,9.958,9.950,0.318,3.032,0.339,3.057,0.357,0.353,-0.036,-0.017,-0.20,3.73,155.43,1.57,2.41,0.173,-0.139,0.192,1539,1535,1546,1519,10.00,10.06,29.44,29.39
1787304400.113,38.207,True,1,5.130,5.038,-0.027,0.138,9.957,9.950,0.318,3.032,0.339,3.056,0.357,0.353,-0.036,-0.017,-0.20,3.73,155.43,1.56,2.42,0.173,-0.138,0.192,1539,1535,1546,1519,10.00,10.06,39.44,39.39
1787304400.123,38.217,True,1,5.130,5.038,-0.027,0.137,9.956,9.949,0.318,3.032,0.339,3.055,0.356,0.353,-0.036,-0.017,-0.20,3.73,155.43,1.56,2.43,0.172,-0.138,0.192,1538,1535,1546,1519,10.00,10.06,49.44,49.39
1787304400.133,38.227,True,1,5.130,5.038,-0.027,0.136,9.955,9.948,0.318,3.032,0.339,3.054,0.355,0.353,-0.036,-0.017,-0.20,3.73,155.43,1.55,2.43,0.171,-0.137,0.192,1538,1535,1546,1519,10.00,10.06,59.44,59.39
1787304400.144,38.238,True,1,5.129,5.038,-0.050,0.204,10.023,10.013,0.320,3.030,0.339,3.053,0.355,0.354,-0.013,-0.013,0.15,4.00,158.18,1.76,2.13,0.163,-0.196,0.074,1538,1541,1530,1521,10.00,10.06,-0.56,-0.51
1787304400.153,38.247,True,1,5.129,5.038,-0.050,0.203,10.022,10.012,0.320,3.030,0.339,3.053,0.354,0.354,-0.013,-0.013,0.15,4.00,158.18,1.76,2.14,0.163,-0.195,0.074,1537,1541,1530,1521,10.00,10.06,9.44,9.49
1787304400.163,38.257,True,1,5.129,5.038,-0.050,0.202,10.021,10.012,0.320,3.030,0.339,3.052,0.354,0.354,-0.013,-0.013,0.15,4.00,158.18,1.75,2.15,0.162,-0.194,0.074,1537,1541,1530,1521,10.00,10.06,19.45,19.49
1787304400.173,38.268,True,1,5.130,5.038,-0.021,0.115,9.935,9.925,0.317,3.030,0.339,3.051,0.353,0.354,0.002,0.016,0.37,4.03,158.89,2.12,2.11,0.180,-0.200,0.043,1539,1542,1526,1518,10.00,10.06,-0.12,-0.17
1787304400.183,38.277,True,1,5.130,5.038,-0.021,0.114,9.934,9.924,0.317,3.030,0.339,3.050,0.353,0.354,0.002,0.016,0.37,4.03,158.89,2.11,2.12,0.179,-0.199,0.043,1539,1541,1526,1518,10.00,10.06,9.88,9.83
1787304400.193,38.287,True,1,5.130,5.038,-0.021,0.113,9.933,9.923,0.317,3.030,0.339,3.050,0.352,0.354,0.002,0.016,0.37,4.03,158.89,2.10,2.13,0.178,-0.199,0.043,1539,1541,1526,1518,10.01,10.07,19.89,19.84
1787304400.203,38.297,True,1,5.130,5.038,-0.021,0.112,9.932,9.922,0.317,3.030,0.339,3.049,0.352,0.354,0.002,0.016,0.37,4.03,158.89,2.10,2.13,0.177,-0.198,0.043,1539,1541,1526,1518,9.99,10.06,29.88,29.83
1787304400.213,38.307,True,1,5.130,5.038,-0.021,0.111,9.931,9.921,0.317,3.030,0.339,3.049,0.352,0.354,0.002,0.016,0.37,4.03,158.89,2.09,2.14,0.177,-0.198,0.043,1539,1541,1526,1518,10.00,10.06,39.88,39.83
1787304400.223,38.317,True,1,5.130,5.038,-0.021,0.110,9.930,9.921,0.317,3.030,0.339,3.048,0.351,0.354,0.002,0.016,0.37,4.03,158.89,2.08,2.15,0.176,-0.197,0.043,1539,1541,1526,1518,10.00,10.06,49.88,49.83
1787304400.234,38.328,True,1,5.130,5.038,-0.052,0.199,10.019,10.009,0.319,3.032,0.339,3.047,0.351,0.353,0.011,0.020,0.95,4.11,161.26,2.22,1.97,0.137,-0.225,-0.057,1535,1544,1472,1521,10.00,10.06,-0.46,-0.41
1787304400.243,38.337,True,1,5.130,5.038,-0.052,0.198,10.018,10.008,0.319,3.032,0.339,3.047,0.350,0.353,0.011,0.020,0.95,4.11,161.26,2.21,1.97,0.136,-0.224,-0.057,1535,1544,1472,1521,10.01,10.07,9.55,9.60
1787304400.253,38.348,True,1,5.130,5.038,-0.084,0.297,10.115,10.106,0.323,3.033,0.339,3.046,0.350,0.352,0.024,0.008,1.22,4.07,162.09,2.14,1.77,0.103,-0.243,-0.092,1531,1546,1467,1525,9.99,10.06,-0.12,-0.17
1787304400.263,38.357,True,1,5.130,5.038,-0.084,0.296,10.114,10.105,0.323,3.033,0.339,3.046,0.350,0.352,0.024,0.008,1.22,4.07,162.09,2.13,1.77,0.102,-0.243,-0.092,1531,1546,1467,1525,10.00,10.06,9.88,9.83
1787304400.273,38.367,True,1,5.130,5.038,-0.084,0.295,10.113,10.104,0.322,3.033,0.339,3.045,0.349,0.352,0.024,0.008,1.22,4.07,162.09,2.13,1.78,0.102,-0.242,-0.092,1531,1546,1467,1525,10.00,10.06,19.88,19.83
1787304400.283,38.377,True,1,5.130,5.038,-0.084,0.294,10.112,10.103,0.322,3.033,0.339,3.045,0.349,0.352,0.024,0.008,1.22,4.07,162.09,2.12,1.78,0.101,-0.241,-0.092,1531,1546,1467,1525,10.00,10.06,29.88,29.83
1787304400.293,38.387,True,1,5.130,5.038,-0.084,0.293,10.112,10.102,0.322,3.033,0.339,3.045,0.349,0.352,0.024,0.008,1.22,4.07,162.09,2.12,1.79,0.101,-0.241,-0.092,1531,1546,1467,1525,10.00,10.06,39.88,39.83
1787304400.303,38.397,True,1,5.130,5.038,-0.084,0.292,10.111,10.101,0.322,3.033,0.339,3.044,0.348,0.352,0.024,0.008,1.22,4.07,162.09,2.11,1.79,0.100,-0.240,-0.092,1531,1546,1467,1525,10.00,10.06,49.88,49.83
1787304400.313,38.408,True,1,5.130,5.038,-0.065,0.233,10.053,10.047,0.321,3.036,0.339,3.044,0.348,0.349,0.040,0.038,1.83,3.63,164.18,2.52,1.65,0.084,-0.213,-0.181,1529,1543,1454,1523,10.00,10.06,-0.36,-0.40
1787304400.323,38.417,True,1,5.130,5.038,-0.065,0.232,10.052,10.046,0.321,3.036,0.339,3.044,0.348,0.349,0.040,0.038,1.83,3.63,164.18,2.52,1.66,0.084,-0.213,-0.181,1529,1543,1454,1523,10.00,10.06,9.65,9.60
1787304400.333,38.427,True,1,5.130,5.038,-0.065,0.231,10.052,10.045,0.321,3.036,0.339,3.043,0.347,0.349,0.040,0.038,1.83,3.63,164.18,2.51,1.66,0.083,-0.212,-0.182,1529,1543,1454,1523,10.00,10.06,19.65,19.60
1787304400.343,38.437,True,1,5.130,5.038,-0.065,0.230,10.051,10.044,0.321,3.036,0.339,3.043,0.347,0.349,0.040,0.038,1.83,3.63,164.18,2.51,1.67,0.083,-0.212,-0.182,1529,1543,1454,1523,10.00,10.06,29.64,29.60
1787304400.353,38.447,True,1,5.130,5.038,-0.065,0.229,10.050,10.043,0.321,3.036,0.339,3.043,0.347,0.349,0.040,0.038,1.83,3.63,164.18,2.51,1.67,0.082,-0.211,-0.182,1529,1543,1454,1522,10.00,10.06,39.65,39.60
1787304400.363,38.457,True,1,5.130,5.038,-0.065,0.228,10.049,10.042,0.321,3.036,0.339,3.043,0.347,0.349,0.040,0.038,1.83,3.63,164.18,2.50,1.68,0.082,-0.211,-0.182,1529,1543,1454,1522,10.00,10.06,49.65,49.60
1787304400.373,38.467,True,1,5.130,5.038,-0.065,0.227,10.048,10.041,0.320,3.036,0.339,3.043,0.346,0.349,0.040,0.038,1.83,3.63,164.18,2.50,1.68,0.082,-0.210,-0.182,1529,1543,1454,1522,10.00,10.06,59.64,59.60
1787304400.384,38.478,True,1,5.129,5.038,-0.095,0.318,10.137,10.133,0.323,3.042,0.341,3.043,0.346,0.343,0.066,0.024,2.23,2.93,166.37,2.46,1.28,0.038,-0.184,-0.277,1524,1540,1441,1526,10.00,10.06,-0.46,-0.51
1787304400.393,38.487,True,1,5.129,5.038,-0.095,0.317,10.136,10.132,0.323,3.042,0.341,3.043,0.346,0.343,0.066,0.024,2.23,2.93,166.37,2.45,1.28,0.038,-0.184,-0.277,1524,1540,1441,1526,10.00,10.07,9.54,9.49
1787304400.403,38.497,True,1,5.129,5.038,-0.095,0.317,10.135,10.131,0.323,3.042,0.341,3.043,0.346,0.343,0.066,0.024,2.23,2.93,166.37,2.45,1.28,0.038,-0.183,-0.277,1524,1540,1441,1526,10.00,10.06,19.54,19.49
1787304400.413,38.507,True,1,5.129,5.038,-0.095,0.316,10.134,10.130,0.323,3.042,0.341,3.042,0.346,0.343,0.066,0.024,2.23,2.93,166.37,2.45,1.29,0.037,-0.183,-0.277,1524,1540,1441,1526,10.00,10.06,29.54,29.49
1787304400.423,38.517,True,1,5.129,5.038,-0.095,0.315,10.133,10.129,0.323,3.042,0.341,3.042,0.346,0.343,0.066,0.024,2.23,2.93,166.37,2.44,1.29,0.037,-0.183,-0.277,1524,1540,1441,1526,10.00,10.06,39.54,39.49
1787304400.433,38.527,True,1,5.129,5.038,-0.095,0.314,10.132,10.128,0.323,3.042,0.341,3.042,0.345,0.343,0.066,0.024,2.23,2.93,166.37,2.44,1.29,0.037,-0.182,-0.277,1524,1540,1441,1526,10.00,10.06,49.54,49.49
1787304400.443,38.537,True,1,5.129,5.038,-0.095,0.313,10.131,10.127,0.323,3.042,0.341,3.042,0.345,0.343,0.066,0.024,2.23,2.93,166.37,2.44,1.30,0.036,-0.182,-0.277,1524,1540,1441,1525,10.00,10.06,59.54,59.49
1787304400.453,38.547,True,1,5.129,5.038,-0.095,0.312,10.130,10.126,0.323,3.042,0.341,3.042,0.345,0.343,0.066,0.024,2.23,2.93,166.37,2.44,1.30,0.036,-0.182,-0.277,1524,1540,1441,1525,10.00,10.06,69.54,69.49
1787304400.464,38.558,True,1,5.127,5.038,-0.101,0.338,10.156,10.155,0.324,3.048,0.344,3.043,0.345,0.336,0.089,0.024,2.34,1.86,168.97,2.53,0.96,0.034,-0.110,-0.393,1523,1532,1425,1526,10.00,10.06,-0.55,-0.60
1787304400.473,38.567,True,1,5.127,5.038,-0.101,0.337,10.155,10.154,0.324,3.048,0.344,3.043,0.345,0.336,0.089,0.024,2.34,1.86,168.97,2.53,0.96,0.034,-0.110,-0.393,1523,1532,1425,1526,10.00,10.06,9.45,9.40
1787304400.483,38.577,True,1,5.127,5.038,-0.101,0.336,10.154,10.153,0.324,3.048,0.344,3.043,0.345,0.336,0.089,0.024,2.34,1.86,168.97,2.53,0.96,0.033,-0.110,-0.393,1523,1532,1425,1526,10.00,10.06,19.45,19.40
1787304400.493,38.587,True,1,5.127,5.038,-0.101,0.335,10.153,10.152,0.324,3.048,0.344,3.043,0.345,0.336,0.089,0.024,2.34,1.86,168.97,2.53,0.97,0.033,-0.110,-0.393,1523,1532,1425,1526,10.00,10.06,29.45,29.40
1787304400.503,38.597,True,1,5.127,5.038,-0.101,0.334,10.152,10.151,0.324,3.048,0.344,3.043,0.345,0.336,0.089,0.024,2.34,1.86,168.97,2.53,0.97,0.033,-0.109,-0.393,1523,1532,1425,1526,10.00,10.06,39.45,39.40
1787304400.513,38.607,True,1,5.127,5.038,-0.101,0.333,10.151,10.150,0.324,3.048,0.344,3.044,0.345,0.336,0.089,0.024,2.34,1.86,168.97,2.53,0.97,0.033,-0.109,-0.393,1523,1532,1425,1526,10.00,10.06,49.45,49.40
1787304400.524,38.618,True,1,5.125,5.038,-0.091,0.311,10.130,10.130,0.323,3.053,0.346,3.044,0.345,0.330,0.078,0.035,2.29,1.22,170.20,2.63,1.05,0.046,-0.036,-0.450,1525,1523,1417,1526,10.00,10.06,-0.38,-0.43
1787304400.533,38.627,True,1,5.125,5.038,-0.091,0.310,10.129,10.129,0.323,3.053,0.346,3.044,0.345,0.330,0.078,0.035,2.29,1.22,170.20,2.63,1.05,0.045,-0.036,-0.450,1525,1523,1417,1526,10.00,10.06,9.62,9.58
1787304400.543,38.638,True,1,5.125,5.038,-0.122,0.402,10.220,10.219,0.326,3.054,0.346,3.045,0.345,0.329,0.082,0.022,2.25,0.95,170.61,2.49,0.97,0.033,-0.017,-0.469,1523,1521,1414,1529,10.01,10.07,-0.31,-0.25
1787304400.553,38.647,True,1,5.125,5.038,-0.122,0.401,10.219,10.219,0.326,3.054,0.346,3.045,0.345,0.329,0.082,0.022,2.25,0.95,170.61,2.49,0.97,0.033,-0.017,-0.469,1523,1521,1414,1529,9.99,10.06,9.68,9.73
1787304400.563,38.657,True,1,5.125,5.038,-0.122,0.400,10.218,10.218,0.326,3.054,0.346,3.045,0.345,0.329,0.082,0.022,2.25,0.95,170.61,2.49,0.97,0.033,-0.017,-0.469,1523,1521,1414,1529,10.00,10.06,19.68,19.73
1787304400.573,38.667,True,1,5.125,5.038,-0.122,0.399,10.217,10.217,0.326,3.054,0.346,3.045,0.345,0.329,0.082,0.022,2.25,0.95,170.61,2.49,0.97,0.033,-0.017,-0.469,1523,1521,1414,1529,10.01,10.07,29.69,29.74
1787304400.583,38.677,True,1,5.125,5.038,-0.122,0.398,10.216,10.216,0.326,3.054,0.346,3.046,0.345,0.329,0.082,0.022,2.25,0.95,170.61,2.49,0.97,0.033,-0.017,-0.469,1523,1521,1414,1529,9.99,10.06,39.68,39.74
1787304400.593,38.687,True,1,5.125,5.038,-0.122,0.397,10.215,10.215,0.326,3.054,0.346,3.046,0.345,0.329,0.082,0.022,2.25,0.95,170.61,2.49,0.97,0.033,-0.016,-0.469,1523,1521,1414,1529,10.00,10.07,49.69,49.74
1787304400.603,38.697,True,1,5.125,5.038,-0.122,0.397,10.214,10.214,0.326,3.054,0.346,3.046,0.345,0.329,0.082,0.022,2.25,0.95,170.61,2.49,0.97,0.033,-0.016,-0.469,1523,1521,1414,1529,9.99,10.06,59.68,59.73
1787304400.614,38.708,True,1,5.124,5.038,-0.097,0.325,10.145,10.144,0.324,3.061,0.349,3.047,0.345,0.322,0.091,0.053,1.98,0.57,171.39,2.84,0.90,0.095,0.017,-0.504,1530,1478,1409,1526,10.00,10.06,-0.46,-0.51
1787304400.623,38.717,True,1,5.124,5.038,-0.097,0.324,10.144,10.143,0.324,3.061,0.349,3.047,0.346,0.322,0.091,0.053,1.98,0.57,171.39,2.84,0.90,0.095,0.017,-0.504,1530,1478,1409,1526,10.00,10.06,9.54,9.49
1787304400.633,38.728,True,1,5.124,5.038,-0.102,0.338,10.156,10.155,0.324,3.062,0.350,3.048,0.346,0.321,0.098,0.033,1.96,0.60,171.58,2.65,0.80,0.078,0.003,-0.511,1528,1479,1408,1526,10.00,10.06,-0.16,-0.11
1787304400.643,38.737,True,1,5.124,5.038,-0.102,0.337,10.155,10.154,0.324,3.062,0.350,3.048,0.346,0.321,0.098,0.033,1.96,0.60,171.58,2.65,0.80,0.078,0.003,-0.511,1528,1479,1408,1526,10.00,10.06,9.84,9.89
1787304400.653,38.747,True,1,5.124,5.038,-0.102,0.336,10.154,10.154,0.324,3.062,0.350,3.049,0.346,0.321,0.098,0.033,1.96,0.60,171.58,2.65,0.80,0.078,0.003,-0.511,1528,1479,1408,1526,10.00,10.06,19.84,19.89
1787304400.663,38.757,True,1,5.124,5.038,-0.102,0.335,10.153,10.153,0.324,3.062,0.350,3.049,0.346,0.321,0.098,0.033,1.96,0.60,171.58,2.65,0.80,0.078,0.003,-0.511,1528,1479,1408,1526,10.00,10.06,29.84,29.89
1787304400.673,38.767,True,1,5.124,5.038,-0.102,0.334,10.153,10.152,0.324,3.062,0.350,3.050,0.346,0.321,0.098,0.033,1.96,0.60,171.58,2.65,0.80,0.078,0.003,-0.511,1528,1479,1408,1526,10.01,10.07,39.85,39.90
1787304400.683,38.777,True,1,5.124,5.038,-0.102,0.333,10.152,10.151,0.324,3.062,0.350,3.050,0.346,0.321,0.098,0.033,1.96,0.60,171.58,2.65,0.80,0.078,0.003,-0.511,1528,1479,1408,1526,9.99,10.06,49.84,49.89
1787304400.693,38.787,True,1,5.124,5.038,-0.102,0.332,10.151,10.150,0.324,3.062,0.350,3.050,0.346,0.321,0.098,0.033,1.96,0.60,171.58,2.65,0.80,0.078,0.003,-0.511,1528,1479,1408,1526,10.00,10.06,59.84,59.89
1787304400.703,38.797,True,1,5.124,5.038,-0.102,0.332,10.150,10.149,0.324,3.062,0.350,3.051,0.347,0.321,0.098,0.033,1.96,0.60,171.58,2.65,0.80,0.078,0.003,-0.511,1528,1479,1408,1526,10.00,10.06,69.84,69.89
1787304400.714,38.808,True,1,5.124,5.038,-0.082,0.270,10.091,10.089,0.322,3.070,0.355,3.051,0.347,0.311,0.088,0.058,1.82,0.70,171.65,2.90,0.93,0.119,0.008,-0.515,1533,1479,1408,1524,10.00,10.06,-0.52,-0.57
1787304400.723,38.817,True,1,5.124,5.038,-0.082,0.269,10.090,10.088,0.322,3.070,0.355,3.052,0.347,0.311,0.088,0.058,1.82,0.70,171.65,2.90,0.93,0.119,0.008,-0.515,1533,1479,1408,1524,10.00,10.06,9.48,9.43
1787304400.733,38.827,True,1,5.124,5.038,-0.082,0.268,10.089,10.087,0.322,3.070,0.355,3.053,0.347,0.311,0.088,0.058,1.82,0.70,171.65,2.90,0.93,0.119,0.008,-0.515,1533,1479,1408,1524,10.00,10.06,19.48,19.43
1787304400.743,38.837,True,1,5.124,5.038,-0.082,0.267,10.088,10.087,0.322,3.070,0.355,3.053,0.348,0.311,0.088,0.058,1.82,0.70,171.65,2.90,0.93,0.119,0.008,-0.515,1533,1479,1408,1524,10.00,10.06,29.48,29.43
1787304400.753,38.847,True,1,5.124,5.038,-0.082,0.267,10.088,10.086,0.322,3.070,0.355,3.054,0.348,0.311,0.088,0.058,1.82,0.70,171.65,2.90,0.93,0.120,0.008,-0.515,1533,1479,1408,1524,10.00,10.06,39.48,39.43
1787304400.763,38.857,True,1,5.124,5.038,-0.082,0.266,10.087,10.085,0.322,3.070,0.355,3.054,0.348,0.311,0.088,0.058,1.82,0.70,171.65,2.91,0.93,0.120,0.008,-0.515,1533,1479,1408,1524,10.00,10.06,49.48,49.44
1787304400.773,38.867,True,1,5.124,5.038,-0.082,0.265,10.086,10.084,0.322,3.070,0.355,3.055,0.348,0.311,0.088,0.058,1.82,0.70,171.65,2.91,0.93,0.120,0.008,-0.515,1533,1479,1408,1524,10.00,10.06,59.48,59.43
1787304400.783,38.877,True,1,5.124,5.038,-0.082,0.264,10.085,10.083,0.322,3.070,0.355,3.055,0.349,0.311,0.088,0.058,1.82,0.70,171.65,2.91,0.93,0.120,0.008,-0.515,1533,1479,1408,1524,10.00,10.06,69.48,69.43
1787304400.793,38.887,True,1,5.124,5.038,-0.082,0.263,10.084,10.082,0.322,3.070,0.355,3.056,0.349,0.311,0.088,0.058,1.82,0.70,171.65,2.91,0.93,0.120,0.008,-0.515,1533,1479,1408,1524,10.00,10.06,79.48,79.43
1787304400.804,38.898,True,1,5.129,5.038,-0.079,0.236,10.056,10.056,0.321,3.078,0.360,3.057,0.349,0.302,0.078,0.047,2.25,0.98,170.79,2.78,1.06,0.064,-0.010,-0.477,1527,1521,1413,1523,10.00,10.06,-0.64,-0.68
1787304400.813,38.907,True,1,5.129,5.038,-0.079,0.235,10.056,10.055,0.321,3.078,0.360,3.057,0.349,0.302,0.078,0.047,2.25,0.98,170.79,2.78,1.06,0.064,-0.010,-0.477,1527,1521,1413,1523,10.00,10.06,9.36,9.31
1787304400.823,38.917,True,1,5.129,5.038,-0.079,0.234,10.055,10.054,0.321,3.078,0.360,3.058,0.350,0.302,0.078,0.047,2.25,0.98,170.79,2.78,1.06,0.064,-0.010,-0.477,1527,1521,1413,1523,10.00,10.06,19.36,19.32
1787304400.833,38.927,True,1,5.129,5.038,-0.079,0.234,10.054,10.053,0.321,3.078,0.360,3.059,0.350,0.302,0.078,0.047,2.25,0.98,170.79,2.79,1.05,0.064,-0.010,-0.477,1527,1521,1413,1523,10.00,10.06,29.36,29.31
1787304400.843,38.937,True,1,5.129,5.038,-0.079,0.233,10.053,10.052,0.321,3.078,0.360,3.059,0.351,0.302,0.078,0.047,2.25,0.98,170.79,2.79,1.05,0.064,-0.010,-0.477,1527,1521,1413,1523,10.00,10.06,39.36,39.32
1787304400.853,38.947,True,1,5.129,5.038,-0.079,0.232,10.052,10.052,0.321,3.078,0.360,3.060,0.351,0.302,0.078,0.047,2.25,0.98,170.79,2.79,1.05,0.065,-0.011,-0.477,1527,1521,1413,1523,10.00,10.06,49.36,49.32
1787304400.863,38.957,True,1,5.129,5.038,-0.079,0.231,10.051,10.051,0.321,3.078,0.360,3.061,0.351,0.302,0.078,0.047,2.25,0.98,170.79,2.79,1.05,0.065,-0.011,-0.477,1527,1521,1413,1523,10.00,10.06,59.36,59.31
1787304400.874,38.968,True,1,5.133,5.038,-0.047,0.116,9.938,9.938,0.317,3.086,0.366,3.062,0.352,0.293,0.083,0.060,2.82,0.98,169.34,2.94,1.12,0.019,-0.006,-0.414,1522,1520,1422,1519,10.00,10.06,-0.46,-0.51
1787304400.883,38.977,True,1,5.133,5.038,-0.047,0.115,9.937,9.937,0.317,3.086,0.366,3.062,0.352,0.293,0.083,0.060,2.82,0.98,169.34,2.94,1.11,0.019,-0.007,-0.414,1522,1520,1422,1519,10.00,10.06,9.54,9.49
1787304400.893,38.987,True,1,5.133,5.038,-0.047,0.114,9.936,9.936,0.317,3.086,0.366,3.063,0.353,0.293,0.083,0.060,2.82,0.98,169.34,2.94,1.11,0.020,-0.007,-0.414,1522,1520,1422,1519,10.00,10.06,19.54,19.49
1787304400.903,38.997,True,1,5.133,5.038,-0.047,0.113,9.935,9.935,0.317,3.086,0.366,3.064,0.353,0.293,0.083,0.060,2.82,0.98,169.34,2.94,1.11,0.020,-0.007,-0.414,1522,1520,1422,1519,10.00,10.06,29.54,29.49
1787304400.913,39.007,True,1,5.133,5.038,-0.047,0.112,9.934,9.934,0.317,3.086,0.366,3.065,0.353,0.293,0.083,0.060,2.82,0.98,169.34,2.95,1.11,0.020,-0.007,-0.414,1522,1520,1422,1519,10.00,10.06,39.54,39.49
1787304400.923,39.017,True,1,5.133,5.038,-0.047,0.111,9.933,9.933,0.317,3.086,0.366,3.065,0.354,0.293,0.083,0.060,2.82,0.98,169.34,2.95,1.11,0.020,-0.007,-0.414,1522,1520,1422,1519,10.00,10.06,49.54,49.49
1787304400.933,39.027,True,1,5.133,5.038,-0.047,0.110,9.932,9.932,0.317,3.086,0.366,3.066,0.354,0.293,0.083,0.060,2.82,0.98,169.34,2.95,1.11,0.021,-0.007,-0.414,1522,1520,1422,1519,10.01,10.07,59.55,59.50
1787304400.943,39.037,True,1,5.133,5.038,-0.047,0.110,9.931,9.931,0.317,3.086,0.366,3.067,0.355,0.293,0.083,0.060,2.82,0.98,169.34,2.95,1.11,0.021,-0.007,-0.414,1522,1520,1422,1518,9.99,10.07,69.54,69.50
1787304400.953,39.047,True,1,5.133,5.038,-0.047,0.109,9.930,9.930,0.317,3.086,0.366,3.067,0.355,0.293,0.083,0.060,2.82,0.98,169.34,2.95,1.11,0.021,-0.007,-0.414,1522,1520,1422,1518,9.99,10.06,79.54,79.49
1787304400.964,39.058,True,1,5.138,5.038,-0.047,0.089,9.910,9.909,0.316,3.093,0.369,3.068,0.355,0.285,0.061,0.049,3.77,0.98,166.98,2.74,1.42,-0.102,0.026,-0.313,1468,1477,1436,1518,10.00,10.06,-0.63,-0.68
1787304400.973,39.067,True,1,5.138,5.038,-0.047,0.088,9.909,9.908,0.316,3.093,0.369,3.069,0.356,0.285,0.061,0.049,3.77,0.98,166.98,2.75,1.42,-0.102,0.026,-0.313,1468,1477,1436,1518,10.00,10.06,9.36,9.32
1787304400.983,39.077,True,1,5.138,5.038,-0.047,0.087,9.908,9.907,0.316,3.093,0.369,3.070,0.356,0.285,0.061,0.049,3.77,0.98,166.98,2.75,1.42,-0.102,0.026,-0.313,1468,1477,1436,1518,10.00,10.06,19.37,19.32
1787304400.993,39.087,True,1,5.138,5.038,-0.047,0.086,9.907,9.906,0.316,3.093,0.369,3.070,0.357,0.285,0.061,0.049,3.77,0.98,166.98,2.75,1.42,-0.101,0.026,-0.313,1468,1477,1436,1518,10.00,10.06,29.37,29.32
1787304401.003,39.097,True,1,5.138,5.038,-0.047,0.085,9.906,9.905,0.316,3.093,0.369,3.071,0.357,0.285,0.061,0.049,3.77,0.98,166.98,2.75,1.42,-0.101,0.026,-0.313,1468,1477,1436,1518,10.00,10.06,39.37,39.32
1787304401.013,39.107,True,1,5.138,5.038,-0.047,0.084,9.905,9.904,0.316,3.093,0.369,3.072,0.358,0.285,0.061,0.049,3.77,0.98,166.98,2.75,1.42,-0.101,0.026,-0.313,1468,1477,1436,1518,10.00,10.06,49.37,49.32
1787304401.023,39.117,True,1,5.138,5.038,-0.047,0.083,9.905,9.903,0.316,3.093,0.369,3.073,0.358,0.285,0.061,0.049,3.77,0.98,166.98,2.76,1.41,-0.101,0.026,-0.313,1468,1477,1436,1517,10.00,10.06,59.37,59.32
1787304401.033,39.127,True,1,5.138,5.038,-0.047,0.082,9.904,9.902,0.316,3.093,0.369,3.073,0.358,0.285,0.061,0.049,3.77,0.98,166.98,2.76,1.41,-0.100,0.025,-0.313,1468,1477,1436,1517,10.00,10.06,69.36,69.32
1787304401.044,39.138,True,1,5.143,5.038,-0.043,0.048,9.867,9.861,0.315,3.099,0.372,3.074,0.359,0.278,0.047,0.023,4.28,0.78,163.82,2.39,1.63,-0.196,0.076,-0.179,1458,1471,1455,1516,10.00,10.06,-0.57,-0.62
1787304401.053,39.147,True,1,5.143,5.038,-0.043,0.047,9.866,9.860,0.315,3.099,0.372,3.075,0.359,0.278,0.047,0.023,4.28,0.78,163.82,2.39,1.63,-0.196,0.076,-0.179,1458,1471,1455,1516,10.00,10.06,9.44,9.38
1787304401.063,39.157,True,1,5.143,5.038,-0.043,0.046,9.865,9.859,0.315,3.099,0.372,3.076,0.360,0.278,0.047,0.023,4.28,0.78,163.82,2.39,1.63,-0.196,0.076,-0.179,1458,1471,1455,1516,10.00,10.06,19.43,19.38
1787304401.073,39.167,True,1,5.143,5.038,-0.043,0.045,9.864,9.858,0.315,3.099,0.372,3.077,0.360,0.278,0.047,0.023,4.28,0.78,163.82,2.39,1.63,-0.195,0.076,-0.179,1458,1471,1455,1516,10.00,10.06,29.43,29.38
1787304401.083,39.177,True,1,5.143,5.038,-0.043,0.044,9.863,9.857,0.315,3.099,0.372,3.077,0.361,0.278,0.047,0.023,4.28,0.78,163.82,2.40,1.63,-0.195,0.076,-0.179,1458,1471,1455,1516,10.00,10.06,39.44,39.38
1787304401.093,39.188,True,1,5.145,5.038,-0.055,0.069,9.887,9.879,0.315,3.102,0.372,3.078,0.361,0.275,0.047,0.007,4.28,0.67,162.21,2.19,1.63,-0.218,0.093,-0.110,1455,1469,1464,1517,10.00,10.06,-0.28,-0.33
1787304401.103,39.197,True,1,5.145,5.038,-0.055,0.068,9.885,9.877,0.315,3.102,0.372,3.079,0.361,0.275,0.047,0.007,4.28,0.67,162.21,2.19,1.63,-0.218,0.093,-0.110,1455,1469,1464,1517,10.01,10.07,9.73,9.68
1787304401.113,39.207,True,1,5.145,5.038,-0.055,0.067,9.884,9.876,0.315,3.102,0.372,3.080,0.362,0.275,0.047,0.007,4.28,0.67,162.21,2.19,1.63,-0.218,0.093,-0.110,1456,1469,1464,1517,10.00,10.07,19.72,19.67
1787304401.123,39.217,True,1,5.145,5.038,-0.055,0.065,9.883,9.875,0.315,3.102,0.372,3.080,0.362,0.275,0.047,0.007,4.28,0.67,162.21,2.19,1.63,-0.217,0.092,-0.110,1456,1469,1464,1516,10.00,10.06,29.72,29.67
1787304401.133,39.228,True,1,5.147,5.038,-0.053,0.052,9.869,9.861,0.315,3.105,0.372,3.081,0.362,0.273,0.041,-0.004,4.17,0.73,160.85,2.04,1.70,-0.223,0.098,-0.050,1455,1469,1473,1516,10.00,10.06,-0.27,-0.32
1787304401.143,39.237,True,1,5.147,5.038,-0.053,0.051,9.868,9.860,0.315,3.105,0.372,3.082,0.363,0.273,0.041,-0.004,4.17,0.73,160.85,2.04,1.70,-0.223,0.098,-0.050,1455,1469,1473,1516,10.00,10.06,9.74,9.69
1787304401.153,39.247,True,1,5.147,5.038,-0.053,0.050,9.867,9.859,0.315,3.105,0.372,3.083,0.363,0.273,0.041,-0.004,4.17,0.73,160.85,2.04,1.70,-0.223,0.098,-0.050,1455,1469,1473,1516,10.00,10.06,19.73,19.68
1787304401.163,39.257,True,1,5.147,5.038,-0.053,0.049,9.866,9.858,0.315,3.105,0.372,3.084,0.363,0.273,0.041,-0.004,4.17,0.73,160.85,2.04,1.70,-0.223,0.098,-0.050,1455,1469,1473,1516,10.00,10.06,29.73,29.68
1787304401.173,39.268,True,1,5.150,5.038,-0.065,0.073,9.891,9.884,0.315,3.108,0.371,3.084,0.363,0.271,0.037,-0.005,3.84,0.80,159.00,1.96,1.79,-0.198,0.106,0.030,1458,1468,1524,1517,10.00,10.06,-0.27,-0.32
1787304401.183,39.277,True,1,5.150,5.038,-0.065,0.072,9.890,9.883,0.315,3.108,0.371,3.085,0.364,0.271,0.037,-0.005,3.84,0.80,159.00,1.96,1.79,-0.197,0.105,0.030,1458,1468,1524,1517,10.00,10.06,9.73,9.68
1787304401.193,39.287,True,1,5.150,5.038,-0.065,0.071,9.888,9.882,0.315,3.108,0.371,3.086,0.364,0.271,0.037,-0.005,3.84,0.80,159.00,1.96,1.78,-0.197,0.105,0.030,1458,1468,1524,1517,10.00,10.06,19.73,19.68
1787304401.203,39.297,True,1,5.150,5.038,-0.065,0.070,9.887,9.881,0.315,3.108,0.371,3.087,0.364,0.271,0.037,-0.005,3.84,0.80,159.00,1.96,1.78,-0.197,0.105,0.030,1458,1468,1524,1517,10.00,10.06,29.73,29.68
1787304401.213,39.308,True,1,5.151,5.038,-0.072,0.082,9.898,9.893,0.316,3.110,0.369,3.087,0.364,0.269,0.046,-0.011,3.70,0.93,157.63,1.89,1.72,-0.191,0.088,0.092,1458,1470,1532,1517,10.00,10.06,-0.26,-0.31
1787304401.223,39.317,True,1,5.151,5.038,-0.072,0.081,9.897,9.891,0.316,3.110,0.369,3.088,0.365,0.269,0.046,-0.011,3.70,0.93,157.63,1.89,1.72,-0.191,0.088,0.092,1458,1470,1532,1517,10.00,10.06,9.74,9.69
1787304401.233,39.327,True,1,5.151,5.038,-0.072,0.080,9.896,9.890,0.316,3.110,0.369,3.089,0.365,0.269,0.046,-0.011,3.70,0.93,157.63,1.89,1.72,-0.191,0.088,0.092,1458,1470,1532,1517,10.00,10.06,19.74,19.69
1787304401.243,39.337,True,1,5.151,5.038,-0.072,0.079,9.895,9.889,0.316,3.110,0.369,3.090,0.365,0.269,0.046,-0.011,3.70,0.93,157.63,1.89,1.71,-0.191,0.088,0.092,1458,1470,1532,1517,10.00,10.06,29.74,29.69
1787304401.253,39.347,True,1,5.151,5.038,-0.072,0.077,9.894,9.888,0.316,3.110,0.369,3.090,0.365,0.269,0.046,-0.011,3.70,0.93,157.63,1.89,1.71,-0.191,0.088,0.092,1458,1470,1532,1517,10.00,10.06,39.74,39.69
1787304401.263,39.358,True,1,5.153,5.038,-0.074,0.076,9.892,9.889,0.316,3.113,0.367,3.091,0.365,0.267,0.044,-0.021,3.12,1.33,155.76,1.73,1.75,-0.149,0.053,0.176,1463,1474,1544,1517,10.01,10.07,-0.29,-0.34
1787304401.273,39.367,True,1,5.153,5.038,-0.074,0.075,9.891,9.887,0.316,3.113,0.367,3.092,0.365,0.267,0.044,-0.021,3.12,1.33,155.76,1.73,1.75,-0.149,0.053,0.176,1463,1474,1544,1517,9.99,10.06,9.70,9.65
1787304401.283,39.377,True,1,5.153,5.038,-0.074,0.074,9.889,9.886,0.316,3.113,0.367,3.092,0.365,0.267,0.044,-0.021,3.12,1.33,155.76,1.73,1.75,-0.149,0.053,0.176,1463,1474,1544,1517,10.00,10.06,19.70,19.65
1787304401.293,39.388,True,1,5.154,5.038,-0.057,0.020,9.837,9.836,0.314,3.114,0.366,3.093,0.365,0.266,0.047,-0.004,2.70,1.61,154.52,1.88,1.84,-0.092,0.035,0.232,1469,1476,1552,1515,10.00,10.06,-0.27,-0.22
1787304401.303,39.397,True,1,5.154,5.038,-0.057,0.016,9.833,9.832,0.314,3.115,0.366,3.094,0.365,0.266,0.048,-0.004,2.70,1.61,154.52,1.88,1.83,-0.093,0.034,0.232,1469,1476,1552,1515,10.00,10.06,9.73,-0.05
1787304401.313,39.407,True,1,5.154,5.038,-0.057,0.015,9.832,9.831,0.314,3.115,0.366,3.095,0.365,0.266,0.048,-0.004,2.70,1.61,154.52,1.88,1.83,-0.093,0.034,0.232,1469,1476,1552,1515,10.00,10.06,19.73,9.95
1787304401.323,39.417,True,1,5.154,5.038,-0.057,0.014,9.831,9.830,0.314,3.115,0.366,3.095,0.365,0.266,0.048,-0.004,2.70,1.61,154.52,1.88,1.83,-0.093,0.033,0.232,1469,1476,1552,1515,10.00,10.06,29.73,19.95
1787304401.333,39.427,True,1,5.154,5.038,-0.057,0.013,9.830,9.829,0.314,3.115,0.366,3.096,0.365,0.266,0.048,-0.004,2.70,1.61,154.52,1.88,1.82,-0.093,0.033,0.232,1469,1476,1552,1515,10.00,10.06,39.73,29.95
1787304401.343,39.437,True,1,5.154,5.038,-0.057,0.012,9.829,9.827,0.314,3.115,0.366,3.097,0.365,0.266,0.048,-0.004,2.70,1.61,154.52,1.88,1.82,-0.093,0.033,0.232,1469,1476,1552,1515,10.00,10.06,49.73,39.95
1787304401.353,39.448,True,1,5.155,5.038,-0.060,0.017,9.834,9.833,0.314,3.117,0.364,3.097,0.365,0.265,0.016,-0.017,2.31,1.93,152.83,1.55,2.10,-0.090,0.030,0.306,1470,1476,1562,1515,10.00,10.06,-0.28,-0.32
1787304401.363,39.457,True,1,5.155,5.038,-0.060,0.016,9.833,9.832,0.314,3.117,0.364,3.098,0.365,0.265,0.016,-0.017,2.31,1.93,152.83,1.55,2.10,-0.090,0.030,0.306,1470,1476,1562,1515,10.00,10.06,9.72,9.68
1787304401.373,39.467,True,1,5.155,5.038,-0.060,0.015,9.832,9.831,0.314,3.117,0.364,3.098,0.365,0.265,0.016,-0.017,2.31,1.93,152.83,1.55,2.10,-0.090,0.030,0.306,1470,1476,1562,1515,10.00,10.06,19.72,19.67
1787304401.383,39.478,True,1,5.155,5.038,-0.054,-0.006,9.810,9.810,0.313,3.118,0.362,3.099,0.365,0.265,0.022,-0.018,1.96,2.03,151.62,1.54,2.08,-0.057,0.018,0.359,1473,1478,1569,1514,10.00,10.06,-0.26,-0.31
1787304401.393,39.487,True,1,5.155,5.038,-0.054,-0.007,9.809,9.809,0.313,3.118,0.362,3.100,0.365,0.265,0.022,-0.018,1.96,2.03,151.62,1.54,2.08,-0.057,0.017,0.359,1473,1478,1569,1514,10.00,10.06,9.75,9.70
1787304401.403,39.497,True,1,5.155,5.038,-0.054,-0.009,9.808,9.808,0.313,3.118,0.362,3.100,0.365,0.265,0.022,-0.018,1.96,2.03,151.62,1.54,2.08,-0.057,0.017,0.359,1473,1478,1569,1514,10.00,10.06,19.74,19.69
1787304401.413,39.507,True,1,5.155,5.038,-0.054,-0.010,9.807,9.807,0.313,3.118,0.362,3.101,0.365,0.265,0.022,-0.018,1.96,2.03,151.62,1.54,2.07,-0.057,0.017,0.359,1473,1478,1569,1514,10.00,10.06,29.75,29.70
1787304401.423,39.518,True,1,5.155,5.038,-0.048,-0.029,9.788,9.788,0.312,3.119,0.360,3.102,0.365,0.265,0.020,-0.016,1.64,1.94,150.83,1.51,2.12,-0.027,0.030,0.393,1477,1476,1574,1513,10.00,10.06,-0.17,-0.22
1787304401.433,39.527,True,1,5.155,5.038,-0.048,-0.030,9.787,9.786,0.312,3.119,0.360,3.102,0.364,0.265,0.020,-0.016,1.64,1.94,150.83,1.51,2.12,-0.027,0.030,0.393,1477,1476,1574,1513,10.00,10.06,9.83,9.79
1787304401.443,39.537,True,1,5.155,5.038,-0.048,-0.031,9.785,9.785,0.312,3.119,0.360,3.103,0.364,0.265,0.020,-0.016,1.64,1.94,150.83,1.51,2.12,-0.027,0.030,0.393,1477,1476,1574,1513,10.00,10.06,19.83,19.78
1787304401.453,39.547,True,1,5.155,5.038,-0.048,-0.033,9.784,9.784,0.312,3.119,0.360,3.103,0.364,0.265,0.020,-0.016,1.64,1.94,150.83,1.51,2.12,-0.027,0.030,0.393,1476,1476,1574,1513,10.00,10.06,29.83,29.78
1787304401.463,39.558,True,1,5.157,5.038,-0.051,-0.034,9.783,9.782,0.312,3.119,0.359,3.104,0.364,0.264,0.013,-0.019,1.39,1.78,149.48,1.39,2.20,-0.014,0.055,0.451,1478,1473,1582,1513,10.00,10.06,-0.36,-0.31
1787304401.473,39.567,True,1,5.157,5.038,-0.051,-0.035,9.781,9.781,0.312,3.119,0.359,3.104,0.364,0.264,0.013,-0.019,1.39,1.78,149.48,1.39,2.20,-0.014,0.055,0.451,1478,1473,1582,1513,10.00,10.06,9.64,9.69
1787304401.483,39.577,True,1,5.157,5.038,-0.051,-0.037,9.780,9.780,0.312,3.119,0.359,3.105,0.364,0.264,0.013,-0.019,1.39,1.78,149.48,1.39,2.20,-0.014,0.054,0.451,1478,1473,1582,1513,10.00,10.06,19.64,19.68
1787304401.493,39.587,True,1,5.157,5.038,-0.051,-0.038,9.779,9.779,0.312,3.119,0.359,3.105,0.364,0.264,0.013,-0.019,1.39,1.78,149.48,1.39,2.20,-0.014,0.054,0.451,1478,1473,1582,1513,10.00,10.06,29.64,29.69
1787304401.503,39.597,True,1,5.157,5.038,-0.051,-0.039,9.778,9.778,0.312,3.119,0.359,3.106,0.363,0.264,0.013,-0.019,1.39,1.78,149.48,1.38,2.20,-0.015,0.054,0.451,1478,1473,1582,1513,10.00,10.06,39.64,39.68
1787304401.513,39.607,True,1,5.157,5.038,-0.051,-0.040,9.777,9.776,0.312,3.119,0.359,3.106,0.363,0.264,0.013,-0.019,1.39,1.78,149.48,1.38,2.19,-0.015,0.054,0.451,1478,1473,1582,1513,10.00,10.06,49.64,49.69
1787304401.523,39.617,True,1,5.157,5.038,-0.051,-0.041,9.775,9.775,0.312,3.119,0.359,3.107,0.363,0.264,0.013,-0.019,1.39,1.78,149.48,1.38,2.19,-0.015,0.054,0.451,1478,1473,1582,1513,10.00,10.06,59.64,59.69
1787304401.534,39.628,True,1,5.162,5.038,-0.031,-0.120,9.699,9.698,0.310,3.121,0.357,3.107,0.363,0.264,0.013,0.005,1.23,1.80,148.44,1.57,2.37,0.020,0.070,0.497,1522,1472,1588,1510,10.00,10.06,-0.41,-0.46
1787304401.543,39.637,True,1,5.162,5.038,-0.035,-0.107,9.710,9.710,0.310,3.121,0.357,3.107,0.363,0.264,0.019,-0.003,1.16,1.72,148.32,1.52,2.27,0.022,0.067,0.502,1522,1472,1589,1510,10.00,10.06,-0.05,-0.11
1787304401.553,39.647,True,1,5.162,5.038,-0.035,-0.109,9.709,9.708,0.310,3.121,0.357,3.108,0.363,0.264,0.019,-0.003,1.12,1.71,148.21,1.51,2.27,0.026,0.069,0.507,1522,1472,1590,1510,10.00,10.06,-0.05,9.89
1787304401.563,39.657,True,1,5.162,5.038,-0.035,-0.110,9.708,9.707,0.310,3.121,0.357,3.108,0.362,0.264,0.019,-0.003,1.12,1.71,148.21,1.51,2.27,0.026,0.068,0.507,1522,1472,1590,1510,10.00,10.06,9.95,19.89
1787304401.573,39.667,True,1,5.162,5.038,-0.035,-0.111,9.706,9.706,0.310,3.121,0.357,3.109,0.362,0.264,0.019,-0.003,1.12,1.71,148.21,1.51,2.27,0.025,0.068,0.507,1522,1472,1590,1510,10.00,10.06,19.95,29.90
1787304401.583,39.677,True,1,5.162,5.038,-0.035,-0.112,9.705,9.705,0.310,3.121,0.357,3.109,0.362,0.264,0.019,-0.003,1.12,1.71,148.21,1.51,2.26,0.025,0.068,0.507,1522,1472,1590,1510,10.00,10.06,29.95,39.89
1787304401.593,39.687,True,1,5.162,5.038,-0.035,-0.114,9.704,9.703,0.310,3.121,0.357,3.110,0.362,0.264,0.019,-0.003,1.12,1.71,148.21,1.50,2.26,0.025,0.068,0.507,1522,1472,1590,1510,10.00,10.06,39.95,49.90
1787304401.603,39.697,True,1,5.162,5.038,-0.035,-0.115,9.703,9.702,0.310,3.121,0.357,3.110,0.362,0.264,0.019,-0.003,1.12,1.71,148.21,1.50,2.26,0.025,0.068,0.507,1522,1472,1590,1510,10.00,10.06,49.95,59.89
1787304401.613,39.707,True,1,5.162,5.038,-0.035,-0.116,9.701,9.701,0.310,3.121,0.357,3.110,0.362,0.264,0.019,-0.003,1.12,1.71,148.21,1.50,2.26,0.025,0.068,0.507,1522,1472,1590,1510,10.00,10.06,59.95,69.89
1787304401.623,39.717,True,1,5.162,5.038,-0.035,-0.117,9.700,9.700,0.310,3.121,0.357,3.111,0.361,0.264,0.019,-0.003,1.12,1.71,148.21,1.50,2.26,0.024,0.068,0.507,1522,1472,1590,1510,10.00,10.06,69.95,79.89
1787304401.634,39.728,True,1,5.171,5.038,-0.032,-0.166,9.653,9.652,0.308,3.122,0.356,3.111,0.361,0.263,0.010,0.008,0.98,1.79,147.77,1.53,2.43,0.042,0.075,0.526,1524,1471,1593,1508,10.00,10.06,-0.51,-0.56
1787304401.643,39.737,True,1,5.171,5.038,-0.032,-0.167,9.652,9.651,0.308,3.122,0.356,3.111,0.361,0.263,0.010,0.008,0.98,1.83,147.78,1.53,2.43,0.041,0.072,0.526,1524,1472,1593,1508,10.00,10.06,-0.06,9.44
1787304401.653,39.747,True,1,5.171,5.038,-0.032,-0.169,9.650,9.649,0.308,3.122,0.356,3.112,0.361,0.263,0.010,0.008,0.98,1.83,147.78,1.53,2.42,0.041,0.071,0.526,1524,1472,1593,1508,10.00,10.06,9.94,19.44
1787304401.663,39.757,True,1,5.171,5.038,-0.032,-0.170,9.649,9.648,0.308,3.122,0.356,3.112,0.361,0.263,0.010,0.008,0.98,1.83,147.78,1.53,2.42,0.041,0.071,0.526,1524,1472,1593,1508,10.00,10.06,19.93,29.44
1787304401.673,39.767,True,1,5.171,5.038,-0.032,-0.171,9.647,9.647,0.308,3.122,0.356,3.112,0.360,0.263,0.010,0.008,0.98,1.83,147.78,1.53,2.42,0.041,0.071,0.526,1524,1472,1593,1508,10.00,10.06,29.94,39.44
1787304401.683,39.777,True,1,5.171,5.038,-0.032,-0.173,9.646,9.645,0.308,3.122,0.356,3.113,0.360,0.263,0.010,0.008,0.98,1.83,147.78,1.52,2.42,0.041,0.071,0.526,1524,1472,1593,1508,10.00,10.06,39.93,49.44
1787304401.693,39.787,True,1,5.171,5.038,-0.032,-0.174,9.645,9.644,0.308,3.122,0.356,3.113,0.360,0.263,0.010,0.008,0.98,1.83,147.78,1.52,2.42,0.040,0.071,0.526,1524,1472,1593,1508,10.00,10.06,49.94,59.44
1787304401.704,39.798,True,1,5.177,5.038,-0.044,-0.165,9.654,9.653,0.308,3.123,0.356,3.113,0.360,0.263,0.024,0.012,1.08,2.12,148.03,1.65,2.32,0.040,0.031,0.515,1524,1476,1591,1508,10.00,10.06,-0.40,-0.45
1787304401.713,39.807,True,1,5.177,5.038,-0.044,-0.166,9.652,9.652,0.308,3.123,0.356,3.114,0.360,0.263,0.024,0.012,1.08,2.12,148.03,1.65,2.32,0.040,0.031,0.515,1524,1476,1591,1508,10.00,10.06,9.60,9.55
1787304401.723,39.817,True,1,5.177,5.038,-0.044,-0.168,9.651,9.650,0.308,3.123,0.356,3.114,0.360,0.263,0.024,0.012,1.08,2.12,148.03,1.64,2.32,0.040,0.031,0.515,1524,1476,1591,1508,10.00,10.06,19.60,19.55
1787304401.733,39.827,True,1,5.177,5.038,-0.044,-0.169,9.650,9.649,0.308,3.123,0.356,3.114,0.360,0.263,0.024,0.012,1.08,2.12,148.03,1.64,2.32,0.039,0.031,0.515,1524,1476,1591,1508,10.00,10.06,29.60,29.55
1787304401.743,39.837,True,1,5.177,5.038,-0.044,-0.170,9.648,9.648,0.308,3.123,0.356,3.115,0.360,0.263,0.024,0.012,1.08,2.12,148.03,1.64,2.32,0.039,0.031,0.515,1524,1476,1591,1508,10.00,10.06,39.60,39.55
1787304401.753,39.847,True,1,5.177,5.038,-0.044,-0.172,9.647,9.646,0.308,3.123,0.356,3.115,0.359,0.263,0.024,0.012,1.08,2.12,148.03,1.64,2.32,0.039,0.031,0.515,1524,1476,1591,1508,10.00,10.06,49.59,49.55
1787304401.763,39.857,True,1,5.177,5.038,-0.044,-0.173,9.645,9.645,0.308,3.123,0.356,3.115,0.359,0.263,0.024,0.012,1.08,2.12,148.03,1.63,2.32,0.039,0.031,0.515,1524,1476,1591,1508,10.00,10.06,59.60,59.55
1787304401.774,39.868,True,1,5.181,5.038,-0.005,-0.304,9.518,9.517,0.304,3.123,0.357,3.115,0.359,0.262,0.023,0.044,1.28,2.56,149.01,1.99,2.51,0.053,0.005,0.473,1525,1479,1585,1503,10.00,10.06,-0.54,-0.49
1787304401.783,39.877,True,1,5.181,5.038,-0.005,-0.305,9.516,9.516,0.304,3.123,0.357,3.116,0.359,0.262,0.023,0.044,1.28,2.56,149.01,1.99,2.51,0.053,0.005,0.473,1525,1479,1585,1503,10.00,10.06,9.46,9.51
1787304401.793,39.887,True,1,5.183,5.038,-0.036,-0.223,9.596,9.596,0.306,3.124,0.357,3.116,0.359,0.261,0.014,0.017,1.38,2.67,149.18,1.67,2.40,0.008,-0.017,0.466,1520,1521,1584,1506,10.00,10.06,-0.11,-0.16
1787304401.803,39.897,True,1,5.183,5.038,-0.036,-0.224,9.595,9.595,0.306,3.124,0.357,3.116,0.359,0.261,0.014,0.017,1.38,2.67,149.18,1.67,2.41,0.008,-0.017,0.466,1520,1521,1584,1506,10.00,10.06,9.90,9.85
1787304401.813,39.907,True,1,5.183,5.038,-0.036,-0.226,9.594,9.593,0.306,3.124,0.357,3.116,0.359,0.261,0.014,0.017,1.38,2.67,149.18,1.67,2.41,0.008,-0.017,0.466,1520,1521,1584,1506,10.00,10.06,19.89,19.84
1787304401.823,39.917,True,1,5.183,5.038,-0.036,-0.227,9.592,9.592,0.306,3.124,0.357,3.117,0.359,0.261,0.014,0.017,1.38,2.67,149.18,1.67,2.41,0.008,-0.017,0.466,1520,1521,1584,1506,10.00,10.06,29.89,29.84
1787304401.833,39.927,True,1,5.183,5.038,-0.036,-0.229,9.591,9.590,0.306,3.124,0.357,3.117,0.359,0.261,0.014,0.017,1.38,2.67,149.18,1.66,2.41,0.008,-0.017,0.466,1520,1521,1584,1506,10.00,10.06,39.89,39.84
1787304401.843,39.937,True,1,5.183,5.038,-0.036,-0.230,9.589,9.589,0.306,3.124,0.357,3.117,0.359,0.261,0.014,0.017,1.38,2.67,149.18,1.66,2.41,0.007,-0.017,0.466,1520,1521,1584,1506,10.00,10.06,49.89,49.84
1787304401.853,39.947,True,1,5.183,5.038,-0.036,-0.231,9.588,9.587,0.306,3.124,0.357,3.117,0.359,0.261,0.014,0.017,1.38,2.67,149.18,1.66,2.41,0.007,-0.017,0.466,1520,1521,1584,1506,10.00,10.06,59.89,59.84
1787304401.864,39.958,True,1,5.189,5.038,-0.049,-0.219,9.599,9.598,0.306,3.126,0.359,3.118,0.359,0.258,0.026,0.016,1.77,3.12,150.67,1.78,2.25,-0.020,-0.079,0.403,1477,1528,1575,1506,10.00,10.06,-0.47,-0.51
1787304401.873,39.967,True,1,5.189,5.038,-0.049,-0.221,9.598,9.597,0.306,3.126,0.359,3.118,0.359,0.258,0.026,0.016,1.77,3.12,150.67,1.78,2.25,-0.021,-0.079,0.403,1477,1528,1575,1506,10.00,10.06,9.54,9.49
1787304401.883,39.977,True,1,5.189,5.038,-0.049,-0.222,9.596,9.595,0.306,3.126,0.359,3.118,0.359,0.258,0.026,0.016,1.77,3.12,150.67,1.78,2.25,-0.021,-0.079,0.403,1477,1528,1575,1506,10.00,10.06,19.54,19.49
1787304401.893,39.987,True,1,5.189,5.038,-0.049,-0.224,9.595,9.594,0.306,3.126,0.359,3.118,0.359,0.258,0.026,0.016,1.77,3.12,150.67,1.77,2.25,-0.021,-0.079,0.403,1477,1528,1575,1506,10.00,10.06,29.53,29.49
1787304401.903,39.997,True,1,5.189,5.038,-0.049,-0.226,9.593,9.592,0.306,3.126,0.359,3.119,0.359,0.258,0.026,0.016,1.77,3.12,150.67,1.77,2.25,-0.021,-0.079,0.403,1477,1528,1575,1506,10.00,10.06,39.54,39.49
1787304401.913,40.007,True,1,5.189,5.038,-0.049,-0.227,9.592,9.591,0.306,3.126,0.359,3.119,0.359,0.258,0.026,0.016,1.77,3.12,150.67,1.77,2.25,-0.021,-0.079,0.403,1477,1528,1575,1506,10.00,10.06,49.54,49.49
1787304401.923,40.017,True,1,5.189,5.038,-0.049,-0.229,9.590,9.589,0.306,3.126,0.359,3.119,0.359,0.258,0.026,0.016,1.77,3.12,150.67,1.77,2.25,-0.021,-0.078,0.403,1477,1528,1575,1506,10.00,10.06,59.54,59.49
1787304401.933,40.027,True,1,5.189,5.038,-0.049,-0.230,9.589,9.587,0.306,3.126,0.359,3.119,0.359,0.258,0.026,0.016,1.77,3.12,150.67,1.77,2.25,-0.021,-0.078,0.403,1477,1528,1575,1506,10.00,10.06,69.54,69.49
1787304401.943,40.037,True,1,5.189,5.038,-0.049,-0.232,9.587,9.586,0.306,3.126,0.359,3.120,0.359,0.258,0.026,0.016,1.77,3.12,150.67,1.77,2.25,-0.022,-0.078,0.403,1477,1528,1575,1506,10.00,10.06,79.53,79.49
1787304401.954,40.048,True,1,5.193,5.038,-0.058,-0.220,9.597,9.593,0.306,3.130,0.359,3.120,0.359,0.255,0.047,0.007,2.19,3.56,153.13,1.87,1.93,-0.052,-0.159,0.300,1474,1537,1561,1506,10.00,10.06,-0.56,-0.61
1787304401.963,40.057,True,1,5.193,5.038,-0.058,-0.222,9.595,9.591,0.306,3.130,0.359,3.120,0.359,0.255,0.047,0.007,2.19,3.56,153.13,1.87,1.93,-0.052,-0.159,0.300,1474,1537,1561,1506,10.00,10.06,9.44,9.39
1787304401.973,40.067,True,1,5.193,5.038,-0.058,-0.223,9.594,9.590,0.306,3.130,0.359,3.121,0.359,0.255,0.047,0.007,2.19,3.56,153.13,1.87,1.93,-0.052,-0.159,0.300,1474,1537,1561,1506,10.00,10.06,19.44,19.40
1787304401.983,40.077,True,1,5.193,5.038,-0.058,-0.225,9.592,9.588,0.306,3.130,0.359,3.121,0.359,0.255,0.047,0.007,2.19,3.56,153.13,1.87,1.93,-0.052,-0.159,0.300,1474,1537,1561,1506,10.00,10.06,29.44,29.39
1787304401.993,40.087,True,1,5.193,5.038,-0.058,-0.226,9.591,9.587,0.306,3.130,0.359,3.121,0.359,0.255,0.047,0.007,2.19,3.56,153.13,1.87,1.93,-0.052,-0.159,0.300,1474,1537,1561,1506,10.00,10.06,39.45,39.40
1787304402.003,40.097,True,1,5.193,5.038,-0.058,-0.228,9.589,9.585,0.306,3.130,0.359,3.121,0.359,0.255,0.047,0.007,2.19,3.56,153.13,1.87,1.93,-0.052,-0.159,0.300,1474,1537,1561,1506,10.00,10.06,49.45,49.40
1787304402.013,40.107,True,1,5.193,5.038,-0.058,-0.229,9.588,9.584,0.306,3.130,0.359,3.122,0.359,0.255,0.047,0.007,2.19,3.56,153.13,1.86,1.93,-0.053,-0.159,0.300,1474,1537,1561,1506,10.00,10.06,59.44,59.39
1787304402.023,40.117,True,1,5.193,5.038,-0.058,-0.231,9.586,9.582,0.306,3.130,0.359,3.122,0.359,0.255,0.047,0.007,2.19,3.56,153.13,1.86,1.93,-0.053,-0.159,0.300,1474,1537,1561,1506,10.00,10.06,69.44,69.40
1787304402.034,40.128,True,1,5.192,5.038,-0.119,-0.047,9.768,9.762,0.312,3.134,0.360,3.122,0.359,0.250,0.050,-0.021,2.29,3.51,155.75,1.66,1.66,-0.077,-0.187,0.187,1471,1540,1545,1512,10.00,10.06,-0.56,-0.61
1787304402.043,40.137,True,1,5.192,5.038,-0.119,-0.049,9.766,9.760,0.312,3.134,0.360,3.123,0.359,0.250,0.050,-0.021,2.29,3.51,155.75,1.66,1.66,-0.077,-0.187,0.187,1471,1540,1545,1512,10.00,10.06,9.43,9.39
1787304402.053,40.147,True,1,5.192,5.038,-0.119,-0.050,9.765,9.759,0.311,3.134,0.360,3.123,0.359,0.250,0.050,-0.021,2.29,3.51,155.75,1.66,1.66,-0.077,-0.187,0.187,1471,1540,1545,1512,10.00,10.06,19.44,19.39
1787304402.063,40.158,True,1,5.192,5.038,-0.114,-0.065,9.750,9.745,0.311,3.135,0.360,3.124,0.359,0.249,0.058,-0.006,2.36,3.41,156.75,1.86,1.62,-0.061,-0.181,0.143,1473,1540,1539,1512,10.00,10.06,-0.17,-0.12
1787304402.073,40.167,True,1,5.192,5.038,-0.104,-0.095,9.722,9.717,0.310,3.137,0.361,3.124,0.359,0.248,0.060,0.006,2.36,3.41,156.75,1.99,1.65,-0.047,-0.178,0.143,1474,1539,1539,1511,10.00,10.06,9.83,-0.05
1787304402.083,40.177,True,1,5.192,5.038,-0.104,-0.096,9.720,9.716,0.310,3.137,0.361,3.124,0.359,0.248,0.060,0.006,2.36,3.41,156.75,1.99,1.65,-0.047,-0.178,0.143,1474,1539,1539,1511,10.00,10.06,19.83,9.95
1787304402.093,40.187,True,1,5.192,5.038,-0.104,-0.098,9.719,9.714,0.310,3.137,0.361,3.125,0.359,0.248,0.060,0.006,2.36,3.41,156.75,1.99,1.65,-0.047,-0.178,0.143,1474,1539,1539,1511,10.00,10.06,29.83,19.95
1787304402.103,40.197,True,1,5.192,5.038,-0.104,-0.099,9.717,9.713,0.310,3.137,0.361,3.125,0.359,0.248,0.060,0.006,2.36,3.41,156.75,1.99,1.65,-0.047,-0.178,0.143,1474,1539,1539,1511,10.00,10.06,39.83,29.95
1787304402.113,40.207,True,1,5.192,5.038,-0.104,-0.101,9.716,9.711,0.310,3.137,0.361,3.126,0.359,0.248,0.060,0.006,2.36,3.41,156.75,1.99,1.65,-0.047,-0.178,0.143,1474,1539,1539,1511,10.00,10.06,49.83,39.95
1787304402.123,40.218,True,1,5.188,5.038,-0.153,0.058,9.872,9.865,0.315,3.141,0.361,3.126,0.359,0.244,0.074,-0.023,2.42,3.28,158.58,1.78,1.32,-0.069,-0.203,0.064,1472,1542,1528,1516,10.00,10.06,-0.35,-0.40
1787304402.133,40.227,True,1,5.188,5.038,-0.153,0.056,9.870,9.864,0.315,3.141,0.361,3.127,0.359,0.244,0.074,-0.023,2.42,3.28,158.58,1.78,1.32,-0.069,-0.203,0.064,1472,1542,1528,1516,10.00,10.06,9.65,9.60
1787304402.143,40.238,True,1,5.187,5.038,-0.149,0.045,9.859,9.855,0.315,3.142,0.361,3.127,0.359,0.243,0.076,-0.011,2.29,2.96,159.67,1.93,1.30,-0.038,-0.174,0.015,1475,1539,1522,1516,10.00,10.06,-0.17,-0.13
1787304402.153,40.247,True,1,5.187,5.038,-0.149,0.043,9.858,9.854,0.315,3.142,0.361,3.128,0.360,0.243,0.076,-0.011,2.29,2.96,159.67,1.93,1.30,-0.038,-0.174,0.015,1475,1539,1522,1516,10.00,10.06,9.83,9.88
1787304402.163,40.257,True,1,5.187,5.038,-0.149,0.042,9.856,9.852,0.314,3.142,0.361,3.128,0.360,0.243,0.076,-0.011,2.29,2.96,159.67,1.93,1.30,-0.038,-0.174,0.015,1475,1539,1522,1516,10.00,10.06,19.83,19.87
1787304402.173,40.267,True,1,5.187,5.038,-0.149,0.040,9.855,9.851,0.314,3.142,0.361,3.129,0.360,0.243,0.076,-0.011,2.29,2.96,159.67,1.93,1.30,-0.038,-0.174,0.015,1475,1539,1522,1516,10.00,10.06,29.83,29.88
1787304402.183,40.277,True,1,5.187,5.038,-0.149,0.039,9.853,9.849,0.314,3.142,0.361,3.129,0.360,0.243,0.076,-0.011,2.29,2.96,159.67,1.93,1.30,-0.038,-0.174,0.015,1475,1539,1522,1516,10.00,10.06,39.83,39.88
1787304402.193,40.287,True,1,5.187,5.038,-0.149,0.037,9.852,9.848,0.314,3.142,0.361,3.129,0.360,0.243,0.076,-0.011,2.29,2.96,159.67,1.93,1.30,-0.038,-0.174,0.015,1475,1539,1522,1515,10.00,10.06,49.83,49.88
1787304402.204,40.298,True,1,5.180,5.038,-0.153,0.078,9.893,9.891,0.316,3.148,0.362,3.130,0.360,0.237,0.074,-0.010,2.09,2.30,161.52,1.96,1.25,-0.010,-0.112,-0.068,1478,1532,1470,1517,10.00,10.06,-0.43,-0.48
1787304402.213,40.307,True,1,5.180,5.038,-0.153,0.076,9.891,9.890,0.316,3.148,0.362,3.131,0.360,0.237,0.074,-0.010,2.09,2.30,161.52,1.96,1.25,-0.010,-0.113,-0.068,1478,1532,1470,1517,10.01,10.07,9.57,9.52
1787304402.223,40.317,True,1,5.180,5.038,-0.153,0.075,9.890,9.888,0.316,3.148,0.362,3.131,0.360,0.237,0.074,-0.010,2.09,2.30,161.52,1.96,1.25,-0.010,-0.113,-0.068,1478,1532,1470,1517,9.99,10.06,19.57,19.52
1787304402.233,40.327,True,1,5.180,5.038,-0.153,0.074,9.888,9.887,0.316,3.148,0.362,3.132,0.360,0.237,0.074,-0.010,2.09,2.30,161.52,1.96,1.25,-0.010,-0.113,-0.068,1478,1532,1470,1517,10.00,10.06,29.57,29.52
1787304402.243,40.337,True,1,5.180,5.038,-0.153,0.072,9.887,9.885,0.316,3.148,0.362,3.132,0.360,0.237,0.074,-0.010,2.09,2.30,161.52,1.96,1.25,-0.010,-0.113,-0.068,1478,1532,1470,1517,10.00,10.06,39.57,39.52
1787304402.253,40.347,True,1,5.180,5.038,-0.153,0.071,9.886,9.884,0.315,3.148,0.362,3.133,0.360,0.237,0.074,-0.010,2.09,2.30,161.52,1.96,1.25,-0.010,-0.113,-0.068,1478,1532,1470,1517,10.00,10.06,49.57,49.52
1787304402.263,40.357,True,1,5.180,5.038,-0.153,0.069,9.884,9.882,0.315,3.148,0.362,3.133,0.360,0.237,0.074,-0.010,2.09,2.30,161.52,1.96,1.25,-0.010,-0.113,-0.068,1478,1532,1470,1517,10.00,10.06,59.57,59.52
1787304402.273,40.367,True,1,5.180,5.038,-0.153,0.068,9.883,9.881,0.315,3.148,0.362,3.134,0.360,0.237,0.074,-0.010,2.09,2.30,161.52,1.96,1.24,-0.010,-0.113,-0.068,1478,1532,1470,1517,10.00,10.06,69.57,69.52
1787304402.283,40.377,True,1,5.180,5.038,-0.153,0.067,9.881,9.880,0.315,3.148,0.362,3.134,0.360,0.237,0.074,-0.010,2.09,2.30,161.52,1.96,1.24,-0.010,-0.113,-0.068,1478,1532,1470,1517,10.00,10.06,79.57,79.52
1787304402.294,40.388,True,1,5.170,5.038,-0.181,0.190,10.005,10.005,0.319,3.157,0.363,3.135,0.360,0.229,0.080,-0.007,1.84,1.49,164.16,2.04,1.09,0.026,-0.048,-0.186,1522,1525,1454,1521,10.00,10.06,-0.57,-0.61
1787304402.303,40.397,True,1,5.170,5.038,-0.181,0.189,10.004,10.003,0.319,3.157,0.363,3.136,0.360,0.229,0.080,-0.007,1.84,1.49,164.16,2.04,1.09,0.026,-0.048,-0.186,1522,1525,1454,1521,10.00,10.06,9.43,9.38
1787304402.313,40.407,True,1,5.170,5.038,-0.181,0.187,10.002,10.002,0.319,3.157,0.363,3.137,0.361,0.229,0.080,-0.007,1.84,1.49,164.16,2.04,1.08,0.026,-0.048,-0.186,1522,1525,1454,1521,10.00,10.06,19.43,19.39
1787304402.323,40.417,True,1,5.170,5.038,-0.181,0.186,10.001,10.001,0.319,3.157,0.363,3.137,0.361,0.229,0.080,-0.007,1.84,1.49,164.16,2.04,1.08,0.026,-0.049,-0.186,1522,1525,1454,1521,10.00,10.06,29.43,29.38
1787304402.333,40.427,True,1,5.170,5.038,-0.181,0.185,10.000,9.999,0.319,3.157,0.363,3.138,0.361,0.229,0.080,-0.007,1.84,1.49,164.16,2.04,1.08,0.026,-0.049,-0.186,1522,1525,1454,1521,10.00,10.06,39.43,39.39
1787304402.343,40.437,True,1,5.170,5.038,-0.181,0.183,9.998,9.998,0.319,3.157,0.363,3.139,0.361,0.229,0.080,-0.007,1.84,1.49,164.16,2.04,1.08,0.026,-0.049,-0.186,1522,1525,1454,1521,10.00,10.06,49.43,49.39
1787304402.353,40.447,True,1,5.170,5.038,-0.181,0.182,9.997,9.997,0.319,3.157,0.363,3.139,0.361,0.229,0.080,-0.007,1.84,1.49,164.16,2.04,1.08,0.026,-0.049,-0.186,1522,1525,1454,1521,10.00,10.06,59.43,59.38
1787304402.363,40.457,True,1,5.170,5.038,-0.181,0.181,9.996,9.995,0.319,3.157,0.363,3.140,0.361,0.229,0.080,-0.007,1.84,1.49,164.16,2.04,1.08,0.026,-0.049,-0.186,1522,1525,1454,1521,10.00,10.06,69.43,69.38
1787304402.374,40.468,True,1,5.159,5.038,-0.203,0.289,10.104,10.103,0.322,3.164,0.364,3.141,0.361,0.223,0.082,-0.001,1.54,0.78,166.56,2.12,0.97,0.065,0.012,-0.293,1527,1478,1439,1525,10.00,10.06,-0.57,-0.52
1787304402.383,40.477,True,1,5.159,5.038,-0.203,0.288,10.103,10.102,0.322,3.164,0.364,3.141,0.361,0.223,0.082,-0.001,1.54,0.78,166.56,2.12,0.97,0.065,0.011,-0.293,1527,1478,1439,1525,10.00,10.06,9.43,9.48
1787304402.393,40.487,True,1,5.159,5.038,-0.203,0.286,10.101,10.101,0.322,3.164,0.364,3.142,0.361,0.223,0.082,-0.001,1.54,0.78,166.56,2.12,0.96,0.065,0.011,-0.293,1527,1478,1439,1525,10.00,10.06,19.43,19.48
1787304402.403,40.497,True,1,5.159,5.038,-0.203,0.285,10.100,10.100,0.322,3.164,0.364,3.143,0.361,0.223,0.082,-0.001,1.54,0.78,166.56,2.12,0.96,0.065,0.011,-0.293,1527,1478,1439,1525,10.00,10.06,29.43,29.48
1787304402.413,40.507,True,1,5.159,5.038,-0.203,0.284,10.099,10.098,0.322,3.164,0.364,3.143,0.361,0.223,0.082,-0.001,1.54,0.78,166.56,2.12,0.96,0.065,0.010,-0.293,1527,1478,1439,1524,10.00,10.06,39.43,39.48
1787304402.423,40.517,True,1,5.159,5.038,-0.203,0.283,10.098,10.097,0.322,3.164,0.364,3.144,0.361,0.223,0.082,-0.001,1.54,0.78,166.56,2.13,0.96,0.065,0.010,-0.293,1527,1478,1439,1524,10.00,10.06,49.43,49.48
1787304402.433,40.527,True,1,5.159,5.038,-0.203,0.281,10.096,10.096,0.322,3.164,0.364,3.145,0.361,0.223,0.082,-0.001,1.54,0.78,166.56,2.13,0.95,0.065,0.010,-0.293,1527,1478,1439,1524,10.00,10.06,59.43,59.48
1787304402.443,40.537,True,1,5.159,5.038,-0.203,0.280,10.095,10.095,0.322,3.164,0.364,3.145,0.362,0.223,0.082,-0.001,1.54,0.78,166.56,2.13,0.95,0.065,0.010,-0.293,1527,1478,1439,1524,10.00,10.06,69.43,69.48
1787304402.454,40.548,True,1,5.147,5.038,-0.240,0.439,10.254,10.253,0.327,3.173,0.366,3.146,0.362,0.213,0.079,-0.003,1.13,0.61,168.31,2.10,0.89,0.106,0.023,-0.369,1531,1477,1428,1530,10.00,10.06,-0.53,-0.58
1787304402.463,40.557,True,1,5.147,5.038,-0.240,0.438,10.253,10.252,0.327,3.173,0.366,3.147,0.362,0.213,0.079,-0.003,1.13,0.61,168.31,2.10,0.89,0.106,0.023,-0.369,1531,1477,1428,1530,10.00,10.06,9.47,9.43
1787304402.473,40.567,True,1,5.147,5.038,-0.240,0.437,10.252,10.250,0.327,3.173,0.366,3.148,0.362,0.213,0.079,-0.003,1.13,0.61,168.31,2.10,0.89,0.106,0.022,-0.369,1531,1477,1428,1530,10.00,10.06,19.47,19.42
1787304402.483,40.577,True,1,5.147,5.038,-0.240,0.436,10.251,10.249,0.327,3.173,0.366,3.149,0.362,0.213,0.079,-0.003,1.13,0.61,168.31,2.11,0.88,0.106,0.022,-0.369,1531,1477,1428,1530,10.00,10.06,29.47,29.43
1787304402.493,40.588,True,1,5.141,5.038,-0.255,0.504,10.320,10.318,0.329,3.178,0.368,3.150,0.362,0.208,0.070,0.008,1.12,0.68,169.09,2.19,0.95,0.117,0.020,-0.403,1532,1477,1423,1532,10.00,10.06,-0.27,-0.32
1787304402.503,40.597,True,1,5.141,5.038,-0.255,0.503,10.319,10.317,0.329,3.178,0.368,3.151,0.363,0.208,0.070,0.008,1.12,0.68,169.09,2.19,0.95,0.117,0.020,-0.403,1532,1477,1423,1532,10.00,10.06,9.73,9.68
1787304402.513,40.607,True,1,5.141,5.038,-0.255,0.502,10.318,10.316,0.329,3.178,0.368,3.152,0.363,0.208,0.070,0.008,1.12,0.68,169.09,2.19,0.95,0.117,0.019,-0.403,1532,1477,1423,1532,10.00,10.06,19.73,19.68
1787304402.523,40.617,True,1,5.141,5.038,-0.255,0.501,10.317,10.315,0.329,3.178,0.368,3.153,0.363,0.208,0.070,0.008,1.12,0.68,169.09,2.19,0.94,0.117,0.019,-0.403,1532,1477,1423,1532,10.00,10.06,29.73,29.68
1787304402.533,40.628,True,1,5.133,5.038,-0.245,0.501,10.318,10.315,0.329,3.182,0.370,3.154,0.363,0.204,0.082,0.033,1.18,0.81,169.69,2.47,0.85,0.141,-0.005,-0.429,1535,1520,1420,1532,10.00,10.06,-0.25,-0.30
1787304402.543,40.637,True,1,5.133,5.038,-0.245,0.500,10.317,10.314,0.329,3.182,0.370,3.154,0.363,0.204,0.082,0.033,1.18,0.81,169.69,2.47,0.84,0.142,-0.006,-0.429,1535,1520,1420,1532,10.00,10.06,9.75,9.70
1787304402.553,40.647,True,1,5.133,5.038,-0.245,0.499,10.316,10.314,0.329,3.182,0.370,3.155,0.364,0.204,0.082,0.033,1.18,0.81,169.69,2.47,0.84,0.142,-0.006,-0.429,1535,1520,1420,1532,10.00,10.06,19.75,19.70
1787304402.563,40.657,True,1,5.133,5.038,-0.245,0.498,10.315,10.313,0.329,3.182,0.370,3.156,0.364,0.204,0.082,0.033,1.18,0.81,169.69,2.47,0.83,0.142,-0.007,-0.429,1535,1520,1420,1532,10.00,10.06,29.75,29.70
1787304402.573,40.667,True,1,5.133,5.038,-0.245,0.497,10.314,10.312,0.329,3.182,0.370,3.157,0.364,0.204,0.082,0.033,1.18,0.81,169.69,2.47,0.83,0.142,-0.007,-0.429,1535,1520,1420,1532,10.00,10.06,39.75,39.70
1787304402.583,40.677,True,1,5.133,5.038,-0.245,0.496,10.313,10.311,0.329,3.182,0.370,3.158,0.364,0.204,0.082,0.033,1.18,0.81,169.69,2.48,0.83,0.142,-0.007,-0.429,1535,1520,1420,1532,10.00,10.06,49.74,49.70
1787304402.594,40.688,True,1,5.125,5.038,-0.250,0.540,10.356,10.354,0.330,3.190,0.372,3.159,0.364,0.195,0.085,0.024,1.33,1.10,170.16,2.39,0.76,0.119,-0.046,-0.448,1533,1525,1417,1534,10.00,10.06,-0.37,-0.42
1787304402.603,40.697,True,1,5.125,5.038,-0.250,0.539,10.356,10.354,0.330,3.190,0.372,3.160,0.365,0.195,0.085,0.024,1.33,1.10,170.16,2.39,0.75,0.120,-0.046,-0.448,1533,1525,1417,1533,10.00,10.06,9.63,9.58
1787304402.613,40.708,True,1,5.123,5.038,-0.247,0.538,10.355,10.353,0.330,3.192,0.373,3.161,0.365,0.194,0.077,0.023,1.37,1.13,170.25,2.38,0.81,0.114,-0.044,-0.452,1532,1524,1417,1533,10.00,10.06,-0.17,-0.12
1787304402.623,40.717,True,1,5.123,5.038,-0.247,0.537,10.354,10.352,0.330,3.192,0.373,3.162,0.365,0.194,0.077,0.023,1.37,1.13,170.25,2.38,0.81,0.114,-0.044,-0.452,1532,1524,1417,1533,10.00,10.06,9.83,9.88
1787304402.633,40.727,True,1,5.123,5.038,-0.247,0.536,10.353,10.351,0.330,3.192,0.373,3.163,0.366,0.194,0.077,0.023,1.37,1.13,170.25,2.38,0.80,0.115,-0.045,-0.452,1532,1524,1417,1533,10.00,10.06,19.83,19.88
1787304402.643,40.737,True,1,5.123,5.038,-0.247,0.536,10.352,10.350,0.330,3.192,0.373,3.164,0.366,0.194,0.077,0.023,1.37,1.13,170.25,2.38,0.80,0.115,-0.045,-0.452,1532,1525,1417,1533,10.00,10.06,29.83,29.88
1787304402.653,40.747,True,1,5.123,5.038,-0.247,0.535,10.351,10.349,0.330,3.192,0.373,3.165,0.366,0.194,0.077,0.023,1.37,1.13,170.25,2.38,0.80,0.115,-0.046,-0.452,1532,1525,1417,1533,10.00,10.06,39.83,39.88
1787304402.663,40.757,True,1,5.123,5.038,-0.247,0.534,10.350,10.349,0.330,3.192,0.373,3.166,0.366,0.194,0.077,0.023,1.37,1.13,170.25,2.38,0.79,0.115,-0.046,-0.452,1532,1525,1417,1533,10.00,10.06,49.83,49.88
1787304402.673,40.767,True,1,5.123,5.038,-0.247,0.533,10.350,10.348,0.330,3.192,0.373,3.167,0.366,0.194,0.077,0.023,1.37,1.13,170.25,2.38,0.79,0.115,-0.046,-0.452,1532,1525,1417,1533,10.00,10.06,59.83,59.88
1787304402.684,40.778,True,1,5.112,5.038,-0.254,0.596,10.412,10.411,0.332,3.202,0.376,3.168,0.367,0.183,0.075,0.018,1.71,1.17,170.14,2.32,0.80,0.073,-0.053,-0.447,1528,1525,1417,1535,10.00,10.06,-0.42,-0.47
1787304402.693,40.787,True,1,5.112,5.038,-0.254,0.595,10.412,10.411,0.332,3.202,0.376,3.169,0.367,0.183,0.075,0.018,1.71,1.17,170.14,2.32,0.79,0.074,-0.054,-0.447,1528,1525,1417,1535,10.01,10.07,9.58,9.54
1787304402.703,40.798,True,1,5.110,5.038,-0.245,0.577,10.393,10.392,0.332,3.203,0.377,3.170,0.367,0.182,0.075,0.019,1.86,1.26,169.95,2.33,0.80,0.058,-0.063,-0.438,1526,1526,1419,1535,10.00,10.06,-0.16,-0.11
1787304402.713,40.807,True,1,5.110,5.038,-0.245,0.576,10.392,10.392,0.332,3.203,0.377,3.171,0.368,0.182,0.075,0.019,1.86,1.26,169.95,2.33,0.79,0.059,-0.063,-0.438,1526,1527,1419,1535,10.00,10.06,9.84,9.89
1787304402.723,40.817,True,1,5.110,5.038,-0.245,0.575,10.392,10.391,0.332,3.203,0.377,3.172,0.368,0.182,0.075,0.019,1.86,1.26,169.95,2.33,0.79,0.059,-0.064,-0.438,1526,1527,1419,1535,10.00,10.06,19.84,19.89
1787304402.733,40.827,True,1,5.110,5.038,-0.245,0.575,10.391,10.390,0.332,3.203,0.377,3.173,0.368,0.182,0.075,0.019,1.86,1.26,169.95,2.34,0.78,0.059,-0.064,-0.438,1526,1527,1419,1535,10.00,10.06,29.84,29.89
1787304402.743,40.837,True,1,5.110,5.038,-0.245,0.574,10.390,10.389,0.332,3.203,0.377,3.174,0.369,0.182,0.075,0.019,1.86,1.26,169.95,2.34,0.78,0.059,-0.065,-0.438,1526,1527,1419,1535,10.00,10.06,39.84,39.89
1787304402.754,40.848,True,1,5.100,5.038,-0.229,0.565,10.380,10.380,0.331,3.213,0.379,3.176,0.369,0.172,0.080,0.007,2.16,1.30,169.45,2.23,0.72,0.017,-0.076,-0.416,1521,1528,1422,1534,10.00,10.06,-0.39,-0.44
1787304402.763,40.857,True,1,5.100,5.038,-0.229,0.564,10.380,10.379,0.331,3.213,0.379,3.177,0.369,0.172,0.080,0.007,2.16,1.30,169.45,2.23,0.72,0.017,-0.077,-0.416,1521,1528,1422,1534,10.00,10.06,9.60,9.55
1787304402.773,40.867,True,1,5.100,5.038,-0.229,0.564,10.379,10.379,0.331,3.213,0.379,3.178,0.370,0.172,0.080,0.007,2.16,1.30,169.45,2.23,0.71,0.017,-0.077,-0.416,1521,1528,1422,1534,10.00,10.06,19.61,19.56
1787304402.783,40.878,True,1,5.098,5.038,-0.216,0.534,10.351,10.350,0.330,3.217,0.380,3.179,0.370,0.168,0.084,0.022,2.38,1.25,168.98,2.39,0.72,0.010,-0.072,-0.395,1521,1527,1424,1533,10.00,10.06,-0.16,-0.21
1787304402.793,40.887,True,1,5.098,5.038,-0.216,0.533,10.350,10.350,0.330,3.217,0.380,3.181,0.370,0.168,0.084,0.022,2.38,1.25,168.98,2.40,0.71,0.011,-0.073,-0.395,1521,1528,1425,1533,10.00,10.06,9.84,9.79
1787304402.803,40.897,True,1,5.098,5.038,-0.216,0.533,10.349,10.349,0.330,3.217,0.380,3.182,0.371,0.168,0.084,0.022,2.38,1.25,168.98,2.40,0.71,0.011,-0.073,-0.395,1521,1528,1425,1533,10.00,10.06,19.84,19.79
1787304402.813,40.907,True,1,5.098,5.038,-0.216,0.532,10.349,10.348,0.330,3.217,0.380,3.183,0.371,0.168,0.084,0.022,2.38,1.25,168.98,2.40,0.70,0.011,-0.074,-0.395,1521,1528,1425,1533,10.00,10.06,29.84,29.79
1787304402.823,40.917,True,1,5.098,5.038,-0.216,0.532,10.348,10.348,0.330,3.217,0.380,3.184,0.371,0.168,0.084,0.022,2.38,1.25,168.98,2.40,0.70,0.011,-0.074,-0.395,1521,1528,1425,1533,10.00,10.06,39.84,39.79
1787304402.833,40.927,True,1,5.098,5.038,-0.216,0.531,10.348,10.347,0.330,3.217,0.380,3.185,0.372,0.168,0.084,0.022,2.38,1.25,168.98,2.41,0.69,0.012,-0.075,-0.395,1521,1528,1425,1533,10.00,10.06,49.84,49.79
1787304402.843,40.937,True,1,5.098,5.038,-0.216,0.531,10.347,10.347,0.330,3.217,0.380,3.186,0.372,0.168,0.084,0.022,2.38,1.25,168.98,2.41,0.69,0.012,-0.075,-0.395,1521,1528,1425,1533,10.00,10.06,59.84,59.79
